<?xml version="1.0" encoding="UTF-8"?>
<gpx creator="StravaGPX" version="1.1" xmlns="http://www.topografix.com/GPX/1/1" xmlns:xsi="http://www.w3.org/2001/XMLSchema-instance" xsi:schemaLocation="http://www.topografix.com/GPX/1/1 http://www.topografix.com/GPX/1/1/gpx.xsd">
 <metadata>
  <name>COP31 GR Day 3</name>
  <author>
   <name>Agis Tsakmakis 🇬🇷</name>
   <link href="https://www.strava.com/athletes/74715064"/>
  </author>
  <copyright author="OpenStreetMap contributors">
   <year>2020</year>
   <license>https://www.openstreetmap.org/copyright</license>
  </copyright>
  <link href="https://www.strava.com/routes/3538238642169244462"/>
 </metadata>
 <wpt lat="39.36465" lon="21.92885">
  <name>Δημ. Καρδίτσας</name>
  <desc></desc>
  <sym>Distance Marker</sym>
  <type>Distance Marker</type>
 </wpt>
 <wpt lat="39.55328" lon="21.76677">
  <name>Δημ. Τρικάλων</name>
  <desc></desc>
  <sym>Distance Marker</sym>
  <type>Distance Marker</type>
 </wpt>
 <wpt lat="39.63738" lon="22.41521">
  <name>Δημ. Λάρισας</name>
  <desc></desc>
  <sym>Distance Marker</sym>
  <type>Distance Marker</type>
 </wpt>
 <wpt lat="39.80431" lon="22.49149">
  <name>Δημ. Τεμπών</name>
  <desc></desc>
  <sym>Distance Marker</sym>
  <type>Distance Marker</type>
 </wpt>
 <trk>
  <name>COP31 GR Day 3</name>
  <link href="https://www.strava.com/routes/3538238642169244462"/>
  <type>cycling</type>
  <trkseg>
   <trkpt lat="39.36464" lon="21.92884">
    <ele>107.76</ele>
   </trkpt>
   <trkpt lat="39.36543500024566" lon="21.929074997327678">
    <ele>108.11000000000001</ele>
   </trkpt>
   <trkpt lat="39.36623" lon="21.92931">
    <ele>108.02</ele>
   </trkpt>
   <trkpt lat="39.366240000000005" lon="21.92914">
    <ele>107.95</ele>
   </trkpt>
   <trkpt lat="39.36640334084292" lon="21.92820333770973">
    <ele>107.93</ele>
   </trkpt>
   <trkpt lat="39.36656667417714" lon="21.927266671038023">
    <ele>107.87</ele>
   </trkpt>
   <trkpt lat="39.366730000000004" lon="21.92633">
    <ele>107.86000000000001</ele>
   </trkpt>
   <trkpt lat="39.366780000000006" lon="21.92593">
    <ele>107.80000000000001</ele>
   </trkpt>
   <trkpt lat="39.36684" lon="21.925700000000003">
    <ele>107.81</ele>
   </trkpt>
   <trkpt lat="39.36712" lon="21.92501">
    <ele>107.92</ele>
   </trkpt>
   <trkpt lat="39.36726" lon="21.92471">
    <ele>107.85000000000001</ele>
   </trkpt>
   <trkpt lat="39.367380000000004" lon="21.92436">
    <ele>107.95</ele>
   </trkpt>
   <trkpt lat="39.36753" lon="21.92379">
    <ele>107.99</ele>
   </trkpt>
   <trkpt lat="39.36777501553721" lon="21.922690011561983">
    <ele>108.04</ele>
   </trkpt>
   <trkpt lat="39.36802002071874" lon="21.921590015405283">
    <ele>108.14000000000001</ele>
   </trkpt>
   <trkpt lat="39.36826501554443" lon="21.920490011530116">
    <ele>107.99</ele>
   </trkpt>
   <trkpt lat="39.36851" lon="21.919390000000003">
    <ele>107.53000000000002</ele>
   </trkpt>
   <trkpt lat="39.368680000000005" lon="21.918740000000003">
    <ele>106.59</ele>
   </trkpt>
   <trkpt lat="39.36863" lon="21.918560000000003">
    <ele>105.82000000000001</ele>
   </trkpt>
   <trkpt lat="39.36797500052099" lon="21.918352494151215">
    <ele>105.72000000000001</ele>
   </trkpt>
   <trkpt lat="39.36732000067349" lon="21.918144992195014">
    <ele>106.41</ele>
   </trkpt>
   <trkpt lat="39.36666500045748" lon="21.917937494131255">
    <ele>107.34</ele>
   </trkpt>
   <trkpt lat="39.36601" lon="21.917730000000002">
    <ele>108.28000000000002</ele>
   </trkpt>
   <trkpt lat="39.36620755140335" lon="21.91668503250637">
    <ele>107.98</ele>
   </trkpt>
   <trkpt lat="39.366405093461175" lon="21.91564005910095">
    <ele>107.35000000000001</ele>
   </trkpt>
   <trkpt lat="39.36660262617339" lon="21.914595079783957">
    <ele>106.8</ele>
   </trkpt>
   <trkpt lat="39.366800149539856" lon="21.913550094555596">
    <ele>106.16</ele>
   </trkpt>
   <trkpt lat="39.36699766356046" lon="21.912505103416056">
    <ele>105.7</ele>
   </trkpt>
   <trkpt lat="39.36719516823508" lon="21.911460106365553">
    <ele>105.68</ele>
   </trkpt>
   <trkpt lat="39.367392663563614" lon="21.91041510340429">
    <ele>105.82000000000001</ele>
   </trkpt>
   <trkpt lat="39.367590149545926" lon="21.909370094532473">
    <ele>105.7</ele>
   </trkpt>
   <trkpt lat="39.367787626181894" lon="21.908325079750306">
    <ele>105.62</ele>
   </trkpt>
   <trkpt lat="39.36798509347142" lon="21.907280059057992">
    <ele>105.58</ele>
   </trkpt>
   <trkpt lat="39.36818255141437" lon="21.906235032455733">
    <ele>105.59</ele>
   </trkpt>
   <trkpt lat="39.36838" lon="21.90519">
    <ele>105.45</ele>
   </trkpt>
   <trkpt lat="39.368505001909675" lon="21.904530000940504">
    <ele>105.50000000000001</ele>
   </trkpt>
   <trkpt lat="39.36863" lon="21.90387">
    <ele>105.8</ele>
   </trkpt>
   <trkpt lat="39.36869" lon="21.90368">
    <ele>105.83</ele>
   </trkpt>
   <trkpt lat="39.368860000000005" lon="21.90311">
    <ele>105.83</ele>
   </trkpt>
   <trkpt lat="39.368990000000004" lon="21.902790000000003">
    <ele>105.63000000000001</ele>
   </trkpt>
   <trkpt lat="39.369040000000005" lon="21.902700000000003">
    <ele>105.63000000000001</ele>
   </trkpt>
   <trkpt lat="39.36926000166195" lon="21.9020700020894">
    <ele>105.50000000000001</ele>
   </trkpt>
   <trkpt lat="39.36948" lon="21.90144">
    <ele>105.56000000000002</ele>
   </trkpt>
   <trkpt lat="39.36976000000001" lon="21.90058">
    <ele>105.54</ele>
   </trkpt>
   <trkpt lat="39.36979" lon="21.900370000000002">
    <ele>105.45</ele>
   </trkpt>
   <trkpt lat="39.3701300177337" lon="21.899352019843494">
    <ele>105.31000000000002</ele>
   </trkpt>
   <trkpt lat="39.37047002659809" lon="21.898334029773128">
    <ele>105.27</ele>
   </trkpt>
   <trkpt lat="39.37081002659299" lon="21.89731602978895">
    <ele>105.38000000000001</ele>
   </trkpt>
   <trkpt lat="39.371150017718186" lon="21.896298019890995">
    <ele>105.61000000000001</ele>
   </trkpt>
   <trkpt lat="39.37149" lon="21.895280000000003">
    <ele>105.82000000000001</ele>
   </trkpt>
   <trkpt lat="39.37185184551611" lon="21.894217077702578">
    <ele>105.43</ele>
   </trkpt>
   <trkpt lat="39.37221368136238" lon="21.893154144388415">
    <ele>105.19</ele>
   </trkpt>
   <trkpt lat="39.37257550753858" lon="21.892091200057557">
    <ele>105.13000000000001</ele>
   </trkpt>
   <trkpt lat="39.37293732404449" lon="21.891028244710032">
    <ele>105.02</ele>
   </trkpt>
   <trkpt lat="39.373299130879886" lon="21.889965278345876">
    <ele>104.81000000000002</ele>
   </trkpt>
   <trkpt lat="39.37366092804454" lon="21.888902300965146">
    <ele>104.8</ele>
   </trkpt>
   <trkpt lat="39.37402271553823" lon="21.88783931256786">
    <ele>104.76</ele>
   </trkpt>
   <trkpt lat="39.374384493360736" lon="21.88677631315407">
    <ele>104.54</ele>
   </trkpt>
   <trkpt lat="39.374746261511824" lon="21.885713302723804">
    <ele>104.45000000000002</ele>
   </trkpt>
   <trkpt lat="39.375108019991266" lon="21.884650281277114">
    <ele>104.58</ele>
   </trkpt>
   <trkpt lat="39.37546976879885" lon="21.883587248814028">
    <ele>104.77</ele>
   </trkpt>
   <trkpt lat="39.37583150793434" lon="21.882524205334583">
    <ele>104.77</ele>
   </trkpt>
   <trkpt lat="39.376193237397516" lon="21.881461150838824">
    <ele>104.26</ele>
   </trkpt>
   <trkpt lat="39.37655495718816" lon="21.880398085326792">
    <ele>103.84</ele>
   </trkpt>
   <trkpt lat="39.37691666730605" lon="21.879335008798517">
    <ele>103.64000000000001</ele>
   </trkpt>
   <trkpt lat="39.377278367750925" lon="21.878271921254036">
    <ele>103.49000000000001</ele>
   </trkpt>
   <trkpt lat="39.3776400585226" lon="21.8772088226934">
    <ele>103.5</ele>
   </trkpt>
   <trkpt lat="39.37800173962084" lon="21.876145713116642">
    <ele>103.39</ele>
   </trkpt>
   <trkpt lat="39.37836341104541" lon="21.875082592523796">
    <ele>103.26</ele>
   </trkpt>
   <trkpt lat="39.37872507279611" lon="21.87401946091491">
    <ele>103.13000000000001</ele>
   </trkpt>
   <trkpt lat="39.37908672487269" lon="21.87295631829001">
    <ele>102.92000000000002</ele>
   </trkpt>
   <trkpt lat="39.379448367274925" lon="21.871893164649144">
    <ele>102.69</ele>
   </trkpt>
   <trkpt lat="39.379810000000006" lon="21.87083">
    <ele>102.57000000000001</ele>
   </trkpt>
   <trkpt lat="39.38009667300969" lon="21.869970007026005">
    <ele>102.23</ele>
   </trkpt>
   <trkpt lat="39.38038333968898" lon="21.86911000698822">
    <ele>102.14</ele>
   </trkpt>
   <trkpt lat="39.38067" lon="21.868250000000003">
    <ele>102.05</ele>
   </trkpt>
   <trkpt lat="39.38099225290081" lon="21.867303368306633">
    <ele>101.98000000000002</ele>
   </trkpt>
   <trkpt lat="39.38131449813144" lon="21.866356727872528">
    <ele>101.88000000000001</ele>
   </trkpt>
   <trkpt lat="39.38163673569172" lon="21.865410078697717">
    <ele>101.94</ele>
   </trkpt>
   <trkpt lat="39.381958965581525" lon="21.864463420782226">
    <ele>102.06000000000002</ele>
   </trkpt>
   <trkpt lat="39.38228118780066" lon="21.86351675412608">
    <ele>102.01</ele>
   </trkpt>
   <trkpt lat="39.38260340234899" lon="21.86257007872931">
    <ele>101.94</ele>
   </trkpt>
   <trkpt lat="39.38292560922634" lon="21.861623394591945">
    <ele>101.87</ele>
   </trkpt>
   <trkpt lat="39.383247808432564" lon="21.860676701714002">
    <ele>101.81000000000002</ele>
   </trkpt>
   <trkpt lat="39.383570000000006" lon="21.859730000000003">
    <ele>101.89</ele>
   </trkpt>
   <trkpt lat="39.383916651710095" lon="21.858701281578806">
    <ele>101.64</ele>
   </trkpt>
   <trkpt lat="39.38426329436191" lon="21.8576725529387">
    <ele>101.62</ele>
   </trkpt>
   <trkpt lat="39.38460992795526" lon="21.85664381407971">
    <ele>101.64</ele>
   </trkpt>
   <trkpt lat="39.38495655248992" lon="21.855615065001892">
    <ele>101.73000000000002</ele>
   </trkpt>
   <trkpt lat="39.385303167965695" lon="21.854586305705283">
    <ele>101.9</ele>
   </trkpt>
   <trkpt lat="39.3856497743824" lon="21.85355753618991">
    <ele>101.93</ele>
   </trkpt>
   <trkpt lat="39.38599637173981" lon="21.852528756455822">
    <ele>102.09000000000002</ele>
   </trkpt>
   <trkpt lat="39.38634296003774" lon="21.851499966503063">
    <ele>102.15</ele>
   </trkpt>
   <trkpt lat="39.38668953927598" lon="21.85047116633166">
    <ele>102.3</ele>
   </trkpt>
   <trkpt lat="39.387036109454336" lon="21.849442355941665">
    <ele>102.37</ele>
   </trkpt>
   <trkpt lat="39.3873826705726" lon="21.84841353533311">
    <ele>102.28</ele>
   </trkpt>
   <trkpt lat="39.38772922263056" lon="21.847384704506034">
    <ele>102.31000000000002</ele>
   </trkpt>
   <trkpt lat="39.388075765628045" lon="21.846355863460477">
    <ele>102.11</ele>
   </trkpt>
   <trkpt lat="39.388422299564816" lon="21.84532701219649">
    <ele>102.4</ele>
   </trkpt>
   <trkpt lat="39.38876882444069" lon="21.844298150714096">
    <ele>102.57000000000001</ele>
   </trkpt>
   <trkpt lat="39.389115340255465" lon="21.84326927901334">
    <ele>102.48</ele>
   </trkpt>
   <trkpt lat="39.389461847008945" lon="21.842240397094272">
    <ele>102.23</ele>
   </trkpt>
   <trkpt lat="39.38980834470091" lon="21.841211504956917">
    <ele>101.71000000000001</ele>
   </trkpt>
   <trkpt lat="39.39015483333119" lon="21.840182602601327">
    <ele>101.29</ele>
   </trkpt>
   <trkpt lat="39.39050131289956" lon="21.839153690027533">
    <ele>101.4</ele>
   </trkpt>
   <trkpt lat="39.3908477834058" lon="21.838124767235584">
    <ele>101.41000000000001</ele>
   </trkpt>
   <trkpt lat="39.39119424484975" lon="21.837095834225504">
    <ele>101.44</ele>
   </trkpt>
   <trkpt lat="39.391540697231186" lon="21.836066890997348">
    <ele>101.4</ele>
   </trkpt>
   <trkpt lat="39.391887140549905" lon="21.83503793755115">
    <ele>101.55</ele>
   </trkpt>
   <trkpt lat="39.39223357480571" lon="21.83400897388695">
    <ele>102.11</ele>
   </trkpt>
   <trkpt lat="39.39258" lon="21.832980000000003">
    <ele>102.59000000000002</ele>
   </trkpt>
   <trkpt lat="39.39265" lon="21.83273">
    <ele>102.67000000000002</ele>
   </trkpt>
   <trkpt lat="39.392790000000005" lon="21.83218">
    <ele>102.74000000000001</ele>
   </trkpt>
   <trkpt lat="39.39289" lon="21.83144">
    <ele>102.95000000000002</ele>
   </trkpt>
   <trkpt lat="39.39295500252386" lon="21.83067000088031">
    <ele>103.14</ele>
   </trkpt>
   <trkpt lat="39.39302" lon="21.829900000000002">
    <ele>103.85000000000001</ele>
   </trkpt>
   <trkpt lat="39.39307000189433" lon="21.829240000077565">
    <ele>104.27000000000001</ele>
   </trkpt>
   <trkpt lat="39.39312" lon="21.828580000000002">
    <ele>105.31000000000002</ele>
   </trkpt>
   <trkpt lat="39.39322000243549" lon="21.827830000865166">
    <ele>105.61000000000001</ele>
   </trkpt>
   <trkpt lat="39.39332" lon="21.827080000000002">
    <ele>104.65</ele>
   </trkpt>
   <trkpt lat="39.39345" lon="21.82644">
    <ele>103.69</ele>
   </trkpt>
   <trkpt lat="39.39359" lon="21.825940000000003">
    <ele>102.67000000000002</ele>
   </trkpt>
   <trkpt lat="39.39376" lon="21.825480000000002">
    <ele>102.36</ele>
   </trkpt>
   <trkpt lat="39.393910000000005" lon="21.82514">
    <ele>101.46000000000001</ele>
   </trkpt>
   <trkpt lat="39.394200000000005" lon="21.824610000000003">
    <ele>100.83</ele>
   </trkpt>
   <trkpt lat="39.39446" lon="21.824260000000002">
    <ele>100.30000000000001</ele>
   </trkpt>
   <trkpt lat="39.394760000000005" lon="21.82384">
    <ele>99.81</ele>
   </trkpt>
   <trkpt lat="39.395213335672814" lon="21.823316673473673">
    <ele>99.34</ele>
   </trkpt>
   <trkpt lat="39.39566666900121" lon="21.82279334014612">
    <ele>99.28</ele>
   </trkpt>
   <trkpt lat="39.39612" lon="21.822270000000003">
    <ele>99.37000000000002</ele>
   </trkpt>
   <trkpt lat="39.39662000140363" lon="21.821710003944926">
    <ele>99.74000000000001</ele>
   </trkpt>
   <trkpt lat="39.39712" lon="21.821150000000003">
    <ele>100.52000000000001</ele>
   </trkpt>
   <trkpt lat="39.39743" lon="21.82083">
    <ele>100.82000000000001</ele>
   </trkpt>
   <trkpt lat="39.397870000000005" lon="21.820490000000003">
    <ele>101.55</ele>
   </trkpt>
   <trkpt lat="39.398120000000006" lon="21.820330000000002">
    <ele>101.74000000000001</ele>
   </trkpt>
   <trkpt lat="39.39858" lon="21.8201">
    <ele>102.24000000000001</ele>
   </trkpt>
   <trkpt lat="39.39894" lon="21.81997">
    <ele>102.24000000000001</ele>
   </trkpt>
   <trkpt lat="39.399550000156054" lon="21.81984500107486">
    <ele>103.10000000000001</ele>
   </trkpt>
   <trkpt lat="39.40016000000001" lon="21.81972">
    <ele>103.60000000000001</ele>
   </trkpt>
   <trkpt lat="39.401022500256396" lon="21.819580005192808">
    <ele>104.01</ele>
   </trkpt>
   <trkpt lat="39.401885000345004" lon="21.819440006923365">
    <ele>104.16</ele>
   </trkpt>
   <trkpt lat="39.40274750026583" lon="21.819300005191472">
    <ele>103.75</ele>
   </trkpt>
   <trkpt lat="39.40361" lon="21.81916">
    <ele>103.25</ele>
   </trkpt>
   <trkpt lat="39.40426333357091" lon="21.819036668957136">
    <ele>102.98</ele>
   </trkpt>
   <trkpt lat="39.4049166670116" lon="21.818913335603572">
    <ele>102.81000000000002</ele>
   </trkpt>
   <trkpt lat="39.405570000000004" lon="21.818790000000003">
    <ele>102.87</ele>
   </trkpt>
   <trkpt lat="39.40624750018457" lon="21.818682503127377">
    <ele>103.14</ele>
   </trkpt>
   <trkpt lat="39.40692500027021" lon="21.818575004166075">
    <ele>103.75</ele>
   </trkpt>
   <trkpt lat="39.40760250025693" lon="21.818467503115993">
    <ele>104.16</ele>
   </trkpt>
   <trkpt lat="39.408280000000005" lon="21.818360000000002">
    <ele>104.28000000000002</ele>
   </trkpt>
   <trkpt lat="39.408970000000004" lon="21.81822">
    <ele>103.97</ele>
   </trkpt>
   <trkpt lat="39.40942000007313" lon="21.818095000804952">
    <ele>103.59000000000002</ele>
   </trkpt>
   <trkpt lat="39.409870000000005" lon="21.817970000000003">
    <ele>103.18</ele>
   </trkpt>
   <trkpt lat="39.410250000000005" lon="21.817780000000003">
    <ele>103.06000000000002</ele>
   </trkpt>
   <trkpt lat="39.410796667850924" lon="21.817426672132466">
    <ele>102.65</ele>
   </trkpt>
   <trkpt lat="39.41134333463307" lon="21.817073338724573">
    <ele>102.23</ele>
   </trkpt>
   <trkpt lat="39.41189000000001" lon="21.81672">
    <ele>101.83</ele>
   </trkpt>
   <trkpt lat="39.412220000000005" lon="21.816540000000003">
    <ele>101.68</ele>
   </trkpt>
   <trkpt lat="39.41246" lon="21.81644">
    <ele>101.62</ele>
   </trkpt>
   <trkpt lat="39.41268" lon="21.816380000000002">
    <ele>101.62</ele>
   </trkpt>
   <trkpt lat="39.41299" lon="21.81633">
    <ele>101.62</ele>
   </trkpt>
   <trkpt lat="39.41352499996846" lon="21.816369999690185">
    <ele>101.53</ele>
   </trkpt>
   <trkpt lat="39.414060000000006" lon="21.81641">
    <ele>101.38000000000001</ele>
   </trkpt>
   <trkpt lat="39.41465" lon="21.81644">
    <ele>101.41000000000001</ele>
   </trkpt>
   <trkpt lat="39.414970000000004" lon="21.816460000000003">
    <ele>101.27000000000001</ele>
   </trkpt>
   <trkpt lat="39.41572" lon="21.816580000000002">
    <ele>101.06</ele>
   </trkpt>
   <trkpt lat="39.41635500006591" lon="21.816654999321777">
    <ele>101.30000000000001</ele>
   </trkpt>
   <trkpt lat="39.416990000000006" lon="21.816730000000003">
    <ele>102.70000000000002</ele>
   </trkpt>
   <trkpt lat="39.41751500000651" lon="21.816764999736492">
    <ele>105.35000000000001</ele>
   </trkpt>
   <trkpt lat="39.418040000000005" lon="21.8168">
    <ele>107.11000000000001</ele>
   </trkpt>
   <trkpt lat="39.418600000000005" lon="21.816750000000003">
    <ele>108.99</ele>
   </trkpt>
   <trkpt lat="39.41903000000001" lon="21.816650000000003">
    <ele>109.88000000000001</ele>
   </trkpt>
   <trkpt lat="39.41942" lon="21.8165">
    <ele>110.19000000000001</ele>
   </trkpt>
   <trkpt lat="39.419940000000004" lon="21.81625">
    <ele>109.99000000000001</ele>
   </trkpt>
   <trkpt lat="39.420480000000005" lon="21.815890000000003">
    <ele>109.71000000000001</ele>
   </trkpt>
   <trkpt lat="39.42092" lon="21.81549">
    <ele>109.23</ele>
   </trkpt>
   <trkpt lat="39.4213" lon="21.815050000000003">
    <ele>108.86000000000001</ele>
   </trkpt>
   <trkpt lat="39.42155" lon="21.81471">
    <ele>108.59</ele>
   </trkpt>
   <trkpt lat="39.421820000000004" lon="21.814230000000002">
    <ele>107.78000000000002</ele>
   </trkpt>
   <trkpt lat="39.42211" lon="21.81353">
    <ele>106.92000000000002</ele>
   </trkpt>
   <trkpt lat="39.422230000000006" lon="21.813200000000002">
    <ele>106.4</ele>
   </trkpt>
   <trkpt lat="39.422430000000006" lon="21.812420000000003">
    <ele>105.42000000000002</ele>
   </trkpt>
   <trkpt lat="39.42251" lon="21.812">
    <ele>104.84</ele>
   </trkpt>
   <trkpt lat="39.422665019933184" lon="21.811035010725256">
    <ele>103.97</ele>
   </trkpt>
   <trkpt lat="39.42282003189356" lon="21.81007001715794">
    <ele>104.25000000000001</ele>
   </trkpt>
   <trkpt lat="39.422975035881045" lon="21.80910501929824">
    <ele>105.16</ele>
   </trkpt>
   <trkpt lat="39.42313003189557" lon="21.80814001714632">
    <ele>106.43</ele>
   </trkpt>
   <trkpt lat="39.42328501993703" lon="21.807175010702377">
    <ele>107.42000000000002</ele>
   </trkpt>
   <trkpt lat="39.42344000000001" lon="21.80621">
    <ele>108.27</ele>
   </trkpt>
   <trkpt lat="39.42356" lon="21.805760000000003">
    <ele>108.76</ele>
   </trkpt>
   <trkpt lat="39.42371" lon="21.80535">
    <ele>108.88</ele>
   </trkpt>
   <trkpt lat="39.42392" lon="21.804850000000002">
    <ele>108.98</ele>
   </trkpt>
   <trkpt lat="39.42414" lon="21.804430000000004">
    <ele>109.04</ele>
   </trkpt>
   <trkpt lat="39.424700006577375" lon="21.803550014225557">
    <ele>109.12</ele>
   </trkpt>
   <trkpt lat="39.42526000652451" lon="21.802670014308863">
    <ele>109.22000000000001</ele>
   </trkpt>
   <trkpt lat="39.42582" lon="21.80179">
    <ele>109.72000000000001</ele>
   </trkpt>
   <trkpt lat="39.426410000000004" lon="21.80103">
    <ele>110.09</ele>
   </trkpt>
   <trkpt lat="39.426700000000004" lon="21.80073">
    <ele>110.52000000000001</ele>
   </trkpt>
   <trkpt lat="39.427110000000006" lon="21.80037">
    <ele>110.67</ele>
   </trkpt>
   <trkpt lat="39.427440000000004" lon="21.800130000000003">
    <ele>110.72000000000001</ele>
   </trkpt>
   <trkpt lat="39.428230000000006" lon="21.799680000000002">
    <ele>111.30000000000001</ele>
   </trkpt>
   <trkpt lat="39.428580000000004" lon="21.79952">
    <ele>112.03</ele>
   </trkpt>
   <trkpt lat="39.42929333379492" lon="21.799276671664284">
    <ele>113.95</ele>
   </trkpt>
   <trkpt lat="39.43000666708289" lon="21.79903333834651">
    <ele>117.47</ele>
   </trkpt>
   <trkpt lat="39.43072" lon="21.79879">
    <ele>120.17000000000002</ele>
   </trkpt>
   <trkpt lat="39.43117" lon="21.79861">
    <ele>122.01</ele>
   </trkpt>
   <trkpt lat="39.431580000000004" lon="21.798360000000002">
    <ele>124.43</ele>
   </trkpt>
   <trkpt lat="39.43187" lon="21.79813">
    <ele>125.87</ele>
   </trkpt>
   <trkpt lat="39.43206" lon="21.797890000000002">
    <ele>126.0</ele>
   </trkpt>
   <trkpt lat="39.43204" lon="21.7981">
    <ele>126.07000000000001</ele>
   </trkpt>
   <trkpt lat="39.432" lon="21.79822">
    <ele>126.27000000000002</ele>
   </trkpt>
   <trkpt lat="39.43179000000001" lon="21.798640000000002">
    <ele>123.79</ele>
   </trkpt>
   <trkpt lat="39.43204" lon="21.798650000000002">
    <ele>122.15</ele>
   </trkpt>
   <trkpt lat="39.43216" lon="21.798620000000003">
    <ele>121.39000000000001</ele>
   </trkpt>
   <trkpt lat="39.432280000000006" lon="21.798560000000002">
    <ele>119.64000000000001</ele>
   </trkpt>
   <trkpt lat="39.43234" lon="21.79849">
    <ele>119.64000000000001</ele>
   </trkpt>
   <trkpt lat="39.432390000000005" lon="21.798350000000003">
    <ele>117.76</ele>
   </trkpt>
   <trkpt lat="39.4324" lon="21.79819">
    <ele>116.72</ele>
   </trkpt>
   <trkpt lat="39.43247" lon="21.798250000000003">
    <ele>115.78</ele>
   </trkpt>
   <trkpt lat="39.43253" lon="21.798330000000004">
    <ele>114.95</ele>
   </trkpt>
   <trkpt lat="39.432550000000006" lon="21.798470000000002">
    <ele>114.23</ele>
   </trkpt>
   <trkpt lat="39.43253" lon="21.7986">
    <ele>113.60000000000001</ele>
   </trkpt>
   <trkpt lat="39.432460000000006" lon="21.798720000000003">
    <ele>112.41000000000001</ele>
   </trkpt>
   <trkpt lat="39.432300000000005" lon="21.798900000000003">
    <ele>109.53</ele>
   </trkpt>
   <trkpt lat="39.43236" lon="21.79898">
    <ele>109.00000000000001</ele>
   </trkpt>
   <trkpt lat="39.432750000000006" lon="21.798820000000003">
    <ele>104.93</ele>
   </trkpt>
   <trkpt lat="39.43314" lon="21.798560000000002">
    <ele>103.56000000000002</ele>
   </trkpt>
   <trkpt lat="39.433240000000005" lon="21.79868">
    <ele>102.35000000000001</ele>
   </trkpt>
   <trkpt lat="39.433370000000004" lon="21.798800000000004">
    <ele>101.69</ele>
   </trkpt>
   <trkpt lat="39.43415500051782" lon="21.79910999654903">
    <ele>101.09000000000002</ele>
   </trkpt>
   <trkpt lat="39.434940000000005" lon="21.79942">
    <ele>101.19</ele>
   </trkpt>
   <trkpt lat="39.435300000000005" lon="21.799680000000002">
    <ele>101.11</ele>
   </trkpt>
   <trkpt lat="39.436110000635175" lon="21.800049995720308">
    <ele>101.19</ele>
   </trkpt>
   <trkpt lat="39.43692" lon="21.800420000000003">
    <ele>101.22</ele>
   </trkpt>
   <trkpt lat="39.43750666742201" lon="21.800709995132717">
    <ele>101.28</ele>
   </trkpt>
   <trkpt lat="39.43809333412391" lon="21.80099999515007">
    <ele>101.44</ele>
   </trkpt>
   <trkpt lat="39.438680000000005" lon="21.80129">
    <ele>101.55</ele>
   </trkpt>
   <trkpt lat="39.43927000082002" lon="21.801596661479223">
    <ele>101.79</ele>
   </trkpt>
   <trkpt lat="39.43986000083477" lon="21.801903328153493">
    <ele>101.99000000000001</ele>
   </trkpt>
   <trkpt lat="39.440450000000006" lon="21.802210000000002">
    <ele>102.02000000000001</ele>
   </trkpt>
   <trkpt lat="39.440895000363916" lon="21.80238499897349">
    <ele>101.94</ele>
   </trkpt>
   <trkpt lat="39.441340000000004" lon="21.802560000000003">
    <ele>101.94</ele>
   </trkpt>
   <trkpt lat="39.442150000000005" lon="21.80279">
    <ele>102.06000000000002</ele>
   </trkpt>
   <trkpt lat="39.442813333690054" lon="21.802996662727153">
    <ele>102.24000000000001</ele>
   </trkpt>
   <trkpt lat="39.44347666701438" lon="21.80320332939096">
    <ele>102.42000000000002</ele>
   </trkpt>
   <trkpt lat="39.444140000000004" lon="21.803410000000003">
    <ele>102.56000000000002</ele>
   </trkpt>
   <trkpt lat="39.44453" lon="21.803590000000003">
    <ele>102.4</ele>
   </trkpt>
   <trkpt lat="39.444680000000005" lon="21.803600000000003">
    <ele>102.4</ele>
   </trkpt>
   <trkpt lat="39.44482" lon="21.80358">
    <ele>102.4</ele>
   </trkpt>
   <trkpt lat="39.445663334109625" lon="21.80327667401758">
    <ele>102.23</ele>
   </trkpt>
   <trkpt lat="39.446506667431365" lon="21.80297334068855">
    <ele>102.29</ele>
   </trkpt>
   <trkpt lat="39.44735" lon="21.802670000000003">
    <ele>102.38000000000001</ele>
   </trkpt>
   <trkpt lat="39.44753" lon="21.802650000000003">
    <ele>102.47</ele>
   </trkpt>
   <trkpt lat="39.44839" lon="21.80279">
    <ele>102.60000000000001</ele>
   </trkpt>
   <trkpt lat="39.448600000000006" lon="21.80273">
    <ele>102.60000000000001</ele>
   </trkpt>
   <trkpt lat="39.449245000601856" lon="21.80237500325414">
    <ele>102.72</ele>
   </trkpt>
   <trkpt lat="39.44989" lon="21.802020000000002">
    <ele>102.51</ele>
   </trkpt>
   <trkpt lat="39.45" lon="21.80198">
    <ele>102.51</ele>
   </trkpt>
   <trkpt lat="39.45015" lon="21.80197">
    <ele>102.51</ele>
   </trkpt>
   <trkpt lat="39.45026" lon="21.80198">
    <ele>102.58</ele>
   </trkpt>
   <trkpt lat="39.450880000000005" lon="21.80224">
    <ele>102.51</ele>
   </trkpt>
   <trkpt lat="39.451496667228334" lon="21.8025066619225">
    <ele>102.68</ele>
   </trkpt>
   <trkpt lat="39.452113333847706" lon="21.80277332856865">
    <ele>102.66000000000001</ele>
   </trkpt>
   <trkpt lat="39.45273" lon="21.803040000000003">
    <ele>102.94</ele>
   </trkpt>
   <trkpt lat="39.45319500023093" lon="21.80324999861642">
    <ele>103.19</ele>
   </trkpt>
   <trkpt lat="39.453660000000006" lon="21.80346">
    <ele>103.33</ele>
   </trkpt>
   <trkpt lat="39.45428333390678" lon="21.803719995341854">
    <ele>103.4</ele>
   </trkpt>
   <trkpt lat="39.45490666723469" lon="21.803979995339517">
    <ele>103.27000000000001</ele>
   </trkpt>
   <trkpt lat="39.45553" lon="21.80424">
    <ele>104.08</ele>
   </trkpt>
   <trkpt lat="39.45568500174787" lon="21.80360000144971">
    <ele>104.63000000000001</ele>
   </trkpt>
   <trkpt lat="39.45584" lon="21.802960000000002">
    <ele>105.09</ele>
   </trkpt>
   <trkpt lat="39.456630000000004" lon="21.80347">
    <ele>107.05</ele>
   </trkpt>
   <trkpt lat="39.456830000000004" lon="21.80358">
    <ele>107.56</ele>
   </trkpt>
   <trkpt lat="39.457300000000004" lon="21.80395">
    <ele>107.31</ele>
   </trkpt>
   <trkpt lat="39.45772" lon="21.80424">
    <ele>105.91</ele>
   </trkpt>
   <trkpt lat="39.45788" lon="21.80432">
    <ele>105.39000000000001</ele>
   </trkpt>
   <trkpt lat="39.458200000000005" lon="21.80442">
    <ele>105.16</ele>
   </trkpt>
   <trkpt lat="39.45855" lon="21.8045">
    <ele>104.96000000000001</ele>
   </trkpt>
   <trkpt lat="39.458670000000005" lon="21.80449">
    <ele>104.8</ele>
   </trkpt>
   <trkpt lat="39.45872000000001" lon="21.804470000000002">
    <ele>104.8</ele>
   </trkpt>
   <trkpt lat="39.459" lon="21.80412">
    <ele>104.85000000000001</ele>
   </trkpt>
   <trkpt lat="39.45935" lon="21.803890000000003">
    <ele>104.91</ele>
   </trkpt>
   <trkpt lat="39.45988000110364" lon="21.803365004073445">
    <ele>104.82000000000001</ele>
   </trkpt>
   <trkpt lat="39.46041" lon="21.802840000000003">
    <ele>104.67000000000002</ele>
   </trkpt>
   <trkpt lat="39.46094" lon="21.80227">
    <ele>104.52</ele>
   </trkpt>
   <trkpt lat="39.46137" lon="21.80178">
    <ele>104.46000000000001</ele>
   </trkpt>
   <trkpt lat="39.46177000117542" lon="21.801255003023574">
    <ele>104.91</ele>
   </trkpt>
   <trkpt lat="39.46217" lon="21.80073">
    <ele>106.32000000000001</ele>
   </trkpt>
   <trkpt lat="39.46244" lon="21.800430000000002">
    <ele>107.50000000000001</ele>
   </trkpt>
   <trkpt lat="39.462970000000006" lon="21.79991">
    <ele>108.16000000000001</ele>
   </trkpt>
   <trkpt lat="39.46338500074343" lon="21.799530002151396">
    <ele>108.15</ele>
   </trkpt>
   <trkpt lat="39.463800000000006" lon="21.79915">
    <ele>107.36000000000001</ele>
   </trkpt>
   <trkpt lat="39.463950000000004" lon="21.79897">
    <ele>106.84</ele>
   </trkpt>
   <trkpt lat="39.464000000000006" lon="21.79888">
    <ele>106.84</ele>
   </trkpt>
   <trkpt lat="39.464040000000004" lon="21.798650000000002">
    <ele>105.24000000000001</ele>
   </trkpt>
   <trkpt lat="39.46406000159545" lon="21.798040000112177">
    <ele>104.15</ele>
   </trkpt>
   <trkpt lat="39.46408" lon="21.797430000000002">
    <ele>103.79</ele>
   </trkpt>
   <trkpt lat="39.46408335799927" lon="21.796356666910487">
    <ele>103.89000000000001</ele>
   </trkpt>
   <trkpt lat="39.46408670613221" lon="21.79528333371755">
    <ele>103.81000000000002</ele>
   </trkpt>
   <trkpt lat="39.46409004439876" lon="21.794210000421483">
    <ele>103.67000000000002</ele>
   </trkpt>
   <trkpt lat="39.46409337279896" lon="21.793136667022605">
    <ele>103.74000000000001</ele>
   </trkpt>
   <trkpt lat="39.46409669133279" lon="21.79206333352121">
    <ele>104.20000000000002</ele>
   </trkpt>
   <trkpt lat="39.4641" lon="21.79099">
    <ele>104.43</ele>
   </trkpt>
   <trkpt lat="39.464110000000005" lon="21.790860000000002">
    <ele>104.43</ele>
   </trkpt>
   <trkpt lat="39.464180000000006" lon="21.79078">
    <ele>104.18</ele>
   </trkpt>
   <trkpt lat="39.464290000000005" lon="21.790730000000003">
    <ele>104.18</ele>
   </trkpt>
   <trkpt lat="39.46513166666277" lon="21.790728333434135">
    <ele>103.78000000000002</ele>
   </trkpt>
   <trkpt lat="39.46597333332549" lon="21.790726666827954">
    <ele>103.72</ele>
   </trkpt>
   <trkpt lat="39.46681499998821" lon="21.790725000181453">
    <ele>103.36</ele>
   </trkpt>
   <trkpt lat="39.4676566666509" lon="21.79072333349464">
    <ele>103.15</ele>
   </trkpt>
   <trkpt lat="39.46849833331357" lon="21.790721666767507">
    <ele>102.87</ele>
   </trkpt>
   <trkpt lat="39.46934" lon="21.79072">
    <ele>103.27000000000001</ele>
   </trkpt>
   <trkpt lat="39.470013333328254" lon="21.790723333268797">
    <ele>102.22</ele>
   </trkpt>
   <trkpt lat="39.47068666665643" lon="21.7907266666021">
    <ele>102.41000000000001</ele>
   </trkpt>
   <trkpt lat="39.471360000000004" lon="21.790730000000003">
    <ele>102.23</ele>
   </trkpt>
   <trkpt lat="39.47192000006187" lon="21.790725000039696">
    <ele>101.89</ele>
   </trkpt>
   <trkpt lat="39.472480000000004" lon="21.79072">
    <ele>101.8</ele>
   </trkpt>
   <trkpt lat="39.473200000000006" lon="21.790730000000003">
    <ele>101.66000000000001</ele>
   </trkpt>
   <trkpt lat="39.47390999994546" lon="21.7907100002057">
    <ele>101.71000000000001</ele>
   </trkpt>
   <trkpt lat="39.47462" lon="21.79069">
    <ele>102.25</ele>
   </trkpt>
   <trkpt lat="39.47484" lon="21.790550000000003">
    <ele>102.33</ele>
   </trkpt>
   <trkpt lat="39.4754650054508" lon="21.78989751760672">
    <ele>102.39</ele>
   </trkpt>
   <trkpt lat="39.47609000725518" lon="21.789245023489105">
    <ele>102.39</ele>
   </trkpt>
   <trkpt lat="39.476715005412984" lon="21.78859251764675">
    <ele>102.33</ele>
   </trkpt>
   <trkpt lat="39.477340000000005" lon="21.787940000000003">
    <ele>102.20000000000002</ele>
   </trkpt>
   <trkpt lat="39.47793000467417" lon="21.787337515320502">
    <ele>102.27000000000001</ele>
   </trkpt>
   <trkpt lat="39.47852000623928" lon="21.786735020420423">
    <ele>102.19</ele>
   </trkpt>
   <trkpt lat="39.479110004695215" lon="21.786132515299457">
    <ele>102.29</ele>
   </trkpt>
   <trkpt lat="39.4797" lon="21.78553">
    <ele>102.41000000000001</ele>
   </trkpt>
   <trkpt lat="39.47986" lon="21.78544">
    <ele>102.41000000000001</ele>
   </trkpt>
   <trkpt lat="39.48038500020608" lon="21.785350000649952">
    <ele>103.24000000000001</ele>
   </trkpt>
   <trkpt lat="39.48091" lon="21.78526">
    <ele>103.21000000000001</ele>
   </trkpt>
   <trkpt lat="39.48105" lon="21.78527">
    <ele>103.17000000000002</ele>
   </trkpt>
   <trkpt lat="39.481590000000004" lon="21.78537">
    <ele>103.11</ele>
   </trkpt>
   <trkpt lat="39.48230500004976" lon="21.785444999231657">
    <ele>102.99000000000001</ele>
   </trkpt>
   <trkpt lat="39.48302" lon="21.78552">
    <ele>102.92000000000002</ele>
   </trkpt>
   <trkpt lat="39.483885000147964" lon="21.785603328150657">
    <ele>102.96000000000001</ele>
   </trkpt>
   <trkpt lat="39.48475000023645" lon="21.785686658374196">
    <ele>103.19</ele>
   </trkpt>
   <trkpt lat="39.48561500026547" lon="21.785769990670747">
    <ele>103.32000000000001</ele>
   </trkpt>
   <trkpt lat="39.48648000023499" lon="21.785853325040417">
    <ele>103.39</ele>
   </trkpt>
   <trkpt lat="39.487345000145034" lon="21.78593666148332">
    <ele>103.39</ele>
   </trkpt>
   <trkpt lat="39.48821" lon="21.78602">
    <ele>103.21000000000001</ele>
   </trkpt>
   <trkpt lat="39.488490000000006" lon="21.78612">
    <ele>103.14</ele>
   </trkpt>
   <trkpt lat="39.48920500059046" lon="21.78648499625684">
    <ele>103.18</ele>
   </trkpt>
   <trkpt lat="39.489920000000005" lon="21.78685">
    <ele>103.49000000000001</ele>
   </trkpt>
   <trkpt lat="39.48998" lon="21.78687">
    <ele>103.47</ele>
   </trkpt>
   <trkpt lat="39.49013" lon="21.78687">
    <ele>103.47</ele>
   </trkpt>
   <trkpt lat="39.490750000000006" lon="21.786610000000003">
    <ele>103.62</ele>
   </trkpt>
   <trkpt lat="39.491320000011534" lon="21.78642000160537">
    <ele>103.52000000000001</ele>
   </trkpt>
   <trkpt lat="39.491890000000005" lon="21.786230000000003">
    <ele>103.67000000000002</ele>
   </trkpt>
   <trkpt lat="39.49265500045653" lon="21.785945003095513">
    <ele>103.33</ele>
   </trkpt>
   <trkpt lat="39.49342" lon="21.78566">
    <ele>103.48</ele>
   </trkpt>
   <trkpt lat="39.49398000022271" lon="21.785430001854284">
    <ele>103.62</ele>
   </trkpt>
   <trkpt lat="39.49454" lon="21.785200000000003">
    <ele>103.66</ele>
   </trkpt>
   <trkpt lat="39.49517500041451" lon="21.78488500288254">
    <ele>103.77000000000001</ele>
   </trkpt>
   <trkpt lat="39.495810000000006" lon="21.784570000000002">
    <ele>104.09</ele>
   </trkpt>
   <trkpt lat="39.49628000013399" lon="21.784480000589493">
    <ele>103.96000000000001</ele>
   </trkpt>
   <trkpt lat="39.496750000000006" lon="21.784390000000002">
    <ele>103.89000000000001</ele>
   </trkpt>
   <trkpt lat="39.497020000000006" lon="21.785100000000003">
    <ele>103.87</ele>
   </trkpt>
   <trkpt lat="39.497170000000004" lon="21.785580000000003">
    <ele>103.88000000000001</ele>
   </trkpt>
   <trkpt lat="39.49734" lon="21.786260000000002">
    <ele>103.95000000000002</ele>
   </trkpt>
   <trkpt lat="39.49757251336908" lon="21.787279989768113">
    <ele>104.14000000000001</ele>
   </trkpt>
   <trkpt lat="39.49780501782602" lon="21.788299986359785">
    <ele>104.15</ele>
   </trkpt>
   <trkpt lat="39.49803751337071" lon="21.789319989774864">
    <ele>104.16</ele>
   </trkpt>
   <trkpt lat="39.498270000000005" lon="21.79034">
    <ele>103.84</ele>
   </trkpt>
   <trkpt lat="39.4984200055405" lon="21.791143329932254">
    <ele>103.36</ele>
   </trkpt>
   <trkpt lat="39.49857000555287" lon="21.791946663331725">
    <ele>103.09000000000002</ele>
   </trkpt>
   <trkpt lat="39.498720000000006" lon="21.79275">
    <ele>102.85000000000001</ele>
   </trkpt>
   <trkpt lat="39.49939666692026" lon="21.79258000330849">
    <ele>103.02000000000001</ele>
   </trkpt>
   <trkpt lat="39.50007333359296" lon="21.79241000330703">
    <ele>103.06000000000002</ele>
   </trkpt>
   <trkpt lat="39.500750000000004" lon="21.792240000000003">
    <ele>103.32000000000001</ele>
   </trkpt>
   <trkpt lat="39.50153000026089" lon="21.792065001934883">
    <ele>103.21000000000001</ele>
   </trkpt>
   <trkpt lat="39.50231" lon="21.791890000000002">
    <ele>103.26</ele>
   </trkpt>
   <trkpt lat="39.50298" lon="21.79172">
    <ele>103.51</ele>
   </trkpt>
   <trkpt lat="39.50351000022811" lon="21.79162500069054">
    <ele>103.66</ele>
   </trkpt>
   <trkpt lat="39.50404" lon="21.79153">
    <ele>103.61</ele>
   </trkpt>
   <trkpt lat="39.50437" lon="21.791520000000002">
    <ele>103.63000000000001</ele>
   </trkpt>
   <trkpt lat="39.504720000000006" lon="21.79176">
    <ele>103.67000000000002</ele>
   </trkpt>
   <trkpt lat="39.50524" lon="21.792250000000003">
    <ele>103.52000000000001</ele>
   </trkpt>
   <trkpt lat="39.505570000000006" lon="21.7923">
    <ele>103.47</ele>
   </trkpt>
   <trkpt lat="39.506410000044454" lon="21.792262859836473">
    <ele>103.37</ele>
   </trkpt>
   <trkpt lat="39.507250000077086" lon="21.792225718775022">
    <ele>103.42000000000002</ele>
   </trkpt>
   <trkpt lat="39.5080900000979" lon="21.792188576815594">
    <ele>103.52000000000001</ele>
   </trkpt>
   <trkpt lat="39.508930000106886" lon="21.792151433958157">
    <ele>103.52000000000001</ele>
   </trkpt>
   <trkpt lat="39.50977000010407" lon="21.792114290202644">
    <ele>103.69</ele>
   </trkpt>
   <trkpt lat="39.51061000008942" lon="21.792077145549012">
    <ele>104.06000000000002</ele>
   </trkpt>
   <trkpt lat="39.51145" lon="21.79204">
    <ele>104.23</ele>
   </trkpt>
   <trkpt lat="39.512" lon="21.792">
    <ele>104.62</ele>
   </trkpt>
   <trkpt lat="39.51231000000001" lon="21.791880000000003">
    <ele>105.35000000000001</ele>
   </trkpt>
   <trkpt lat="39.51254" lon="21.79174">
    <ele>105.78000000000002</ele>
   </trkpt>
   <trkpt lat="39.513200000000005" lon="21.79116">
    <ele>107.91</ele>
   </trkpt>
   <trkpt lat="39.513400000000004" lon="21.791010000000004">
    <ele>108.45</ele>
   </trkpt>
   <trkpt lat="39.513980000599474" lon="21.790753337603558">
    <ele>108.7</ele>
   </trkpt>
   <trkpt lat="39.51456000063457" lon="21.790496670921414">
    <ele>108.45</ele>
   </trkpt>
   <trkpt lat="39.51514" lon="21.79024">
    <ele>107.3</ele>
   </trkpt>
   <trkpt lat="39.51563" lon="21.789980000000003">
    <ele>106.32000000000001</ele>
   </trkpt>
   <trkpt lat="39.51568" lon="21.789920000000002">
    <ele>105.93</ele>
   </trkpt>
   <trkpt lat="39.515840000000004" lon="21.789640000000002">
    <ele>105.61000000000001</ele>
   </trkpt>
   <trkpt lat="39.51621" lon="21.78883">
    <ele>104.21000000000001</ele>
   </trkpt>
   <trkpt lat="39.51653" lon="21.78838">
    <ele>103.99000000000001</ele>
   </trkpt>
   <trkpt lat="39.51712126376288" lon="21.787702540368493">
    <ele>104.19</ele>
   </trkpt>
   <trkpt lat="39.517712523593715" lon="21.787025069203963">
    <ele>104.3</ele>
   </trkpt>
   <trkpt lat="39.51830377949236" lon="21.78634758650605">
    <ele>104.64000000000001</ele>
   </trkpt>
   <trkpt lat="39.51889503145864" lon="21.785670092274383">
    <ele>104.37</ele>
   </trkpt>
   <trkpt lat="39.51948627949245" lon="21.784992586508615">
    <ele>104.18</ele>
   </trkpt>
   <trkpt lat="39.52007752359359" lon="21.784315069208372">
    <ele>104.23</ele>
   </trkpt>
   <trkpt lat="39.520668763761954" lon="21.783637540373295">
    <ele>104.55</ele>
   </trkpt>
   <trkpt lat="39.521260000000005" lon="21.782960000000003">
    <ele>104.79</ele>
   </trkpt>
   <trkpt lat="39.521843343628966" lon="21.782266695784998">
    <ele>104.96000000000001</ele>
   </trkpt>
   <trkpt lat="39.52242668313968" lon="21.78157337992338">
    <ele>105.09</ele>
   </trkpt>
   <trkpt lat="39.52301001853198" lon="21.7808800524148">
    <ele>105.26</ele>
   </trkpt>
   <trkpt lat="39.52359334980571" lon="21.780186713258892">
    <ele>105.48</ele>
   </trkpt>
   <trkpt lat="39.52417667696073" lon="21.77949336245532">
    <ele>105.50000000000001</ele>
   </trkpt>
   <trkpt lat="39.52476" lon="21.7788">
    <ele>105.72000000000001</ele>
   </trkpt>
   <trkpt lat="39.52487" lon="21.77869">
    <ele>105.81000000000002</ele>
   </trkpt>
   <trkpt lat="39.525020000000005" lon="21.77861">
    <ele>105.91</ele>
   </trkpt>
   <trkpt lat="39.525710000000004" lon="21.778460000000003">
    <ele>106.45</ele>
   </trkpt>
   <trkpt lat="39.52588" lon="21.77849">
    <ele>106.53000000000002</ele>
   </trkpt>
   <trkpt lat="39.52601000000001" lon="21.778540000000003">
    <ele>106.75000000000001</ele>
   </trkpt>
   <trkpt lat="39.52610000000001" lon="21.778740000000003">
    <ele>106.75000000000001</ele>
   </trkpt>
   <trkpt lat="39.52619" lon="21.77886">
    <ele>106.59</ele>
   </trkpt>
   <trkpt lat="39.526270000000004" lon="21.77887">
    <ele>106.59</ele>
   </trkpt>
   <trkpt lat="39.52638" lon="21.778810000000004">
    <ele>106.41</ele>
   </trkpt>
   <trkpt lat="39.526410000000006" lon="21.778750000000002">
    <ele>106.41</ele>
   </trkpt>
   <trkpt lat="39.52656" lon="21.77878">
    <ele>106.38</ele>
   </trkpt>
   <trkpt lat="39.526720000000005" lon="21.77888">
    <ele>106.21000000000001</ele>
   </trkpt>
   <trkpt lat="39.52747" lon="21.77945">
    <ele>106.43</ele>
   </trkpt>
   <trkpt lat="39.528090000000006" lon="21.779880000000002">
    <ele>106.71000000000001</ele>
   </trkpt>
   <trkpt lat="39.52893000078148" lon="21.780091989743706">
    <ele>106.92000000000002</ele>
   </trkpt>
   <trkpt lat="39.529770001177894" lon="21.78030398461671">
    <ele>107.09</ele>
   </trkpt>
   <trkpt lat="39.530610001189245" lon="21.7805159846193">
    <ele>107.66</ele>
   </trkpt>
   <trkpt lat="39.5314500008155" lon="21.780727989751732">
    <ele>108.09</ele>
   </trkpt>
   <trkpt lat="39.53229" lon="21.78094">
    <ele>108.12</ele>
   </trkpt>
   <trkpt lat="39.5324" lon="21.781010000000002">
    <ele>108.02</ele>
   </trkpt>
   <trkpt lat="39.53244" lon="21.78106">
    <ele>108.02</ele>
   </trkpt>
   <trkpt lat="39.53247" lon="21.78114">
    <ele>108.00000000000001</ele>
   </trkpt>
   <trkpt lat="39.532500000000006" lon="21.781260000000003">
    <ele>108.00000000000001</ele>
   </trkpt>
   <trkpt lat="39.532520000000005" lon="21.781940000000002">
    <ele>108.02</ele>
   </trkpt>
   <trkpt lat="39.532540000000004" lon="21.78205">
    <ele>108.02</ele>
   </trkpt>
   <trkpt lat="39.5326" lon="21.78215">
    <ele>108.02</ele>
   </trkpt>
   <trkpt lat="39.532650000000004" lon="21.78218">
    <ele>108.02</ele>
   </trkpt>
   <trkpt lat="39.53271" lon="21.782210000000003">
    <ele>108.02</ele>
   </trkpt>
   <trkpt lat="39.53336000007327" lon="21.782379998395086">
    <ele>108.00000000000001</ele>
   </trkpt>
   <trkpt lat="39.53401" lon="21.78255">
    <ele>108.48</ele>
   </trkpt>
   <trkpt lat="39.53475" lon="21.782760000000003">
    <ele>108.85</ele>
   </trkpt>
   <trkpt lat="39.535410000000006" lon="21.782970000000002">
    <ele>109.19000000000001</ele>
   </trkpt>
   <trkpt lat="39.535540000000005" lon="21.782950000000003">
    <ele>109.17</ele>
   </trkpt>
   <trkpt lat="39.53576" lon="21.78283">
    <ele>109.24</ele>
   </trkpt>
   <trkpt lat="39.53586000000001" lon="21.78264">
    <ele>108.99</ele>
   </trkpt>
   <trkpt lat="39.536350000000006" lon="21.78217">
    <ele>108.94000000000001</ele>
   </trkpt>
   <trkpt lat="39.53661" lon="21.78199">
    <ele>109.05000000000001</ele>
   </trkpt>
   <trkpt lat="39.53689000000001" lon="21.78187">
    <ele>109.12</ele>
   </trkpt>
   <trkpt lat="39.537060000000004" lon="21.781820000000003">
    <ele>109.27000000000001</ele>
   </trkpt>
   <trkpt lat="39.53732" lon="21.781640000000003">
    <ele>109.37</ele>
   </trkpt>
   <trkpt lat="39.537690000000005" lon="21.781280000000002">
    <ele>109.62</ele>
   </trkpt>
   <trkpt lat="39.5382" lon="21.78077">
    <ele>109.67</ele>
   </trkpt>
   <trkpt lat="39.5384" lon="21.780520000000003">
    <ele>109.66000000000001</ele>
   </trkpt>
   <trkpt lat="39.53871" lon="21.78009">
    <ele>109.49</ele>
   </trkpt>
   <trkpt lat="39.5393300022456" lon="21.77937000640294">
    <ele>109.73</ele>
   </trkpt>
   <trkpt lat="39.539950000000005" lon="21.778650000000003">
    <ele>109.82000000000001</ele>
   </trkpt>
   <trkpt lat="39.540220000000005" lon="21.77824">
    <ele>110.00000000000001</ele>
   </trkpt>
   <trkpt lat="39.5405550013151" lon="21.777710002381564">
    <ele>109.97000000000001</ele>
   </trkpt>
   <trkpt lat="39.540890000000005" lon="21.77718">
    <ele>109.87</ele>
   </trkpt>
   <trkpt lat="39.54142" lon="21.776370000000004">
    <ele>109.99000000000001</ele>
   </trkpt>
   <trkpt lat="39.54158" lon="21.77618">
    <ele>109.89000000000001</ele>
   </trkpt>
   <trkpt lat="39.5421600013218" lon="21.77564000444542">
    <ele>109.98</ele>
   </trkpt>
   <trkpt lat="39.54274" lon="21.775100000000002">
    <ele>110.45</ele>
   </trkpt>
   <trkpt lat="39.543040000000005" lon="21.77484">
    <ele>110.51</ele>
   </trkpt>
   <trkpt lat="39.543060000000004" lon="21.774790000000003">
    <ele>110.51</ele>
   </trkpt>
   <trkpt lat="39.543514999944385" lon="21.77488999932272">
    <ele>110.46</ele>
   </trkpt>
   <trkpt lat="39.54397" lon="21.774990000000003">
    <ele>110.72000000000001</ele>
   </trkpt>
   <trkpt lat="39.544515000059384" lon="21.775139998811774">
    <ele>110.68</ele>
   </trkpt>
   <trkpt lat="39.54506000000001" lon="21.775290000000002">
    <ele>110.93</ele>
   </trkpt>
   <trkpt lat="39.54538" lon="21.775360000000003">
    <ele>111.15</ele>
   </trkpt>
   <trkpt lat="39.54601200797372" lon="21.774678024843496">
    <ele>110.95</ele>
   </trkpt>
   <trkpt lat="39.54664401196202" lon="21.773996037264293">
    <ele>110.7</ele>
   </trkpt>
   <trkpt lat="39.54727601196473" lon="21.773314037261958">
    <ele>110.50000000000001</ele>
   </trkpt>
   <trkpt lat="39.54790800798172" lon="21.77263202483607">
    <ele>110.53</ele>
   </trkpt>
   <trkpt lat="39.54854" lon="21.77195">
    <ele>110.24000000000001</ele>
   </trkpt>
   <trkpt lat="39.54908333548577" lon="21.77144667456685">
    <ele>110.17</ele>
   </trkpt>
   <trkpt lat="39.549626668800634" lon="21.77094334125074">
    <ele>110.4</ele>
   </trkpt>
   <trkpt lat="39.55017" lon="21.77044">
    <ele>110.67</ele>
   </trkpt>
   <trkpt lat="39.550380000000004" lon="21.770190000000003">
    <ele>110.71</ele>
   </trkpt>
   <trkpt lat="39.55053" lon="21.76998">
    <ele>110.89</ele>
   </trkpt>
   <trkpt lat="39.550810000000006" lon="21.769540000000003">
    <ele>111.53</ele>
   </trkpt>
   <trkpt lat="39.550830000000005" lon="21.769540000000003">
    <ele>111.80000000000001</ele>
   </trkpt>
   <trkpt lat="39.550850000000004" lon="21.76951">
    <ele>111.93</ele>
   </trkpt>
   <trkpt lat="39.551" lon="21.769150000000003">
    <ele>111.86000000000001</ele>
   </trkpt>
   <trkpt lat="39.551370000000006" lon="21.76856">
    <ele>112.15</ele>
   </trkpt>
   <trkpt lat="39.55178667076653" lon="21.76786667502717">
    <ele>112.66000000000001</ele>
   </trkpt>
   <trkpt lat="39.55220333741374" lon="21.76717334172632">
    <ele>113.71000000000001</ele>
   </trkpt>
   <trkpt lat="39.552620000000005" lon="21.76648">
    <ele>115.14</ele>
   </trkpt>
   <trkpt lat="39.553380000000004" lon="21.766820000000003">
    <ele>115.25</ele>
   </trkpt>
   <trkpt lat="39.55326" lon="21.76676">
    <ele>115.27000000000001</ele>
   </trkpt>
   <trkpt lat="39.5527" lon="21.766520000000003">
    <ele>115.28</ele>
   </trkpt>
   <trkpt lat="39.55300333953708" lon="21.767369992601616">
    <ele>114.94000000000001</ele>
   </trkpt>
   <trkpt lat="39.55330667288286" lon="21.768219992636364">
    <ele>114.05000000000001</ele>
   </trkpt>
   <trkpt lat="39.553610000000006" lon="21.769070000000003">
    <ele>113.2</ele>
   </trkpt>
   <trkpt lat="39.55368" lon="21.7692">
    <ele>113.01</ele>
   </trkpt>
   <trkpt lat="39.553850000000004" lon="21.76969">
    <ele>113.08000000000001</ele>
   </trkpt>
   <trkpt lat="39.55393" lon="21.76979">
    <ele>113.19000000000001</ele>
   </trkpt>
   <trkpt lat="39.554570000223606" lon="21.77002499782715">
    <ele>113.97000000000001</ele>
   </trkpt>
   <trkpt lat="39.55521" lon="21.77026">
    <ele>113.35000000000001</ele>
   </trkpt>
   <trkpt lat="39.555022511362154" lon="21.771200007601472">
    <ele>113.10000000000001</ele>
   </trkpt>
   <trkpt lat="39.55483501515223" lon="21.77214001012164">
    <ele>112.74000000000001</ele>
   </trkpt>
   <trkpt lat="39.554647511370305" lon="21.77308000756035">
    <ele>112.15</ele>
   </trkpt>
   <trkpt lat="39.554460000000006" lon="21.77402">
    <ele>111.93</ele>
   </trkpt>
   <trkpt lat="39.5544" lon="21.77428">
    <ele>111.69000000000001</ele>
   </trkpt>
   <trkpt lat="39.554080000000006" lon="21.775170000000003">
    <ele>111.69000000000001</ele>
   </trkpt>
   <trkpt lat="39.554" lon="21.775560000000002">
    <ele>111.68</ele>
   </trkpt>
   <trkpt lat="39.554" lon="21.77577">
    <ele>111.59</ele>
   </trkpt>
   <trkpt lat="39.554050000000004" lon="21.776480000000003">
    <ele>111.25000000000001</ele>
   </trkpt>
   <trkpt lat="39.554146018896134" lon="21.7775299941934">
    <ele>110.93</ele>
   </trkpt>
   <trkpt lat="39.55424202834452" lon="21.778579991293302">
    <ele>110.86000000000001</ele>
   </trkpt>
   <trkpt lat="39.55433802834512" lon="21.77962999129944">
    <ele>110.43</ele>
   </trkpt>
   <trkpt lat="39.55443401889786" lon="21.78067999421154">
    <ele>109.91000000000001</ele>
   </trkpt>
   <trkpt lat="39.55453" lon="21.781730000000003">
    <ele>109.36000000000001</ele>
   </trkpt>
   <trkpt lat="39.55460751117998" lon="21.78266249690508">
    <ele>109.07000000000001</ele>
   </trkpt>
   <trkpt lat="39.55468501490836" lon="21.783594995893907">
    <ele>108.61000000000001</ele>
   </trkpt>
   <trkpt lat="39.55476251118509" lon="21.7845274969663">
    <ele>108.16000000000001</ele>
   </trkpt>
   <trkpt lat="39.554840000000006" lon="21.78546">
    <ele>108.03000000000002</ele>
   </trkpt>
   <trkpt lat="39.55493751444573" lon="21.78651999555995">
    <ele>107.75000000000001</ele>
   </trkpt>
   <trkpt lat="39.55503501926282" lon="21.787579994099865">
    <ele>107.55000000000001</ele>
   </trkpt>
   <trkpt lat="39.555132514451245" lon="21.788639995619484">
    <ele>107.32000000000001</ele>
   </trkpt>
   <trkpt lat="39.55523" lon="21.789700000000003">
    <ele>107.13</ele>
   </trkpt>
   <trkpt lat="39.55531501324476" lon="21.79071499629239">
    <ele>106.99000000000001</ele>
   </trkpt>
   <trkpt lat="39.55540001766103" lon="21.79172999507246">
    <ele>106.9</ele>
   </trkpt>
   <trkpt lat="39.55548501324876" lon="21.79274499633997">
    <ele>106.87</ele>
   </trkpt>
   <trkpt lat="39.55557" lon="21.793760000000002">
    <ele>106.61000000000001</ele>
   </trkpt>
   <trkpt lat="39.555640000000004" lon="21.79408">
    <ele>106.41</ele>
   </trkpt>
   <trkpt lat="39.555670000000006" lon="21.79464">
    <ele>106.26</ele>
   </trkpt>
   <trkpt lat="39.555780000000006" lon="21.79576">
    <ele>105.97000000000001</ele>
   </trkpt>
   <trkpt lat="39.55586201514231" lon="21.79669999553479">
    <ele>105.77</ele>
   </trkpt>
   <trkpt lat="39.555944022712616" lon="21.79763999329225">
    <ele>105.33</ele>
   </trkpt>
   <trkpt lat="39.55602602271088" lon="21.798579993272185">
    <ele>105.21000000000001</ele>
   </trkpt>
   <trkpt lat="39.556108015137085" lon="21.799519995474395">
    <ele>105.19</ele>
   </trkpt>
   <trkpt lat="39.55619" lon="21.80046">
    <ele>105.12</ele>
   </trkpt>
   <trkpt lat="39.55619" lon="21.80114">
    <ele>105.17000000000002</ele>
   </trkpt>
   <trkpt lat="39.55622" lon="21.80148">
    <ele>105.17000000000002</ele>
   </trkpt>
   <trkpt lat="39.556180000000005" lon="21.80188">
    <ele>105.06000000000002</ele>
   </trkpt>
   <trkpt lat="39.55612" lon="21.80198">
    <ele>105.06000000000002</ele>
   </trkpt>
   <trkpt lat="39.556110000000004" lon="21.80215">
    <ele>104.91</ele>
   </trkpt>
   <trkpt lat="39.556180000000005" lon="21.802280000000003">
    <ele>104.91</ele>
   </trkpt>
   <trkpt lat="39.556270000000005" lon="21.802380000000003">
    <ele>104.91</ele>
   </trkpt>
   <trkpt lat="39.55631" lon="21.80252">
    <ele>104.77</ele>
   </trkpt>
   <trkpt lat="39.55635" lon="21.803030000000003">
    <ele>104.69</ele>
   </trkpt>
   <trkpt lat="39.55642" lon="21.803310000000003">
    <ele>104.50000000000001</ele>
   </trkpt>
   <trkpt lat="39.556520000000006" lon="21.80413">
    <ele>104.55</ele>
   </trkpt>
   <trkpt lat="39.556580005528154" lon="21.804933331914242">
    <ele>104.38000000000001</ele>
   </trkpt>
   <trkpt lat="39.55664000552596" lon="21.80573666521828">
    <ele>104.12</ele>
   </trkpt>
   <trkpt lat="39.556700000000006" lon="21.806540000000002">
    <ele>104.12</ele>
   </trkpt>
   <trkpt lat="39.556765001952634" lon="21.807214999371247">
    <ele>103.94</ele>
   </trkpt>
   <trkpt lat="39.556830000000005" lon="21.80789">
    <ele>103.91</ele>
   </trkpt>
   <trkpt lat="39.55691500267997" lon="21.808679999086028">
    <ele>103.65</ele>
   </trkpt>
   <trkpt lat="39.557" lon="21.80947">
    <ele>103.62</ele>
   </trkpt>
   <trkpt lat="39.55710128984" lon="21.81062248823303">
    <ele>103.55</ele>
   </trkpt>
   <trkpt lat="39.55720256829755" lon="21.811774979831725">
    <ele>103.52000000000001</ele>
   </trkpt>
   <trkpt lat="39.557303835372565" lon="21.812927474795742">
    <ele>103.4</ele>
   </trkpt>
   <trkpt lat="39.55740509106499" lon="21.81407997312472">
    <ele>103.38000000000001</ele>
   </trkpt>
   <trkpt lat="39.55750633537476" lon="21.815232474818302">
    <ele>103.21000000000001</ele>
   </trkpt>
   <trkpt lat="39.55760756830179" lon="21.816384979876137">
    <ele>103.02000000000001</ele>
   </trkpt>
   <trkpt lat="39.55770878984599" lon="21.817537488297866">
    <ele>102.92000000000002</ele>
   </trkpt>
   <trkpt lat="39.55781" lon="21.81869">
    <ele>102.78</ele>
   </trkpt>
   <trkpt lat="39.55789501304836" lon="21.819697496299966">
    <ele>102.67000000000002</ele>
   </trkpt>
   <trkpt lat="39.557980017398066" lon="21.820704995069455">
    <ele>102.62</ele>
   </trkpt>
   <trkpt lat="39.55806501304909" lon="21.821712496308233">
    <ele>102.57000000000001</ele>
   </trkpt>
   <trkpt lat="39.558150000000005" lon="21.82272">
    <ele>102.56000000000002</ele>
   </trkpt>
   <trkpt lat="39.55825001100693" lon="21.82385333006144">
    <ele>102.63000000000001</ele>
   </trkpt>
   <trkpt lat="39.55835001100661" lon="21.824986663390955">
    <ele>102.57000000000001</ele>
   </trkpt>
   <trkpt lat="39.55845" lon="21.826120000000003">
    <ele>102.34000000000002</ele>
   </trkpt>
   <trkpt lat="39.558540011479174" lon="21.827064996318754">
    <ele>101.99000000000001</ele>
   </trkpt>
   <trkpt lat="39.55863001530543" lon="21.8280099950901">
    <ele>101.71000000000001</ele>
   </trkpt>
   <trkpt lat="39.55872001147873" lon="21.828954996313847">
    <ele>101.26</ele>
   </trkpt>
   <trkpt lat="39.55881" lon="21.829900000000002">
    <ele>101.12</ele>
   </trkpt>
   <trkpt lat="39.55889001612536" lon="21.83086999551112">
    <ele>101.0</ele>
   </trkpt>
   <trkpt lat="39.55897002418752" lon="21.831839993260164">
    <ele>100.95</ele>
   </trkpt>
   <trkpt lat="39.55905002418646" lon="21.832809993246933">
    <ele>101.01</ele>
   </trkpt>
   <trkpt lat="39.55913001612211" lon="21.833779995471204">
    <ele>101.18</ele>
   </trkpt>
   <trkpt lat="39.55921" lon="21.834750000000003">
    <ele>101.27000000000001</ele>
   </trkpt>
   <trkpt lat="39.559301454797215" lon="21.835759992010082">
    <ele>101.11</ele>
   </trkpt>
   <trkpt lat="39.55939290085258" lon="21.836769986683535">
    <ele>101.06</ele>
   </trkpt>
   <trkpt lat="39.559484338166" lon="21.83777998402012">
    <ele>100.88000000000001</ele>
   </trkpt>
   <trkpt lat="39.55957576673745" lon="21.83878998401959">
    <ele>100.86</ele>
   </trkpt>
   <trkpt lat="39.559667186566855" lon="21.839799986681726">
    <ele>100.98000000000002</ele>
   </trkpt>
   <trkpt lat="39.55975859765418" lon="21.840809992006267">
    <ele>101.12</ele>
   </trkpt>
   <trkpt lat="39.559850000000004" lon="21.841820000000002">
    <ele>101.33</ele>
   </trkpt>
   <trkpt lat="39.55993" lon="21.84279">
    <ele>101.44</ele>
   </trkpt>
   <trkpt lat="39.55997" lon="21.84305">
    <ele>101.4</ele>
   </trkpt>
   <trkpt lat="39.56002" lon="21.843230000000002">
    <ele>101.4</ele>
   </trkpt>
   <trkpt lat="39.56018" lon="21.84361">
    <ele>101.14</ele>
   </trkpt>
   <trkpt lat="39.56056000175243" lon="21.844269996185737">
    <ele>101.05000000000001</ele>
   </trkpt>
   <trkpt lat="39.56094" lon="21.84493">
    <ele>100.5</ele>
   </trkpt>
   <trkpt lat="39.56112" lon="21.845350000000003">
    <ele>100.24000000000001</ele>
   </trkpt>
   <trkpt lat="39.56119" lon="21.8456">
    <ele>100.2</ele>
   </trkpt>
   <trkpt lat="39.56127" lon="21.84606">
    <ele>100.03</ele>
   </trkpt>
   <trkpt lat="39.5613" lon="21.846500000000002">
    <ele>99.7</ele>
   </trkpt>
   <trkpt lat="39.56135001075119" lon="21.847619998411126">
    <ele>99.58</ele>
   </trkpt>
   <trkpt lat="39.56140001075237" lon="21.84873999843733">
    <ele>99.4</ele>
   </trkpt>
   <trkpt lat="39.56145" lon="21.849860000000003">
    <ele>99.36</ele>
   </trkpt>
   <trkpt lat="39.561515004675925" lon="21.850904998966875">
    <ele>99.24000000000001</ele>
   </trkpt>
   <trkpt lat="39.561580000000006" lon="21.851950000000002">
    <ele>99.28</ele>
   </trkpt>
   <trkpt lat="39.56162000532809" lon="21.8530649993831">
    <ele>99.26000000000002</ele>
   </trkpt>
   <trkpt lat="39.56166" lon="21.854180000000003">
    <ele>98.94000000000001</ele>
   </trkpt>
   <trkpt lat="39.561700005580306" lon="21.854986665812564">
    <ele>98.91000000000001</ele>
   </trkpt>
   <trkpt lat="39.5617400055841" lon="21.855793332555695">
    <ele>99.0</ele>
   </trkpt>
   <trkpt lat="39.561780000000006" lon="21.8566">
    <ele>98.94000000000001</ele>
   </trkpt>
   <trkpt lat="39.56179" lon="21.857120000000002">
    <ele>98.94000000000001</ele>
   </trkpt>
   <trkpt lat="39.56177" lon="21.85735">
    <ele>98.80000000000001</ele>
   </trkpt>
   <trkpt lat="39.56177" lon="21.857670000000002">
    <ele>98.77000000000001</ele>
   </trkpt>
   <trkpt lat="39.561800000000005" lon="21.85788">
    <ele>98.77000000000001</ele>
   </trkpt>
   <trkpt lat="39.56186" lon="21.858880000000003">
    <ele>98.5</ele>
   </trkpt>
   <trkpt lat="39.56183" lon="21.859460000000002">
    <ele>98.61</ele>
   </trkpt>
   <trkpt lat="39.56177" lon="21.86016">
    <ele>98.54</ele>
   </trkpt>
   <trkpt lat="39.56177" lon="21.86081">
    <ele>98.38000000000001</ele>
   </trkpt>
   <trkpt lat="39.56181401527461" lon="21.861753997620372">
    <ele>98.47</ele>
   </trkpt>
   <trkpt lat="39.56185802291232" lon="21.862697996438875">
    <ele>98.69000000000001</ele>
   </trkpt>
   <trkpt lat="39.561902022913095" lon="21.8636419964553">
    <ele>98.84</ele>
   </trkpt>
   <trkpt lat="39.56194601527692" lon="21.86458599766944">
    <ele>98.59</ele>
   </trkpt>
   <trkpt lat="39.56199" lon="21.865530000000003">
    <ele>98.51</ele>
   </trkpt>
   <trkpt lat="39.56201" lon="21.866660000000003">
    <ele>98.65</ele>
   </trkpt>
   <trkpt lat="39.56208500508582" lon="21.86774999874672">
    <ele>98.21000000000001</ele>
   </trkpt>
   <trkpt lat="39.562160000000006" lon="21.868840000000002">
    <ele>97.96000000000001</ele>
   </trkpt>
   <trkpt lat="39.562205740810015" lon="21.869855710273242">
    <ele>97.30000000000001</ele>
   </trkpt>
   <trkpt lat="39.562251472778705" lon="21.87087142188618">
    <ele>96.95</ele>
   </trkpt>
   <trkpt lat="39.56229719590607" lon="21.87188713483854">
    <ele>96.9</ele>
   </trkpt>
   <trkpt lat="39.562342910192065" lon="21.872902849130092">
    <ele>96.83000000000001</ele>
   </trkpt>
   <trkpt lat="39.56238861563669" lon="21.87391856476056">
    <ele>96.4</ele>
   </trkpt>
   <trkpt lat="39.5624343122399" lon="21.874934281729704">
    <ele>96.34</ele>
   </trkpt>
   <trkpt lat="39.56248" lon="21.875950000000003">
    <ele>96.34</ele>
   </trkpt>
   <trkpt lat="39.56254501722468" lon="21.877107496774236">
    <ele>96.25</ele>
   </trkpt>
   <trkpt lat="39.56261002296736" lon="21.878264995718602">
    <ele>96.08000000000001</ele>
   </trkpt>
   <trkpt lat="39.562675017227996" lon="21.879422496832746">
    <ele>95.69000000000001</ele>
   </trkpt>
   <trkpt lat="39.562740000000005" lon="21.880580000000002">
    <ele>95.48</ele>
   </trkpt>
   <trkpt lat="39.56273500178247" lon="21.881225000070263">
    <ele>95.48</ele>
   </trkpt>
   <trkpt lat="39.56273" lon="21.881870000000003">
    <ele>95.39</ele>
   </trkpt>
   <trkpt lat="39.562670000000004" lon="21.882510000000003">
    <ele>95.23</ele>
   </trkpt>
   <trkpt lat="39.56259" lon="21.88314">
    <ele>95.25</ele>
   </trkpt>
   <trkpt lat="39.5624300095682" lon="21.884196671545602">
    <ele>95.25</ele>
   </trkpt>
   <trkpt lat="39.562270009567676" lon="21.885253338215684">
    <ele>95.2</ele>
   </trkpt>
   <trkpt lat="39.562110000000004" lon="21.88631">
    <ele>95.52000000000001</ele>
   </trkpt>
   <trkpt lat="39.562000000000005" lon="21.88691">
    <ele>95.92</ele>
   </trkpt>
   <trkpt lat="39.561960000000006" lon="21.887">
    <ele>95.84</ele>
   </trkpt>
   <trkpt lat="39.56192" lon="21.887030000000003">
    <ele>95.84</ele>
   </trkpt>
   <trkpt lat="39.561220000000006" lon="21.88688">
    <ele>94.83000000000001</ele>
   </trkpt>
   <trkpt lat="39.560500000000005" lon="21.88669">
    <ele>94.59</ele>
   </trkpt>
   <trkpt lat="39.56029" lon="21.88662">
    <ele>94.81</ele>
   </trkpt>
   <trkpt lat="39.560010000000005" lon="21.8865">
    <ele>94.89</ele>
   </trkpt>
   <trkpt lat="39.55997" lon="21.8865">
    <ele>94.89</ele>
   </trkpt>
   <trkpt lat="39.559940000000005" lon="21.88652">
    <ele>94.59</ele>
   </trkpt>
   <trkpt lat="39.55989" lon="21.886650000000003">
    <ele>94.38000000000001</ele>
   </trkpt>
   <trkpt lat="39.559870000000004" lon="21.8868">
    <ele>94.2</ele>
   </trkpt>
   <trkpt lat="39.55990000193254" lon="21.887469999912515">
    <ele>94.28</ele>
   </trkpt>
   <trkpt lat="39.55993" lon="21.888140000000003">
    <ele>95.12</ele>
   </trkpt>
   <trkpt lat="39.55998" lon="21.888180000000002">
    <ele>95.12</ele>
   </trkpt>
   <trkpt lat="39.560210000000005" lon="21.88819">
    <ele>95.15</ele>
   </trkpt>
   <trkpt lat="39.56027" lon="21.888270000000002">
    <ele>95.15</ele>
   </trkpt>
   <trkpt lat="39.560290001488525" lon="21.888859999739974">
    <ele>95.01</ele>
   </trkpt>
   <trkpt lat="39.56031" lon="21.88945">
    <ele>95.26</ele>
   </trkpt>
   <trkpt lat="39.560230000000004" lon="21.889470000000003">
    <ele>95.26</ele>
   </trkpt>
   <trkpt lat="39.560030000000005" lon="21.890600000000003">
    <ele>95.15</ele>
   </trkpt>
   <trkpt lat="39.560050000000004" lon="21.89072">
    <ele>94.83000000000001</ele>
   </trkpt>
   <trkpt lat="39.56011" lon="21.890790000000003">
    <ele>94.65</ele>
   </trkpt>
   <trkpt lat="39.56027" lon="21.890790000000003">
    <ele>94.49000000000001</ele>
   </trkpt>
   <trkpt lat="39.561150000044684" lon="21.890715000949882">
    <ele>94.9</ele>
   </trkpt>
   <trkpt lat="39.56203" lon="21.89064">
    <ele>95.5</ele>
   </trkpt>
   <trkpt lat="39.5621" lon="21.89066">
    <ele>95.5</ele>
   </trkpt>
   <trkpt lat="39.56215" lon="21.890700000000002">
    <ele>95.5</ele>
   </trkpt>
   <trkpt lat="39.56245334080795" lon="21.89163332519724">
    <ele>95.42</ele>
   </trkpt>
   <trkpt lat="39.5627566741506" lon="21.8925666585591">
    <ele>95.48</ele>
   </trkpt>
   <trkpt lat="39.56306" lon="21.893500000000003">
    <ele>95.30000000000001</ele>
   </trkpt>
   <trkpt lat="39.56324" lon="21.894240000000003">
    <ele>95.19000000000001</ele>
   </trkpt>
   <trkpt lat="39.56335" lon="21.8948">
    <ele>95.24000000000001</ele>
   </trkpt>
   <trkpt lat="39.563430000000004" lon="21.895400000000002">
    <ele>95.39</ele>
   </trkpt>
   <trkpt lat="39.56348502460518" lon="21.896471662403176">
    <ele>95.84</ele>
   </trkpt>
   <trkpt lat="39.56354003936807" lon="21.897543326506817">
    <ele>95.41000000000001</ele>
   </trkpt>
   <trkpt lat="39.56359504428861" lon="21.898614992310634">
    <ele>95.16000000000001</ele>
   </trkpt>
   <trkpt lat="39.56365003936679" lon="21.899686659814318">
    <ele>94.73</ele>
   </trkpt>
   <trkpt lat="39.56370502460257" lon="21.90075832901758">
    <ele>94.7</ele>
   </trkpt>
   <trkpt lat="39.56376" lon="21.90183">
    <ele>94.72000000000001</ele>
   </trkpt>
   <trkpt lat="39.5637850021533" lon="21.902539999551884">
    <ele>94.79</ele>
   </trkpt>
   <trkpt lat="39.563810000000004" lon="21.903250000000003">
    <ele>94.99000000000001</ele>
   </trkpt>
   <trkpt lat="39.563880000000005" lon="21.904110000000003">
    <ele>94.45</ele>
   </trkpt>
   <trkpt lat="39.563963338873776" lon="21.904913331497383">
    <ele>94.55000000000001</ele>
   </trkpt>
   <trkpt lat="39.564046672216946" lon="21.905716664925524">
    <ele>94.57</ele>
   </trkpt>
   <trkpt lat="39.564130000000006" lon="21.90652">
    <ele>94.71</ele>
   </trkpt>
   <trkpt lat="39.56418" lon="21.90752">
    <ele>94.86000000000001</ele>
   </trkpt>
   <trkpt lat="39.56414" lon="21.9083">
    <ele>95.0</ele>
   </trkpt>
   <trkpt lat="39.56409" lon="21.90884">
    <ele>94.93</ele>
   </trkpt>
   <trkpt lat="39.563976674397225" lon="21.90979000313772">
    <ele>94.78</ele>
   </trkpt>
   <trkpt lat="39.56386334105998" lon="21.910740003170392">
    <ele>94.84</ele>
   </trkpt>
   <trkpt lat="39.563750000000006" lon="21.91169">
    <ele>94.80000000000001</ele>
   </trkpt>
   <trkpt lat="39.563645013051044" lon="21.912697504552472">
    <ele>94.72000000000001</ele>
   </trkpt>
   <trkpt lat="39.563540017402985" lon="21.913705006054283">
    <ele>94.62</ele>
   </trkpt>
   <trkpt lat="39.56343501305593" lon="21.9147125045052">
    <ele>94.54</ele>
   </trkpt>
   <trkpt lat="39.56333" lon="21.91572">
    <ele>94.22000000000001</ele>
   </trkpt>
   <trkpt lat="39.56323000577445" lon="21.91654000226644">
    <ele>94.1</ele>
   </trkpt>
   <trkpt lat="39.563130005786434" lon="21.917360002168095">
    <ele>94.05000000000001</ele>
   </trkpt>
   <trkpt lat="39.563030000000005" lon="21.918180000000003">
    <ele>93.97000000000001</ele>
   </trkpt>
   <trkpt lat="39.56291500547224" lon="21.91931000186635">
    <ele>93.91000000000001</ele>
   </trkpt>
   <trkpt lat="39.5628" lon="21.920440000000003">
    <ele>93.91000000000001</ele>
   </trkpt>
   <trkpt lat="39.562695003357035" lon="21.92132500133193">
    <ele>93.82000000000001</ele>
   </trkpt>
   <trkpt lat="39.56259" lon="21.922210000000003">
    <ele>93.77000000000001</ele>
   </trkpt>
   <trkpt lat="39.562520002316965" lon="21.922945000719555">
    <ele>93.94000000000001</ele>
   </trkpt>
   <trkpt lat="39.562450000000005" lon="21.92368">
    <ele>93.95</ele>
   </trkpt>
   <trkpt lat="39.56246" lon="21.92417">
    <ele>93.95</ele>
   </trkpt>
   <trkpt lat="39.562490000000004" lon="21.924380000000003">
    <ele>93.9</ele>
   </trkpt>
   <trkpt lat="39.56270000000001" lon="21.92508">
    <ele>93.87</ele>
   </trkpt>
   <trkpt lat="39.5629200017519" lon="21.925724997863636">
    <ele>93.94000000000001</ele>
   </trkpt>
   <trkpt lat="39.563140000000004" lon="21.926370000000002">
    <ele>93.95</ele>
   </trkpt>
   <trkpt lat="39.56335000141064" lon="21.926949998158513">
    <ele>93.98</ele>
   </trkpt>
   <trkpt lat="39.56356" lon="21.92753">
    <ele>92.56</ele>
   </trkpt>
   <trkpt lat="39.5634" lon="21.927590000000002">
    <ele>92.44000000000001</ele>
   </trkpt>
   <trkpt lat="39.563400001620685" lon="21.92820499980256">
    <ele>92.33000000000001</ele>
   </trkpt>
   <trkpt lat="39.5634" lon="21.92882">
    <ele>92.65</ele>
   </trkpt>
   <trkpt lat="39.5634" lon="21.92884">
    <ele>92.66000000000001</ele>
   </trkpt>
   <trkpt lat="39.56339667641716" lon="21.929906666844115">
    <ele>93.50000000000001</ele>
   </trkpt>
   <trkpt lat="39.56339334308359" lon="21.930973333585825">
    <ele>92.85</ele>
   </trkpt>
   <trkpt lat="39.563390000000005" lon="21.93204">
    <ele>92.66000000000001</ele>
   </trkpt>
   <trkpt lat="39.563410000000005" lon="21.93306">
    <ele>91.98</ele>
   </trkpt>
   <trkpt lat="39.56338" lon="21.9337">
    <ele>92.51</ele>
   </trkpt>
   <trkpt lat="39.563410000000005" lon="21.934780000000003">
    <ele>92.45</ele>
   </trkpt>
   <trkpt lat="39.563460000000006" lon="21.935010000000002">
    <ele>92.45</ele>
   </trkpt>
   <trkpt lat="39.56351" lon="21.93515">
    <ele>92.6</ele>
   </trkpt>
   <trkpt lat="39.56358" lon="21.935280000000002">
    <ele>92.6</ele>
   </trkpt>
   <trkpt lat="39.56376" lon="21.935530000000004">
    <ele>92.56</ele>
   </trkpt>
   <trkpt lat="39.56398" lon="21.935750000000002">
    <ele>92.63</ele>
   </trkpt>
   <trkpt lat="39.56437500021387" lon="21.9360599980789">
    <ele>92.6</ele>
   </trkpt>
   <trkpt lat="39.56477" lon="21.93637">
    <ele>92.73</ele>
   </trkpt>
   <trkpt lat="39.564930000000004" lon="21.936570000000003">
    <ele>92.74</ele>
   </trkpt>
   <trkpt lat="39.564980000000006" lon="21.936690000000002">
    <ele>92.69000000000001</ele>
   </trkpt>
   <trkpt lat="39.56495001133265" lon="21.93784000104372">
    <ele>92.45</ele>
   </trkpt>
   <trkpt lat="39.564920011331374" lon="21.93899000109261">
    <ele>92.23</ele>
   </trkpt>
   <trkpt lat="39.564890000000005" lon="21.940140000000003">
    <ele>92.39000000000001</ele>
   </trkpt>
   <trkpt lat="39.56481" lon="21.94113">
    <ele>92.62</ele>
   </trkpt>
   <trkpt lat="39.564757513838266" lon="21.942167502337288">
    <ele>92.31</ele>
   </trkpt>
   <trkpt lat="39.56470501845164" lon="21.943205003103905">
    <ele>92.62</ele>
   </trkpt>
   <trkpt lat="39.56465251384015" lon="21.94424250229959">
    <ele>92.42</ele>
   </trkpt>
   <trkpt lat="39.564600000000006" lon="21.94528">
    <ele>92.9</ele>
   </trkpt>
   <trkpt lat="39.56456502156746" lon="21.946283335886626">
    <ele>92.82000000000001</ele>
   </trkpt>
   <trkpt lat="39.5645300345076" lon="21.947286670760953">
    <ele>92.1</ele>
   </trkpt>
   <trkpt lat="39.564495038820446" lon="21.94829000462274">
    <ele>91.94000000000001</ele>
   </trkpt>
   <trkpt lat="39.564460034506034" lon="21.949293337471726">
    <ele>92.06</ele>
   </trkpt>
   <trkpt lat="39.564425021564354" lon="21.950296669307676">
    <ele>92.09</ele>
   </trkpt>
   <trkpt lat="39.56439" lon="21.951300000000003">
    <ele>92.31</ele>
   </trkpt>
   <trkpt lat="39.564347534583014" lon="21.952373754594962">
    <ele>92.31</ele>
   </trkpt>
   <trkpt lat="39.56430505928523" lon="21.95344750787471">
    <ele>92.34</ele>
   </trkpt>
   <trkpt lat="39.56426257410668" lon="21.95452125983894">
    <ele>92.35</ele>
   </trkpt>
   <trkpt lat="39.56422007904738" lon="21.95559501048735">
    <ele>92.28</ele>
   </trkpt>
   <trkpt lat="39.56417757410737" lon="21.956668759819646">
    <ele>92.25000000000001</ele>
   </trkpt>
   <trkpt lat="39.564135059286656" lon="21.957742507835516">
    <ele>92.24</ele>
   </trkpt>
   <trkpt lat="39.56409253458529" lon="21.958816254534664">
    <ele>92.28</ele>
   </trkpt>
   <trkpt lat="39.56405" lon="21.95989">
    <ele>92.4</ele>
   </trkpt>
   <trkpt lat="39.56400201579701" lon="21.960850002642836">
    <ele>92.04</ele>
   </trkpt>
   <trkpt lat="39.56395402369586" lon="21.961810003957037">
    <ele>92.17</ele>
   </trkpt>
   <trkpt lat="39.56390602369658" lon="21.962770003942385">
    <ele>92.28</ele>
   </trkpt>
   <trkpt lat="39.563858015799184" lon="21.963730002598673">
    <ele>92.19000000000001</ele>
   </trkpt>
   <trkpt lat="39.563810000000004" lon="21.96469">
    <ele>92.61000000000001</ele>
   </trkpt>
   <trkpt lat="39.56380000343152" lon="21.965585000207724">
    <ele>92.94000000000001</ele>
   </trkpt>
   <trkpt lat="39.563790000000004" lon="21.96648">
    <ele>93.01</ele>
   </trkpt>
   <trkpt lat="39.56382" lon="21.96749">
    <ele>93.21</ele>
   </trkpt>
   <trkpt lat="39.56389" lon="21.968400000000003">
    <ele>93.48</ele>
   </trkpt>
   <trkpt lat="39.56399500220769" lon="21.969114999033778">
    <ele>94.63000000000001</ele>
   </trkpt>
   <trkpt lat="39.5641" lon="21.96983">
    <ele>94.86000000000001</ele>
   </trkpt>
   <trkpt lat="39.564255001900214" lon="21.97049499853625">
    <ele>94.38000000000001</ele>
   </trkpt>
   <trkpt lat="39.56441" lon="21.97116">
    <ele>93.83000000000001</ele>
   </trkpt>
   <trkpt lat="39.56443" lon="21.971210000000003">
    <ele>93.83000000000001</ele>
   </trkpt>
   <trkpt lat="39.564490000000006" lon="21.97124">
    <ele>93.83000000000001</ele>
   </trkpt>
   <trkpt lat="39.564870000000006" lon="21.971230000000002">
    <ele>94.13000000000001</ele>
   </trkpt>
   <trkpt lat="39.5649" lon="21.97153">
    <ele>93.76</ele>
   </trkpt>
   <trkpt lat="39.564980000000006" lon="21.97182">
    <ele>93.54</ele>
   </trkpt>
   <trkpt lat="39.5652150018537" lon="21.97247499782297">
    <ele>93.08000000000001</ele>
   </trkpt>
   <trkpt lat="39.565450000000006" lon="21.97313">
    <ele>93.17</ele>
   </trkpt>
   <trkpt lat="39.56544" lon="21.97312">
    <ele>93.16000000000001</ele>
   </trkpt>
   <trkpt lat="39.56575" lon="21.97397">
    <ele>93.37</ele>
   </trkpt>
   <trkpt lat="39.566080004876284" lon="21.975034994983467">
    <ele>93.57000000000001</ele>
   </trkpt>
   <trkpt lat="39.566410000000005" lon="21.976100000000002">
    <ele>94.27000000000001</ele>
   </trkpt>
   <trkpt lat="39.566770000000005" lon="21.97715">
    <ele>94.15</ele>
   </trkpt>
   <trkpt lat="39.566930000000006" lon="21.977590000000003">
    <ele>94.09</ele>
   </trkpt>
   <trkpt lat="39.56721" lon="21.978240000000003">
    <ele>94.13000000000001</ele>
   </trkpt>
   <trkpt lat="39.567480001273786" lon="21.978779997945786">
    <ele>94.26</ele>
   </trkpt>
   <trkpt lat="39.567750000000004" lon="21.97932">
    <ele>94.41000000000001</ele>
   </trkpt>
   <trkpt lat="39.56828" lon="21.980230000000002">
    <ele>94.66000000000001</ele>
   </trkpt>
   <trkpt lat="39.56871500208838" lon="21.98092499566933">
    <ele>94.66000000000001</ele>
   </trkpt>
   <trkpt lat="39.56915" lon="21.981620000000003">
    <ele>94.65</ele>
   </trkpt>
   <trkpt lat="39.569635004072936" lon="21.982594993178388">
    <ele>94.72000000000001</ele>
   </trkpt>
   <trkpt lat="39.57012" lon="21.98357">
    <ele>94.88000000000001</ele>
   </trkpt>
   <trkpt lat="39.5702" lon="21.98367">
    <ele>94.91000000000001</ele>
   </trkpt>
   <trkpt lat="39.57029" lon="21.98375">
    <ele>94.91000000000001</ele>
   </trkpt>
   <trkpt lat="39.570570000000004" lon="21.983870000000003">
    <ele>95.01</ele>
   </trkpt>
   <trkpt lat="39.570780000000006" lon="21.983900000000002">
    <ele>95.02000000000001</ele>
   </trkpt>
   <trkpt lat="39.570910000000005" lon="21.98395">
    <ele>95.02000000000001</ele>
   </trkpt>
   <trkpt lat="39.57112" lon="21.98411">
    <ele>95.0</ele>
   </trkpt>
   <trkpt lat="39.57126" lon="21.98431">
    <ele>95.13000000000001</ele>
   </trkpt>
   <trkpt lat="39.57137" lon="21.98457">
    <ele>94.91000000000001</ele>
   </trkpt>
   <trkpt lat="39.57152000000001" lon="21.985090000000003">
    <ele>94.88000000000001</ele>
   </trkpt>
   <trkpt lat="39.57159" lon="21.98522">
    <ele>94.95</ele>
   </trkpt>
   <trkpt lat="39.57168" lon="21.985310000000002">
    <ele>94.92</ele>
   </trkpt>
   <trkpt lat="39.57184" lon="21.985310000000002">
    <ele>94.84</ele>
   </trkpt>
   <trkpt lat="39.57245" lon="21.98504">
    <ele>94.93</ele>
   </trkpt>
   <trkpt lat="39.57273201514871" lon="21.985979984714938">
    <ele>94.32</ele>
   </trkpt>
   <trkpt lat="39.573014022724685" lon="21.98691997707745">
    <ele>93.94000000000001</ele>
   </trkpt>
   <trkpt lat="39.57329602272782" lon="21.987859977087478">
    <ele>93.78</ele>
   </trkpt>
   <trkpt lat="39.57357801515794" lon="21.98879998474495">
    <ele>93.95</ele>
   </trkpt>
   <trkpt lat="39.57386" lon="21.98974">
    <ele>94.71</ele>
   </trkpt>
   <trkpt lat="39.573335000530136" lon="21.990020002016912">
    <ele>94.2</ele>
   </trkpt>
   <trkpt lat="39.572810000000004" lon="21.9903">
    <ele>94.34</ele>
   </trkpt>
   <trkpt lat="39.572680000000005" lon="21.9904">
    <ele>94.34</ele>
   </trkpt>
   <trkpt lat="39.57258" lon="21.990530000000003">
    <ele>94.37</ele>
   </trkpt>
   <trkpt lat="39.572480000000006" lon="21.990730000000003">
    <ele>94.36000000000001</ele>
   </trkpt>
   <trkpt lat="39.57242" lon="21.991000000000003">
    <ele>94.27000000000001</ele>
   </trkpt>
   <trkpt lat="39.572430000000004" lon="21.99125">
    <ele>94.27000000000001</ele>
   </trkpt>
   <trkpt lat="39.57249" lon="21.9918">
    <ele>94.04</ele>
   </trkpt>
   <trkpt lat="39.57262501311468" lon="21.992809994103556">
    <ele>93.78</ele>
   </trkpt>
   <trkpt lat="39.57276001748665" lon="21.993819992140935">
    <ele>94.06</ele>
   </trkpt>
   <trkpt lat="39.57289501311585" lon="21.994829994111914">
    <ele>94.26</ele>
   </trkpt>
   <trkpt lat="39.57303" lon="21.99584">
    <ele>94.44000000000001</ele>
   </trkpt>
   <trkpt lat="39.573175003917655" lon="21.996794998064374">
    <ele>94.46</ele>
   </trkpt>
   <trkpt lat="39.57332" lon="21.997750000000003">
    <ele>94.08000000000001</ele>
   </trkpt>
   <trkpt lat="39.57345" lon="21.998430000000003">
    <ele>93.75000000000001</ele>
   </trkpt>
   <trkpt lat="39.57361000129883" lon="21.998984998645714">
    <ele>93.65</ele>
   </trkpt>
   <trkpt lat="39.57377" lon="21.999540000000003">
    <ele>93.33000000000001</ele>
   </trkpt>
   <trkpt lat="39.57400500177231" lon="22.000164998142907">
    <ele>93.69000000000001</ele>
   </trkpt>
   <trkpt lat="39.57424" lon="22.000790000000002">
    <ele>94.21</ele>
   </trkpt>
   <trkpt lat="39.57449333836913" lon="22.001556661057656">
    <ele>95.10000000000001</ele>
   </trkpt>
   <trkpt lat="39.57474667170069" lon="22.002323327718862">
    <ele>96.12</ele>
   </trkpt>
   <trkpt lat="39.575" lon="22.00309">
    <ele>96.41000000000001</ele>
   </trkpt>
   <trkpt lat="39.575305002665544" lon="22.00387499660993">
    <ele>96.48</ele>
   </trkpt>
   <trkpt lat="39.575610000000005" lon="22.00466">
    <ele>96.46000000000001</ele>
   </trkpt>
   <trkpt lat="39.57599751088545" lon="22.00557998458074">
    <ele>96.24000000000001</ele>
   </trkpt>
   <trkpt lat="39.57638501451684" lon="22.00649997944752">
    <ele>95.08000000000001</ele>
   </trkpt>
   <trkpt lat="39.57677251089394" lon="22.007419984600396">
    <ele>93.38000000000001</ele>
   </trkpt>
   <trkpt lat="39.577160000000006" lon="22.00834">
    <ele>93.61000000000001</ele>
   </trkpt>
   <trkpt lat="39.57735" lon="22.00887">
    <ele>93.67</ele>
   </trkpt>
   <trkpt lat="39.57757000231282" lon="22.009589998013453">
    <ele>93.25000000000001</ele>
   </trkpt>
   <trkpt lat="39.57779" lon="22.01031">
    <ele>93.33000000000001</ele>
   </trkpt>
   <trkpt lat="39.57806500428234" lon="22.011304996195868">
    <ele>93.15</ele>
   </trkpt>
   <trkpt lat="39.578340000000004" lon="22.012300000000003">
    <ele>93.32000000000001</ele>
   </trkpt>
   <trkpt lat="39.578565002201955" lon="22.013014997714343">
    <ele>93.33000000000001</ele>
   </trkpt>
   <trkpt lat="39.578790000000005" lon="22.013730000000002">
    <ele>93.30000000000001</ele>
   </trkpt>
   <trkpt lat="39.579030002134196" lon="22.014424997779418">
    <ele>93.33000000000001</ele>
   </trkpt>
   <trkpt lat="39.57927" lon="22.015120000000003">
    <ele>92.98</ele>
   </trkpt>
   <trkpt lat="39.57938" lon="22.015510000000003">
    <ele>92.96</ele>
   </trkpt>
   <trkpt lat="39.57949500524637" lon="22.016614998298472">
    <ele>93.07000000000001</ele>
   </trkpt>
   <trkpt lat="39.57961" lon="22.01772">
    <ele>93.21</ele>
   </trkpt>
   <trkpt lat="39.57968667320073" lon="22.018593331366358">
    <ele>93.29</ele>
   </trkpt>
   <trkpt lat="39.57976333986436" lon="22.01946666466489">
    <ele>93.27000000000001</ele>
   </trkpt>
   <trkpt lat="39.579840000000004" lon="22.02034">
    <ele>93.14000000000001</ele>
   </trkpt>
   <trkpt lat="39.5799300021758" lon="22.02104999920026">
    <ele>93.04</ele>
   </trkpt>
   <trkpt lat="39.580020000000005" lon="22.02176">
    <ele>92.98</ele>
   </trkpt>
   <trkpt lat="39.58026333954594" lon="22.022613327241118">
    <ele>92.85</ele>
   </trkpt>
   <trkpt lat="39.58050667285073" lon="22.02346666047428">
    <ele>92.58000000000001</ele>
   </trkpt>
   <trkpt lat="39.58075" lon="22.024320000000003">
    <ele>92.87</ele>
   </trkpt>
   <trkpt lat="39.5810200067909" lon="22.025209993071506">
    <ele>92.56</ele>
   </trkpt>
   <trkpt lat="39.58129000679279" lon="22.026099993077597">
    <ele>92.46000000000001</ele>
   </trkpt>
   <trkpt lat="39.58156" lon="22.02699">
    <ele>92.55000000000001</ele>
   </trkpt>
   <trkpt lat="39.58183573673147" lon="22.02792426341629">
    <ele>92.35</ele>
   </trkpt>
   <trkpt lat="39.582111465981654" lon="22.028858534266796">
    <ele>92.00000000000001</ele>
   </trkpt>
   <trkpt lat="39.582387187750435" lon="22.02979281255145">
    <ele>91.76</ele>
   </trkpt>
   <trkpt lat="39.5826629020377" lon="22.030727098270173">
    <ele>91.83000000000001</ele>
   </trkpt>
   <trkpt lat="39.58293860884327" lon="22.031661391422908">
    <ele>92.12</ele>
   </trkpt>
   <trkpt lat="39.583214308167044" lon="22.032595692009576">
    <ele>92.25000000000001</ele>
   </trkpt>
   <trkpt lat="39.583490000000005" lon="22.033530000000003">
    <ele>92.07000000000001</ele>
   </trkpt>
   <trkpt lat="39.583787914942945" lon="22.034548514512">
    <ele>92.03</ele>
   </trkpt>
   <trkpt lat="39.58408582099435" lon="22.035567037781092">
    <ele>92.30000000000001</ele>
   </trkpt>
   <trkpt lat="39.58438371815404" lon="22.036585569807198">
    <ele>91.71000000000001</ele>
   </trkpt>
   <trkpt lat="39.58468160642186" lon="22.03760411059021">
    <ele>91.49</ele>
   </trkpt>
   <trkpt lat="39.584979485797604" lon="22.038622660130056">
    <ele>91.53000000000002</ele>
   </trkpt>
   <trkpt lat="39.58527735628114" lon="22.039641218426617">
    <ele>91.56</ele>
   </trkpt>
   <trkpt lat="39.585575217872275" lon="22.040659785479814">
    <ele>91.50000000000001</ele>
   </trkpt>
   <trkpt lat="39.58587307057083" lon="22.041678361289552">
    <ele>91.33000000000001</ele>
   </trkpt>
   <trkpt lat="39.58617091437666" lon="22.042696945855738">
    <ele>91.46000000000001</ele>
   </trkpt>
   <trkpt lat="39.58646874928958" lon="22.043715539178276">
    <ele>91.55000000000001</ele>
   </trkpt>
   <trkpt lat="39.58676657530944" lon="22.044734141257074">
    <ele>91.38</ele>
   </trkpt>
   <trkpt lat="39.58706439243603" lon="22.04575275209204">
    <ele>91.18</ele>
   </trkpt>
   <trkpt lat="39.58736220066921" lon="22.046771371683075">
    <ele>91.19000000000001</ele>
   </trkpt>
   <trkpt lat="39.58766000000001" lon="22.047790000000003">
    <ele>91.31</ele>
   </trkpt>
   <trkpt lat="39.58775" lon="22.0482">
    <ele>91.18</ele>
   </trkpt>
   <trkpt lat="39.587810000000005" lon="22.04869">
    <ele>91.23</ele>
   </trkpt>
   <trkpt lat="39.587830000000004" lon="22.04944">
    <ele>91.18</ele>
   </trkpt>
   <trkpt lat="39.58782145615504" lon="22.050475715060507">
    <ele>91.34</ele>
   </trkpt>
   <trkpt lat="39.58781290311552" lon="22.05151142986546">
    <ele>91.11000000000001</ele>
   </trkpt>
   <trkpt lat="39.58780434088143" lon="22.05254714441457">
    <ele>90.7</ele>
   </trkpt>
   <trkpt lat="39.587795769452796" lon="22.053582858707575">
    <ele>90.03000000000002</ele>
   </trkpt>
   <trkpt lat="39.58778718882961" lon="22.054618572744193">
    <ele>89.91</ele>
   </trkpt>
   <trkpt lat="39.587778599011884" lon="22.05565428652415">
    <ele>89.77</ele>
   </trkpt>
   <trkpt lat="39.587770000000006" lon="22.056690000000003">
    <ele>89.78000000000002</ele>
   </trkpt>
   <trkpt lat="39.58776002119739" lon="22.05780200068384">
    <ele>89.49000000000001</ele>
   </trkpt>
   <trkpt lat="39.587750031795885" lon="22.058914001047214">
    <ele>89.48</ele>
   </trkpt>
   <trkpt lat="39.5877400317955" lon="22.06002600108978">
    <ele>89.10000000000001</ele>
   </trkpt>
   <trkpt lat="39.587730021196236" lon="22.061138000811205">
    <ele>89.02</ele>
   </trkpt>
   <trkpt lat="39.587720000000004" lon="22.062250000000002">
    <ele>89.01</ele>
   </trkpt>
   <trkpt lat="39.587718356733724" lon="22.063295000121236">
    <ele>88.47</ele>
   </trkpt>
   <trkpt lat="39.587716704107294" lon="22.06434000019276">
    <ele>87.98</ele>
   </trkpt>
   <trkpt lat="39.587715042120706" lon="22.06538500021429">
    <ele>88.04</ele>
   </trkpt>
   <trkpt lat="39.587713370773955" lon="22.066430000185555">
    <ele>87.91</ele>
   </trkpt>
   <trkpt lat="39.58771169006709" lon="22.067475000106263">
    <ele>88.02</ele>
   </trkpt>
   <trkpt lat="39.58771" lon="22.068520000000003">
    <ele>88.13000000000001</ele>
   </trkpt>
   <trkpt lat="39.5876943175599" lon="22.06963285866131">
    <ele>87.91</ele>
   </trkpt>
   <trkpt lat="39.58767862450456" lon="22.070745716818692">
    <ele>87.81000000000002</ele>
   </trkpt>
   <trkpt lat="39.587662920833985" lon="22.071858574471808">
    <ele>87.62</ele>
   </trkpt>
   <trkpt lat="39.587647206548176" lon="22.072971431620314">
    <ele>87.85000000000001</ele>
   </trkpt>
   <trkpt lat="39.58763148164715" lon="22.074084288263876">
    <ele>87.69</ele>
   </trkpt>
   <trkpt lat="39.58761574613093" lon="22.075197144402154">
    <ele>87.62</ele>
   </trkpt>
   <trkpt lat="39.5876" lon="22.076310000000003">
    <ele>87.46000000000001</ele>
   </trkpt>
   <trkpt lat="39.58760000172811" lon="22.07694499977718">
    <ele>87.67000000000002</ele>
   </trkpt>
   <trkpt lat="39.5876" lon="22.07758">
    <ele>87.77</ele>
   </trkpt>
   <trkpt lat="39.587590000000006" lon="22.07778">
    <ele>87.84</ele>
   </trkpt>
   <trkpt lat="39.58762" lon="22.078300000000002">
    <ele>87.96000000000001</ele>
   </trkpt>
   <trkpt lat="39.58769" lon="22.078390000000002">
    <ele>88.05</ele>
   </trkpt>
   <trkpt lat="39.587740000000004" lon="22.078400000000002">
    <ele>96.32000000000001</ele>
   </trkpt>
   <trkpt lat="39.587770000000006" lon="22.07853">
    <ele>96.32000000000001</ele>
   </trkpt>
   <trkpt lat="39.587770000000006" lon="22.078670000000002">
    <ele>95.99000000000001</ele>
   </trkpt>
   <trkpt lat="39.587720000000004" lon="22.07908">
    <ele>96.34</ele>
   </trkpt>
   <trkpt lat="39.58771" lon="22.079720000000002">
    <ele>95.38000000000001</ele>
   </trkpt>
   <trkpt lat="39.587790000000005" lon="22.08068">
    <ele>91.75000000000001</ele>
   </trkpt>
   <trkpt lat="39.587880000000006" lon="22.08134">
    <ele>90.65</ele>
   </trkpt>
   <trkpt lat="39.58796" lon="22.0816">
    <ele>90.58000000000001</ele>
   </trkpt>
   <trkpt lat="39.588330000000006" lon="22.082410000000003">
    <ele>89.04</ele>
   </trkpt>
   <trkpt lat="39.588680000000004" lon="22.08305">
    <ele>89.18</ele>
   </trkpt>
   <trkpt lat="39.58898000000001" lon="22.083550000000002">
    <ele>89.77</ele>
   </trkpt>
   <trkpt lat="39.58907000000001" lon="22.083640000000003">
    <ele>89.79</ele>
   </trkpt>
   <trkpt lat="39.58926" lon="22.083730000000003">
    <ele>89.60000000000001</ele>
   </trkpt>
   <trkpt lat="39.589983333599534" lon="22.083893329931318">
    <ele>90.48</ele>
   </trkpt>
   <trkpt lat="39.5907066669704" lon="22.084056663273074">
    <ele>94.82</ele>
   </trkpt>
   <trkpt lat="39.59143" lon="22.084220000000002">
    <ele>98.17</ele>
   </trkpt>
   <trkpt lat="39.591930000000005" lon="22.08436">
    <ele>101.31</ele>
   </trkpt>
   <trkpt lat="39.592130000000004" lon="22.08445">
    <ele>102.28</ele>
   </trkpt>
   <trkpt lat="39.59225" lon="22.084560000000003">
    <ele>102.09000000000002</ele>
   </trkpt>
   <trkpt lat="39.59274750700258" lon="22.085297484124954">
    <ele>99.99000000000001</ele>
   </trkpt>
   <trkpt lat="39.593245009343114" lon="22.086034978842363">
    <ele>98.0</ele>
   </trkpt>
   <trkpt lat="39.59374250702145" lon="22.08677248415247">
    <ele>96.67</ele>
   </trkpt>
   <trkpt lat="39.594240000000006" lon="22.08751">
    <ele>95.31</ele>
   </trkpt>
   <trkpt lat="39.5944" lon="22.087780000000002">
    <ele>95.61000000000001</ele>
   </trkpt>
   <trkpt lat="39.594570000000004" lon="22.08818">
    <ele>95.91000000000001</ele>
   </trkpt>
   <trkpt lat="39.59478333943254" lon="22.089023328150258">
    <ele>93.89</ele>
   </trkpt>
   <trkpt lat="39.594996672768765" lon="22.089866661494945">
    <ele>93.18</ele>
   </trkpt>
   <trkpt lat="39.59521" lon="22.09071">
    <ele>93.24</ele>
   </trkpt>
   <trkpt lat="39.595270000000006" lon="22.09102">
    <ele>92.64000000000001</ele>
   </trkpt>
   <trkpt lat="39.595270000000006" lon="22.091130000000003">
    <ele>92.64000000000001</ele>
   </trkpt>
   <trkpt lat="39.595220000000005" lon="22.091350000000002">
    <ele>92.2</ele>
   </trkpt>
   <trkpt lat="39.595150000000004" lon="22.091520000000003">
    <ele>91.98</ele>
   </trkpt>
   <trkpt lat="39.59483333718859" lon="22.092186672665882">
    <ele>91.6</ele>
   </trkpt>
   <trkpt lat="39.59451667056747" lon="22.092853339236587">
    <ele>91.27</ele>
   </trkpt>
   <trkpt lat="39.5942" lon="22.09352">
    <ele>91.39000000000001</ele>
   </trkpt>
   <trkpt lat="39.59409" lon="22.0939">
    <ele>92.1</ele>
   </trkpt>
   <trkpt lat="39.59407500238447" lon="22.094644999878142">
    <ele>93.18</ele>
   </trkpt>
   <trkpt lat="39.594060000000006" lon="22.095390000000002">
    <ele>93.54</ele>
   </trkpt>
   <trkpt lat="39.59407" lon="22.095840000000003">
    <ele>94.22000000000001</ele>
   </trkpt>
   <trkpt lat="39.59418" lon="22.096100000000003">
    <ele>94.49000000000001</ele>
   </trkpt>
   <trkpt lat="39.594495001248276" lon="22.096619997782977">
    <ele>94.23</ele>
   </trkpt>
   <trkpt lat="39.59481" lon="22.097140000000003">
    <ele>93.93</ele>
   </trkpt>
   <trkpt lat="39.59523000386096" lon="22.098089994224004">
    <ele>93.67</ele>
   </trkpt>
   <trkpt lat="39.595650000000006" lon="22.099040000000002">
    <ele>93.4</ele>
   </trkpt>
   <trkpt lat="39.59605000261827" lon="22.099824995422118">
    <ele>93.19000000000001</ele>
   </trkpt>
   <trkpt lat="39.596450000000004" lon="22.100610000000003">
    <ele>93.36000000000001</ele>
   </trkpt>
   <trkpt lat="39.596740000000004" lon="22.10122">
    <ele>93.51</ele>
   </trkpt>
   <trkpt lat="39.596970000000006" lon="22.10178">
    <ele>93.71</ele>
   </trkpt>
   <trkpt lat="39.59707" lon="22.10207">
    <ele>94.31</ele>
   </trkpt>
   <trkpt lat="39.597300000000004" lon="22.102870000000003">
    <ele>94.93</ele>
   </trkpt>
   <trkpt lat="39.59747" lon="22.10356">
    <ele>96.49000000000001</ele>
   </trkpt>
   <trkpt lat="39.597730000000006" lon="22.104260000000004">
    <ele>97.61</ele>
   </trkpt>
   <trkpt lat="39.59780000000001" lon="22.104480000000002">
    <ele>97.87</ele>
   </trkpt>
   <trkpt lat="39.59783" lon="22.104660000000003">
    <ele>97.99000000000001</ele>
   </trkpt>
   <trkpt lat="39.597820000000006" lon="22.104940000000003">
    <ele>98.44000000000001</ele>
   </trkpt>
   <trkpt lat="39.5976" lon="22.10602">
    <ele>97.57000000000001</ele>
   </trkpt>
   <trkpt lat="39.59750500230093" lon="22.106745000627175">
    <ele>97.29</ele>
   </trkpt>
   <trkpt lat="39.59741" lon="22.107470000000003">
    <ele>97.46000000000001</ele>
   </trkpt>
   <trkpt lat="39.5972125117868" lon="22.108427508197217">
    <ele>98.18</ele>
   </trkpt>
   <trkpt lat="39.597015015714724" lon="22.109385010934286">
    <ele>98.26</ele>
   </trkpt>
   <trkpt lat="39.59681751178387" lon="22.110342508211072">
    <ele>98.29</ele>
   </trkpt>
   <trkpt lat="39.59662" lon="22.111300000000004">
    <ele>98.04</ele>
   </trkpt>
   <trkpt lat="39.59658" lon="22.111710000000002">
    <ele>98.0</ele>
   </trkpt>
   <trkpt lat="39.59642" lon="22.112250000000003">
    <ele>98.12</ele>
   </trkpt>
   <trkpt lat="39.59623251136123" lon="22.11319000763301">
    <ele>96.76</ele>
   </trkpt>
   <trkpt lat="39.59604501514828" lon="22.114130010177263">
    <ele>96.43</ele>
   </trkpt>
   <trkpt lat="39.59585751136126" lon="22.115070007632614">
    <ele>96.47000000000001</ele>
   </trkpt>
   <trkpt lat="39.595670000000005" lon="22.116010000000003">
    <ele>96.89</ele>
   </trkpt>
   <trkpt lat="39.59568" lon="22.11617">
    <ele>96.94000000000001</ele>
   </trkpt>
   <trkpt lat="39.595800000000004" lon="22.116490000000002">
    <ele>96.76</ele>
   </trkpt>
   <trkpt lat="39.59528" lon="22.11645">
    <ele>96.53</ele>
   </trkpt>
   <trkpt lat="39.59506000533314" lon="22.117565003516855">
    <ele>96.0</ele>
   </trkpt>
   <trkpt lat="39.594840000000005" lon="22.11868">
    <ele>95.26</ele>
   </trkpt>
   <trkpt lat="39.594620007562554" lon="22.119620006019634">
    <ele>94.76</ele>
   </trkpt>
   <trkpt lat="39.594400007551044" lon="22.120560006068683">
    <ele>94.31</ele>
   </trkpt>
   <trkpt lat="39.59418" lon="22.1215">
    <ele>93.56</ele>
   </trkpt>
   <trkpt lat="39.594100000000005" lon="22.121760000000002">
    <ele>93.07000000000001</ele>
   </trkpt>
   <trkpt lat="39.59394" lon="22.122090000000004">
    <ele>92.84</ele>
   </trkpt>
   <trkpt lat="39.59373" lon="22.12237">
    <ele>93.31</ele>
   </trkpt>
   <trkpt lat="39.593590000000006" lon="22.122490000000003">
    <ele>92.92</ele>
   </trkpt>
   <trkpt lat="39.59306" lon="22.12281">
    <ele>92.16000000000001</ele>
   </trkpt>
   <trkpt lat="39.592960000000005" lon="22.12293">
    <ele>95.07</ele>
   </trkpt>
   <trkpt lat="39.592890000000004" lon="22.123070000000002">
    <ele>97.86</ele>
   </trkpt>
   <trkpt lat="39.592850000000006" lon="22.123230000000003">
    <ele>97.93</ele>
   </trkpt>
   <trkpt lat="39.59279" lon="22.12329">
    <ele>97.9</ele>
   </trkpt>
   <trkpt lat="39.592760000000006" lon="22.12338">
    <ele>97.9</ele>
   </trkpt>
   <trkpt lat="39.59263" lon="22.12349">
    <ele>97.63000000000001</ele>
   </trkpt>
   <trkpt lat="39.592580000000005" lon="22.12357">
    <ele>97.36</ele>
   </trkpt>
   <trkpt lat="39.592510000000004" lon="22.123610000000003">
    <ele>97.19000000000001</ele>
   </trkpt>
   <trkpt lat="39.59246" lon="22.123720000000002">
    <ele>96.81</ele>
   </trkpt>
   <trkpt lat="39.59244" lon="22.123820000000002">
    <ele>96.81</ele>
   </trkpt>
   <trkpt lat="39.592420000000004" lon="22.12421">
    <ele>94.71</ele>
   </trkpt>
   <trkpt lat="39.59237" lon="22.124450000000003">
    <ele>94.00000000000001</ele>
   </trkpt>
   <trkpt lat="39.5921" lon="22.12554">
    <ele>91.24</ele>
   </trkpt>
   <trkpt lat="39.59201" lon="22.125790000000002">
    <ele>91.31</ele>
   </trkpt>
   <trkpt lat="39.59181" lon="22.12612">
    <ele>91.52</ele>
   </trkpt>
   <trkpt lat="39.5917" lon="22.126230000000003">
    <ele>91.67</ele>
   </trkpt>
   <trkpt lat="39.59174" lon="22.126320000000003">
    <ele>91.67</ele>
   </trkpt>
   <trkpt lat="39.59176" lon="22.12646">
    <ele>91.67</ele>
   </trkpt>
   <trkpt lat="39.591750000000005" lon="22.12658">
    <ele>91.72000000000001</ele>
   </trkpt>
   <trkpt lat="39.591730000000005" lon="22.12667">
    <ele>91.72000000000001</ele>
   </trkpt>
   <trkpt lat="39.59125000262456" lon="22.127450005376385">
    <ele>91.51</ele>
   </trkpt>
   <trkpt lat="39.590770000000006" lon="22.128230000000002">
    <ele>89.92000000000002</ele>
   </trkpt>
   <trkpt lat="39.590320002839746" lon="22.129040005210925">
    <ele>89.26</ele>
   </trkpt>
   <trkpt lat="39.589870000000005" lon="22.12985">
    <ele>88.69</ele>
   </trkpt>
   <trkpt lat="39.58968" lon="22.13024">
    <ele>88.33</ele>
   </trkpt>
   <trkpt lat="39.589470000000006" lon="22.13079">
    <ele>87.87</ele>
   </trkpt>
   <trkpt lat="39.58926" lon="22.131480000000003">
    <ele>87.18</ele>
   </trkpt>
   <trkpt lat="39.589017512407246" lon="22.132462510331905">
    <ele>87.33</ele>
   </trkpt>
   <trkpt lat="39.58877501654032" lon="22.133445013786492">
    <ele>87.89000000000001</ele>
   </trkpt>
   <trkpt lat="39.58853251239932" lon="22.134427510363643">
    <ele>89.05</ele>
   </trkpt>
   <trkpt lat="39.58829" lon="22.13541">
    <ele>89.48</ele>
   </trkpt>
   <trkpt lat="39.588080000000005" lon="22.13614">
    <ele>89.62</ele>
   </trkpt>
   <trkpt lat="39.58798" lon="22.13659">
    <ele>90.06</ele>
   </trkpt>
   <trkpt lat="39.587890004092586" lon="22.137565001065962">
    <ele>90.82000000000001</ele>
   </trkpt>
   <trkpt lat="39.5878" lon="22.138540000000003">
    <ele>89.69</ele>
   </trkpt>
   <trkpt lat="39.587710005233205" lon="22.13964500143187">
    <ele>88.92000000000002</ele>
   </trkpt>
   <trkpt lat="39.58762" lon="22.14075">
    <ele>88.89000000000001</ele>
   </trkpt>
   <trkpt lat="39.587590002917295" lon="22.14157500034744">
    <ele>88.83</ele>
   </trkpt>
   <trkpt lat="39.58756" lon="22.142400000000002">
    <ele>88.47</ele>
   </trkpt>
   <trkpt lat="39.58747" lon="22.143420000000003">
    <ele>87.78000000000002</ele>
   </trkpt>
   <trkpt lat="39.587335004683204" lon="22.144465002011685">
    <ele>87.4</ele>
   </trkpt>
   <trkpt lat="39.5872" lon="22.14551">
    <ele>88.09</ele>
   </trkpt>
   <trkpt lat="39.58706500316084" lon="22.14637000173187">
    <ele>89.4</ele>
   </trkpt>
   <trkpt lat="39.58693" lon="22.14723">
    <ele>89.36000000000001</ele>
   </trkpt>
   <trkpt lat="39.586800000000004" lon="22.148290000000003">
    <ele>88.60000000000001</ele>
   </trkpt>
   <trkpt lat="39.58679" lon="22.148560000000003">
    <ele>88.63</ele>
   </trkpt>
   <trkpt lat="39.58681" lon="22.14883">
    <ele>88.69</ele>
   </trkpt>
   <trkpt lat="39.58704000487842" lon="22.149894996545935">
    <ele>90.34</ele>
   </trkpt>
   <trkpt lat="39.587270000000004" lon="22.15096">
    <ele>92.23</ele>
   </trkpt>
   <trkpt lat="39.58740000176564" lon="22.151599998849534">
    <ele>92.26</ele>
   </trkpt>
   <trkpt lat="39.58753" lon="22.152240000000003">
    <ele>91.93</ele>
   </trkpt>
   <trkpt lat="39.58766667787254" lon="22.15338332883385">
    <ele>91.04</ele>
   </trkpt>
   <trkpt lat="39.58780334454054" lon="22.15452666217812">
    <ele>90.34</ele>
   </trkpt>
   <trkpt lat="39.58794" lon="22.15567">
    <ele>90.01</ele>
   </trkpt>
   <trkpt lat="39.58803500330986" lon="22.15654999871026">
    <ele>90.79</ele>
   </trkpt>
   <trkpt lat="39.58813000000001" lon="22.15743">
    <ele>91.21000000000001</ele>
   </trkpt>
   <trkpt lat="39.58825500339609" lon="22.158319998404195">
    <ele>91.17</ele>
   </trkpt>
   <trkpt lat="39.58838" lon="22.15921">
    <ele>90.94000000000001</ele>
   </trkpt>
   <trkpt lat="39.58847500359347" lon="22.160124998797098">
    <ele>90.57000000000001</ele>
   </trkpt>
   <trkpt lat="39.588570000000004" lon="22.161040000000003">
    <ele>90.23</ele>
   </trkpt>
   <trkpt lat="39.58867000227291" lon="22.161774998628037">
    <ele>89.76</ele>
   </trkpt>
   <trkpt lat="39.588770000000004" lon="22.16251">
    <ele>90.01</ele>
   </trkpt>
   <trkpt lat="39.58883500149011" lon="22.163094999662018">
    <ele>90.21000000000001</ele>
   </trkpt>
   <trkpt lat="39.5889" lon="22.163680000000003">
    <ele>90.19</ele>
   </trkpt>
   <trkpt lat="39.588950000000004" lon="22.16467">
    <ele>90.59</ele>
   </trkpt>
   <trkpt lat="39.589040005056006" lon="22.16575499872018">
    <ele>90.95</ele>
   </trkpt>
   <trkpt lat="39.589130000000004" lon="22.16684">
    <ele>90.37</ele>
   </trkpt>
   <trkpt lat="39.58923001123994" lon="22.167774995950378">
    <ele>89.83</ele>
   </trkpt>
   <trkpt lat="39.58933001498655" lon="22.16870999459993">
    <ele>89.78000000000002</ele>
   </trkpt>
   <trkpt lat="39.58943001123977" lon="22.169644995948484">
    <ele>90.48</ele>
   </trkpt>
   <trkpt lat="39.58953" lon="22.17058">
    <ele>91.77</ele>
   </trkpt>
   <trkpt lat="39.58963000000001" lon="22.17124">
    <ele>93.33000000000001</ele>
   </trkpt>
   <trkpt lat="39.58972" lon="22.171640000000004">
    <ele>93.98</ele>
   </trkpt>
   <trkpt lat="39.58989000135792" lon="22.172214998389403">
    <ele>93.52000000000001</ele>
   </trkpt>
   <trkpt lat="39.59006" lon="22.172790000000003">
    <ele>93.11000000000001</ele>
   </trkpt>
   <trkpt lat="39.59028" lon="22.173370000000002">
    <ele>92.86000000000001</ele>
   </trkpt>
   <trkpt lat="39.59044" lon="22.17367">
    <ele>92.6</ele>
   </trkpt>
   <trkpt lat="39.59096" lon="22.174400000000002">
    <ele>91.29</ele>
   </trkpt>
   <trkpt lat="39.591480000000004" lon="22.17507">
    <ele>92.12</ele>
   </trkpt>
   <trkpt lat="39.592110000000005" lon="22.17584">
    <ele>89.48</ele>
   </trkpt>
   <trkpt lat="39.59246" lon="22.1763">
    <ele>91.00000000000001</ele>
   </trkpt>
   <trkpt lat="39.592800000000004" lon="22.17716">
    <ele>96.4</ele>
   </trkpt>
   <trkpt lat="39.59315601735121" lon="22.178165979325286">
    <ele>92.14000000000001</ele>
   </trkpt>
   <trkpt lat="39.59351202602783" lon="22.17917196899026">
    <ele>93.26</ele>
   </trkpt>
   <trkpt lat="39.593868026029654" lon="22.1801779689949">
    <ele>93.49</ele>
   </trkpt>
   <trkpt lat="39.59422401735651" lon="22.18118397933919">
    <ele>95.60000000000001</ele>
   </trkpt>
   <trkpt lat="39.59458" lon="22.182190000000002">
    <ele>96.06</ele>
   </trkpt>
   <trkpt lat="39.59490000709521" lon="22.1830999915837">
    <ele>94.2</ele>
   </trkpt>
   <trkpt lat="39.59522000709217" lon="22.184009991574975">
    <ele>93.12</ele>
   </trkpt>
   <trkpt lat="39.59554" lon="22.18492">
    <ele>92.61000000000001</ele>
   </trkpt>
   <trkpt lat="39.595800000000004" lon="22.185750000000002">
    <ele>92.43</ele>
   </trkpt>
   <trkpt lat="39.59593" lon="22.18618">
    <ele>92.21000000000001</ele>
   </trkpt>
   <trkpt lat="39.59607000221333" lon="22.186899998501104">
    <ele>91.58000000000001</ele>
   </trkpt>
   <trkpt lat="39.596210000000006" lon="22.187620000000003">
    <ele>90.86000000000001</ele>
   </trkpt>
   <trkpt lat="39.596270000000004" lon="22.188070000000003">
    <ele>91.01</ele>
   </trkpt>
   <trkpt lat="39.596360010060835" lon="22.18915333052769">
    <ele>90.01</ele>
   </trkpt>
   <trkpt lat="39.59645001006165" lon="22.190236663870703">
    <ele>90.36000000000001</ele>
   </trkpt>
   <trkpt lat="39.596540000000005" lon="22.19132">
    <ele>90.53000000000002</ele>
   </trkpt>
   <trkpt lat="39.59666" lon="22.192380000000004">
    <ele>90.24</ele>
   </trkpt>
   <trkpt lat="39.59683667372045" lon="22.19328666207921">
    <ele>90.41</ele>
   </trkpt>
   <trkpt lat="39.597013340394454" lon="22.194193328783463">
    <ele>91.19000000000001</ele>
   </trkpt>
   <trkpt lat="39.597190000000005" lon="22.1951">
    <ele>90.65</ele>
   </trkpt>
   <trkpt lat="39.59735000496074" lon="22.19585999653442">
    <ele>90.00000000000001</ele>
   </trkpt>
   <trkpt lat="39.597510004970346" lon="22.196619996580026">
    <ele>90.05</ele>
   </trkpt>
   <trkpt lat="39.59767" lon="22.197380000000003">
    <ele>90.32000000000001</ele>
   </trkpt>
   <trkpt lat="39.597710000000006" lon="22.197730000000004">
    <ele>90.2</ele>
   </trkpt>
   <trkpt lat="39.5977" lon="22.19818">
    <ele>90.03000000000002</ele>
   </trkpt>
   <trkpt lat="39.59762000605861" lon="22.199020001832732">
    <ele>90.16</ele>
   </trkpt>
   <trkpt lat="39.59754000606886" lon="22.199860001725146">
    <ele>90.27</ele>
   </trkpt>
   <trkpt lat="39.597460000000005" lon="22.2007">
    <ele>91.67</ele>
   </trkpt>
   <trkpt lat="39.59745" lon="22.20117">
    <ele>95.33000000000001</ele>
   </trkpt>
   <trkpt lat="39.59749" lon="22.201490000000003">
    <ele>94.48</ele>
   </trkpt>
   <trkpt lat="39.59779334101336" lon="22.202436658368928">
    <ele>93.30000000000001</ele>
   </trkpt>
   <trkpt lat="39.598096674344795" lon="22.20338332502953">
    <ele>93.91000000000001</ele>
   </trkpt>
   <trkpt lat="39.598400000000005" lon="22.204330000000002">
    <ele>94.37</ele>
   </trkpt>
   <trkpt lat="39.598530000000004" lon="22.20467">
    <ele>94.06</ele>
   </trkpt>
   <trkpt lat="39.598600000000005" lon="22.204800000000002">
    <ele>93.95</ele>
   </trkpt>
   <trkpt lat="39.5987" lon="22.20492">
    <ele>93.95</ele>
   </trkpt>
   <trkpt lat="39.59882" lon="22.20501">
    <ele>93.85</ele>
   </trkpt>
   <trkpt lat="39.599180000000004" lon="22.205160000000003">
    <ele>93.71</ele>
   </trkpt>
   <trkpt lat="39.59998" lon="22.20538">
    <ele>92.73</ele>
   </trkpt>
   <trkpt lat="39.60016" lon="22.205460000000002">
    <ele>92.52</ele>
   </trkpt>
   <trkpt lat="39.600350000000006" lon="22.2056">
    <ele>92.43</ele>
   </trkpt>
   <trkpt lat="39.600530000000006" lon="22.205800000000004">
    <ele>92.03</ele>
   </trkpt>
   <trkpt lat="39.60096750728338" lon="22.206552485743078">
    <ele>90.61000000000001</ele>
   </trkpt>
   <trkpt lat="39.60140500971284" lon="22.207304980993392">
    <ele>90.94000000000001</ele>
   </trkpt>
   <trkpt lat="39.60184250728826" lon="22.208057485751105">
    <ele>91.54</ele>
   </trkpt>
   <trkpt lat="39.60228" lon="22.208810000000003">
    <ele>91.36000000000001</ele>
   </trkpt>
   <trkpt lat="39.6024" lon="22.20898">
    <ele>91.29</ele>
   </trkpt>
   <trkpt lat="39.60266" lon="22.20926">
    <ele>91.02</ele>
   </trkpt>
   <trkpt lat="39.60319000068888" lon="22.209659996941014">
    <ele>91.21000000000001</ele>
   </trkpt>
   <trkpt lat="39.60372" lon="22.210060000000002">
    <ele>91.59</ele>
   </trkpt>
   <trkpt lat="39.60387" lon="22.210140000000003">
    <ele>91.59</ele>
   </trkpt>
   <trkpt lat="39.604000000000006" lon="22.21017">
    <ele>91.59</ele>
   </trkpt>
   <trkpt lat="39.604330000000004" lon="22.21017">
    <ele>91.56</ele>
   </trkpt>
   <trkpt lat="39.60482499990537" lon="22.21008000066687">
    <ele>90.99</ele>
   </trkpt>
   <trkpt lat="39.605320000000006" lon="22.20999">
    <ele>90.48</ele>
   </trkpt>
   <trkpt lat="39.605810000000005" lon="22.21001">
    <ele>90.35000000000001</ele>
   </trkpt>
   <trkpt lat="39.60624000000001" lon="22.21008">
    <ele>90.60000000000001</ele>
   </trkpt>
   <trkpt lat="39.60686999998841" lon="22.21009333309043">
    <ele>90.2</ele>
   </trkpt>
   <trkpt lat="39.6074999999753" lon="22.21010666642348">
    <ele>89.26</ele>
   </trkpt>
   <trkpt lat="39.60813" lon="22.210120000000003">
    <ele>87.75</ele>
   </trkpt>
   <trkpt lat="39.608360000000005" lon="22.210140000000003">
    <ele>87.11</ele>
   </trkpt>
   <trkpt lat="39.60886499991006" lon="22.210219999397903">
    <ele>84.72</ele>
   </trkpt>
   <trkpt lat="39.609370000000006" lon="22.2103">
    <ele>84.38000000000001</ele>
   </trkpt>
   <trkpt lat="39.609730000000006" lon="22.210320000000003">
    <ele>84.17</ele>
   </trkpt>
   <trkpt lat="39.61012" lon="22.21057">
    <ele>84.24000000000001</ele>
   </trkpt>
   <trkpt lat="39.61053000021636" lon="22.21085999818066">
    <ele>84.63000000000001</ele>
   </trkpt>
   <trkpt lat="39.61094000000001" lon="22.211150000000004">
    <ele>84.81</ele>
   </trkpt>
   <trkpt lat="39.61137" lon="22.2115">
    <ele>85.57000000000001</ele>
   </trkpt>
   <trkpt lat="39.612080002302655" lon="22.212013322835528">
    <ele>86.10000000000001</ele>
   </trkpt>
   <trkpt lat="39.612790002346344" lon="22.21252665620027">
    <ele>86.41</ele>
   </trkpt>
   <trkpt lat="39.6135" lon="22.213040000000003">
    <ele>86.72</ele>
   </trkpt>
   <trkpt lat="39.613730000000004" lon="22.213240000000003">
    <ele>86.60000000000001</ele>
   </trkpt>
   <trkpt lat="39.613910000000004" lon="22.213500000000003">
    <ele>85.86</ele>
   </trkpt>
   <trkpt lat="39.61401" lon="22.213720000000002">
    <ele>84.99000000000001</ele>
   </trkpt>
   <trkpt lat="39.61412" lon="22.21404">
    <ele>84.33</ele>
   </trkpt>
   <trkpt lat="39.61426" lon="22.214630000000003">
    <ele>83.5</ele>
   </trkpt>
   <trkpt lat="39.61450000497693" lon="22.215709996153024">
    <ele>82.72</ele>
   </trkpt>
   <trkpt lat="39.614740000000005" lon="22.216790000000003">
    <ele>82.75</ele>
   </trkpt>
   <trkpt lat="39.614790000000006" lon="22.21703">
    <ele>83.06</ele>
   </trkpt>
   <trkpt lat="39.614810000000006" lon="22.21731">
    <ele>82.98</ele>
   </trkpt>
   <trkpt lat="39.614760000000004" lon="22.21762">
    <ele>82.98</ele>
   </trkpt>
   <trkpt lat="39.614760000000004" lon="22.217640000000003">
    <ele>82.97</ele>
   </trkpt>
   <trkpt lat="39.61471" lon="22.217820000000003">
    <ele>82.88000000000001</ele>
   </trkpt>
   <trkpt lat="39.61448" lon="22.21816">
    <ele>82.91000000000001</ele>
   </trkpt>
   <trkpt lat="39.61413" lon="22.218470000000003">
    <ele>83.72</ele>
   </trkpt>
   <trkpt lat="39.613890000000005" lon="22.21871">
    <ele>83.97</ele>
   </trkpt>
   <trkpt lat="39.61381" lon="22.21893">
    <ele>83.93</ele>
   </trkpt>
   <trkpt lat="39.61356601521242" lon="22.2198720132891">
    <ele>84.45</ele>
   </trkpt>
   <trkpt lat="39.61332202281745" lon="22.22081401993786">
    <ele>84.51</ele>
   </trkpt>
   <trkpt lat="39.61307802281521" lon="22.221756019946174">
    <ele>84.36</ele>
   </trkpt>
   <trkpt lat="39.612834015205806" lon="22.222698013313956">
    <ele>84.43</ele>
   </trkpt>
   <trkpt lat="39.612590000000004" lon="22.223640000000003">
    <ele>85.38000000000001</ele>
   </trkpt>
   <trkpt lat="39.61251" lon="22.223860000000002">
    <ele>85.03</ele>
   </trkpt>
   <trkpt lat="39.61243" lon="22.22391">
    <ele>84.82000000000001</ele>
   </trkpt>
   <trkpt lat="39.61236" lon="22.22398">
    <ele>84.82000000000001</ele>
   </trkpt>
   <trkpt lat="39.61225" lon="22.224140000000002">
    <ele>84.61</ele>
   </trkpt>
   <trkpt lat="39.61184667127143" lon="22.224873341888113">
    <ele>85.57000000000001</ele>
   </trkpt>
   <trkpt lat="39.611443337932585" lon="22.225606675231376">
    <ele>87.29</ele>
   </trkpt>
   <trkpt lat="39.61104" lon="22.22634">
    <ele>88.66</ele>
   </trkpt>
   <trkpt lat="39.610670000000006" lon="22.22672">
    <ele>89.49000000000001</ele>
   </trkpt>
   <trkpt lat="39.610420000000005" lon="22.227030000000003">
    <ele>89.91</ele>
   </trkpt>
   <trkpt lat="39.610330000000005" lon="22.227200000000003">
    <ele>89.91</ele>
   </trkpt>
   <trkpt lat="39.610035002163336" lon="22.227900002833067">
    <ele>90.9</ele>
   </trkpt>
   <trkpt lat="39.60974" lon="22.2286">
    <ele>91.89000000000001</ele>
   </trkpt>
   <trkpt lat="39.609660000000005" lon="22.228720000000003">
    <ele>92.1</ele>
   </trkpt>
   <trkpt lat="39.60956" lon="22.22884">
    <ele>92.56</ele>
   </trkpt>
   <trkpt lat="39.60943" lon="22.228910000000003">
    <ele>92.46000000000001</ele>
   </trkpt>
   <trkpt lat="39.60873" lon="22.229170000000003">
    <ele>92.17</ele>
   </trkpt>
   <trkpt lat="39.608650000000004" lon="22.22923">
    <ele>92.17</ele>
   </trkpt>
   <trkpt lat="39.60848" lon="22.22944">
    <ele>91.83000000000001</ele>
   </trkpt>
   <trkpt lat="39.608340000000005" lon="22.229840000000003">
    <ele>91.36000000000001</ele>
   </trkpt>
   <trkpt lat="39.608200000000004" lon="22.230500000000003">
    <ele>90.49</ele>
   </trkpt>
   <trkpt lat="39.60811" lon="22.231270000000002">
    <ele>89.38</ele>
   </trkpt>
   <trkpt lat="39.60804000648537" lon="22.232140001798694">
    <ele>88.81000000000002</ele>
   </trkpt>
   <trkpt lat="39.60797000648218" lon="22.233010001838345">
    <ele>88.28000000000002</ele>
   </trkpt>
   <trkpt lat="39.6079" lon="22.233880000000003">
    <ele>88.09</ele>
   </trkpt>
   <trkpt lat="39.60779251410939" lon="22.234927504878847">
    <ele>87.93</ele>
   </trkpt>
   <trkpt lat="39.60768501881249" lon="22.235975006505313">
    <ele>88.18</ele>
   </trkpt>
   <trkpt lat="39.60757751410933" lon="22.237022504879132">
    <ele>88.21000000000001</ele>
   </trkpt>
   <trkpt lat="39.607470000000006" lon="22.23807">
    <ele>87.93</ele>
   </trkpt>
   <trkpt lat="39.606830000046486" lon="22.23798999926295">
    <ele>87.93</ele>
   </trkpt>
   <trkpt lat="39.606190000000005" lon="22.237910000000003">
    <ele>87.93</ele>
   </trkpt>
   <trkpt lat="39.605435000064624" lon="22.237789998692072">
    <ele>81.92</ele>
   </trkpt>
   <trkpt lat="39.60468" lon="22.23767">
    <ele>81.92</ele>
   </trkpt>
   <trkpt lat="39.60448" lon="22.238180000000003">
    <ele>81.84</ele>
   </trkpt>
   <trkpt lat="39.604110001850074" lon="22.23884500363469">
    <ele>82.25</ele>
   </trkpt>
   <trkpt lat="39.60374" lon="22.239510000000003">
    <ele>82.25</ele>
   </trkpt>
   <trkpt lat="39.6033600035732" lon="22.24015667378321">
    <ele>82.25</ele>
   </trkpt>
   <trkpt lat="39.60298000356165" lon="22.240803340469462">
    <ele>82.76</ele>
   </trkpt>
   <trkpt lat="39.6026" lon="22.24145">
    <ele>82.76</ele>
   </trkpt>
   <trkpt lat="39.602410000000006" lon="22.24127">
    <ele>82.78</ele>
   </trkpt>
   <trkpt lat="39.6024" lon="22.24126">
    <ele>82.78</ele>
   </trkpt>
   <trkpt lat="39.6026" lon="22.24145">
    <ele>82.76</ele>
   </trkpt>
   <trkpt lat="39.60209000336057" lon="22.242340006614295">
    <ele>82.95</ele>
   </trkpt>
   <trkpt lat="39.601580000000006" lon="22.24323">
    <ele>82.95</ele>
   </trkpt>
   <trkpt lat="39.60110430294351" lon="22.244048605168366">
    <ele>82.95</ele>
   </trkpt>
   <trkpt lat="39.6006286001428" lon="22.244867199091278">
    <ele>83.92</ele>
   </trkpt>
   <trkpt lat="39.60015289159802" lon="22.245685781768927">
    <ele>83.92</ele>
   </trkpt>
   <trkpt lat="39.59967717730937" lon="22.24650435320154">
    <ele>83.22</ele>
   </trkpt>
   <trkpt lat="39.59920145727701" lon="22.247322913389308">
    <ele>83.22</ele>
   </trkpt>
   <trkpt lat="39.59872573150111" lon="22.24814146233246">
    <ele>84.93</ele>
   </trkpt>
   <trkpt lat="39.59825" lon="22.24896">
    <ele>84.65</ele>
   </trkpt>
   <trkpt lat="39.59776000320394" lon="22.249820006024226">
    <ele>84.11</ele>
   </trkpt>
   <trkpt lat="39.59727" lon="22.250680000000003">
    <ele>84.11</ele>
   </trkpt>
   <trkpt lat="39.59672500357521" lon="22.251595007221333">
    <ele>85.69</ele>
   </trkpt>
   <trkpt lat="39.596180000000004" lon="22.25251">
    <ele>85.69</ele>
   </trkpt>
   <trkpt lat="39.596180000000004" lon="22.25262">
    <ele>85.69</ele>
   </trkpt>
   <trkpt lat="39.59630500236456" lon="22.253364998570678">
    <ele>83.44</ele>
   </trkpt>
   <trkpt lat="39.596430000000005" lon="22.25411">
    <ele>83.44</ele>
   </trkpt>
   <trkpt lat="39.59655" lon="22.254540000000002">
    <ele>83.44</ele>
   </trkpt>
   <trkpt lat="39.596878778085035" lon="22.25550746786192">
    <ele>83.86</ele>
   </trkpt>
   <trkpt lat="39.59720754814676" lon="22.256474944908096">
    <ele>83.86</ele>
   </trkpt>
   <trkpt lat="39.597536310185" lon="22.257442431138482">
    <ele>83.86</ele>
   </trkpt>
   <trkpt lat="39.59786506419958" lon="22.25840992655306">
    <ele>83.86</ele>
   </trkpt>
   <trkpt lat="39.59819381019033" lon="22.2593774311518">
    <ele>85.76</ele>
   </trkpt>
   <trkpt lat="39.59852254815708" lon="22.26034494493467">
    <ele>85.76</ele>
   </trkpt>
   <trkpt lat="39.598851278099666" lon="22.26131246790164">
    <ele>85.76</ele>
   </trkpt>
   <trkpt lat="39.599180000000004" lon="22.26228">
    <ele>85.76</ele>
   </trkpt>
   <trkpt lat="39.59952501431876" lon="22.263334984257042">
    <ele>85.76</ele>
   </trkpt>
   <trkpt lat="39.59987001909682" lon="22.26438997902469">
    <ele>86.56000000000002</ele>
   </trkpt>
   <trkpt lat="39.60021501433395" lon="22.265444984302874">
    <ele>86.56000000000002</ele>
   </trkpt>
   <trkpt lat="39.60056" lon="22.2665">
    <ele>91.12</ele>
   </trkpt>
   <trkpt lat="39.60047" lon="22.266550000000002">
    <ele>91.06</ele>
   </trkpt>
   <trkpt lat="39.60036" lon="22.266610000000004">
    <ele>91.01</ele>
   </trkpt>
   <trkpt lat="39.59987000071426" lon="22.266970002430305">
    <ele>91.11000000000001</ele>
   </trkpt>
   <trkpt lat="39.599380000000004" lon="22.26733">
    <ele>91.41</ele>
   </trkpt>
   <trkpt lat="39.59869500356972" lon="22.267855015556883">
    <ele>91.91</ele>
   </trkpt>
   <trkpt lat="39.598010004776675" lon="22.2683800207291">
    <ele>91.78000000000002</ele>
   </trkpt>
   <trkpt lat="39.597325003621" lon="22.26890501551708">
    <ele>91.77</ele>
   </trkpt>
   <trkpt lat="39.59664" lon="22.269430000000003">
    <ele>91.91</ele>
   </trkpt>
   <trkpt lat="39.59637" lon="22.26958">
    <ele>91.96000000000001</ele>
   </trkpt>
   <trkpt lat="39.59588500009713" lon="22.26972000097645">
    <ele>91.93</ele>
   </trkpt>
   <trkpt lat="39.595400000000005" lon="22.26986">
    <ele>92.05000000000001</ele>
   </trkpt>
   <trkpt lat="39.59487" lon="22.27008">
    <ele>91.99</ele>
   </trkpt>
   <trkpt lat="39.59469" lon="22.27017">
    <ele>91.91</ele>
   </trkpt>
   <trkpt lat="39.59441" lon="22.27036">
    <ele>91.93</ele>
   </trkpt>
   <trkpt lat="39.59414" lon="22.27061">
    <ele>91.95</ele>
   </trkpt>
   <trkpt lat="39.59364" lon="22.271150000000002">
    <ele>92.05000000000001</ele>
   </trkpt>
   <trkpt lat="39.59337" lon="22.271510000000003">
    <ele>92.18</ele>
   </trkpt>
   <trkpt lat="39.59281667312642" lon="22.272380013942154">
    <ele>93.08000000000001</ele>
   </trkpt>
   <trkpt lat="39.59226333976485" lon="22.273250013986328">
    <ele>94.97000000000001</ele>
   </trkpt>
   <trkpt lat="39.591710000000006" lon="22.274120000000003">
    <ele>94.9</ele>
   </trkpt>
   <trkpt lat="39.591260000000005" lon="22.274880000000003">
    <ele>95.53</ele>
   </trkpt>
   <trkpt lat="39.59078" lon="22.2758">
    <ele>95.95</ele>
   </trkpt>
   <trkpt lat="39.59047" lon="22.276310000000002">
    <ele>96.72000000000001</ele>
   </trkpt>
   <trkpt lat="39.5899950037344" lon="22.277250006548414">
    <ele>98.08000000000001</ele>
   </trkpt>
   <trkpt lat="39.58952" lon="22.278190000000002">
    <ele>99.78</ele>
   </trkpt>
   <trkpt lat="39.58907000000001" lon="22.27915">
    <ele>100.86</ele>
   </trkpt>
   <trkpt lat="39.58882500139613" lon="22.279720002006957">
    <ele>101.27000000000001</ele>
   </trkpt>
   <trkpt lat="39.58858" lon="22.28029">
    <ele>102.23</ele>
   </trkpt>
   <trkpt lat="39.58836" lon="22.28086">
    <ele>103.16</ele>
   </trkpt>
   <trkpt lat="39.588083340304905" lon="22.281763340621744">
    <ele>104.32000000000001</ele>
   </trkpt>
   <trkpt lat="39.58780667361539" lon="22.28266667402954">
    <ele>106.19</ele>
   </trkpt>
   <trkpt lat="39.58753" lon="22.28357">
    <ele>107.26</ele>
   </trkpt>
   <trkpt lat="39.58722" lon="22.28443">
    <ele>108.26</ele>
   </trkpt>
   <trkpt lat="39.58706" lon="22.284920000000003">
    <ele>108.7</ele>
   </trkpt>
   <trkpt lat="39.58687333947883" lon="22.28576667122305">
    <ele>109.39000000000001</ele>
   </trkpt>
   <trkpt lat="39.58668667281331" lon="22.286613337884408">
    <ele>110.99000000000001</ele>
   </trkpt>
   <trkpt lat="39.5865" lon="22.287460000000003">
    <ele>113.25</ele>
   </trkpt>
   <trkpt lat="39.58622334268117" lon="22.288503341598393">
    <ele>116.44000000000001</ele>
   </trkpt>
   <trkpt lat="39.58594667603206" lon="22.2895466748654">
    <ele>120.29</ele>
   </trkpt>
   <trkpt lat="39.58567" lon="22.29059">
    <ele>124.27</ele>
   </trkpt>
   <trkpt lat="39.58536" lon="22.291590000000003">
    <ele>130.35000000000002</ele>
   </trkpt>
   <trkpt lat="39.58513500183927" lon="22.292235001932788">
    <ele>132.52</ele>
   </trkpt>
   <trkpt lat="39.58491" lon="22.29288">
    <ele>134.63</ele>
   </trkpt>
   <trkpt lat="39.58465000189846" lon="22.293555002673237">
    <ele>137.12</ele>
   </trkpt>
   <trkpt lat="39.584390000000006" lon="22.294230000000002">
    <ele>138.42000000000002</ele>
   </trkpt>
   <trkpt lat="39.584300000000006" lon="22.294420000000002">
    <ele>138.71</ele>
   </trkpt>
   <trkpt lat="39.58413" lon="22.294690000000003">
    <ele>138.67000000000002</ele>
   </trkpt>
   <trkpt lat="39.58388" lon="22.29504">
    <ele>138.05</ele>
   </trkpt>
   <trkpt lat="39.58359" lon="22.29541">
    <ele>137.08</ele>
   </trkpt>
   <trkpt lat="39.58325500054449" lon="22.29581000210222">
    <ele>136.20000000000002</ele>
   </trkpt>
   <trkpt lat="39.58292" lon="22.296210000000002">
    <ele>135.69</ele>
   </trkpt>
   <trkpt lat="39.582392504523696" lon="22.296800013418423">
    <ele>134.01000000000002</ele>
   </trkpt>
   <trkpt lat="39.58186500606371" lon="22.297390017855065">
    <ele>133.08</ele>
   </trkpt>
   <trkpt lat="39.58133750462016" lon="22.297980013310177">
    <ele>131.91</ele>
   </trkpt>
   <trkpt lat="39.58081000000001" lon="22.29857">
    <ele>131.16</ele>
   </trkpt>
   <trkpt lat="39.58016000000001" lon="22.299270000000003">
    <ele>130.36</ele>
   </trkpt>
   <trkpt lat="39.579890000000006" lon="22.299590000000002">
    <ele>130.14000000000001</ele>
   </trkpt>
   <trkpt lat="39.57961" lon="22.300030000000003">
    <ele>130.06</ele>
   </trkpt>
   <trkpt lat="39.579130000000006" lon="22.300980000000003">
    <ele>130.75</ele>
   </trkpt>
   <trkpt lat="39.578970000000005" lon="22.30122">
    <ele>130.82000000000002</ele>
   </trkpt>
   <trkpt lat="39.578810000000004" lon="22.30139">
    <ele>130.68</ele>
   </trkpt>
   <trkpt lat="39.578610000000005" lon="22.301560000000002">
    <ele>130.45000000000002</ele>
   </trkpt>
   <trkpt lat="39.57806333426572" lon="22.301900005399443">
    <ele>128.99</ele>
   </trkpt>
   <trkpt lat="39.57751666754062" lon="22.302240005435706">
    <ele>126.92</ele>
   </trkpt>
   <trkpt lat="39.57697" lon="22.302580000000003">
    <ele>126.27000000000002</ele>
   </trkpt>
   <trkpt lat="39.576315000712796" lon="22.302970003648927">
    <ele>124.48</ele>
   </trkpt>
   <trkpt lat="39.575660000000006" lon="22.30336">
    <ele>124.67000000000002</ele>
   </trkpt>
   <trkpt lat="39.57587" lon="22.304270000000002">
    <ele>125.7</ele>
   </trkpt>
   <trkpt lat="39.5760133382734" lon="22.30502999680198">
    <ele>127.48</ele>
   </trkpt>
   <trkpt lat="39.57615667159638" lon="22.305789996747016">
    <ele>129.86</ele>
   </trkpt>
   <trkpt lat="39.5763" lon="22.30655">
    <ele>131.59</ele>
   </trkpt>
   <trkpt lat="39.57631000000001" lon="22.30658">
    <ele>131.64000000000001</ele>
   </trkpt>
   <trkpt lat="39.57631000000001" lon="22.30673">
    <ele>131.76000000000002</ele>
   </trkpt>
   <trkpt lat="39.576190000000004" lon="22.30686">
    <ele>131.32000000000002</ele>
   </trkpt>
   <trkpt lat="39.57541333390314" lon="22.307123339242494">
    <ele>126.69</ele>
   </trkpt>
   <trkpt lat="39.57463666721195" lon="22.307386672584045">
    <ele>122.94000000000001</ele>
   </trkpt>
   <trkpt lat="39.57386" lon="22.307650000000002">
    <ele>120.51</ele>
   </trkpt>
   <trkpt lat="39.573460000000004" lon="22.30787">
    <ele>120.01</ele>
   </trkpt>
   <trkpt lat="39.573220000000006" lon="22.30797">
    <ele>119.63000000000001</ele>
   </trkpt>
   <trkpt lat="39.572520000000004" lon="22.308190000000003">
    <ele>118.89</ele>
   </trkpt>
   <trkpt lat="39.57252000975134" lon="22.309256666702677">
    <ele>118.89</ele>
   </trkpt>
   <trkpt lat="39.57252000975132" lon="22.310323333405496">
    <ele>118.89</ele>
   </trkpt>
   <trkpt lat="39.572520000000004" lon="22.311390000000003">
    <ele>118.89</ele>
   </trkpt>
   <trkpt lat="39.5725400017825" lon="22.312034999805057">
    <ele>118.89</ele>
   </trkpt>
   <trkpt lat="39.57256" lon="22.31268">
    <ele>121.44</ele>
   </trkpt>
   <trkpt lat="39.57260000175126" lon="22.31331999956713">
    <ele>121.44</ele>
   </trkpt>
   <trkpt lat="39.57264" lon="22.31396">
    <ele>121.44</ele>
   </trkpt>
   <trkpt lat="39.572765011786856" lon="22.31491749482533">
    <ele>121.44</ele>
   </trkpt>
   <trkpt lat="39.57289001571627" lon="22.31587499310376">
    <ele>121.44</ele>
   </trkpt>
   <trkpt lat="39.57301501178818" lon="22.31683249483511">
    <ele>121.44</ele>
   </trkpt>
   <trkpt lat="39.57314" lon="22.317790000000002">
    <ele>121.11000000000001</ele>
   </trkpt>
   <trkpt lat="39.57314" lon="22.317800000000002">
    <ele>121.11000000000001</ele>
   </trkpt>
   <trkpt lat="39.573273356139005" lon="22.318831656752124">
    <ele>121.11000000000001</ele>
   </trkpt>
   <trkpt lat="39.57340670315621" lon="22.31986331747321">
    <ele>121.11000000000001</ele>
   </trkpt>
   <trkpt lat="39.573540041051544" lon="22.320894982163026">
    <ele>121.11000000000001</ele>
   </trkpt>
   <trkpt lat="39.57367336982491" lon="22.321926650821332">
    <ele>121.11000000000001</ele>
   </trkpt>
   <trkpt lat="39.57380668947626" lon="22.322958323447892">
    <ele>119.28000000000002</ele>
   </trkpt>
   <trkpt lat="39.57394" lon="22.323990000000002">
    <ele>119.28000000000002</ele>
   </trkpt>
   <trkpt lat="39.57397" lon="22.32438">
    <ele>119.28000000000002</ele>
   </trkpt>
   <trkpt lat="39.573980000000006" lon="22.324890000000003">
    <ele>119.28000000000002</ele>
   </trkpt>
   <trkpt lat="39.57396000000001" lon="22.325280000000003">
    <ele>119.28000000000002</ele>
   </trkpt>
   <trkpt lat="39.57388000767943" lon="22.32622666886751">
    <ele>119.28000000000002</ele>
   </trkpt>
   <trkpt lat="39.573800007678074" lon="22.327173335550178">
    <ele>119.28000000000002</ele>
   </trkpt>
   <trkpt lat="39.57372" lon="22.328120000000002">
    <ele>116.69000000000001</ele>
   </trkpt>
   <trkpt lat="39.57367" lon="22.32816">
    <ele>116.69000000000001</ele>
   </trkpt>
   <trkpt lat="39.57316500016382" lon="22.32825500066849">
    <ele>116.69000000000001</ele>
   </trkpt>
   <trkpt lat="39.572660000000006" lon="22.32835">
    <ele>116.69000000000001</ele>
   </trkpt>
   <trkpt lat="39.57258" lon="22.328380000000003">
    <ele>116.69000000000001</ele>
   </trkpt>
   <trkpt lat="39.572520000000004" lon="22.32844">
    <ele>115.09</ele>
   </trkpt>
   <trkpt lat="39.57226" lon="22.329020000000003">
    <ele>115.09</ele>
   </trkpt>
   <trkpt lat="39.572250000000004" lon="22.329140000000002">
    <ele>115.09</ele>
   </trkpt>
   <trkpt lat="39.57227" lon="22.32937">
    <ele>115.09</ele>
   </trkpt>
   <trkpt lat="39.57233" lon="22.329810000000002">
    <ele>115.09</ele>
   </trkpt>
   <trkpt lat="39.57233" lon="22.329780000000003">
    <ele>115.10000000000001</ele>
   </trkpt>
   <trkpt lat="39.57248501272932" lon="22.330774993337748">
    <ele>115.10000000000001</ele>
   </trkpt>
   <trkpt lat="39.5726400169737" lon="22.331769991124958">
    <ele>115.10000000000001</ele>
   </trkpt>
   <trkpt lat="39.57279501273306" lon="22.332764993361437">
    <ele>115.10000000000001</ele>
   </trkpt>
   <trkpt lat="39.572950000000006" lon="22.33376">
    <ele>111.31</ele>
   </trkpt>
   <trkpt lat="39.57298" lon="22.334180000000003">
    <ele>111.31</ele>
   </trkpt>
   <trkpt lat="39.57298" lon="22.335060000000002">
    <ele>111.31</ele>
   </trkpt>
   <trkpt lat="39.57296" lon="22.335350000000002">
    <ele>111.31</ele>
   </trkpt>
   <trkpt lat="39.57283" lon="22.336280000000002">
    <ele>111.31</ele>
   </trkpt>
   <trkpt lat="39.57286202180968" lon="22.337407997906304">
    <ele>111.31</ele>
   </trkpt>
   <trkpt lat="39.57289403271438" lon="22.338535996854482">
    <ele>111.31</ele>
   </trkpt>
   <trkpt lat="39.5729260327141" lon="22.33966399684419">
    <ele>112.41000000000001</ele>
   </trkpt>
   <trkpt lat="39.572958021808816" lon="22.34079199787507">
    <ele>112.41000000000001</ele>
   </trkpt>
   <trkpt lat="39.572990000000004" lon="22.341920000000002">
    <ele>113.81</ele>
   </trkpt>
   <trkpt lat="39.573015001616525" lon="22.342534999673056">
    <ele>114.30000000000001</ele>
   </trkpt>
   <trkpt lat="39.573040000000006" lon="22.34315">
    <ele>114.30000000000001</ele>
   </trkpt>
   <trkpt lat="39.573080000000004" lon="22.343570000000003">
    <ele>114.30000000000001</ele>
   </trkpt>
   <trkpt lat="39.573170000000005" lon="22.344130000000003">
    <ele>113.04</ele>
   </trkpt>
   <trkpt lat="39.57338" lon="22.345110000000002">
    <ele>113.04</ele>
   </trkpt>
   <trkpt lat="39.57347" lon="22.34513">
    <ele>113.0</ele>
   </trkpt>
   <trkpt lat="39.57356" lon="22.34512">
    <ele>113.0</ele>
   </trkpt>
   <trkpt lat="39.57372" lon="22.34503">
    <ele>113.01</ele>
   </trkpt>
   <trkpt lat="39.57395" lon="22.34483">
    <ele>113.05000000000001</ele>
   </trkpt>
   <trkpt lat="39.57405" lon="22.344790000000003">
    <ele>113.14</ele>
   </trkpt>
   <trkpt lat="39.57412" lon="22.34478">
    <ele>113.16000000000001</ele>
   </trkpt>
   <trkpt lat="39.57421" lon="22.344800000000003">
    <ele>113.12</ele>
   </trkpt>
   <trkpt lat="39.574360000000006" lon="22.344910000000002">
    <ele>113.02000000000001</ele>
   </trkpt>
   <trkpt lat="39.57443000000001" lon="22.345010000000002">
    <ele>112.82000000000001</ele>
   </trkpt>
   <trkpt lat="39.574490000000004" lon="22.34515">
    <ele>112.82000000000001</ele>
   </trkpt>
   <trkpt lat="39.574490000000004" lon="22.34524">
    <ele>112.34</ele>
   </trkpt>
   <trkpt lat="39.574450000000006" lon="22.34543">
    <ele>112.18</ele>
   </trkpt>
   <trkpt lat="39.574380000000005" lon="22.345540000000003">
    <ele>112.0</ele>
   </trkpt>
   <trkpt lat="39.57421" lon="22.345720000000004">
    <ele>111.96000000000001</ele>
   </trkpt>
   <trkpt lat="39.574040000000004" lon="22.345850000000002">
    <ele>111.86000000000001</ele>
   </trkpt>
   <trkpt lat="39.573980000000006" lon="22.34598">
    <ele>111.75000000000001</ele>
   </trkpt>
   <trkpt lat="39.57395" lon="22.346190000000004">
    <ele>111.54</ele>
   </trkpt>
   <trkpt lat="39.57399" lon="22.346400000000003">
    <ele>111.54</ele>
   </trkpt>
   <trkpt lat="39.574070000000006" lon="22.34664">
    <ele>111.24000000000001</ele>
   </trkpt>
   <trkpt lat="39.574355001006495" lon="22.34713999783063">
    <ele>110.83000000000001</ele>
   </trkpt>
   <trkpt lat="39.57464" lon="22.347640000000002">
    <ele>110.56</ele>
   </trkpt>
   <trkpt lat="39.575100000000006" lon="22.34859">
    <ele>110.21</ele>
   </trkpt>
   <trkpt lat="39.575520004519554" lon="22.349614993831736">
    <ele>109.78</ele>
   </trkpt>
   <trkpt lat="39.57594" lon="22.350640000000002">
    <ele>109.73</ele>
   </trkpt>
   <trkpt lat="39.57623000544116" lon="22.35143666000485">
    <ele>109.76</ele>
   </trkpt>
   <trkpt lat="39.57652000544271" lon="22.35223332667571">
    <ele>109.42</ele>
   </trkpt>
   <trkpt lat="39.57681" lon="22.35303">
    <ele>108.56</ele>
   </trkpt>
   <trkpt lat="39.57716001261899" lon="22.353887982670365">
    <ele>107.3</ele>
   </trkpt>
   <trkpt lat="39.57751001892867" lon="22.35474597400563">
    <ele>106.7</ele>
   </trkpt>
   <trkpt lat="39.57786001892892" lon="22.355603974005838">
    <ele>106.4</ele>
   </trkpt>
   <trkpt lat="39.57821001261957" lon="22.35646198267103">
    <ele>106.42000000000002</ele>
   </trkpt>
   <trkpt lat="39.57856" lon="22.35732">
    <ele>107.08000000000001</ele>
   </trkpt>
   <trkpt lat="39.57856" lon="22.357310000000002">
    <ele>107.07000000000001</ele>
   </trkpt>
   <trkpt lat="39.578916013143605" lon="22.358185981976394">
    <ele>108.03000000000002</ele>
   </trkpt>
   <trkpt lat="39.57927201971033" lon="22.359061972951693">
    <ele>108.16000000000001</ele>
   </trkpt>
   <trkpt lat="39.57962801970003" lon="22.359937972925934">
    <ele>107.47000000000001</ele>
   </trkpt>
   <trkpt lat="39.57998401311255" lon="22.360813981899163">
    <ele>106.47000000000001</ele>
   </trkpt>
   <trkpt lat="39.58034000000001" lon="22.361690000000003">
    <ele>105.68</ele>
   </trkpt>
   <trkpt lat="39.58064250852955" lon="22.362504989301314">
    <ele>104.95000000000002</ele>
   </trkpt>
   <trkpt lat="39.580945011366126" lon="22.36331998571712">
    <ele>104.58</ele>
   </trkpt>
   <trkpt lat="39.58124750850966" lon="22.364134989247432">
    <ele>104.46000000000001</ele>
   </trkpt>
   <trkpt lat="39.58155" lon="22.36495">
    <ele>104.91</ele>
   </trkpt>
   <trkpt lat="39.58189" lon="22.3657">
    <ele>104.82000000000001</ele>
   </trkpt>
   <trkpt lat="39.58232250665276" lon="22.366419986499725">
    <ele>104.4</ele>
   </trkpt>
   <trkpt lat="39.5827550088624" lon="22.36713998198615">
    <ele>104.07000000000001</ele>
   </trkpt>
   <trkpt lat="39.58318750662879" lon="22.36785998645944">
    <ele>103.72</ele>
   </trkpt>
   <trkpt lat="39.58362" lon="22.36858">
    <ele>103.26</ele>
   </trkpt>
   <trkpt lat="39.58375" lon="22.368740000000003">
    <ele>103.28000000000002</ele>
   </trkpt>
   <trkpt lat="39.583830000000006" lon="22.3688">
    <ele>103.28000000000002</ele>
   </trkpt>
   <trkpt lat="39.58399" lon="22.368850000000002">
    <ele>103.46000000000001</ele>
   </trkpt>
   <trkpt lat="39.58410000000001" lon="22.368850000000002">
    <ele>103.46000000000001</ele>
   </trkpt>
   <trkpt lat="39.58437" lon="22.36878">
    <ele>103.59000000000002</ele>
   </trkpt>
   <trkpt lat="39.58446" lon="22.36879">
    <ele>103.78000000000002</ele>
   </trkpt>
   <trkpt lat="39.58456" lon="22.368840000000002">
    <ele>103.78000000000002</ele>
   </trkpt>
   <trkpt lat="39.58466000000001" lon="22.36897">
    <ele>103.83</ele>
   </trkpt>
   <trkpt lat="39.584720000000004" lon="22.36914">
    <ele>103.74000000000001</ele>
   </trkpt>
   <trkpt lat="39.58475000000001" lon="22.36925">
    <ele>103.13000000000001</ele>
   </trkpt>
   <trkpt lat="39.58476" lon="22.369510000000002">
    <ele>102.33</ele>
   </trkpt>
   <trkpt lat="39.58471" lon="22.36971">
    <ele>102.33</ele>
   </trkpt>
   <trkpt lat="39.58462" lon="22.3699">
    <ele>101.31</ele>
   </trkpt>
   <trkpt lat="39.584590000000006" lon="22.37008">
    <ele>101.31</ele>
   </trkpt>
   <trkpt lat="39.584590000000006" lon="22.370310000000003">
    <ele>100.71000000000001</ele>
   </trkpt>
   <trkpt lat="39.58464" lon="22.370440000000002">
    <ele>100.29</ele>
   </trkpt>
   <trkpt lat="39.58507" lon="22.37113">
    <ele>98.68</ele>
   </trkpt>
   <trkpt lat="39.585520007457795" lon="22.371892485115566">
    <ele>97.92</ele>
   </trkpt>
   <trkpt lat="39.585970009932346" lon="22.372654980134513">
    <ele>97.49000000000001</ele>
   </trkpt>
   <trkpt lat="39.5864200074235" lon="22.373417485057022">
    <ele>97.49000000000001</ele>
   </trkpt>
   <trkpt lat="39.586870000000005" lon="22.374180000000003">
    <ele>97.31</ele>
   </trkpt>
   <trkpt lat="39.587370002848445" lon="22.374999994028297">
    <ele>97.33000000000001</ele>
   </trkpt>
   <trkpt lat="39.58787" lon="22.37582">
    <ele>97.52000000000001</ele>
   </trkpt>
   <trkpt lat="39.58827500214447" lon="22.37651999598523">
    <ele>97.80000000000001</ele>
   </trkpt>
   <trkpt lat="39.588680000000004" lon="22.37722">
    <ele>98.14</ele>
   </trkpt>
   <trkpt lat="39.588820000000005" lon="22.377370000000003">
    <ele>98.24000000000001</ele>
   </trkpt>
   <trkpt lat="39.58894" lon="22.377460000000003">
    <ele>98.58000000000001</ele>
   </trkpt>
   <trkpt lat="39.58905" lon="22.37751">
    <ele>98.58000000000001</ele>
   </trkpt>
   <trkpt lat="39.589180000000006" lon="22.377650000000003">
    <ele>98.63000000000001</ele>
   </trkpt>
   <trkpt lat="39.58923" lon="22.377730000000003">
    <ele>98.62</ele>
   </trkpt>
   <trkpt lat="39.589290000000005" lon="22.377910000000004">
    <ele>98.82000000000001</ele>
   </trkpt>
   <trkpt lat="39.58928" lon="22.37789">
    <ele>98.81</ele>
   </trkpt>
   <trkpt lat="39.589330000000004" lon="22.37824">
    <ele>99.5</ele>
   </trkpt>
   <trkpt lat="39.589400000000005" lon="22.37843">
    <ele>99.93</ele>
   </trkpt>
   <trkpt lat="39.589780000000005" lon="22.379080000000002">
    <ele>101.52000000000001</ele>
   </trkpt>
   <trkpt lat="39.59004" lon="22.37947">
    <ele>100.94</ele>
   </trkpt>
   <trkpt lat="39.59057000000001" lon="22.38005">
    <ele>98.55000000000001</ele>
   </trkpt>
   <trkpt lat="39.59127667046892" lon="22.380716653059515">
    <ele>96.87</ele>
   </trkpt>
   <trkpt lat="39.59198333712833" lon="22.381383319719102">
    <ele>95.0</ele>
   </trkpt>
   <trkpt lat="39.592690000000005" lon="22.382050000000003">
    <ele>94.11000000000001</ele>
   </trkpt>
   <trkpt lat="39.593070000000004" lon="22.382460000000002">
    <ele>93.73</ele>
   </trkpt>
   <trkpt lat="39.59368600564107" lon="22.383033979576496">
    <ele>93.12</ele>
   </trkpt>
   <trkpt lat="39.59430200845811" lon="22.383607969361034">
    <ele>92.75000000000001</ele>
   </trkpt>
   <trkpt lat="39.59491800845101" lon="22.38418196935396">
    <ele>92.19000000000001</ele>
   </trkpt>
   <trkpt lat="39.595534005619676" lon="22.384755979555642">
    <ele>92.38</ele>
   </trkpt>
   <trkpt lat="39.59615" lon="22.385330000000003">
    <ele>92.44000000000001</ele>
   </trkpt>
   <trkpt lat="39.59635" lon="22.385430000000003">
    <ele>92.69000000000001</ele>
   </trkpt>
   <trkpt lat="39.59657" lon="22.38547">
    <ele>92.7</ele>
   </trkpt>
   <trkpt lat="39.596700000000006" lon="22.385550000000002">
    <ele>92.7</ele>
   </trkpt>
   <trkpt lat="39.59635" lon="22.38622">
    <ele>92.28</ele>
   </trkpt>
   <trkpt lat="39.59642" lon="22.386280000000003">
    <ele>92.27</ele>
   </trkpt>
   <trkpt lat="39.59664" lon="22.386380000000003">
    <ele>92.14000000000001</ele>
   </trkpt>
   <trkpt lat="39.59685" lon="22.38643">
    <ele>91.98</ele>
   </trkpt>
   <trkpt lat="39.59696" lon="22.38651">
    <ele>91.56</ele>
   </trkpt>
   <trkpt lat="39.59752" lon="22.387040000000002">
    <ele>91.56</ele>
   </trkpt>
   <trkpt lat="39.59758" lon="22.38716">
    <ele>91.56</ele>
   </trkpt>
   <trkpt lat="39.5976" lon="22.38735">
    <ele>91.52</ele>
   </trkpt>
   <trkpt lat="39.59767" lon="22.38755">
    <ele>91.12</ele>
   </trkpt>
   <trkpt lat="39.597750000000005" lon="22.38763">
    <ele>90.91</ele>
   </trkpt>
   <trkpt lat="39.597860000000004" lon="22.387700000000002">
    <ele>90.91</ele>
   </trkpt>
   <trkpt lat="39.59817" lon="22.38772">
    <ele>89.83</ele>
   </trkpt>
   <trkpt lat="39.59832" lon="22.387770000000003">
    <ele>89.68</ele>
   </trkpt>
   <trkpt lat="39.598510000000005" lon="22.387860000000003">
    <ele>89.44</ele>
   </trkpt>
   <trkpt lat="39.599253336697124" lon="22.388489986444498">
    <ele>89.00000000000001</ele>
   </trkpt>
   <trkpt lat="39.59999666999208" lon="22.38911998641173">
    <ele>89.03000000000002</ele>
   </trkpt>
   <trkpt lat="39.60074" lon="22.389750000000003">
    <ele>88.89000000000001</ele>
   </trkpt>
   <trkpt lat="39.60139" lon="22.390330000000002">
    <ele>88.63</ele>
   </trkpt>
   <trkpt lat="39.60145" lon="22.390400000000003">
    <ele>88.63</ele>
   </trkpt>
   <trkpt lat="39.601620000000004" lon="22.39075">
    <ele>88.35000000000001</ele>
   </trkpt>
   <trkpt lat="39.60174000000001" lon="22.39092">
    <ele>88.19</ele>
   </trkpt>
   <trkpt lat="39.60181" lon="22.390970000000003">
    <ele>88.18</ele>
   </trkpt>
   <trkpt lat="39.60195" lon="22.39102">
    <ele>88.07000000000001</ele>
   </trkpt>
   <trkpt lat="39.60221000000001" lon="22.391060000000003">
    <ele>87.96000000000001</ele>
   </trkpt>
   <trkpt lat="39.60278500091017" lon="22.391509996296687">
    <ele>87.83</ele>
   </trkpt>
   <trkpt lat="39.60336" lon="22.39196">
    <ele>87.81000000000002</ele>
   </trkpt>
   <trkpt lat="39.604062504403544" lon="22.39254498219862">
    <ele>87.73</ele>
   </trkpt>
   <trkpt lat="39.60476500587354" lon="22.393129976266213">
    <ele>87.53000000000002</ele>
   </trkpt>
   <trkpt lat="39.605467504409866" lon="22.39371498220329">
    <ele>87.0</ele>
   </trkpt>
   <trkpt lat="39.606170000000006" lon="22.3943">
    <ele>86.82000000000001</ele>
   </trkpt>
   <trkpt lat="39.60654" lon="22.394630000000003">
    <ele>87.15</ele>
   </trkpt>
   <trkpt lat="39.606880000000004" lon="22.39488">
    <ele>86.68</ele>
   </trkpt>
   <trkpt lat="39.607350000000004" lon="22.395300000000002">
    <ele>86.06000000000002</ele>
   </trkpt>
   <trkpt lat="39.60799333969703" lon="22.395844974678635">
    <ele>85.74000000000001</ele>
   </trkpt>
   <trkpt lat="39.60863667684798" lon="22.396389959484694">
    <ele>85.60000000000001</ele>
   </trkpt>
   <trkpt lat="39.60928001145277" lon="22.396934954418548">
    <ele>85.43</ele>
   </trkpt>
   <trkpt lat="39.60992334351128" lon="22.39747995948058">
    <ele>85.45000000000002</ele>
   </trkpt>
   <trkpt lat="39.6105666730234" lon="22.398024974671177">
    <ele>85.66000000000001</ele>
   </trkpt>
   <trkpt lat="39.61121" lon="22.398570000000003">
    <ele>85.23</ele>
   </trkpt>
   <trkpt lat="39.61159500055176" lon="22.398884998351686">
    <ele>85.23</ele>
   </trkpt>
   <trkpt lat="39.61198" lon="22.3992">
    <ele>85.07000000000001</ele>
   </trkpt>
   <trkpt lat="39.612445000776745" lon="22.39959499743852">
    <ele>84.96000000000001</ele>
   </trkpt>
   <trkpt lat="39.61291000000001" lon="22.399990000000003">
    <ele>85.33</ele>
   </trkpt>
   <trkpt lat="39.61298" lon="22.40001">
    <ele>85.33</ele>
   </trkpt>
   <trkpt lat="39.61303" lon="22.39996">
    <ele>85.33</ele>
   </trkpt>
   <trkpt lat="39.613735001489914" lon="22.40052999427365">
    <ele>84.94</ele>
   </trkpt>
   <trkpt lat="39.61444" lon="22.401100000000003">
    <ele>84.55</ele>
   </trkpt>
   <trkpt lat="39.61473" lon="22.40126">
    <ele>84.37</ele>
   </trkpt>
   <trkpt lat="39.61537500136501" lon="22.40180999493338">
    <ele>83.76</ele>
   </trkpt>
   <trkpt lat="39.616020000000006" lon="22.40236">
    <ele>83.54</ele>
   </trkpt>
   <trkpt lat="39.61646000052667" lon="22.40272499764297">
    <ele>83.42</ele>
   </trkpt>
   <trkpt lat="39.6169" lon="22.403090000000002">
    <ele>83.26</ele>
   </trkpt>
   <trkpt lat="39.6174" lon="22.403570000000002">
    <ele>82.95</ele>
   </trkpt>
   <trkpt lat="39.61780500048278" lon="22.40390999799984">
    <ele>83.01</ele>
   </trkpt>
   <trkpt lat="39.618210000000005" lon="22.40425">
    <ele>82.77000000000001</ele>
   </trkpt>
   <trkpt lat="39.61874" lon="22.404690000000002">
    <ele>82.46000000000001</ele>
   </trkpt>
   <trkpt lat="39.618860000000005" lon="22.404770000000003">
    <ele>82.46000000000001</ele>
   </trkpt>
   <trkpt lat="39.61942666849945" lon="22.40523999225306">
    <ele>82.14</ele>
   </trkpt>
   <trkpt lat="39.619993335105086" lon="22.405709992202347">
    <ele>81.72</ele>
   </trkpt>
   <trkpt lat="39.620560000000005" lon="22.406180000000003">
    <ele>81.63000000000001</ele>
   </trkpt>
   <trkpt lat="39.62118750359314" lon="22.40670998556703">
    <ele>81.02000000000001</ele>
   </trkpt>
   <trkpt lat="39.62181500477814" lon="22.407239980745008">
    <ele>80.95</ele>
   </trkpt>
   <trkpt lat="39.62244250355488" lon="22.407769985534276">
    <ele>80.93</ele>
   </trkpt>
   <trkpt lat="39.623070000000006" lon="22.4083">
    <ele>80.76</ele>
   </trkpt>
   <trkpt lat="39.62355000060188" lon="22.408694997205043">
    <ele>80.28</ele>
   </trkpt>
   <trkpt lat="39.624030000000005" lon="22.409090000000003">
    <ele>80.24000000000001</ele>
   </trkpt>
   <trkpt lat="39.62411" lon="22.40915">
    <ele>80.24000000000001</ele>
   </trkpt>
   <trkpt lat="39.62460000094549" lon="22.409574997139014">
    <ele>79.78999999999999</ele>
   </trkpt>
   <trkpt lat="39.62509" lon="22.41">
    <ele>79.72000000000001</ele>
   </trkpt>
   <trkpt lat="39.62575400537292" lon="22.410559978500913">
    <ele>79.53</ele>
   </trkpt>
   <trkpt lat="39.626418008057314" lon="22.411119967749134">
    <ele>79.13000000000001</ele>
   </trkpt>
   <trkpt lat="39.6270820080531" lon="22.41167996774506">
    <ele>78.23</ele>
   </trkpt>
   <trkpt lat="39.62774600536015" lon="22.41223997848912">
    <ele>77.5</ele>
   </trkpt>
   <trkpt lat="39.62841" lon="22.4128">
    <ele>77.21</ele>
   </trkpt>
   <trkpt lat="39.62901750321585" lon="22.413299986829706">
    <ele>76.68</ele>
   </trkpt>
   <trkpt lat="39.629625004288336" lon="22.413799982439798">
    <ele>76.71</ele>
   </trkpt>
   <trkpt lat="39.63023250321738" lon="22.41429998683059">
    <ele>76.34</ele>
   </trkpt>
   <trkpt lat="39.630840000000006" lon="22.414800000000003">
    <ele>76.13</ele>
   </trkpt>
   <trkpt lat="39.631260000000005" lon="22.41512">
    <ele>76.24</ele>
   </trkpt>
   <trkpt lat="39.63143" lon="22.415180000000003">
    <ele>76.81</ele>
   </trkpt>
   <trkpt lat="39.63212499998924" lon="22.41518249992461">
    <ele>77.02000000000001</ele>
   </trkpt>
   <trkpt lat="39.6328199999784" lon="22.41518499989946">
    <ele>77.26</ele>
   </trkpt>
   <trkpt lat="39.633514999967524" lon="22.41518749992453">
    <ele>77.49</ele>
   </trkpt>
   <trkpt lat="39.63421" lon="22.415190000000003">
    <ele>78.08000000000001</ele>
   </trkpt>
   <trkpt lat="39.63476" lon="22.415180000000003">
    <ele>77.72000000000001</ele>
   </trkpt>
   <trkpt lat="39.63564333334658" lon="22.415189999744733">
    <ele>79.28</ele>
   </trkpt>
   <trkpt lat="39.63652666669232" lon="22.41519999974487">
    <ele>79.45</ele>
   </trkpt>
   <trkpt lat="39.63741" lon="22.415210000000002">
    <ele>80.43</ele>
   </trkpt>
   <trkpt lat="39.637370000000004" lon="22.415210000000002">
    <ele>80.44000000000001</ele>
   </trkpt>
   <trkpt lat="39.63776" lon="22.415210000000002">
    <ele>80.53999999999999</ele>
   </trkpt>
   <trkpt lat="39.63779" lon="22.415260000000004">
    <ele>80.59</ele>
   </trkpt>
   <trkpt lat="39.63825500003779" lon="22.41527499990034">
    <ele>80.47</ele>
   </trkpt>
   <trkpt lat="39.638720000000006" lon="22.415290000000002">
    <ele>80.46000000000001</ele>
   </trkpt>
   <trkpt lat="39.63877" lon="22.416">
    <ele>79.60000000000001</ele>
   </trkpt>
   <trkpt lat="39.63877" lon="22.416200000000003">
    <ele>79.37</ele>
   </trkpt>
   <trkpt lat="39.63886667654915" lon="22.417273330383274">
    <ele>79.9</ele>
   </trkpt>
   <trkpt lat="39.63896334322036" lon="22.41834666376701">
    <ele>80.35000000000001</ele>
   </trkpt>
   <trkpt lat="39.63906" lon="22.419420000000002">
    <ele>80.52000000000001</ele>
   </trkpt>
   <trkpt lat="39.639120000000005" lon="22.41954">
    <ele>80.52000000000001</ele>
   </trkpt>
   <trkpt lat="39.639230000000005" lon="22.41965">
    <ele>80.12</ele>
   </trkpt>
   <trkpt lat="39.63951" lon="22.41965">
    <ele>80.0</ele>
   </trkpt>
   <trkpt lat="39.639570000000006" lon="22.419690000000003">
    <ele>80.36</ele>
   </trkpt>
   <trkpt lat="39.640137509423624" lon="22.420544978984893">
    <ele>78.32</ele>
   </trkpt>
   <trkpt lat="39.64070501257937" lon="22.421399972001307">
    <ele>77.75</ele>
   </trkpt>
   <trkpt lat="39.64127250946703" lon="22.422254979049598">
    <ele>77.72000000000001</ele>
   </trkpt>
   <trkpt lat="39.64184" lon="22.42311">
    <ele>77.09</ele>
   </trkpt>
   <trkpt lat="39.642030000000005" lon="22.42332">
    <ele>76.80000000000001</ele>
   </trkpt>
   <trkpt lat="39.64243500054825" lon="22.42373499737475">
    <ele>76.08000000000001</ele>
   </trkpt>
   <trkpt lat="39.64284000000001" lon="22.42415">
    <ele>74.87</ele>
   </trkpt>
   <trkpt lat="39.64345" lon="22.424580000000002">
    <ele>73.03000000000002</ele>
   </trkpt>
   <trkpt lat="39.64392" lon="22.424850000000003">
    <ele>72.18</ele>
   </trkpt>
   <trkpt lat="39.64406" lon="22.4252">
    <ele>72.33</ele>
   </trkpt>
   <trkpt lat="39.644360000000006" lon="22.42574">
    <ele>71.74000000000001</ele>
   </trkpt>
   <trkpt lat="39.64466" lon="22.426160000000003">
    <ele>71.65</ele>
   </trkpt>
   <trkpt lat="39.644920000000006" lon="22.42657">
    <ele>71.60000000000001</ele>
   </trkpt>
   <trkpt lat="39.64524" lon="22.42696">
    <ele>71.65</ele>
   </trkpt>
   <trkpt lat="39.64553" lon="22.427280000000003">
    <ele>72.09</ele>
   </trkpt>
   <trkpt lat="39.645680000000006" lon="22.42751">
    <ele>72.79</ele>
   </trkpt>
   <trkpt lat="39.64571" lon="22.42761">
    <ele>72.88</ele>
   </trkpt>
   <trkpt lat="39.64573" lon="22.427750000000003">
    <ele>73.10000000000001</ele>
   </trkpt>
   <trkpt lat="39.64576" lon="22.4278">
    <ele>73.10000000000001</ele>
   </trkpt>
   <trkpt lat="39.64584" lon="22.427850000000003">
    <ele>73.10000000000001</ele>
   </trkpt>
   <trkpt lat="39.64598" lon="22.427870000000002">
    <ele>73.44</ele>
   </trkpt>
   <trkpt lat="39.64611" lon="22.42783">
    <ele>73.61000000000001</ele>
   </trkpt>
   <trkpt lat="39.64658499998272" lon="22.427939999228318">
    <ele>73.60000000000001</ele>
   </trkpt>
   <trkpt lat="39.64706" lon="22.428050000000002">
    <ele>72.7</ele>
   </trkpt>
   <trkpt lat="39.647330000000004" lon="22.428130000000003">
    <ele>72.59</ele>
   </trkpt>
   <trkpt lat="39.647600000000004" lon="22.428240000000002">
    <ele>72.14000000000001</ele>
   </trkpt>
   <trkpt lat="39.64810000000001" lon="22.428520000000002">
    <ele>71.94</ele>
   </trkpt>
   <trkpt lat="39.64842" lon="22.42875">
    <ele>71.82000000000001</ele>
   </trkpt>
   <trkpt lat="39.64881000043457" lon="22.42908999802889">
    <ele>72.07000000000001</ele>
   </trkpt>
   <trkpt lat="39.6492" lon="22.429430000000004">
    <ele>72.48</ele>
   </trkpt>
   <trkpt lat="39.649800000000006" lon="22.42989">
    <ele>72.31</ele>
   </trkpt>
   <trkpt lat="39.65052000296762" lon="22.430372484906904">
    <ele>72.37</ele>
   </trkpt>
   <trkpt lat="39.651240003939016" lon="22.4308549798636">
    <ele>72.53000000000002</ele>
   </trkpt>
   <trkpt lat="39.651960002914095" lon="22.431337484870532">
    <ele>72.64000000000001</ele>
   </trkpt>
   <trkpt lat="39.652680000000004" lon="22.431820000000002">
    <ele>72.56</ele>
   </trkpt>
   <trkpt lat="39.65319000069879" lon="22.432199997255875">
    <ele>72.29</ele>
   </trkpt>
   <trkpt lat="39.6537" lon="22.43258">
    <ele>72.45</ele>
   </trkpt>
   <trkpt lat="39.65444223517211" lon="22.433194391662276">
    <ele>72.03000000000002</ele>
   </trkpt>
   <trkpt lat="39.655184467107226" lon="22.43380879651885">
    <ele>72.19</ele>
   </trkpt>
   <trkpt lat="39.65592669580519" lon="22.43442321457029">
    <ele>72.49000000000001</ele>
   </trkpt>
   <trkpt lat="39.65666892126584" lon="22.43503764581718">
    <ele>72.58</ele>
   </trkpt>
   <trkpt lat="39.65741114348904" lon="22.43565209026009">
    <ele>72.79</ele>
   </trkpt>
   <trkpt lat="39.658153362474614" lon="22.43626654789959">
    <ele>72.86000000000001</ele>
   </trkpt>
   <trkpt lat="39.65889557822242" lon="22.436881018736255">
    <ele>72.65</ele>
   </trkpt>
   <trkpt lat="39.6596377907323" lon="22.437495502770663">
    <ele>71.98</ele>
   </trkpt>
   <trkpt lat="39.66038" lon="22.43811">
    <ele>71.53000000000002</ele>
   </trkpt>
   <trkpt lat="39.660650000000004" lon="22.438370000000003">
    <ele>71.14</ele>
   </trkpt>
   <trkpt lat="39.66075" lon="22.43852">
    <ele>71.14</ele>
   </trkpt>
   <trkpt lat="39.66089" lon="22.438860000000002">
    <ele>70.89</ele>
   </trkpt>
   <trkpt lat="39.660920000000004" lon="22.439120000000003">
    <ele>70.53</ele>
   </trkpt>
   <trkpt lat="39.660920000000004" lon="22.439290000000003">
    <ele>70.16</ele>
   </trkpt>
   <trkpt lat="39.66089" lon="22.439470000000004">
    <ele>70.04</ele>
   </trkpt>
   <trkpt lat="39.66075" lon="22.43992">
    <ele>69.96000000000001</ele>
   </trkpt>
   <trkpt lat="39.66067" lon="22.440070000000002">
    <ele>69.96000000000001</ele>
   </trkpt>
   <trkpt lat="39.66058" lon="22.44009">
    <ele>69.99000000000001</ele>
   </trkpt>
   <trkpt lat="39.66051" lon="22.44018">
    <ele>69.87</ele>
   </trkpt>
   <trkpt lat="39.66049" lon="22.440250000000002">
    <ele>69.87</ele>
   </trkpt>
   <trkpt lat="39.66048" lon="22.440330000000003">
    <ele>69.87</ele>
   </trkpt>
   <trkpt lat="39.660540000000005" lon="22.44049">
    <ele>69.86</ele>
   </trkpt>
   <trkpt lat="39.66064" lon="22.440540000000002">
    <ele>69.86</ele>
   </trkpt>
   <trkpt lat="39.660740000000004" lon="22.440530000000003">
    <ele>69.87</ele>
   </trkpt>
   <trkpt lat="39.66077000000001" lon="22.440510000000003">
    <ele>69.87</ele>
   </trkpt>
   <trkpt lat="39.66093" lon="22.44055">
    <ele>69.60000000000001</ele>
   </trkpt>
   <trkpt lat="39.66142500051938" lon="22.44090499744218">
    <ele>69.55</ele>
   </trkpt>
   <trkpt lat="39.66192" lon="22.441260000000003">
    <ele>69.64</ele>
   </trkpt>
   <trkpt lat="39.66207" lon="22.441350000000003">
    <ele>69.59</ele>
   </trkpt>
   <trkpt lat="39.662710000000004" lon="22.44189">
    <ele>69.4</ele>
   </trkpt>
   <trkpt lat="39.663090000486655" lon="22.44224999795496">
    <ele>69.39</ele>
   </trkpt>
   <trkpt lat="39.663470000000004" lon="22.442610000000002">
    <ele>69.27000000000001</ele>
   </trkpt>
   <trkpt lat="39.664121263126724" lon="22.4432712063775">
    <ele>69.06</ele>
   </trkpt>
   <trkpt lat="39.664772522504116" lon="22.443932425218538">
    <ele>69.05</ele>
   </trkpt>
   <trkpt lat="39.665423778132045" lon="22.444593656523562">
    <ele>69.04</ele>
   </trkpt>
   <trkpt lat="39.66607503001033" lon="22.445254900293033">
    <ele>69.15</ele>
   </trkpt>
   <trkpt lat="39.666726278138825" lon="22.445916156527396">
    <ele>69.20000000000002</ele>
   </trkpt>
   <trkpt lat="39.66737752251737" lon="22.446577425227108">
    <ele>69.4</ele>
   </trkpt>
   <trkpt lat="39.66802876314582" lon="22.447238706392614">
    <ele>69.65</ele>
   </trkpt>
   <trkpt lat="39.66868" lon="22.4479">
    <ele>70.03</ele>
   </trkpt>
   <trkpt lat="39.668820000000004" lon="22.44808">
    <ele>70.10000000000001</ele>
   </trkpt>
   <trkpt lat="39.66917" lon="22.448390000000003">
    <ele>70.28</ele>
   </trkpt>
   <trkpt lat="39.669565000398244" lon="22.448689998294146">
    <ele>70.79</ele>
   </trkpt>
   <trkpt lat="39.66996" lon="22.448990000000002">
    <ele>70.95</ele>
   </trkpt>
   <trkpt lat="39.67045" lon="22.449340000000003">
    <ele>71.2</ele>
   </trkpt>
   <trkpt lat="39.67094" lon="22.44966">
    <ele>71.22</ele>
   </trkpt>
   <trkpt lat="39.671370000226766" lon="22.449894998531782">
    <ele>70.44</ele>
   </trkpt>
   <trkpt lat="39.671800000000005" lon="22.45013">
    <ele>70.01</ele>
   </trkpt>
   <trkpt lat="39.672230000000006" lon="22.45032">
    <ele>69.70000000000002</ele>
   </trkpt>
   <trkpt lat="39.67253" lon="22.45041">
    <ele>69.17</ele>
   </trkpt>
   <trkpt lat="39.67297000014925" lon="22.45056999899524">
    <ele>68.60000000000001</ele>
   </trkpt>
   <trkpt lat="39.673410000000004" lon="22.45073">
    <ele>68.48</ele>
   </trkpt>
   <trkpt lat="39.67426042240589" lon="22.45097118167861">
    <ele>68.18</ele>
   </trkpt>
   <trkpt lat="39.67511084431289" lon="22.451212369295835">
    <ele>68.04</ele>
   </trkpt>
   <trkpt lat="39.675961265720986" lon="22.451453562852002">
    <ele>67.78</ele>
   </trkpt>
   <trkpt lat="39.67681168663014" lon="22.451694762347444">
    <ele>67.65</ele>
   </trkpt>
   <trkpt lat="39.677662107040334" lon="22.451935967782468">
    <ele>67.71000000000001</ele>
   </trkpt>
   <trkpt lat="39.678512526951536" lon="22.4521771791574">
    <ele>67.60000000000001</ele>
   </trkpt>
   <trkpt lat="39.67936294636371" lon="22.452418396472574">
    <ele>67.63000000000001</ele>
   </trkpt>
   <trkpt lat="39.68021336527685" lon="22.452659619728298">
    <ele>67.4</ele>
   </trkpt>
   <trkpt lat="39.6810637836909" lon="22.4529008489249">
    <ele>67.2</ele>
   </trkpt>
   <trkpt lat="39.68191420160586" lon="22.453142084062694">
    <ele>67.22</ele>
   </trkpt>
   <trkpt lat="39.6827646190217" lon="22.45338332514202">
    <ele>67.19</ele>
   </trkpt>
   <trkpt lat="39.68361503593837" lon="22.453624572163186">
    <ele>67.2</ele>
   </trkpt>
   <trkpt lat="39.68446545235585" lon="22.453865825126517">
    <ele>66.99000000000001</ele>
   </trkpt>
   <trkpt lat="39.68531586827414" lon="22.45410708403234">
    <ele>66.88000000000001</ele>
   </trkpt>
   <trkpt lat="39.68616628369316" lon="22.45434834888097">
    <ele>66.73</ele>
   </trkpt>
   <trkpt lat="39.68701669861295" lon="22.45458961967274">
    <ele>66.61</ele>
   </trkpt>
   <trkpt lat="39.68786711303341" lon="22.454830896407966">
    <ele>66.47</ele>
   </trkpt>
   <trkpt lat="39.688717526954576" lon="22.45507217908696">
    <ele>66.31</ele>
   </trkpt>
   <trkpt lat="39.689567940376385" lon="22.455313467710063">
    <ele>66.36</ele>
   </trkpt>
   <trkpt lat="39.690418353298824" lon="22.45555476227759">
    <ele>66.30000000000001</ele>
   </trkpt>
   <trkpt lat="39.69126876572185" lon="22.45579606278986">
    <ele>66.55000000000001</ele>
   </trkpt>
   <trkpt lat="39.69211917764545" lon="22.456037369247206">
    <ele>66.58</ele>
   </trkpt>
   <trkpt lat="39.692969589069605" lon="22.45627868164993">
    <ele>66.66000000000001</ele>
   </trkpt>
   <trkpt lat="39.69382" lon="22.45652">
    <ele>66.69</ele>
   </trkpt>
   <trkpt lat="39.69459166778087" lon="22.456748320568902">
    <ele>66.68</ele>
   </trkpt>
   <trkpt lat="39.695363335114564" lon="22.456976646242794">
    <ele>66.72</ele>
   </trkpt>
   <trkpt lat="39.69613500200111" lon="22.457204977021927">
    <ele>66.63000000000001</ele>
   </trkpt>
   <trkpt lat="39.69690666844044" lon="22.457433312906563">
    <ele>66.56</ele>
   </trkpt>
   <trkpt lat="39.69767833443255" lon="22.457661653896945">
    <ele>66.5</ele>
   </trkpt>
   <trkpt lat="39.69845" lon="22.457890000000003">
    <ele>66.41000000000001</ele>
   </trkpt>
   <trkpt lat="39.69913500016081" lon="22.458064998270597">
    <ele>66.30000000000001</ele>
   </trkpt>
   <trkpt lat="39.69982" lon="22.458240000000004">
    <ele>66.26</ele>
   </trkpt>
   <trkpt lat="39.700070000000004" lon="22.458350000000003">
    <ele>66.34</ele>
   </trkpt>
   <trkpt lat="39.700605000134125" lon="22.458509998766907">
    <ele>66.05000000000001</ele>
   </trkpt>
   <trkpt lat="39.70114" lon="22.45867">
    <ele>66.16000000000001</ele>
   </trkpt>
   <trkpt lat="39.701820000056166" lon="22.458854998152383">
    <ele>66.13000000000001</ele>
   </trkpt>
   <trkpt lat="39.7025" lon="22.45904">
    <ele>65.85000000000001</ele>
   </trkpt>
   <trkpt lat="39.7027" lon="22.45906">
    <ele>65.75</ele>
   </trkpt>
   <trkpt lat="39.70355154148779" lon="22.459302271809296">
    <ele>65.62</ele>
   </trkpt>
   <trkpt lat="39.70440308247209" lon="22.45954454959812">
    <ele>65.63000000000001</ele>
   </trkpt>
   <trkpt lat="39.70525462295286" lon="22.459786833366802">
    <ele>65.59</ele>
   </trkpt>
   <trkpt lat="39.70610616293008" lon="22.460029123115667">
    <ele>65.44000000000001</ele>
   </trkpt>
   <trkpt lat="39.70695770240371" lon="22.46027141884504">
    <ele>65.44000000000001</ele>
   </trkpt>
   <trkpt lat="39.707809241373745" lon="22.46051372055524">
    <ele>65.49000000000001</ele>
   </trkpt>
   <trkpt lat="39.708660779840116" lon="22.460756028246596">
    <ele>65.44000000000001</ele>
   </trkpt>
   <trkpt lat="39.70951231780285" lon="22.460998341919435">
    <ele>65.25999999999999</ele>
   </trkpt>
   <trkpt lat="39.71036385526187" lon="22.46124066157408">
    <ele>65.18</ele>
   </trkpt>
   <trkpt lat="39.71121539221718" lon="22.461482987210854">
    <ele>65.11</ele>
   </trkpt>
   <trkpt lat="39.71206692866874" lon="22.461725318830084">
    <ele>65.05000000000001</ele>
   </trkpt>
   <trkpt lat="39.71291846461653" lon="22.461967656432098">
    <ele>64.83</ele>
   </trkpt>
   <trkpt lat="39.713770000000004" lon="22.462210000000002">
    <ele>64.84</ele>
   </trkpt>
   <trkpt lat="39.71461857348541" lon="22.462492836262935">
    <ele>64.73</ele>
   </trkpt>
   <trkpt lat="39.71546714628453" lon="22.46277567948498">
    <ele>64.53</ele>
   </trkpt>
   <trkpt lat="39.71631571839736" lon="22.4630585296665">
    <ele>64.67</ele>
   </trkpt>
   <trkpt lat="39.71716428982385" lon="22.46334138680789">
    <ele>64.57000000000001</ele>
   </trkpt>
   <trkpt lat="39.71801286056395" lon="22.463624250909508">
    <ele>64.39</ele>
   </trkpt>
   <trkpt lat="39.718861430617636" lon="22.46390712197174">
    <ele>64.53999999999999</ele>
   </trkpt>
   <trkpt lat="39.719710000000006" lon="22.464190000000002">
    <ele>64.44000000000001</ele>
   </trkpt>
   <trkpt lat="39.72046571587211" lon="22.464438555083426">
    <ele>64.33000000000001</ele>
   </trkpt>
   <trkpt lat="39.72122143121421" lon="22.46468711561438">
    <ele>64.17</ele>
   </trkpt>
   <trkpt lat="39.72197714602627" lon="22.464935681593133">
    <ele>64.07000000000001</ele>
   </trkpt>
   <trkpt lat="39.72273286030827" lon="22.46518425301994">
    <ele>63.97</ele>
   </trkpt>
   <trkpt lat="39.723488574060184" lon="22.46543282989507">
    <ele>63.99</ele>
   </trkpt>
   <trkpt lat="39.72424428728198" lon="22.465681412218782">
    <ele>63.95</ele>
   </trkpt>
   <trkpt lat="39.725" lon="22.46593">
    <ele>64.03</ele>
   </trkpt>
   <trkpt lat="39.72585917065817" lon="22.466220793467034">
    <ele>63.84</ele>
   </trkpt>
   <trkpt lat="39.72671834059087" lon="22.466511594181203">
    <ele>63.82</ele>
   </trkpt>
   <trkpt lat="39.727577509798046" lon="22.466802402142907">
    <ele>63.64</ele>
   </trkpt>
   <trkpt lat="39.72843667827966" lon="22.467093217352538">
    <ele>63.6</ele>
   </trkpt>
   <trkpt lat="39.72929584603566" lon="22.467384039810497">
    <ele>63.67</ele>
   </trkpt>
   <trkpt lat="39.73015501306604" lon="22.46767486951718">
    <ele>63.6</ele>
   </trkpt>
   <trkpt lat="39.73101417937074" lon="22.467965706472974">
    <ele>63.78</ele>
   </trkpt>
   <trkpt lat="39.731873344949705" lon="22.468256550678284">
    <ele>63.7</ele>
   </trkpt>
   <trkpt lat="39.732732509802915" lon="22.468547402133503">
    <ele>63.71</ele>
   </trkpt>
   <trkpt lat="39.73359167393032" lon="22.46883826083902">
    <ele>63.77</ele>
   </trkpt>
   <trkpt lat="39.73445083733187" lon="22.469129126795245">
    <ele>63.61</ele>
   </trkpt>
   <trkpt lat="39.735310000000005" lon="22.469420000000003">
    <ele>63.93</ele>
   </trkpt>
   <trkpt lat="39.73599250058283" lon="22.469632493687893">
    <ele>64.03999999999999</ele>
   </trkpt>
   <trkpt lat="39.73667500077825" lon="22.469844991584086">
    <ele>64.07000000000001</ele>
   </trkpt>
   <trkpt lat="39.73735750058622" lon="22.470057493688763">
    <ele>64.72</ele>
   </trkpt>
   <trkpt lat="39.738040000000005" lon="22.470270000000003">
    <ele>65.74000000000001</ele>
   </trkpt>
   <trkpt lat="39.738780000000006" lon="22.470570000000002">
    <ele>67.62</ele>
   </trkpt>
   <trkpt lat="39.73956500148042" lon="22.470833318332982">
    <ele>69.70000000000002</ele>
   </trkpt>
   <trkpt lat="39.740350002365915" lon="22.471096642664765">
    <ele>71.3</ele>
   </trkpt>
   <trkpt lat="39.74113500265648" lon="22.471359972995657">
    <ele>72.12</ele>
   </trkpt>
   <trkpt lat="39.741920002352046" lon="22.471623309325956">
    <ele>72.44</ele>
   </trkpt>
   <trkpt lat="39.74270500145263" lon="22.471886651655957">
    <ele>72.85000000000001</ele>
   </trkpt>
   <trkpt lat="39.74349" lon="22.472150000000003">
    <ele>73.10000000000001</ele>
   </trkpt>
   <trkpt lat="39.74371" lon="22.47229">
    <ele>72.81</ele>
   </trkpt>
   <trkpt lat="39.74431000059331" lon="22.47256332855137">
    <ele>72.29</ele>
   </trkpt>
   <trkpt lat="39.744910000545616" lon="22.472836661862907">
    <ele>73.88</ele>
   </trkpt>
   <trkpt lat="39.74551" lon="22.473110000000002">
    <ele>78.26</ele>
   </trkpt>
   <trkpt lat="39.74593" lon="22.473260000000003">
    <ele>80.39</ele>
   </trkpt>
   <trkpt lat="39.74609" lon="22.472630000000002">
    <ele>78.28</ele>
   </trkpt>
   <trkpt lat="39.74667" lon="22.472900000000003">
    <ele>74.49</ele>
   </trkpt>
   <trkpt lat="39.74721" lon="22.47312">
    <ele>73.09</ele>
   </trkpt>
   <trkpt lat="39.74802666723093" lon="22.473376660581422">
    <ele>72.96000000000001</ele>
   </trkpt>
   <trkpt lat="39.74884333389661" lon="22.473633327247672">
    <ele>73.15</ele>
   </trkpt>
   <trkpt lat="39.749660000000006" lon="22.47389">
    <ele>73.97000000000001</ele>
   </trkpt>
   <trkpt lat="39.75036500023954" lon="22.474089997972523">
    <ele>74.14000000000001</ele>
   </trkpt>
   <trkpt lat="39.751070000000006" lon="22.474290000000003">
    <ele>74.01</ele>
   </trkpt>
   <trkpt lat="39.751780000092346" lon="22.474474998079035">
    <ele>73.99</ele>
   </trkpt>
   <trkpt lat="39.75249" lon="22.47466">
    <ele>74.31</ele>
   </trkpt>
   <trkpt lat="39.75301500004346" lon="22.474779999081225">
    <ele>74.45</ele>
   </trkpt>
   <trkpt lat="39.75354" lon="22.4749">
    <ele>74.54</ele>
   </trkpt>
   <trkpt lat="39.75406" lon="22.475040000000003">
    <ele>74.8</ele>
   </trkpt>
   <trkpt lat="39.754400000000004" lon="22.4752">
    <ele>74.97000000000001</ele>
   </trkpt>
   <trkpt lat="39.75503333425866" lon="22.475526660664254">
    <ele>75.12</ele>
   </trkpt>
   <trkpt lat="39.755666667601666" lon="22.475853327335827">
    <ele>75.44000000000001</ele>
   </trkpt>
   <trkpt lat="39.7563" lon="22.476180000000003">
    <ele>75.82000000000001</ele>
   </trkpt>
   <trkpt lat="39.75707000655561" lon="22.476591958543665">
    <ele>76.17</ele>
   </trkpt>
   <trkpt lat="39.75784001165491" lon="22.47700392629884">
    <ele>76.58000000000001</ele>
   </trkpt>
   <trkpt lat="39.758610015297855" lon="22.47741590326597">
    <ele>76.80000000000001</ele>
   </trkpt>
   <trkpt lat="39.759380017484354" lon="22.47782788944549">
    <ele>76.87</ele>
   </trkpt>
   <trkpt lat="39.760150018214325" lon="22.478239884837837">
    <ele>77.43</ele>
   </trkpt>
   <trkpt lat="39.76092001748773" lon="22.47865188944346">
    <ele>77.7</ele>
   </trkpt>
   <trkpt lat="39.76169001530446" lon="22.479063903262794">
    <ele>77.96</ele>
   </trkpt>
   <trkpt lat="39.76246001166446" lon="22.47947592629628">
    <ele>78.15</ele>
   </trkpt>
   <trkpt lat="39.76323000656765" lon="22.479887958544367">
    <ele>78.47000000000001</ele>
   </trkpt>
   <trkpt lat="39.764" lon="22.480300000000003">
    <ele>78.97000000000001</ele>
   </trkpt>
   <trkpt lat="39.764796670483385" lon="22.48072164227331">
    <ele>80.28999999999999</ele>
   </trkpt>
   <trkpt lat="39.76559333944112" lon="22.481143294303806">
    <ele>81.08000000000001</ele>
   </trkpt>
   <trkpt lat="39.76639000687313" lon="22.481564956091983">
    <ele>81.83</ele>
   </trkpt>
   <trkpt lat="39.76718667277934" lon="22.481986627638324">
    <ele>82.34</ele>
   </trkpt>
   <trkpt lat="39.76798333715967" lon="22.48240830894332">
    <ele>82.98</ele>
   </trkpt>
   <trkpt lat="39.76878000000001" lon="22.482830000000003">
    <ele>83.66000000000001</ele>
   </trkpt>
   <trkpt lat="39.76960500771581" lon="22.483276951786767">
    <ele>84.26</ele>
   </trkpt>
   <trkpt lat="39.77043001371728" lon="22.483723914286134">
    <ele>84.85000000000001</ele>
   </trkpt>
   <trkpt lat="39.77125501800431" lon="22.48417088749866">
    <ele>85.56</ele>
   </trkpt>
   <trkpt lat="39.77208002057679" lon="22.484617871424888">
    <ele>86.46000000000001</ele>
   </trkpt>
   <trkpt lat="39.772905021434646" lon="22.485064866065365">
    <ele>87.22</ele>
   </trkpt>
   <trkpt lat="39.7737300205778" lon="22.48551187142065">
    <ele>88.50000000000001</ele>
   </trkpt>
   <trkpt lat="39.77455501800612" lon="22.48595888749127">
    <ele>89.22</ele>
   </trkpt>
   <trkpt lat="39.77538001371956" lon="22.486405914277796">
    <ele>90.52</ele>
   </trkpt>
   <trkpt lat="39.776205007718" lon="22.48685295178077">
    <ele>91.28000000000002</ele>
   </trkpt>
   <trkpt lat="39.77703" lon="22.4873">
    <ele>91.93</ele>
   </trkpt>
   <trkpt lat="39.777767502114806" lon="22.487704986981836">
    <ele>92.75000000000001</ele>
   </trkpt>
   <trkpt lat="39.778505002822" lon="22.488109982643397">
    <ele>93.43</ele>
   </trkpt>
   <trkpt lat="39.77924250212151" lon="22.48851498698508">
    <ele>94.81</ele>
   </trkpt>
   <trkpt lat="39.77998" lon="22.48892">
    <ele>96.7</ele>
   </trkpt>
   <trkpt lat="39.78061333406803" lon="22.489213327932298">
    <ele>98.09</ele>
   </trkpt>
   <trkpt lat="39.78124666739761" lon="22.489506661263817">
    <ele>102.22</ele>
   </trkpt>
   <trkpt lat="39.78188" lon="22.489800000000002">
    <ele>104.04</ele>
   </trkpt>
   <trkpt lat="39.78251000099939" lon="22.49014332703985">
    <ele>105.00000000000001</ele>
   </trkpt>
   <trkpt lat="39.78314000098712" lon="22.490486660366408">
    <ele>104.63000000000001</ele>
   </trkpt>
   <trkpt lat="39.783770000000004" lon="22.490830000000003">
    <ele>103.48</ele>
   </trkpt>
   <trkpt lat="39.78446000071445" lon="22.4912249960646">
    <ele>99.37000000000002</ele>
   </trkpt>
   <trkpt lat="39.78515" lon="22.49162">
    <ele>96.47000000000001</ele>
   </trkpt>
   <trkpt lat="39.78596600352249" lon="22.492071978565438">
    <ele>93.73</ele>
   </trkpt>
   <trkpt lat="39.78678200529166" lon="22.492523967851955">
    <ele>91.89000000000001</ele>
   </trkpt>
   <trkpt lat="39.787598005307416" lon="22.492975967860094">
    <ele>89.78000000000002</ele>
   </trkpt>
   <trkpt lat="39.78841400356967" lon="22.493427978590393">
    <ele>88.59</ele>
   </trkpt>
   <trkpt lat="39.78923" lon="22.49388">
    <ele>87.45000000000002</ele>
   </trkpt>
   <trkpt lat="39.78994250172869" lon="22.49424998848592">
    <ele>85.41000000000001</ele>
   </trkpt>
   <trkpt lat="39.790655002282435" lon="22.494619984635975">
    <ele>84.23000000000002</ele>
   </trkpt>
   <trkpt lat="39.79136750166122" lon="22.49498998845051">
    <ele>82.74000000000001</ele>
   </trkpt>
   <trkpt lat="39.792080000000006" lon="22.49536">
    <ele>82.08</ele>
   </trkpt>
   <trkpt lat="39.79285333498241" lon="22.495796656855138">
    <ele>80.10000000000001</ele>
   </trkpt>
   <trkpt lat="39.79362666832827" lon="22.496233323528706">
    <ele>77.66000000000001</ele>
   </trkpt>
   <trkpt lat="39.7944" lon="22.49667">
    <ele>73.24</ele>
   </trkpt>
   <trkpt lat="39.79504500043037" lon="22.49699999688646">
    <ele>68.15</ele>
   </trkpt>
   <trkpt lat="39.79569" lon="22.49733">
    <ele>66.67</ele>
   </trkpt>
   <trkpt lat="39.79567" lon="22.497310000000002">
    <ele>66.82000000000001</ele>
   </trkpt>
   <trkpt lat="39.79628500043904" lon="22.497629997138393">
    <ele>63.52</ele>
   </trkpt>
   <trkpt lat="39.7969" lon="22.497950000000003">
    <ele>60.07000000000001</ele>
   </trkpt>
   <trkpt lat="39.797520000000006" lon="22.49821">
    <ele>59.04</ele>
   </trkpt>
   <trkpt lat="39.79797000000001" lon="22.498410000000003">
    <ele>58.84</ele>
   </trkpt>
   <trkpt lat="39.798640000000006" lon="22.498810000000002">
    <ele>59.190000000000005</ele>
   </trkpt>
   <trkpt lat="39.79876" lon="22.4984">
    <ele>59.64000000000001</ele>
   </trkpt>
   <trkpt lat="39.79924000319913" lon="22.4975400059577">
    <ele>63.80000000000001</ele>
   </trkpt>
   <trkpt lat="39.79972" lon="22.49668">
    <ele>65.98</ele>
   </trkpt>
   <trkpt lat="39.800250000000005" lon="22.495820000000002">
    <ele>70.27</ele>
   </trkpt>
   <trkpt lat="39.800865003122894" lon="22.494970007571183">
    <ele>72.86000000000001</ele>
   </trkpt>
   <trkpt lat="39.801480000000005" lon="22.494120000000002">
    <ele>78.66000000000001</ele>
   </trkpt>
   <trkpt lat="39.8018850015738" lon="22.493510003627584">
    <ele>84.11</ele>
   </trkpt>
   <trkpt lat="39.802290000000006" lon="22.492900000000002">
    <ele>86.27000000000001</ele>
   </trkpt>
   <trkpt lat="39.80275" lon="22.49226">
    <ele>89.19</ele>
   </trkpt>
   <trkpt lat="39.802890000000005" lon="22.4921">
    <ele>89.51</ele>
   </trkpt>
   <trkpt lat="39.80346" lon="22.491860000000003">
    <ele>92.73</ele>
   </trkpt>
   <trkpt lat="39.80355" lon="22.4918">
    <ele>93.48</ele>
   </trkpt>
   <trkpt lat="39.803740000000005" lon="22.491590000000002">
    <ele>96.07000000000001</ele>
   </trkpt>
   <trkpt lat="39.80388000000001" lon="22.491220000000002">
    <ele>98.01</ele>
   </trkpt>
   <trkpt lat="39.803940000000004" lon="22.49107">
    <ele>99.0</ele>
   </trkpt>
   <trkpt lat="39.80402" lon="22.491100000000003">
    <ele>99.0</ele>
   </trkpt>
   <trkpt lat="39.80424" lon="22.49127">
    <ele>96.42</ele>
   </trkpt>
   <trkpt lat="39.80431" lon="22.49135">
    <ele>96.2</ele>
   </trkpt>
   <trkpt lat="39.80431" lon="22.491480000000003">
    <ele>95.36000000000001</ele>
   </trkpt>
   <trkpt lat="39.80431" lon="22.491500000000002">
    <ele>95.30000000000001</ele>
   </trkpt>
   <trkpt lat="39.80425" lon="22.49229">
    <ele>92.1</ele>
   </trkpt>
   <trkpt lat="39.80424" lon="22.49312">
    <ele>84.62</ele>
   </trkpt>
   <trkpt lat="39.80421500420876" lon="22.494110000264932">
    <ele>77.22000000000001</ele>
   </trkpt>
   <trkpt lat="39.804190000000006" lon="22.4951">
    <ele>73.76</ele>
   </trkpt>
   <trkpt lat="39.8041900032112" lon="22.495964999959057">
    <ele>64.35000000000001</ele>
   </trkpt>
   <trkpt lat="39.804190000000006" lon="22.496830000000003">
    <ele>64.22</ele>
   </trkpt>
   <trkpt lat="39.803490000002924" lon="22.496870000815047">
    <ele>65.14</ele>
   </trkpt>
   <trkpt lat="39.802789999992115" lon="22.49691000081565">
    <ele>65.55000000000001</ele>
   </trkpt>
   <trkpt lat="39.80209" lon="22.496950000000002">
    <ele>66.26</ele>
   </trkpt>
   <trkpt lat="39.801730000000006" lon="22.496950000000002">
    <ele>66.35000000000001</ele>
   </trkpt>
   <trkpt lat="39.80104" lon="22.49689">
    <ele>65.93</ele>
   </trkpt>
   <trkpt lat="39.80082" lon="22.4969">
    <ele>65.74000000000001</ele>
   </trkpt>
   <trkpt lat="39.80062" lon="22.496950000000002">
    <ele>65.35000000000001</ele>
   </trkpt>
   <trkpt lat="39.800430000000006" lon="22.497040000000002">
    <ele>65.05000000000001</ele>
   </trkpt>
   <trkpt lat="39.80044" lon="22.497120000000002">
    <ele>64.92</ele>
   </trkpt>
   <trkpt lat="39.80039" lon="22.49715">
    <ele>64.80000000000001</ele>
   </trkpt>
   <trkpt lat="39.8003" lon="22.49765">
    <ele>62.84</ele>
   </trkpt>
   <trkpt lat="39.80022" lon="22.498540000000002">
    <ele>58.61</ele>
   </trkpt>
   <trkpt lat="39.800140000000006" lon="22.498810000000002">
    <ele>57.57</ele>
   </trkpt>
   <trkpt lat="39.800050000000006" lon="22.49893">
    <ele>57.42</ele>
   </trkpt>
   <trkpt lat="39.79992" lon="22.49903">
    <ele>56.99</ele>
   </trkpt>
   <trkpt lat="39.799820000000004" lon="22.499060000000004">
    <ele>56.84</ele>
   </trkpt>
   <trkpt lat="39.7997" lon="22.499060000000004">
    <ele>56.68</ele>
   </trkpt>
   <trkpt lat="39.799640000000004" lon="22.49905">
    <ele>56.620000000000005</ele>
   </trkpt>
   <trkpt lat="39.79932" lon="22.49886">
    <ele>56.980000000000004</ele>
   </trkpt>
   <trkpt lat="39.798970000000004" lon="22.498600000000003">
    <ele>58.45</ele>
   </trkpt>
   <trkpt lat="39.79876" lon="22.4984">
    <ele>59.64000000000001</ele>
   </trkpt>
   <trkpt lat="39.79865" lon="22.49857">
    <ele>59.45</ele>
   </trkpt>
   <trkpt lat="39.798570000000005" lon="22.49877">
    <ele>59.2</ele>
   </trkpt>
   <trkpt lat="39.79797000000001" lon="22.498410000000003">
    <ele>58.84</ele>
   </trkpt>
   <trkpt lat="39.797450000000005" lon="22.49818">
    <ele>59.13</ele>
   </trkpt>
   <trkpt lat="39.79742" lon="22.498320000000003">
    <ele>58.830000000000005</ele>
   </trkpt>
   <trkpt lat="39.79742" lon="22.498450000000002">
    <ele>58.830000000000005</ele>
   </trkpt>
   <trkpt lat="39.797290000000004" lon="22.498920000000002">
    <ele>58.410000000000004</ele>
   </trkpt>
   <trkpt lat="39.797290000000004" lon="22.49902">
    <ele>58.410000000000004</ele>
   </trkpt>
   <trkpt lat="39.797340000000005" lon="22.4993">
    <ele>58.17</ele>
   </trkpt>
   <trkpt lat="39.79748" lon="22.499650000000003">
    <ele>57.830000000000005</ele>
   </trkpt>
   <trkpt lat="39.79755" lon="22.499760000000002">
    <ele>57.720000000000006</ele>
   </trkpt>
   <trkpt lat="39.797630000000005" lon="22.499840000000003">
    <ele>57.720000000000006</ele>
   </trkpt>
   <trkpt lat="39.79771" lon="22.49988">
    <ele>57.720000000000006</ele>
   </trkpt>
   <trkpt lat="39.79784" lon="22.49989">
    <ele>57.56</ele>
   </trkpt>
   <trkpt lat="39.79791" lon="22.499850000000002">
    <ele>57.56</ele>
   </trkpt>
   <trkpt lat="39.798170000000006" lon="22.499640000000003">
    <ele>57.260000000000005</ele>
   </trkpt>
   <trkpt lat="39.798320000000004" lon="22.4996">
    <ele>57.03</ele>
   </trkpt>
   <trkpt lat="39.798550000000006" lon="22.499660000000002">
    <ele>56.190000000000005</ele>
   </trkpt>
   <trkpt lat="39.79909000000001" lon="22.499920000000003">
    <ele>54.730000000000004</ele>
   </trkpt>
   <trkpt lat="39.799910000000004" lon="22.500390000000003">
    <ele>54.13</ele>
   </trkpt>
   <trkpt lat="39.80053000089925" lon="22.500699994447302">
    <ele>54.57000000000001</ele>
   </trkpt>
   <trkpt lat="39.80115000097365" lon="22.501009994484427">
    <ele>53.08</ele>
   </trkpt>
   <trkpt lat="39.801770000000005" lon="22.501320000000003">
    <ele>50.7</ele>
   </trkpt>
   <trkpt lat="39.80224000046188" lon="22.501604998120698">
    <ele>48.61000000000001</ele>
   </trkpt>
   <trkpt lat="39.802710000000005" lon="22.501890000000003">
    <ele>47.470000000000006</ele>
   </trkpt>
   <trkpt lat="39.80293" lon="22.50204">
    <ele>47.25000000000001</ele>
   </trkpt>
   <trkpt lat="39.8031" lon="22.50221">
    <ele>46.8</ele>
   </trkpt>
   <trkpt lat="39.803490000000004" lon="22.5027">
    <ele>46.02</ele>
   </trkpt>
   <trkpt lat="39.803830000000005" lon="22.503220000000002">
    <ele>44.730000000000004</ele>
   </trkpt>
   <trkpt lat="39.80393" lon="22.50334">
    <ele>44.730000000000004</ele>
   </trkpt>
   <trkpt lat="39.80406" lon="22.50345">
    <ele>44.730000000000004</ele>
   </trkpt>
   <trkpt lat="39.804190000000006" lon="22.503510000000002">
    <ele>44.36</ele>
   </trkpt>
   <trkpt lat="39.80424" lon="22.50353">
    <ele>44.27</ele>
   </trkpt>
   <trkpt lat="39.804300000000005" lon="22.50356">
    <ele>44.1</ele>
   </trkpt>
   <trkpt lat="39.804700000000004" lon="22.50364">
    <ele>43.5</ele>
   </trkpt>
   <trkpt lat="39.80543" lon="22.503700000000002">
    <ele>42.95</ele>
   </trkpt>
   <trkpt lat="39.80613" lon="22.503800000000002">
    <ele>42.300000000000004</ele>
   </trkpt>
   <trkpt lat="39.806360000000005" lon="22.503870000000003">
    <ele>41.89</ele>
   </trkpt>
   <trkpt lat="39.80669" lon="22.50402">
    <ele>41.440000000000005</ele>
   </trkpt>
   <trkpt lat="39.807400001351965" lon="22.504416658474476">
    <ele>39.940000000000005</ele>
   </trkpt>
   <trkpt lat="39.80811000135335" lon="22.504813325141782">
    <ele>38.57</ele>
   </trkpt>
   <trkpt lat="39.808820000000004" lon="22.50521">
    <ele>37.35</ele>
   </trkpt>
   <trkpt lat="39.809300000546045" lon="22.505489998167217">
    <ele>35.29</ele>
   </trkpt>
   <trkpt lat="39.80978" lon="22.505770000000002">
    <ele>34.620000000000005</ele>
   </trkpt>
   <trkpt lat="39.81027000046853" lon="22.506019998320205">
    <ele>34.97</ele>
   </trkpt>
   <trkpt lat="39.81076" lon="22.50627">
    <ele>35.75</ele>
   </trkpt>
   <trkpt lat="39.811400001032986" lon="22.50661666021222">
    <ele>36.07000000000001</ele>
   </trkpt>
   <trkpt lat="39.81204000103441" lon="22.506963326879568">
    <ele>36.33</ele>
   </trkpt>
   <trkpt lat="39.81268" lon="22.50731">
    <ele>36.63</ele>
   </trkpt>
   <trkpt lat="39.812960000000004" lon="22.50748">
    <ele>36.78</ele>
   </trkpt>
   <trkpt lat="39.81304" lon="22.50756">
    <ele>36.9</ele>
   </trkpt>
   <trkpt lat="39.813190000000006" lon="22.50776">
    <ele>37.17</ele>
   </trkpt>
   <trkpt lat="39.813300000000005" lon="22.50796">
    <ele>37.17</ele>
   </trkpt>
   <trkpt lat="39.81354" lon="22.50852">
    <ele>37.42</ele>
   </trkpt>
   <trkpt lat="39.813660000000006" lon="22.508730000000003">
    <ele>37.42</ele>
   </trkpt>
   <trkpt lat="39.813900000000004" lon="22.50899">
    <ele>37.76</ele>
   </trkpt>
   <trkpt lat="39.81412" lon="22.509130000000003">
    <ele>37.76</ele>
   </trkpt>
   <trkpt lat="39.8143" lon="22.509200000000003">
    <ele>37.910000000000004</ele>
   </trkpt>
   <trkpt lat="39.81468" lon="22.509210000000003">
    <ele>37.98</ele>
   </trkpt>
   <trkpt lat="39.81485" lon="22.50917">
    <ele>37.93000000000001</ele>
   </trkpt>
   <trkpt lat="39.81552000000001" lon="22.508860000000002">
    <ele>37.33</ele>
   </trkpt>
   <trkpt lat="39.815760000000004" lon="22.508830000000003">
    <ele>37.03</ele>
   </trkpt>
   <trkpt lat="39.815960000000004" lon="22.508840000000003">
    <ele>37.03</ele>
   </trkpt>
   <trkpt lat="39.816700000000004" lon="22.509110000000003">
    <ele>36.68000000000001</ele>
   </trkpt>
   <trkpt lat="39.81736000042285" lon="22.5093249980084">
    <ele>36.11</ele>
   </trkpt>
   <trkpt lat="39.818020000000004" lon="22.50954">
    <ele>35.76</ele>
   </trkpt>
   <trkpt lat="39.81885142961068" lon="22.509741413947935">
    <ele>35.5</ele>
   </trkpt>
   <trkpt lat="39.8196828588731" lon="22.509942832769482">
    <ele>34.800000000000004</ele>
   </trkpt>
   <trkpt lat="39.820514287787255" lon="22.510144256464905">
    <ele>34.54</ele>
   </trkpt>
   <trkpt lat="39.821345716353115" lon="22.51034568503445">
    <ele>34.300000000000004</ele>
   </trkpt>
   <trkpt lat="39.82217714457066" lon="22.510547118478396">
    <ele>34.06</ele>
   </trkpt>
   <trkpt lat="39.823008572439875" lon="22.510748556796987">
    <ele>33.86</ele>
   </trkpt>
   <trkpt lat="39.823840000000004" lon="22.51095">
    <ele>33.57</ele>
   </trkpt>
   <trkpt lat="39.82453333356317" lon="22.51114666266857">
    <ele>33.120000000000005</ele>
   </trkpt>
   <trkpt lat="39.8252266667943" lon="22.511343329306182">
    <ele>33.25</ele>
   </trkpt>
   <trkpt lat="39.82592" lon="22.51154">
    <ele>33.0</ele>
   </trkpt>
   <trkpt lat="39.826710000000006" lon="22.511830000000003">
    <ele>32.800000000000004</ele>
   </trkpt>
   <trkpt lat="39.827290000000005" lon="22.512120000000003">
    <ele>33.14</ele>
   </trkpt>
   <trkpt lat="39.82795" lon="22.512390000000003">
    <ele>32.49</ele>
   </trkpt>
   <trkpt lat="39.82836" lon="22.512610000000002">
    <ele>31.790000000000006</ele>
   </trkpt>
   <trkpt lat="39.828680000000006" lon="22.51285">
    <ele>31.490000000000002</ele>
   </trkpt>
   <trkpt lat="39.828770000000006" lon="22.51293">
    <ele>31.540000000000006</ele>
   </trkpt>
   <trkpt lat="39.82882" lon="22.51301">
    <ele>31.540000000000006</ele>
   </trkpt>
   <trkpt lat="39.82889" lon="22.513260000000002">
    <ele>31.89</ele>
   </trkpt>
   <trkpt lat="39.828950000000006" lon="22.513640000000002">
    <ele>31.96</ele>
   </trkpt>
   <trkpt lat="39.829" lon="22.51379">
    <ele>31.86</ele>
   </trkpt>
   <trkpt lat="39.829060000000005" lon="22.513830000000002">
    <ele>31.75</ele>
   </trkpt>
   <trkpt lat="39.8292" lon="22.513640000000002">
    <ele>31.25</ele>
   </trkpt>
   <trkpt lat="39.82916" lon="22.51276">
    <ele>30.410000000000004</ele>
   </trkpt>
   <trkpt lat="39.82907000363199" lon="22.511839998783223">
    <ele>30.150000000000002</ele>
   </trkpt>
   <trkpt lat="39.82898" lon="22.510920000000002">
    <ele>29.02</ele>
   </trkpt>
   <trkpt lat="39.82898" lon="22.51066">
    <ele>28.67</ele>
   </trkpt>
   <trkpt lat="39.82902" lon="22.51056">
    <ele>28.67</ele>
   </trkpt>
   <trkpt lat="39.82907" lon="22.510510000000004">
    <ele>28.64</ele>
   </trkpt>
   <trkpt lat="39.829130000000006" lon="22.51037">
    <ele>28.64</ele>
   </trkpt>
   <trkpt lat="39.82922000000001" lon="22.51032">
    <ele>23.58</ele>
   </trkpt>
   <trkpt lat="39.829330000000006" lon="22.51029">
    <ele>23.58</ele>
   </trkpt>
   <trkpt lat="39.829530000000005" lon="22.5104">
    <ele>23.24</ele>
   </trkpt>
   <trkpt lat="39.82972" lon="22.51056">
    <ele>23.06</ele>
   </trkpt>
   <trkpt lat="39.82992" lon="22.510810000000003">
    <ele>22.73</ele>
   </trkpt>
   <trkpt lat="39.83012" lon="22.511120000000002">
    <ele>22.13</ele>
   </trkpt>
   <trkpt lat="39.83043" lon="22.511490000000002">
    <ele>22.02</ele>
   </trkpt>
   <trkpt lat="39.83072000000001" lon="22.511730000000004">
    <ele>22.04</ele>
   </trkpt>
   <trkpt lat="39.831210000000006" lon="22.51197">
    <ele>22.62</ele>
   </trkpt>
   <trkpt lat="39.831720000000004" lon="22.51218">
    <ele>23.020000000000003</ele>
   </trkpt>
   <trkpt lat="39.831990000000005" lon="22.51226">
    <ele>22.770000000000003</ele>
   </trkpt>
   <trkpt lat="39.832524999812755" lon="22.51237499905185">
    <ele>22.400000000000002</ele>
   </trkpt>
   <trkpt lat="39.83306" lon="22.512490000000003">
    <ele>22.51</ele>
   </trkpt>
   <trkpt lat="39.833380000000005" lon="22.51257">
    <ele>23.090000000000003</ele>
   </trkpt>
   <trkpt lat="39.833930000142125" lon="22.512679999137212">
    <ele>23.55</ele>
   </trkpt>
   <trkpt lat="39.834480000000006" lon="22.512790000000003">
    <ele>24.400000000000002</ele>
   </trkpt>
   <trkpt lat="39.834944999749425" lon="22.512869999410544">
    <ele>24.540000000000003</ele>
   </trkpt>
   <trkpt lat="39.83541" lon="22.512950000000004">
    <ele>24.43</ele>
   </trkpt>
   <trkpt lat="39.83588" lon="22.512980000000002">
    <ele>24.25</ele>
   </trkpt>
   <trkpt lat="39.836400000000005" lon="22.512970000000003">
    <ele>23.89</ele>
   </trkpt>
   <trkpt lat="39.83659" lon="22.51294">
    <ele>23.520000000000003</ele>
   </trkpt>
   <trkpt lat="39.837325000000114" lon="22.512850000967447">
    <ele>23.020000000000003</ele>
   </trkpt>
   <trkpt lat="39.838060000000006" lon="22.51276">
    <ele>23.21</ele>
   </trkpt>
   <trkpt lat="39.838390000000004" lon="22.51276">
    <ele>22.8</ele>
   </trkpt>
   <trkpt lat="39.83854" lon="22.51282">
    <ele>22.12</ele>
   </trkpt>
   <trkpt lat="39.83885" lon="22.51284">
    <ele>21.490000000000002</ele>
   </trkpt>
   <trkpt lat="39.83901" lon="22.512800000000002">
    <ele>20.87</ele>
   </trkpt>
   <trkpt lat="39.83954000033952" lon="22.51257000172632">
    <ele>19.69</ele>
   </trkpt>
   <trkpt lat="39.840070000000004" lon="22.512340000000002">
    <ele>18.590000000000003</ele>
   </trkpt>
   <trkpt lat="39.84022" lon="22.512240000000002">
    <ele>18.17</ele>
   </trkpt>
   <trkpt lat="39.84033" lon="22.512200000000004">
    <ele>18.04</ele>
   </trkpt>
   <trkpt lat="39.84049" lon="22.512050000000002">
    <ele>17.980000000000004</ele>
   </trkpt>
   <trkpt lat="39.84055" lon="22.51219">
    <ele>18.03</ele>
   </trkpt>
   <trkpt lat="39.84062" lon="22.51228">
    <ele>18.03</ele>
   </trkpt>
   <trkpt lat="39.841260000000005" lon="22.512870000000003">
    <ele>18.29</ele>
   </trkpt>
   <trkpt lat="39.84171000079217" lon="22.51330499712982">
    <ele>19.520000000000003</ele>
   </trkpt>
   <trkpt lat="39.84216" lon="22.513740000000002">
    <ele>19.720000000000002</ele>
   </trkpt>
   <trkpt lat="39.84225" lon="22.513800000000003">
    <ele>19.810000000000002</ele>
   </trkpt>
   <trkpt lat="39.84235" lon="22.513840000000002">
    <ele>19.82</ele>
   </trkpt>
   <trkpt lat="39.842620000000004" lon="22.513900000000003">
    <ele>19.680000000000003</ele>
   </trkpt>
   <trkpt lat="39.84325000008725" lon="22.513934999683425">
    <ele>17.900000000000002</ele>
   </trkpt>
   <trkpt lat="39.843880000000006" lon="22.51397">
    <ele>16.42</ele>
   </trkpt>
   <trkpt lat="39.84441" lon="22.513830000000002">
    <ele>16.42</ele>
   </trkpt>
   <trkpt lat="39.844620000000006" lon="22.51385">
    <ele>16.42</ele>
   </trkpt>
   <trkpt lat="39.84472" lon="22.513890000000004">
    <ele>16.42</ele>
   </trkpt>
   <trkpt lat="39.845310000000005" lon="22.51434">
    <ele>16.42</ele>
   </trkpt>
   <trkpt lat="39.84593" lon="22.514660000000003">
    <ele>16.42</ele>
   </trkpt>
   <trkpt lat="39.84661500073623" lon="22.515054996097213">
    <ele>19.450000000000003</ele>
   </trkpt>
   <trkpt lat="39.847300000000004" lon="22.51545">
    <ele>19.450000000000003</ele>
   </trkpt>
   <trkpt lat="39.847590000000004" lon="22.51572">
    <ele>19.450000000000003</ele>
   </trkpt>
   <trkpt lat="39.847860000000004" lon="22.515890000000002">
    <ele>19.450000000000003</ele>
   </trkpt>
   <trkpt lat="39.84801" lon="22.51601">
    <ele>19.450000000000003</ele>
   </trkpt>
   <trkpt lat="39.848240000000004" lon="22.51629">
    <ele>19.450000000000003</ele>
   </trkpt>
   <trkpt lat="39.84832" lon="22.516330000000004">
    <ele>19.450000000000003</ele>
   </trkpt>
   <trkpt lat="39.84886" lon="22.51631">
    <ele>19.450000000000003</ele>
   </trkpt>
   <trkpt lat="39.84933" lon="22.516340000000003">
    <ele>19.05</ele>
   </trkpt>
   <trkpt lat="39.8496" lon="22.516440000000003">
    <ele>19.290000000000003</ele>
   </trkpt>
   <trkpt lat="39.85017000112579" lon="22.51696999552467">
    <ele>20.6</ele>
   </trkpt>
   <trkpt lat="39.85074" lon="22.517500000000002">
    <ele>22.400000000000002</ele>
   </trkpt>
   <trkpt lat="39.850730000000006" lon="22.517500000000002">
    <ele>22.39</ele>
   </trkpt>
   <trkpt lat="39.85087" lon="22.5176">
    <ele>22.750000000000004</ele>
   </trkpt>
   <trkpt lat="39.8516750005897" lon="22.51795499585823">
    <ele>22.53</ele>
   </trkpt>
   <trkpt lat="39.85248" lon="22.518310000000003">
    <ele>21.02</ele>
   </trkpt>
   <trkpt lat="39.852970000000006" lon="22.518580000000004">
    <ele>20.43</ele>
   </trkpt>
   <trkpt lat="39.853610000814875" lon="22.519024995826168">
    <ele>21.05</ele>
   </trkpt>
   <trkpt lat="39.85425" lon="22.519470000000002">
    <ele>20.23</ele>
   </trkpt>
   <trkpt lat="39.854910000000004" lon="22.51989">
    <ele>19.630000000000003</ele>
   </trkpt>
   <trkpt lat="39.855450000000005" lon="22.520200000000003">
    <ele>19.4</ele>
   </trkpt>
   <trkpt lat="39.85551" lon="22.52023">
    <ele>19.4</ele>
   </trkpt>
   <trkpt lat="39.855900000000005" lon="22.520270000000004">
    <ele>19.14</ele>
   </trkpt>
   <trkpt lat="39.856010000000005" lon="22.520310000000002">
    <ele>19.06</ele>
   </trkpt>
   <trkpt lat="39.85611" lon="22.520410000000002">
    <ele>19.040000000000003</ele>
   </trkpt>
   <trkpt lat="39.856170000000006" lon="22.52063">
    <ele>19.090000000000003</ele>
   </trkpt>
   <trkpt lat="39.856170000000006" lon="22.520780000000002">
    <ele>19.180000000000003</ele>
   </trkpt>
   <trkpt lat="39.85604" lon="22.52111">
    <ele>19.03</ele>
   </trkpt>
   <trkpt lat="39.855970000000006" lon="22.5212">
    <ele>18.92</ele>
   </trkpt>
   <trkpt lat="39.85586" lon="22.52127">
    <ele>18.96</ele>
   </trkpt>
   <trkpt lat="39.85575" lon="22.5213">
    <ele>19.23</ele>
   </trkpt>
   <trkpt lat="39.85569" lon="22.52127">
    <ele>19.23</ele>
   </trkpt>
   <trkpt lat="39.855610000000006" lon="22.5212">
    <ele>19.31</ele>
   </trkpt>
   <trkpt lat="39.855450000000005" lon="22.520880000000002">
    <ele>19.44</ele>
   </trkpt>
   <trkpt lat="39.85512000000001" lon="22.52055">
    <ele>19.58</ele>
   </trkpt>
   <trkpt lat="39.85464" lon="22.520180000000003">
    <ele>19.450000000000003</ele>
   </trkpt>
   <trkpt lat="39.854260000000004" lon="22.519940000000002">
    <ele>19.87</ele>
   </trkpt>
   <trkpt lat="39.854110000000006" lon="22.519900000000003">
    <ele>20.240000000000002</ele>
   </trkpt>
   <trkpt lat="39.853970000000004" lon="22.519910000000003">
    <ele>21.150000000000002</ele>
   </trkpt>
   <trkpt lat="39.85351" lon="22.52017">
    <ele>23.64</ele>
   </trkpt>
   <trkpt lat="39.85343" lon="22.520280000000003">
    <ele>23.76</ele>
   </trkpt>
   <trkpt lat="39.85329" lon="22.52054">
    <ele>23.19</ele>
   </trkpt>
   <trkpt lat="39.85329" lon="22.520690000000002">
    <ele>23.42</ele>
   </trkpt>
   <trkpt lat="39.85323" lon="22.52083">
    <ele>23.860000000000003</ele>
   </trkpt>
   <trkpt lat="39.85338" lon="22.520960000000002">
    <ele>24.25</ele>
   </trkpt>
   <trkpt lat="39.853550000000006" lon="22.5212">
    <ele>23.080000000000002</ele>
   </trkpt>
   <trkpt lat="39.85378" lon="22.52145">
    <ele>22.12</ele>
   </trkpt>
   <trkpt lat="39.854130000000005" lon="22.521710000000002">
    <ele>20.77</ele>
   </trkpt>
   <trkpt lat="39.854260000000004" lon="22.52184">
    <ele>20.67</ele>
   </trkpt>
   <trkpt lat="39.854440000000004" lon="22.522100000000002">
    <ele>20.48</ele>
   </trkpt>
   <trkpt lat="39.8547" lon="22.52259">
    <ele>20.73</ele>
   </trkpt>
   <trkpt lat="39.85492" lon="22.52286">
    <ele>20.580000000000002</ele>
   </trkpt>
   <trkpt lat="39.85499" lon="22.523100000000003">
    <ele>19.790000000000003</ele>
   </trkpt>
   <trkpt lat="39.8551" lon="22.523300000000003">
    <ele>19.05</ele>
   </trkpt>
   <trkpt lat="39.85535" lon="22.523680000000002">
    <ele>18.53</ele>
   </trkpt>
   <trkpt lat="39.85591" lon="22.524430000000002">
    <ele>17.88</ele>
   </trkpt>
   <trkpt lat="39.85607" lon="22.52475">
    <ele>17.67</ele>
   </trkpt>
   <trkpt lat="39.85649" lon="22.525470000000002">
    <ele>16.98</ele>
   </trkpt>
   <trkpt lat="39.85658" lon="22.52569">
    <ele>17.080000000000002</ele>
   </trkpt>
   <trkpt lat="39.85689" lon="22.526690000000002">
    <ele>18.88</ele>
   </trkpt>
   <trkpt lat="39.857040000000005" lon="22.52691">
    <ele>18.99</ele>
   </trkpt>
   <trkpt lat="39.857200000000006" lon="22.527070000000002">
    <ele>18.99</ele>
   </trkpt>
   <trkpt lat="39.85772000057604" lon="22.527429997285836">
    <ele>19.360000000000003</ele>
   </trkpt>
   <trkpt lat="39.85824" lon="22.527790000000003">
    <ele>19.720000000000002</ele>
   </trkpt>
   <trkpt lat="39.85822" lon="22.527780000000003">
    <ele>19.71</ele>
   </trkpt>
   <trkpt lat="39.85889" lon="22.528280000000002">
    <ele>21.07</ele>
   </trkpt>
   <trkpt lat="39.85902" lon="22.528480000000002">
    <ele>21.0</ele>
   </trkpt>
   <trkpt lat="39.859300000000005" lon="22.528760000000002">
    <ele>19.540000000000003</ele>
   </trkpt>
   <trkpt lat="39.859280000000005" lon="22.528740000000003">
    <ele>19.630000000000003</ele>
   </trkpt>
   <trkpt lat="39.85958" lon="22.529090000000004">
    <ele>18.910000000000004</ele>
   </trkpt>
   <trkpt lat="39.85972" lon="22.529300000000003">
    <ele>19.07</ele>
   </trkpt>
   <trkpt lat="39.85987" lon="22.529590000000002">
    <ele>20.360000000000003</ele>
   </trkpt>
   <trkpt lat="39.85972" lon="22.530070000000002">
    <ele>23.680000000000003</ele>
   </trkpt>
   <trkpt lat="39.859590000000004" lon="22.530220000000003">
    <ele>25.490000000000002</ele>
   </trkpt>
   <trkpt lat="39.859480000000005" lon="22.53029">
    <ele>25.490000000000002</ele>
   </trkpt>
   <trkpt lat="39.85945" lon="22.53036">
    <ele>26.54</ele>
   </trkpt>
   <trkpt lat="39.85945" lon="22.530450000000002">
    <ele>26.54</ele>
   </trkpt>
   <trkpt lat="39.859570000000005" lon="22.530900000000003">
    <ele>27.14</ele>
   </trkpt>
   <trkpt lat="39.85882" lon="22.531190000000002">
    <ele>35.2</ele>
   </trkpt>
   <trkpt lat="39.85878" lon="22.53122">
    <ele>35.2</ele>
   </trkpt>
   <trkpt lat="39.858670000000004" lon="22.531390000000002">
    <ele>35.2</ele>
   </trkpt>
   <trkpt lat="39.85855" lon="22.53115">
    <ele>35.85</ele>
   </trkpt>
   <trkpt lat="39.85835" lon="22.53058">
    <ele>36.56</ele>
   </trkpt>
   <trkpt lat="39.85826" lon="22.5304">
    <ele>35.75</ele>
   </trkpt>
   <trkpt lat="39.85833" lon="22.530730000000002">
    <ele>35.82000000000001</ele>
   </trkpt>
   <trkpt lat="39.858340000000005" lon="22.530900000000003">
    <ele>35.74</ele>
   </trkpt>
   <trkpt lat="39.85846" lon="22.531290000000002">
    <ele>35.57</ele>
   </trkpt>
   <trkpt lat="39.85866" lon="22.531670000000002">
    <ele>35.300000000000004</ele>
   </trkpt>
   <trkpt lat="39.858830000000005" lon="22.5319">
    <ele>34.2</ele>
   </trkpt>
   <trkpt lat="39.858990000000006" lon="22.53208">
    <ele>33.49</ele>
   </trkpt>
   <trkpt lat="39.859350000000006" lon="22.53243">
    <ele>30.79</ele>
   </trkpt>
   <trkpt lat="39.859730000000006" lon="22.532750000000004">
    <ele>29.980000000000004</ele>
   </trkpt>
   <trkpt lat="39.86037" lon="22.533340000000003">
    <ele>27.340000000000003</ele>
   </trkpt>
   <trkpt lat="39.86102" lon="22.533810000000003">
    <ele>25.640000000000004</ele>
   </trkpt>
   <trkpt lat="39.86121" lon="22.533990000000003">
    <ele>25.400000000000002</ele>
   </trkpt>
   <trkpt lat="39.86141000000001" lon="22.534260000000003">
    <ele>25.25</ele>
   </trkpt>
   <trkpt lat="39.86151" lon="22.534480000000002">
    <ele>25.19</ele>
   </trkpt>
   <trkpt lat="39.861610000000006" lon="22.53479">
    <ele>25.330000000000002</ele>
   </trkpt>
   <trkpt lat="39.86175" lon="22.535290000000003">
    <ele>26.2</ele>
   </trkpt>
   <trkpt lat="39.86190000319804" lon="22.53615499802645">
    <ele>26.750000000000004</ele>
   </trkpt>
   <trkpt lat="39.86205" lon="22.537020000000002">
    <ele>27.250000000000004</ele>
   </trkpt>
   <trkpt lat="39.86216" lon="22.537470000000003">
    <ele>28.32</ele>
   </trkpt>
   <trkpt lat="39.86227" lon="22.53779">
    <ele>29.76</ele>
   </trkpt>
   <trkpt lat="39.862410000000004" lon="22.538120000000003">
    <ele>29.76</ele>
   </trkpt>
   <trkpt lat="39.86278333822216" lon="22.538876658377056">
    <ele>33.5</ele>
   </trkpt>
   <trkpt lat="39.8631566715281" lon="22.53963332498809">
    <ele>35.35</ele>
   </trkpt>
   <trkpt lat="39.863530000000004" lon="22.540390000000002">
    <ele>37.470000000000006</ele>
   </trkpt>
   <trkpt lat="39.863690000000005" lon="22.54063">
    <ele>37.77</ele>
   </trkpt>
   <trkpt lat="39.863870000000006" lon="22.540830000000003">
    <ele>38.12</ele>
   </trkpt>
   <trkpt lat="39.86440500130793" lon="22.541389995593107">
    <ele>38.43000000000001</ele>
   </trkpt>
   <trkpt lat="39.864940000000004" lon="22.541950000000003">
    <ele>38.27</ele>
   </trkpt>
   <trkpt lat="39.86556" lon="22.542640000000002">
    <ele>38.18000000000001</ele>
   </trkpt>
   <trkpt lat="39.86608250525473" lon="22.54327998535181">
    <ele>36.85</ele>
   </trkpt>
   <trkpt lat="39.866605006992366" lon="22.543919980451737">
    <ele>34.78</ele>
   </trkpt>
   <trkpt lat="39.86712750521283" lon="22.54455998530006">
    <ele>32.830000000000005</ele>
   </trkpt>
   <trkpt lat="39.867650000000005" lon="22.5452">
    <ele>30.87</ele>
   </trkpt>
   <trkpt lat="39.86815666959903" lon="22.545783324728806">
    <ele>29.09</ele>
   </trkpt>
   <trkpt lat="39.86866333627614" lon="22.546366658074042">
    <ele>26.79</ele>
   </trkpt>
   <trkpt lat="39.869170000000004" lon="22.546950000000002">
    <ele>25.060000000000002</ele>
   </trkpt>
   <trkpt lat="39.8695" lon="22.54727">
    <ele>23.8</ele>
   </trkpt>
   <trkpt lat="39.87001" lon="22.547600000000003">
    <ele>23.380000000000003</ele>
   </trkpt>
   <trkpt lat="39.870760000000004" lon="22.547990000000002">
    <ele>24.720000000000002</ele>
   </trkpt>
   <trkpt lat="39.87107" lon="22.54814">
    <ele>25.02</ele>
   </trkpt>
   <trkpt lat="39.871340000000004" lon="22.54832">
    <ele>25.490000000000002</ele>
   </trkpt>
   <trkpt lat="39.87158" lon="22.548540000000003">
    <ele>26.19</ele>
   </trkpt>
   <trkpt lat="39.871840000000006" lon="22.54885">
    <ele>26.660000000000004</ele>
   </trkpt>
   <trkpt lat="39.87198" lon="22.54914">
    <ele>27.17</ele>
   </trkpt>
   <trkpt lat="39.87209" lon="22.54945">
    <ele>27.49</ele>
   </trkpt>
   <trkpt lat="39.872170000000004" lon="22.549860000000002">
    <ele>27.950000000000003</ele>
   </trkpt>
   <trkpt lat="39.8723" lon="22.550790000000003">
    <ele>28.860000000000003</ele>
   </trkpt>
   <trkpt lat="39.87234" lon="22.551660000000002">
    <ele>29.85</ele>
   </trkpt>
   <trkpt lat="39.872370000000004" lon="22.55186">
    <ele>29.85</ele>
   </trkpt>
   <trkpt lat="39.87247" lon="22.552200000000003">
    <ele>30.78</ele>
   </trkpt>
   <trkpt lat="39.87286" lon="22.55292">
    <ele>31.27</ele>
   </trkpt>
   <trkpt lat="39.873000000000005" lon="22.55328">
    <ele>31.490000000000002</ele>
   </trkpt>
   <trkpt lat="39.87308" lon="22.553600000000003">
    <ele>31.560000000000006</ele>
   </trkpt>
   <trkpt lat="39.8731" lon="22.553800000000003">
    <ele>31.59</ele>
   </trkpt>
   <trkpt lat="39.873110000000004" lon="22.55441">
    <ele>31.26</ele>
   </trkpt>
   <trkpt lat="39.87308" lon="22.555460000000004">
    <ele>30.42</ele>
   </trkpt>
   <trkpt lat="39.8731" lon="22.55572">
    <ele>29.970000000000002</ele>
   </trkpt>
   <trkpt lat="39.87317" lon="22.5562">
    <ele>29.5</ele>
   </trkpt>
   <trkpt lat="39.87326" lon="22.55664">
    <ele>28.59</ele>
   </trkpt>
   <trkpt lat="39.873380000000004" lon="22.55705">
    <ele>27.610000000000003</ele>
   </trkpt>
   <trkpt lat="39.873520000000006" lon="22.55732">
    <ele>27.21</ele>
   </trkpt>
   <trkpt lat="39.87404500254156" lon="22.55808499418635">
    <ele>27.180000000000003</ele>
   </trkpt>
   <trkpt lat="39.874570000000006" lon="22.558850000000003">
    <ele>28.600000000000005</ele>
   </trkpt>
   <trkpt lat="39.87482000000001" lon="22.559310000000004">
    <ele>29.830000000000002</ele>
   </trkpt>
   <trkpt lat="39.87509500333819" lon="22.560194996371873">
    <ele>31.22</ele>
   </trkpt>
   <trkpt lat="39.875370000000004" lon="22.56108">
    <ele>31.95</ele>
   </trkpt>
   <trkpt lat="39.87559" lon="22.56164">
    <ele>31.990000000000006</ele>
   </trkpt>
   <trkpt lat="39.8759" lon="22.56257">
    <ele>32.040000000000006</ele>
   </trkpt>
   <trkpt lat="39.87603" lon="22.563090000000003">
    <ele>32.03</ele>
   </trkpt>
   <trkpt lat="39.87614500145694" lon="22.563669999090653">
    <ele>32.370000000000005</ele>
   </trkpt>
   <trkpt lat="39.87626" lon="22.56425">
    <ele>32.510000000000005</ele>
   </trkpt>
   <trkpt lat="39.87630000156326" lon="22.56485499952071">
    <ele>32.86</ele>
   </trkpt>
   <trkpt lat="39.876340000000006" lon="22.56546">
    <ele>33.620000000000005</ele>
   </trkpt>
   <trkpt lat="39.87633" lon="22.565920000000002">
    <ele>33.800000000000004</ele>
   </trkpt>
   <trkpt lat="39.87628" lon="22.566360000000003">
    <ele>33.690000000000005</ele>
   </trkpt>
   <trkpt lat="39.87617500183044" lon="22.567010000894015">
    <ele>33.18</ele>
   </trkpt>
   <trkpt lat="39.876070000000006" lon="22.567660000000004">
    <ele>32.85</ele>
   </trkpt>
   <trkpt lat="39.87584000525162" lon="22.568765003662957">
    <ele>30.44</ele>
   </trkpt>
   <trkpt lat="39.87561" lon="22.56987">
    <ele>28.53</ele>
   </trkpt>
   <trkpt lat="39.87554" lon="22.57055">
    <ele>27.700000000000003</ele>
   </trkpt>
   <trkpt lat="39.87550000147093" lon="22.571140000693706">
    <ele>26.740000000000002</ele>
   </trkpt>
   <trkpt lat="39.875460000000004" lon="22.571730000000002">
    <ele>26.320000000000004</ele>
   </trkpt>
   <trkpt lat="39.875440000000005" lon="22.572190000000003">
    <ele>25.910000000000004</ele>
   </trkpt>
   <trkpt lat="39.87543" lon="22.57281">
    <ele>25.41</ele>
   </trkpt>
   <trkpt lat="39.87545500146743" lon="22.573394999740337">
    <ele>24.950000000000003</ele>
   </trkpt>
   <trkpt lat="39.87548" lon="22.573980000000002">
    <ele>24.35</ele>
   </trkpt>
   <trkpt lat="39.87557500261741" lon="22.574759998961536">
    <ele>23.990000000000002</ele>
   </trkpt>
   <trkpt lat="39.87567000000001" lon="22.57554">
    <ele>23.57</ele>
   </trkpt>
   <trkpt lat="39.8757800046104" lon="22.576574998442165">
    <ele>23.520000000000003</ele>
   </trkpt>
   <trkpt lat="39.875890000000005" lon="22.577610000000004">
    <ele>23.470000000000002</ele>
   </trkpt>
   <trkpt lat="39.87607500563913" lon="22.578754996973036">
    <ele>22.9</ele>
   </trkpt>
   <trkpt lat="39.87626" lon="22.579900000000002">
    <ele>23.03</ele>
   </trkpt>
   <trkpt lat="39.876310000000004" lon="22.58032">
    <ele>23.14</ele>
   </trkpt>
   <trkpt lat="39.876350001760805" lon="22.580959999660227">
    <ele>23.42</ele>
   </trkpt>
   <trkpt lat="39.87639" lon="22.5816">
    <ele>23.8</ele>
   </trkpt>
   <trkpt lat="39.876490000000004" lon="22.582150000000002">
    <ele>24.470000000000002</ele>
   </trkpt>
   <trkpt lat="39.87686" lon="22.58313">
    <ele>25.130000000000003</ele>
   </trkpt>
   <trkpt lat="39.87715" lon="22.5837">
    <ele>25.370000000000005</ele>
   </trkpt>
   <trkpt lat="39.87753000122761" lon="22.58422999709325">
    <ele>25.550000000000004</ele>
   </trkpt>
   <trkpt lat="39.87791" lon="22.584760000000003">
    <ele>25.59</ele>
   </trkpt>
   <trkpt lat="39.878150000000005" lon="22.585160000000002">
    <ele>25.7</ele>
   </trkpt>
   <trkpt lat="39.878220000000006" lon="22.585320000000003">
    <ele>25.820000000000004</ele>
   </trkpt>
   <trkpt lat="39.87843" lon="22.58595">
    <ele>26.830000000000002</ele>
   </trkpt>
   <trkpt lat="39.878690000000006" lon="22.58661">
    <ele>29.26</ele>
   </trkpt>
   <trkpt lat="39.87883" lon="22.58678">
    <ele>30.27</ele>
   </trkpt>
   <trkpt lat="39.87924" lon="22.58706">
    <ele>31.61</ele>
   </trkpt>
   <trkpt lat="39.879780000000004" lon="22.58736">
    <ele>35.03000000000001</ele>
   </trkpt>
   <trkpt lat="39.88018" lon="22.587600000000002">
    <ele>36.79</ele>
   </trkpt>
   <trkpt lat="39.880280000000006" lon="22.58772">
    <ele>37.64</ele>
   </trkpt>
   <trkpt lat="39.88045" lon="22.587970000000002">
    <ele>38.1</ele>
   </trkpt>
   <trkpt lat="39.88058" lon="22.58828">
    <ele>40.61</ele>
   </trkpt>
   <trkpt lat="39.88077000237192" lon="22.589029997750682">
    <ele>44.84</ele>
   </trkpt>
   <trkpt lat="39.88096" lon="22.58978">
    <ele>46.86000000000001</ele>
   </trkpt>
   <trkpt lat="39.881280000000004" lon="22.590840000000004">
    <ele>49.46</ele>
   </trkpt>
   <trkpt lat="39.88147" lon="22.59139">
    <ele>50.160000000000004</ele>
   </trkpt>
   <trkpt lat="39.88180000316308" lon="22.592239996065764">
    <ele>50.86</ele>
   </trkpt>
   <trkpt lat="39.882130000000004" lon="22.59309">
    <ele>51.61</ele>
   </trkpt>
   <trkpt lat="39.882250000000006" lon="22.593580000000003">
    <ele>51.9</ele>
   </trkpt>
   <trkpt lat="39.882400000000004" lon="22.594520000000003">
    <ele>52.190000000000005</ele>
   </trkpt>
   <trkpt lat="39.88253" lon="22.59503">
    <ele>52.370000000000005</ele>
   </trkpt>
   <trkpt lat="39.88264" lon="22.595370000000003">
    <ele>52.370000000000005</ele>
   </trkpt>
   <trkpt lat="39.88282" lon="22.595740000000003">
    <ele>52.50000000000001</ele>
   </trkpt>
   <trkpt lat="39.88306" lon="22.59618">
    <ele>52.52</ele>
   </trkpt>
   <trkpt lat="39.883370000000006" lon="22.59665">
    <ele>52.84</ele>
   </trkpt>
   <trkpt lat="39.883660000000006" lon="22.596970000000002">
    <ele>52.730000000000004</ele>
   </trkpt>
   <trkpt lat="39.883880000000005" lon="22.597130000000003">
    <ele>52.63</ele>
   </trkpt>
   <trkpt lat="39.88447" lon="22.59746">
    <ele>50.31000000000001</ele>
   </trkpt>
   <trkpt lat="39.88467" lon="22.597630000000002">
    <ele>49.7</ele>
   </trkpt>
   <trkpt lat="39.88505000000001" lon="22.598080000000003">
    <ele>47.580000000000005</ele>
   </trkpt>
   <trkpt lat="39.885375001059096" lon="22.598529998129322">
    <ele>45.900000000000006</ele>
   </trkpt>
   <trkpt lat="39.8857" lon="22.59898">
    <ele>44.870000000000005</ele>
   </trkpt>
   <trkpt lat="39.88586" lon="22.59935">
    <ele>43.52</ele>
   </trkpt>
   <trkpt lat="39.886120000000005" lon="22.600420000000003">
    <ele>41.760000000000005</ele>
   </trkpt>
   <trkpt lat="39.886285001428135" lon="22.60099999854657">
    <ele>40.52</ele>
   </trkpt>
   <trkpt lat="39.88645" lon="22.601580000000002">
    <ele>39.760000000000005</ele>
   </trkpt>
   <trkpt lat="39.88653" lon="22.6018">
    <ele>39.14</ele>
   </trkpt>
   <trkpt lat="39.886680000000005" lon="22.6021">
    <ele>38.43000000000001</ele>
   </trkpt>
   <trkpt lat="39.887135001911744" lon="22.60274999582533">
    <ele>37.05</ele>
   </trkpt>
   <trkpt lat="39.88759" lon="22.6034">
    <ele>35.83</ele>
   </trkpt>
   <trkpt lat="39.887800000000006" lon="22.603620000000003">
    <ele>35.75</ele>
   </trkpt>
   <trkpt lat="39.888130000000004" lon="22.60386">
    <ele>35.59</ele>
   </trkpt>
   <trkpt lat="39.888310000000004" lon="22.604020000000002">
    <ele>35.370000000000005</ele>
   </trkpt>
   <trkpt lat="39.888450000000006" lon="22.604180000000003">
    <ele>35.370000000000005</ele>
   </trkpt>
   <trkpt lat="39.88897" lon="22.605020000000003">
    <ele>33.260000000000005</ele>
   </trkpt>
   <trkpt lat="39.88935" lon="22.60554">
    <ele>31.51</ele>
   </trkpt>
   <trkpt lat="39.88970000073926" lon="22.605964997785904">
    <ele>28.880000000000003</ele>
   </trkpt>
   <trkpt lat="39.89005" lon="22.60639">
    <ele>27.4</ele>
   </trkpt>
   <trkpt lat="39.890260000000005" lon="22.60657">
    <ele>26.6</ele>
   </trkpt>
   <trkpt lat="39.890440000000005" lon="22.60668">
    <ele>26.36</ele>
   </trkpt>
   <trkpt lat="39.89067" lon="22.60675">
    <ele>26.310000000000002</ele>
   </trkpt>
   <trkpt lat="39.89101" lon="22.60676">
    <ele>25.830000000000002</ele>
   </trkpt>
   <trkpt lat="39.89164500001396" lon="22.606690000649266">
    <ele>25.540000000000003</ele>
   </trkpt>
   <trkpt lat="39.89228000000001" lon="22.606620000000003">
    <ele>25.300000000000004</ele>
   </trkpt>
   <trkpt lat="39.89286999983974" lon="22.606659999644364">
    <ele>25.18</ele>
   </trkpt>
   <trkpt lat="39.893460000000005" lon="22.606700000000004">
    <ele>25.35</ele>
   </trkpt>
   <trkpt lat="39.89383" lon="22.60675">
    <ele>25.48</ele>
   </trkpt>
   <trkpt lat="39.894270000000006" lon="22.606900000000003">
    <ele>24.28</ele>
   </trkpt>
   <trkpt lat="39.894540000000006" lon="22.607080000000003">
    <ele>23.05</ele>
   </trkpt>
   <trkpt lat="39.894870000000004" lon="22.607380000000003">
    <ele>19.950000000000003</ele>
   </trkpt>
   <trkpt lat="39.89509" lon="22.60769">
    <ele>19.680000000000003</ele>
   </trkpt>
   <trkpt lat="39.89546000227189" lon="22.608414996114856">
    <ele>18.660000000000004</ele>
   </trkpt>
   <trkpt lat="39.895830000000004" lon="22.609140000000004">
    <ele>18.36</ele>
   </trkpt>
   <trkpt lat="39.89622000000001" lon="22.609810000000003">
    <ele>18.18</ele>
   </trkpt>
   <trkpt lat="39.8964" lon="22.61006">
    <ele>18.2</ele>
   </trkpt>
   <trkpt lat="39.896640000000005" lon="22.610360000000004">
    <ele>18.17</ele>
   </trkpt>
   <trkpt lat="39.89704000086647" lon="22.61080499742059">
    <ele>17.75</ele>
   </trkpt>
   <trkpt lat="39.89744" lon="22.611250000000002">
    <ele>17.43</ele>
   </trkpt>
   <trkpt lat="39.89763000000001" lon="22.611510000000003">
    <ele>17.32</ele>
   </trkpt>
   <trkpt lat="39.897830000000006" lon="22.611890000000002">
    <ele>17.32</ele>
   </trkpt>
   <trkpt lat="39.89802" lon="22.6123">
    <ele>17.1</ele>
   </trkpt>
   <trkpt lat="39.89818" lon="22.61259">
    <ele>16.75</ele>
   </trkpt>
   <trkpt lat="39.898390000000006" lon="22.612900000000003">
    <ele>16.37</ele>
   </trkpt>
   <trkpt lat="39.89849" lon="22.613020000000002">
    <ele>16.37</ele>
   </trkpt>
   <trkpt lat="39.89896" lon="22.613490000000002">
    <ele>15.71</ele>
   </trkpt>
   <trkpt lat="39.89912" lon="22.613670000000003">
    <ele>14.96</ele>
   </trkpt>
   <trkpt lat="39.899240000000006" lon="22.61383">
    <ele>14.89</ele>
   </trkpt>
   <trkpt lat="39.89976000301421" lon="22.614674993503165">
    <ele>15.250000000000002</ele>
   </trkpt>
   <trkpt lat="39.90028" lon="22.615520000000004">
    <ele>16.43</ele>
   </trkpt>
   <trkpt lat="39.900600000000004" lon="22.61588">
    <ele>17.18</ele>
   </trkpt>
   <trkpt lat="39.901" lon="22.61623">
    <ele>18.51</ele>
   </trkpt>
   <trkpt lat="39.90176000142137" lon="22.616819993398924">
    <ele>19.37</ele>
   </trkpt>
   <trkpt lat="39.90252" lon="22.617410000000003">
    <ele>19.76</ele>
   </trkpt>
   <trkpt lat="39.90326" lon="22.61803">
    <ele>20.57</ele>
   </trkpt>
   <trkpt lat="39.90381" lon="22.61859">
    <ele>21.970000000000002</ele>
   </trkpt>
   <trkpt lat="39.90448667132668" lon="22.61932665211438">
    <ele>25.300000000000004</ele>
   </trkpt>
   <trkpt lat="39.905163337992406" lon="22.620063318779778">
    <ele>25.490000000000002</ele>
   </trkpt>
   <trkpt lat="39.905840000000005" lon="22.620800000000003">
    <ele>25.05</ele>
   </trkpt>
   <trkpt lat="39.90630000108634" lon="22.621289996768773">
    <ele>24.34</ele>
   </trkpt>
   <trkpt lat="39.906760000000006" lon="22.62178">
    <ele>23.67</ele>
   </trkpt>
   <trkpt lat="39.90734500172578" lon="22.622424994425074">
    <ele>23.35</ele>
   </trkpt>
   <trkpt lat="39.90793" lon="22.623070000000002">
    <ele>22.340000000000003</ele>
   </trkpt>
   <trkpt lat="39.908475001793" lon="22.623699995090192">
    <ele>19.000000000000004</ele>
   </trkpt>
   <trkpt lat="39.909020000000005" lon="22.62433">
    <ele>16.23</ele>
   </trkpt>
   <trkpt lat="39.90939500059462" lon="22.624739997616363">
    <ele>15.71</ele>
   </trkpt>
   <trkpt lat="39.90977" lon="22.62515">
    <ele>15.280000000000001</ele>
   </trkpt>
   <trkpt lat="39.910120000000006" lon="22.625470000000004">
    <ele>14.900000000000002</ele>
   </trkpt>
   <trkpt lat="39.91067" lon="22.625870000000003">
    <ele>13.83</ele>
   </trkpt>
   <trkpt lat="39.911440000000006" lon="22.62631">
    <ele>13.14</ele>
   </trkpt>
   <trkpt lat="39.91223" lon="22.626800000000003">
    <ele>12.360000000000001</ele>
   </trkpt>
   <trkpt lat="39.912780000000005" lon="22.627180000000003">
    <ele>12.16</ele>
   </trkpt>
   <trkpt lat="39.91343667242991" lon="22.627698308480657">
    <ele>11.82</ele>
   </trkpt>
   <trkpt lat="39.91409334255228" lon="22.628216626899988">
    <ele>11.46</ele>
   </trkpt>
   <trkpt lat="39.91475001036697" lon="22.62873495525838">
    <ele>11.070000000000002</ele>
   </trkpt>
   <trkpt lat="39.91540667587396" lon="22.62925329355622">
    <ele>10.63</ele>
   </trkpt>
   <trkpt lat="39.91606333907309" lon="22.6297716417939">
    <ele>10.47</ele>
   </trkpt>
   <trkpt lat="39.916720000000005" lon="22.630290000000002">
    <ele>10.190000000000001</ele>
   </trkpt>
   <trkpt lat="39.917195000698996" lon="22.63068999723556">
    <ele>10.32</ele>
   </trkpt>
   <trkpt lat="39.91767" lon="22.63109">
    <ele>9.370000000000001</ele>
   </trkpt>
   <trkpt lat="39.91762000000001" lon="22.631010000000003">
    <ele>8.440000000000001</ele>
   </trkpt>
   <trkpt lat="39.91758" lon="22.630860000000002">
    <ele>7.86</ele>
   </trkpt>
   <trkpt lat="39.917590000000004" lon="22.630660000000002">
    <ele>10.4</ele>
   </trkpt>
   <trkpt lat="39.917640000000006" lon="22.63042">
    <ele>10.4</ele>
   </trkpt>
   <trkpt lat="39.91785" lon="22.62993">
    <ele>9.22</ele>
   </trkpt>
   <trkpt lat="39.917970000000004" lon="22.629880000000004">
    <ele>8.360000000000001</ele>
   </trkpt>
   <trkpt lat="39.91807" lon="22.629900000000003">
    <ele>8.33</ele>
   </trkpt>
   <trkpt lat="39.918200000000006" lon="22.629990000000003">
    <ele>9.18</ele>
   </trkpt>
   <trkpt lat="39.91837" lon="22.63031">
    <ele>9.860000000000001</ele>
   </trkpt>
   <trkpt lat="39.918380000000006" lon="22.63033">
    <ele>9.92</ele>
   </trkpt>
   <trkpt lat="39.91845" lon="22.630540000000003">
    <ele>10.98</ele>
   </trkpt>
   <trkpt lat="39.9185" lon="22.63087">
    <ele>12.450000000000001</ele>
   </trkpt>
   <trkpt lat="39.91846" lon="22.631380000000004">
    <ele>15.360000000000001</ele>
   </trkpt>
   <trkpt lat="39.918380000000006" lon="22.63164">
    <ele>16.28</ele>
   </trkpt>
   <trkpt lat="39.91801000675897" lon="22.63252667623366">
    <ele>15.500000000000002</ele>
   </trkpt>
   <trkpt lat="39.91764000676483" lon="22.633413342886143">
    <ele>12.55</ele>
   </trkpt>
   <trkpt lat="39.91727" lon="22.634300000000003">
    <ele>9.690000000000001</ele>
   </trkpt>
   <trkpt lat="39.91715000000001" lon="22.634220000000003">
    <ele>9.340000000000002</ele>
   </trkpt>
   <trkpt lat="39.91704" lon="22.63418">
    <ele>9.14</ele>
   </trkpt>
   <trkpt lat="39.91696" lon="22.6341">
    <ele>8.81</ele>
   </trkpt>
   <trkpt lat="39.91693" lon="22.634040000000002">
    <ele>8.690000000000001</ele>
   </trkpt>
   <trkpt lat="39.91687" lon="22.633770000000002">
    <ele>8.34</ele>
   </trkpt>
   <trkpt lat="39.916830000000004" lon="22.63334">
    <ele>8.3</ele>
   </trkpt>
   <trkpt lat="39.916830000000004" lon="22.63306">
    <ele>8.41</ele>
   </trkpt>
   <trkpt lat="39.916880000000006" lon="22.632710000000003">
    <ele>8.46</ele>
   </trkpt>
   <trkpt lat="39.91695" lon="22.632420000000003">
    <ele>8.46</ele>
   </trkpt>
   <trkpt lat="39.91707" lon="22.632060000000003">
    <ele>8.860000000000001</ele>
   </trkpt>
   <trkpt lat="39.91733" lon="22.631480000000003">
    <ele>10.120000000000001</ele>
   </trkpt>
   <trkpt lat="39.91788000088739" lon="22.631954996114604">
    <ele>9.41</ele>
   </trkpt>
   <trkpt lat="39.91843" lon="22.632430000000003">
    <ele>8.76</ele>
   </trkpt>
   <trkpt lat="39.918440000000004" lon="22.632440000000003">
    <ele>8.76</ele>
   </trkpt>
   <trkpt lat="39.91902" lon="22.63294">
    <ele>8.5</ele>
   </trkpt>
   <trkpt lat="39.91974500153407" lon="22.633519993930665">
    <ele>8.66</ele>
   </trkpt>
   <trkpt lat="39.92047" lon="22.6341">
    <ele>8.66</ele>
   </trkpt>
   <trkpt lat="39.9210850030351" lon="22.634582487026922">
    <ele>8.33</ele>
   </trkpt>
   <trkpt lat="39.92170000407051" lon="22.635064982720902">
    <ele>8.24</ele>
   </trkpt>
   <trkpt lat="39.92231500310613" lon="22.635547487082263">
    <ele>8.39</ele>
   </trkpt>
   <trkpt lat="39.92293" lon="22.63603">
    <ele>8.520000000000001</ele>
   </trkpt>
   <trkpt lat="39.92369333625727" lon="22.636613320326997">
    <ele>7.9</ele>
   </trkpt>
   <trkpt lat="39.92445666959162" lon="22.637196653660876">
    <ele>7.44</ele>
   </trkpt>
   <trkpt lat="39.92522" lon="22.637780000000003">
    <ele>6.95</ele>
   </trkpt>
   <trkpt lat="39.92521" lon="22.637780000000003">
    <ele>6.95</ele>
   </trkpt>
   <trkpt lat="39.9259671518314" lon="22.638369960851808">
    <ele>6.880000000000001</ele>
   </trkpt>
   <trkpt lat="39.926724300672895" lon="22.638959934753032">
    <ele>6.710000000000001</ele>
   </trkpt>
   <trkpt lat="39.92748144652437" lon="22.639549921704262">
    <ele>6.46</ele>
   </trkpt>
   <trkpt lat="39.92823858938564" lon="22.640139921706083">
    <ele>5.960000000000001</ele>
   </trkpt>
   <trkpt lat="39.92899572925659" lon="22.640729934759086">
    <ele>5.9799999999999995</ele>
   </trkpt>
   <trkpt lat="39.929752866137065" lon="22.641319960863854">
    <ele>6.21</ele>
   </trkpt>
   <trkpt lat="39.930510000000005" lon="22.641910000000003">
    <ele>7.04</ele>
   </trkpt>
   <trkpt lat="39.931000000658514" lon="22.642304997162988">
    <ele>6.73</ele>
   </trkpt>
   <trkpt lat="39.931490000000004" lon="22.6427">
    <ele>6.260000000000001</ele>
   </trkpt>
   <trkpt lat="39.931890000519076" lon="22.643064997818477">
    <ele>5.36</ele>
   </trkpt>
   <trkpt lat="39.93229" lon="22.643430000000002">
    <ele>5.32</ele>
   </trkpt>
   <trkpt lat="39.93299500099425" lon="22.64388999531759">
    <ele>5.7700000000000005</ele>
   </trkpt>
   <trkpt lat="39.9337" lon="22.644350000000003">
    <ele>7.180000000000001</ele>
   </trkpt>
   <trkpt lat="39.93438250361948" lon="22.644879984144225">
    <ele>9.290000000000001</ele>
   </trkpt>
   <trkpt lat="39.93506500482597" lon="22.645409978858623">
    <ele>11.240000000000002</ele>
   </trkpt>
   <trkpt lat="39.93574750361937" lon="22.64593998414362">
    <ele>13.72</ele>
   </trkpt>
   <trkpt lat="39.93643" lon="22.64647">
    <ele>15.950000000000003</ele>
   </trkpt>
   <trkpt lat="39.937050000000006" lon="22.646890000000003">
    <ele>17.11</ele>
   </trkpt>
   <trkpt lat="39.93742500052265" lon="22.64723499811998">
    <ele>17.23</ele>
   </trkpt>
   <trkpt lat="39.9378" lon="22.64758">
    <ele>16.970000000000002</ele>
   </trkpt>
   <trkpt lat="39.93842" lon="22.648090000000003">
    <ele>16.07</ele>
   </trkpt>
   <trkpt lat="39.93893000072211" lon="22.64845999733972">
    <ele>16.6</ele>
   </trkpt>
   <trkpt lat="39.939440000000005" lon="22.64883">
    <ele>18.02</ele>
   </trkpt>
   <trkpt lat="39.93987000035084" lon="22.64916999774824">
    <ele>18.21</ele>
   </trkpt>
   <trkpt lat="39.9403" lon="22.649510000000003">
    <ele>17.77</ele>
   </trkpt>
   <trkpt lat="39.94098" lon="22.65001">
    <ele>16.150000000000002</ele>
   </trkpt>
   <trkpt lat="39.941590000000005" lon="22.6504">
    <ele>14.88</ele>
   </trkpt>
   <trkpt lat="39.94212" lon="22.65067">
    <ele>12.71</ele>
   </trkpt>
   <trkpt lat="39.942600000000006" lon="22.65087">
    <ele>11.9</ele>
   </trkpt>
   <trkpt lat="39.943360000000006" lon="22.65107">
    <ele>9.32</ele>
   </trkpt>
   <trkpt lat="39.94395" lon="22.65115">
    <ele>8.520000000000001</ele>
   </trkpt>
   <trkpt lat="39.94478" lon="22.65114">
    <ele>9.040000000000001</ele>
   </trkpt>
   <trkpt lat="39.94485" lon="22.65172">
    <ele>7.660000000000001</ele>
   </trkpt>
   <trkpt lat="39.94493000000001" lon="22.652050000000003">
    <ele>7.37</ele>
   </trkpt>
   <trkpt lat="39.94505" lon="22.65229">
    <ele>7.36</ele>
   </trkpt>
   <trkpt lat="39.945190000000004" lon="22.652500000000003">
    <ele>7.410000000000001</ele>
   </trkpt>
   <trkpt lat="39.945420000000006" lon="22.652720000000002">
    <ele>7.670000000000001</ele>
   </trkpt>
   <trkpt lat="39.945660000000004" lon="22.65286">
    <ele>8.100000000000001</ele>
   </trkpt>
   <trkpt lat="39.94639" lon="22.653160000000003">
    <ele>9.860000000000001</ele>
   </trkpt>
   <trkpt lat="39.946740000000005" lon="22.653350000000003">
    <ele>10.270000000000001</ele>
   </trkpt>
   <trkpt lat="39.94691" lon="22.653480000000002">
    <ele>10.49</ele>
   </trkpt>
   <trkpt lat="39.94704" lon="22.65362">
    <ele>10.51</ele>
   </trkpt>
   <trkpt lat="39.94717" lon="22.6538">
    <ele>10.49</ele>
   </trkpt>
   <trkpt lat="39.947280000000006" lon="22.654020000000003">
    <ele>10.360000000000001</ele>
   </trkpt>
   <trkpt lat="39.947320000000005" lon="22.654130000000002">
    <ele>10.360000000000001</ele>
   </trkpt>
   <trkpt lat="39.94738" lon="22.65446">
    <ele>10.32</ele>
   </trkpt>
   <trkpt lat="39.947410000000005" lon="22.65492">
    <ele>10.040000000000001</ele>
   </trkpt>
   <trkpt lat="39.9474" lon="22.655520000000003">
    <ele>9.22</ele>
   </trkpt>
   <trkpt lat="39.94735" lon="22.65602">
    <ele>8.440000000000001</ele>
   </trkpt>
   <trkpt lat="39.94727" lon="22.65643">
    <ele>8.440000000000001</ele>
   </trkpt>
   <trkpt lat="39.94690000000001" lon="22.657490000000003">
    <ele>6.800000000000001</ele>
   </trkpt>
   <trkpt lat="39.94684" lon="22.65773">
    <ele>6.5200000000000005</ele>
   </trkpt>
   <trkpt lat="39.94676000143949" lon="22.65831500090763">
    <ele>6.44</ele>
   </trkpt>
   <trkpt lat="39.94668" lon="22.658900000000003">
    <ele>7.130000000000001</ele>
   </trkpt>
   <trkpt lat="39.94662000572454" lon="22.65971666817169">
    <ele>10.57</ele>
   </trkpt>
   <trkpt lat="39.94656000571921" lon="22.660533334910944">
    <ele>12.96</ele>
   </trkpt>
   <trkpt lat="39.9465" lon="22.661350000000002">
    <ele>13.340000000000002</ele>
   </trkpt>
   <trkpt lat="39.94643000000001" lon="22.662000000000003">
    <ele>10.730000000000002</ele>
   </trkpt>
   <trkpt lat="39.94637" lon="22.662290000000002">
    <ele>9.18</ele>
   </trkpt>
   <trkpt lat="39.946250000000006" lon="22.662570000000002">
    <ele>7.470000000000001</ele>
   </trkpt>
   <trkpt lat="39.9461" lon="22.662750000000003">
    <ele>6.24</ele>
   </trkpt>
   <trkpt lat="39.945890000000006" lon="22.66299">
    <ele>4.78</ele>
   </trkpt>
   <trkpt lat="39.945980000000006" lon="22.66307">
    <ele>4.6000000000000005</ele>
   </trkpt>
   <trkpt lat="39.94606" lon="22.66309">
    <ele>4.13</ele>
   </trkpt>
   <trkpt lat="39.946110000000004" lon="22.66307">
    <ele>4.13</ele>
   </trkpt>
   <trkpt lat="39.946180000000005" lon="22.663020000000003">
    <ele>3.98</ele>
   </trkpt>
   <trkpt lat="39.9463" lon="22.662840000000003">
    <ele>3.89</ele>
   </trkpt>
   <trkpt lat="39.94675" lon="22.662540000000003">
    <ele>3.5100000000000002</ele>
   </trkpt>
   <trkpt lat="39.947350000328235" lon="22.662240002660383">
    <ele>3.73</ele>
   </trkpt>
   <trkpt lat="39.947950000000006" lon="22.66194">
    <ele>4.180000000000001</ele>
   </trkpt>
   <trkpt lat="39.948100000000004" lon="22.661910000000002">
    <ele>4.3100000000000005</ele>
   </trkpt>
   <trkpt lat="39.94821" lon="22.66195">
    <ele>4.55</ele>
   </trkpt>
   <trkpt lat="39.94829" lon="22.66197">
    <ele>4.59</ele>
   </trkpt>
   <trkpt lat="39.94836" lon="22.66196">
    <ele>4.59</ele>
   </trkpt>
   <trkpt lat="39.948690000000006" lon="22.661820000000002">
    <ele>4.49</ele>
   </trkpt>
   <trkpt lat="39.94941" lon="22.66158">
    <ele>4.410000000000001</ele>
   </trkpt>
   <trkpt lat="39.94977" lon="22.6614">
    <ele>4.5600000000000005</ele>
   </trkpt>
   <trkpt lat="39.94995" lon="22.661270000000002">
    <ele>4.61</ele>
   </trkpt>
   <trkpt lat="39.950070000000004" lon="22.661160000000002">
    <ele>4.630000000000001</ele>
   </trkpt>
   <trkpt lat="39.950250000000004" lon="22.661080000000002">
    <ele>4.57</ele>
   </trkpt>
   <trkpt lat="39.95074500014232" lon="22.660975000739707">
    <ele>4.16</ele>
   </trkpt>
   <trkpt lat="39.951240000000006" lon="22.660870000000003">
    <ele>4.15</ele>
   </trkpt>
   <trkpt lat="39.95191000031785" lon="22.660710004704754">
    <ele>3.97</ele>
   </trkpt>
   <trkpt lat="39.95258000041576" lon="22.660550006275013">
    <ele>3.8200000000000003</ele>
   </trkpt>
   <trkpt lat="39.95325000029372" lon="22.66039000471065">
    <ele>3.71</ele>
   </trkpt>
   <trkpt lat="39.953920000000004" lon="22.660230000000002">
    <ele>3.6300000000000003</ele>
   </trkpt>
   <trkpt lat="39.9548000001649" lon="22.660030002574985">
    <ele>3.3000000000000003</ele>
   </trkpt>
   <trkpt lat="39.95568" lon="22.659830000000003">
    <ele>3.5900000000000003</ele>
   </trkpt>
   <trkpt lat="39.95637000072328" lon="22.65959000727111">
    <ele>3.4800000000000004</ele>
   </trkpt>
   <trkpt lat="39.95706000095169" lon="22.65935000969937">
    <ele>3.5500000000000003</ele>
   </trkpt>
   <trkpt lat="39.95775000068524" lon="22.659110007284564">
    <ele>3.6100000000000003</ele>
   </trkpt>
   <trkpt lat="39.95844" lon="22.65887">
    <ele>3.69</ele>
   </trkpt>
   <trkpt lat="39.958965000038084" lon="22.658640001848706">
    <ele>3.6100000000000003</ele>
   </trkpt>
   <trkpt lat="39.95949" lon="22.658410000000003">
    <ele>3.4400000000000004</ele>
   </trkpt>
   <trkpt lat="39.96014500055522" lon="22.658080003117036">
    <ele>3.2700000000000005</ele>
   </trkpt>
   <trkpt lat="39.960800000000006" lon="22.657750000000004">
    <ele>3.35</ele>
   </trkpt>
   <trkpt lat="39.961560000794876" lon="22.657300005046242">
    <ele>3.2600000000000002</ele>
   </trkpt>
   <trkpt lat="39.962320000000005" lon="22.656850000000002">
    <ele>3.1400000000000006</ele>
   </trkpt>
   <trkpt lat="39.962956668516675" lon="22.656383342039884">
    <ele>2.86</ele>
   </trkpt>
   <trkpt lat="39.96359333516221" lon="22.655916675388838">
    <ele>2.2700000000000005</ele>
   </trkpt>
   <trkpt lat="39.96423" lon="22.655450000000002">
    <ele>2.47</ele>
   </trkpt>
   <trkpt lat="39.964795000923544" lon="22.654985003847255">
    <ele>2.36</ele>
   </trkpt>
   <trkpt lat="39.965360000000004" lon="22.65452">
    <ele>2.21</ele>
   </trkpt>
   <trkpt lat="39.96588000097358" lon="22.654060003441778">
    <ele>2.8000000000000003</ele>
   </trkpt>
   <trkpt lat="39.9664" lon="22.6536">
    <ele>2.9400000000000004</ele>
   </trkpt>
   <trkpt lat="39.96689000224858" lon="22.653083340787486">
    <ele>2.7600000000000002</ele>
   </trkpt>
   <trkpt lat="39.96738000220352" lon="22.65256667416843">
    <ele>2.47</ele>
   </trkpt>
   <trkpt lat="39.967870000000005" lon="22.652050000000003">
    <ele>2.4000000000000004</ele>
   </trkpt>
   <trkpt lat="39.968455002035924" lon="22.65135000607328">
    <ele>2.35</ele>
   </trkpt>
   <trkpt lat="39.96904000000001" lon="22.650650000000002">
    <ele>2.4400000000000004</ele>
   </trkpt>
   <trkpt lat="39.969370000000005" lon="22.65023">
    <ele>2.34</ele>
   </trkpt>
   <trkpt lat="39.96996500279963" lon="22.64942500698611">
    <ele>1.99</ele>
   </trkpt>
   <trkpt lat="39.970560000000006" lon="22.64862">
    <ele>1.8300000000000003</ele>
   </trkpt>
   <trkpt lat="39.97089000111608" lon="22.648110002464346">
    <ele>1.7200000000000002</ele>
   </trkpt>
   <trkpt lat="39.97122" lon="22.6476">
    <ele>1.6900000000000002</ele>
   </trkpt>
   <trkpt lat="39.97175500358399" lon="22.646690007078167">
    <ele>1.4500000000000002</ele>
   </trkpt>
   <trkpt lat="39.97229" lon="22.645780000000002">
    <ele>1.6600000000000001</ele>
   </trkpt>
   <trkpt lat="39.97242000000001" lon="22.64562">
    <ele>1.6600000000000001</ele>
   </trkpt>
   <trkpt lat="39.97256" lon="22.645590000000002">
    <ele>1.6400000000000001</ele>
   </trkpt>
   <trkpt lat="39.97279" lon="22.645650000000003">
    <ele>1.52</ele>
   </trkpt>
   <trkpt lat="39.97314" lon="22.645880000000002">
    <ele>1.7200000000000002</ele>
   </trkpt>
   <trkpt lat="39.97325" lon="22.645970000000002">
    <ele>1.7200000000000002</ele>
   </trkpt>
   <trkpt lat="39.97335" lon="22.646140000000003">
    <ele>2.18</ele>
   </trkpt>
   <trkpt lat="39.97357" lon="22.64664">
    <ele>2.18</ele>
   </trkpt>
   <trkpt lat="39.973690000000005" lon="22.64673">
    <ele>2.6</ele>
   </trkpt>
   <trkpt lat="39.97377" lon="22.64675">
    <ele>2.6</ele>
   </trkpt>
   <trkpt lat="39.97395" lon="22.64673">
    <ele>2.6</ele>
   </trkpt>
   <trkpt lat="39.97408" lon="22.64666">
    <ele>2.97</ele>
   </trkpt>
   <trkpt lat="39.974180000000004" lon="22.646530000000002">
    <ele>2.97</ele>
   </trkpt>
   <trkpt lat="39.974250000000005" lon="22.64654">
    <ele>2.9400000000000004</ele>
   </trkpt>
   <trkpt lat="39.97428" lon="22.646510000000003">
    <ele>2.9400000000000004</ele>
   </trkpt>
   <trkpt lat="39.97430000000001" lon="22.646440000000002">
    <ele>2.9400000000000004</ele>
   </trkpt>
   <trkpt lat="39.974270000000004" lon="22.64637">
    <ele>2.9400000000000004</ele>
   </trkpt>
   <trkpt lat="39.97430000000001" lon="22.646250000000002">
    <ele>2.9400000000000004</ele>
   </trkpt>
   <trkpt lat="39.97431" lon="22.645860000000003">
    <ele>2.4200000000000004</ele>
   </trkpt>
   <trkpt lat="39.97426" lon="22.64572">
    <ele>2.4200000000000004</ele>
   </trkpt>
   <trkpt lat="39.973915001544206" lon="22.64511499689629">
    <ele>2.15</ele>
   </trkpt>
   <trkpt lat="39.97357" lon="22.64451">
    <ele>2.25</ele>
   </trkpt>
   <trkpt lat="39.9735" lon="22.6443">
    <ele>2.25</ele>
   </trkpt>
   <trkpt lat="39.973470000000006" lon="22.64403">
    <ele>2.2700000000000005</ele>
   </trkpt>
   <trkpt lat="39.973470000000006" lon="22.643770000000004">
    <ele>2.2700000000000005</ele>
   </trkpt>
   <trkpt lat="39.973580000000005" lon="22.64337">
    <ele>2.48</ele>
   </trkpt>
   <trkpt lat="39.97403000835267" lon="22.64256501590047">
    <ele>2.89</ele>
   </trkpt>
   <trkpt lat="39.97448001113721" lon="22.641760021200373">
    <ele>2.9200000000000004</ele>
   </trkpt>
   <trkpt lat="39.974930008353454" lon="22.640955015899532">
    <ele>3.0</ele>
   </trkpt>
   <trkpt lat="39.97538" lon="22.640150000000002">
    <ele>3.33</ele>
   </trkpt>
   <trkpt lat="39.97599" lon="22.63932">
    <ele>3.6100000000000003</ele>
   </trkpt>
   <trkpt lat="39.97638000157558" lon="22.63873500318061">
    <ele>3.86</ele>
   </trkpt>
   <trkpt lat="39.97677" lon="22.638150000000003">
    <ele>4.17</ele>
   </trkpt>
   <trkpt lat="39.977120000000006" lon="22.63745">
    <ele>5.12</ele>
   </trkpt>
   <trkpt lat="39.977695001277596" lon="22.636915004457105">
    <ele>5.0200000000000005</ele>
   </trkpt>
   <trkpt lat="39.97827" lon="22.636380000000003">
    <ele>4.9</ele>
   </trkpt>
   <trkpt lat="39.97874" lon="22.635810000000003">
    <ele>4.710000000000001</ele>
   </trkpt>
   <trkpt lat="39.97920500194854" lon="22.635125004760777">
    <ele>5.260000000000001</ele>
   </trkpt>
   <trkpt lat="39.979670000000006" lon="22.63444">
    <ele>5.72</ele>
   </trkpt>
   <trkpt lat="39.98007500121898" lon="22.63393000289504">
    <ele>6.140000000000001</ele>
   </trkpt>
   <trkpt lat="39.98048" lon="22.63342">
    <ele>6.430000000000001</ele>
   </trkpt>
   <trkpt lat="39.980990000000006" lon="22.632910000000003">
    <ele>6.99</ele>
   </trkpt>
   <trkpt lat="39.98134" lon="22.632630000000002">
    <ele>6.98</ele>
   </trkpt>
   <trkpt lat="39.98187" lon="22.63231">
    <ele>6.580000000000001</ele>
   </trkpt>
   <trkpt lat="39.98232" lon="22.63213">
    <ele>6.33</ele>
   </trkpt>
   <trkpt lat="39.98301250078248" lon="22.63188250752829">
    <ele>7.48</ele>
   </trkpt>
   <trkpt lat="39.9837050010386" lon="22.631635010039556">
    <ele>7.99</ele>
   </trkpt>
   <trkpt lat="39.984397500768324" lon="22.631387507533578">
    <ele>8.360000000000001</ele>
   </trkpt>
   <trkpt lat="39.98509000000001" lon="22.631140000000002">
    <ele>8.63</ele>
   </trkpt>
   <trkpt lat="39.985620000237475" lon="22.63092000169449">
    <ele>8.75</ele>
   </trkpt>
   <trkpt lat="39.98615" lon="22.6307">
    <ele>8.5</ele>
   </trkpt>
   <trkpt lat="39.98669" lon="22.63041">
    <ele>7.9700000000000015</ele>
   </trkpt>
   <trkpt lat="39.98709" lon="22.630180000000003">
    <ele>7.82</ele>
   </trkpt>
   <trkpt lat="39.9876" lon="22.629820000000002">
    <ele>7.88</ele>
   </trkpt>
   <trkpt lat="39.98809000064487" lon="22.62941000300573">
    <ele>7.9300000000000015</ele>
   </trkpt>
   <trkpt lat="39.988580000000006" lon="22.629">
    <ele>8.110000000000001</ele>
   </trkpt>
   <trkpt lat="39.98875" lon="22.62882">
    <ele>8.32</ele>
   </trkpt>
   <trkpt lat="39.98884" lon="22.62892">
    <ele>8.26</ele>
   </trkpt>
   <trkpt lat="39.98906" lon="22.629060000000003">
    <ele>8.17</ele>
   </trkpt>
   <trkpt lat="39.989180000000005" lon="22.62909">
    <ele>7.94</ele>
   </trkpt>
   <trkpt lat="39.98942" lon="22.62909">
    <ele>7.59</ele>
   </trkpt>
   <trkpt lat="39.989540000000005" lon="22.629050000000003">
    <ele>7.59</ele>
   </trkpt>
   <trkpt lat="39.989760000000004" lon="22.62891">
    <ele>7.59</ele>
   </trkpt>
   <trkpt lat="39.989850000000004" lon="22.62881">
    <ele>7.59</ele>
   </trkpt>
   <trkpt lat="39.99" lon="22.62856">
    <ele>6.72</ele>
   </trkpt>
   <trkpt lat="39.990390000000005" lon="22.627760000000002">
    <ele>6.46</ele>
   </trkpt>
   <trkpt lat="39.99078801282363" lon="22.62689602015177">
    <ele>6.2700000000000005</ele>
   </trkpt>
   <trkpt lat="39.991186019232394" lon="22.626032030234718">
    <ele>5.99</ele>
   </trkpt>
   <trkpt lat="39.99158401922613" lon="22.62516803024874">
    <ele>5.64</ele>
   </trkpt>
   <trkpt lat="39.991982012804705" lon="22.624304020193744">
    <ele>5.410000000000001</ele>
   </trkpt>
   <trkpt lat="39.992380000000004" lon="22.623440000000002">
    <ele>5.47</ele>
   </trkpt>
   <trkpt lat="39.992520000000006" lon="22.62328">
    <ele>5.57</ele>
   </trkpt>
   <trkpt lat="39.99279000000001" lon="22.62309">
    <ele>5.5</ele>
   </trkpt>
   <trkpt lat="39.99312000132199" lon="22.622550002496162">
    <ele>4.930000000000001</ele>
   </trkpt>
   <trkpt lat="39.99345" lon="22.622010000000003">
    <ele>4.750000000000001</ele>
   </trkpt>
   <trkpt lat="39.993940003868985" lon="22.621065006718656">
    <ele>4.34</ele>
   </trkpt>
   <trkpt lat="39.99443" lon="22.620120000000004">
    <ele>4.15</ele>
   </trkpt>
   <trkpt lat="39.994800000000005" lon="22.619320000000002">
    <ele>4.21</ele>
   </trkpt>
   <trkpt lat="39.99517500238299" lon="22.618575004094545">
    <ele>4.050000000000001</ele>
   </trkpt>
   <trkpt lat="39.99555" lon="22.61783">
    <ele>4.050000000000001</ele>
   </trkpt>
   <trkpt lat="39.99597500268947" lon="22.61704500480844">
    <ele>4.390000000000001</ele>
   </trkpt>
   <trkpt lat="39.9964" lon="22.61626">
    <ele>5.920000000000001</ele>
   </trkpt>
   <trkpt lat="39.996430000000004" lon="22.61617">
    <ele>6.2</ele>
   </trkpt>
   <trkpt lat="39.99644" lon="22.61606">
    <ele>7.5600000000000005</ele>
   </trkpt>
   <trkpt lat="39.996320000000004" lon="22.615820000000003">
    <ele>8.120000000000001</ele>
   </trkpt>
   <trkpt lat="39.99631" lon="22.615750000000002">
    <ele>8.120000000000001</ele>
   </trkpt>
   <trkpt lat="39.99633" lon="22.615660000000002">
    <ele>8.290000000000001</ele>
   </trkpt>
   <trkpt lat="39.99681667240781" lon="22.61484334495733">
    <ele>9.600000000000001</ele>
   </trkpt>
   <trkpt lat="39.997303339084034" lon="22.614026678274794">
    <ele>12.22</ele>
   </trkpt>
   <trkpt lat="39.99779" lon="22.613210000000002">
    <ele>13.35</ele>
   </trkpt>
   <trkpt lat="39.998280002105915" lon="22.612515004944">
    <ele>12.75</ele>
   </trkpt>
   <trkpt lat="39.99877" lon="22.61182">
    <ele>10.84</ele>
   </trkpt>
   <trkpt lat="39.999100000000006" lon="22.61126">
    <ele>10.15</ele>
   </trkpt>
   <trkpt lat="39.9997250026003" lon="22.61050500672831">
    <ele>10.14</ele>
   </trkpt>
   <trkpt lat="40.000350000000005" lon="22.609750000000002">
    <ele>9.99</ele>
   </trkpt>
   <trkpt lat="40.00081" lon="22.609170000000002">
    <ele>12.31</ele>
   </trkpt>
   <trkpt lat="40.00119" lon="22.608620000000002">
    <ele>14.690000000000001</ele>
   </trkpt>
   <trkpt lat="40.0013" lon="22.608400000000003">
    <ele>14.690000000000001</ele>
   </trkpt>
   <trkpt lat="40.001430000000006" lon="22.608060000000002">
    <ele>15.66</ele>
   </trkpt>
   <trkpt lat="40.00179" lon="22.60743">
    <ele>17.380000000000003</ele>
   </trkpt>
   <trkpt lat="40.00193" lon="22.60725">
    <ele>17.240000000000002</ele>
   </trkpt>
   <trkpt lat="40.00206" lon="22.60715">
    <ele>16.62</ele>
   </trkpt>
   <trkpt lat="40.002230000000004" lon="22.607100000000003">
    <ele>16.080000000000002</ele>
   </trkpt>
   <trkpt lat="40.00251" lon="22.60697">
    <ele>15.580000000000002</ele>
   </trkpt>
   <trkpt lat="40.00265" lon="22.606810000000003">
    <ele>13.74</ele>
   </trkpt>
   <trkpt lat="40.00291" lon="22.606440000000003">
    <ele>12.820000000000002</ele>
   </trkpt>
   <trkpt lat="40.003265001313814" lon="22.60588000296505">
    <ele>11.260000000000002</ele>
   </trkpt>
   <trkpt lat="40.003620000000005" lon="22.605320000000003">
    <ele>9.36</ele>
   </trkpt>
   <trkpt lat="40.0039200012454" lon="22.60480000214031">
    <ele>7.9700000000000015</ele>
   </trkpt>
   <trkpt lat="40.004220000000004" lon="22.604280000000003">
    <ele>6.44</ele>
   </trkpt>
   <trkpt lat="40.004270000000005" lon="22.604020000000002">
    <ele>6.44</ele>
   </trkpt>
   <trkpt lat="40.004260003440486" lon="22.603124999721846">
    <ele>8.71</ele>
   </trkpt>
   <trkpt lat="40.004250000000006" lon="22.602230000000002">
    <ele>14.15</ele>
   </trkpt>
   <trkpt lat="40.004220000000004" lon="22.60207">
    <ele>16.87</ele>
   </trkpt>
   <trkpt lat="40.004160000000006" lon="22.601920000000003">
    <ele>17.84</ele>
   </trkpt>
   <trkpt lat="40.003730002215526" lon="22.60120999560973">
    <ele>21.53</ele>
   </trkpt>
   <trkpt lat="40.0033" lon="22.6005">
    <ele>26.840000000000003</ele>
   </trkpt>
   <trkpt lat="40.00282" lon="22.59993">
    <ele>31.19</ele>
   </trkpt>
   <trkpt lat="40.00273000000001" lon="22.599800000000002">
    <ele>32.93</ele>
   </trkpt>
   <trkpt lat="40.00267" lon="22.59963">
    <ele>34.300000000000004</ele>
   </trkpt>
   <trkpt lat="40.00267" lon="22.599510000000002">
    <ele>37.160000000000004</ele>
   </trkpt>
   <trkpt lat="40.00271" lon="22.599420000000002">
    <ele>37.160000000000004</ele>
   </trkpt>
   <trkpt lat="40.003150000000005" lon="22.598730000000003">
    <ele>46.910000000000004</ele>
   </trkpt>
   <trkpt lat="40.00334" lon="22.59853">
    <ele>49.440000000000005</ele>
   </trkpt>
   <trkpt lat="40.00356" lon="22.598390000000002">
    <ele>52.14000000000001</ele>
   </trkpt>
   <trkpt lat="40.00374" lon="22.598170000000003">
    <ele>55.36000000000001</ele>
   </trkpt>
   <trkpt lat="40.00383" lon="22.597900000000003">
    <ele>58.77</ele>
   </trkpt>
   <trkpt lat="40.0039" lon="22.59749">
    <ele>63.81</ele>
   </trkpt>
   <trkpt lat="40.00414000000001" lon="22.59675">
    <ele>69.67</ele>
   </trkpt>
   <trkpt lat="40.004220000000004" lon="22.596300000000003">
    <ele>71.58</ele>
   </trkpt>
   <trkpt lat="40.004220000000004" lon="22.596190000000004">
    <ele>71.3</ele>
   </trkpt>
   <trkpt lat="40.004000000000005" lon="22.596200000000003">
    <ele>70.68</ele>
   </trkpt>
   <trkpt lat="40.00399" lon="22.59569">
    <ele>71.0</ele>
   </trkpt>
   <trkpt lat="40.003930000000004" lon="22.594880000000003">
    <ele>71.38</ele>
   </trkpt>
   <trkpt lat="40.0039" lon="22.59401">
    <ele>69.71000000000001</ele>
   </trkpt>
   <trkpt lat="40.003930000000004" lon="22.59371">
    <ele>69.18</ele>
   </trkpt>
   <trkpt lat="40.00397" lon="22.593500000000002">
    <ele>67.65</ele>
   </trkpt>
   <trkpt lat="40.00405000000001" lon="22.59326">
    <ele>67.11</ele>
   </trkpt>
   <trkpt lat="40.004270000000005" lon="22.592950000000002">
    <ele>65.39</ele>
   </trkpt>
   <trkpt lat="40.00437" lon="22.59287">
    <ele>65.39</ele>
   </trkpt>
   <trkpt lat="40.00459" lon="22.592740000000003">
    <ele>64.25</ele>
   </trkpt>
   <trkpt lat="40.005150000145115" lon="22.592535001694554">
    <ele>61.86000000000001</ele>
   </trkpt>
   <trkpt lat="40.00571" lon="22.59233">
    <ele>58.190000000000005</ele>
   </trkpt>
   <trkpt lat="40.00591" lon="22.59221">
    <ele>56.790000000000006</ele>
   </trkpt>
   <trkpt lat="40.00609" lon="22.592060000000004">
    <ele>56.790000000000006</ele>
   </trkpt>
   <trkpt lat="40.00616" lon="22.59196">
    <ele>56.790000000000006</ele>
   </trkpt>
   <trkpt lat="40.006280000000004" lon="22.591730000000002">
    <ele>54.32000000000001</ele>
   </trkpt>
   <trkpt lat="40.00649500132089" lon="22.591170001833284">
    <ele>52.50000000000001</ele>
   </trkpt>
   <trkpt lat="40.006710000000005" lon="22.59061">
    <ele>50.25</ele>
   </trkpt>
   <trkpt lat="40.006780000000006" lon="22.590480000000003">
    <ele>50.25</ele>
   </trkpt>
   <trkpt lat="40.007000000000005" lon="22.590220000000002">
    <ele>48.43</ele>
   </trkpt>
   <trkpt lat="40.00721" lon="22.590130000000002">
    <ele>45.95</ele>
   </trkpt>
   <trkpt lat="40.00741" lon="22.590090000000004">
    <ele>44.82000000000001</ele>
   </trkpt>
   <trkpt lat="40.007580000000004" lon="22.590110000000003">
    <ele>44.82000000000001</ele>
   </trkpt>
   <trkpt lat="40.00831000024968" lon="22.59025499848102">
    <ele>40.17</ele>
   </trkpt>
   <trkpt lat="40.009040000000006" lon="22.590400000000002">
    <ele>36.18</ele>
   </trkpt>
   <trkpt lat="40.009260000000005" lon="22.590400000000002">
    <ele>34.45</ele>
   </trkpt>
   <trkpt lat="40.00938" lon="22.590370000000004">
    <ele>34.45</ele>
   </trkpt>
   <trkpt lat="40.009550000000004" lon="22.590290000000003">
    <ele>33.32</ele>
   </trkpt>
   <trkpt lat="40.009840000000004" lon="22.59005">
    <ele>32.080000000000005</ele>
   </trkpt>
   <trkpt lat="40.00999" lon="22.589850000000002">
    <ele>29.66</ele>
   </trkpt>
   <trkpt lat="40.010110000000005" lon="22.5896">
    <ele>29.66</ele>
   </trkpt>
   <trkpt lat="40.0103" lon="22.58896">
    <ele>27.48</ele>
   </trkpt>
   <trkpt lat="40.01050000243338" lon="22.588210002137043">
    <ele>25.79</ele>
   </trkpt>
   <trkpt lat="40.0107" lon="22.58746">
    <ele>24.32</ele>
   </trkpt>
   <trkpt lat="40.01085500981654" lon="22.58658750593016">
    <ele>23.58</ele>
   </trkpt>
   <trkpt lat="40.011010013090406" lon="22.585715007897527">
    <ele>21.05</ele>
   </trkpt>
   <trkpt lat="40.01116500982154" lon="22.58484250590222">
    <ele>20.05</ele>
   </trkpt>
   <trkpt lat="40.011320000000005" lon="22.58397">
    <ele>18.3</ele>
   </trkpt>
   <trkpt lat="40.011590000000005" lon="22.583280000000002">
    <ele>17.54</ele>
   </trkpt>
   <trkpt lat="40.0118" lon="22.582880000000003">
    <ele>17.470000000000002</ele>
   </trkpt>
   <trkpt lat="40.011970000000005" lon="22.582620000000002">
    <ele>17.59</ele>
   </trkpt>
   <trkpt lat="40.012150000000005" lon="22.582410000000003">
    <ele>17.580000000000002</ele>
   </trkpt>
   <trkpt lat="40.01231000000001" lon="22.582250000000002">
    <ele>17.6</ele>
   </trkpt>
   <trkpt lat="40.012640000000005" lon="22.581970000000002">
    <ele>17.76</ele>
   </trkpt>
   <trkpt lat="40.01335" lon="22.58152">
    <ele>17.97</ele>
   </trkpt>
   <trkpt lat="40.01413000079766" lon="22.581070005184856">
    <ele>18.250000000000004</ele>
   </trkpt>
   <trkpt lat="40.01491" lon="22.580620000000003">
    <ele>18.48</ele>
   </trkpt>
   <trkpt lat="40.01569750261699" lon="22.580167515678006">
    <ele>18.79</ele>
   </trkpt>
   <trkpt lat="40.01648500347419" lon="22.57971502091307">
    <ele>18.97</ele>
   </trkpt>
   <trkpt lat="40.01727250257152" lon="22.579262515704688">
    <ele>19.23</ele>
   </trkpt>
   <trkpt lat="40.018060000000006" lon="22.57881">
    <ele>19.680000000000003</ele>
   </trkpt>
   <trkpt lat="40.01863" lon="22.57851">
    <ele>19.610000000000003</ele>
   </trkpt>
   <trkpt lat="40.01946" lon="22.578120000000002">
    <ele>19.64</ele>
   </trkpt>
   <trkpt lat="40.0200500006164" lon="22.577785002820505">
    <ele>19.650000000000002</ele>
   </trkpt>
   <trkpt lat="40.02064" lon="22.577450000000002">
    <ele>19.48</ele>
   </trkpt>
   <trkpt lat="40.020900000000005" lon="22.577370000000002">
    <ele>19.12</ele>
   </trkpt>
   <trkpt lat="40.02114" lon="22.577350000000003">
    <ele>18.85</ele>
   </trkpt>
   <trkpt lat="40.02136" lon="22.57738">
    <ele>18.21</ele>
   </trkpt>
   <trkpt lat="40.02179" lon="22.57751">
    <ele>18.060000000000002</ele>
   </trkpt>
   <trkpt lat="40.0221" lon="22.57759">
    <ele>17.6</ele>
   </trkpt>
   <trkpt lat="40.02234" lon="22.577610000000004">
    <ele>17.51</ele>
   </trkpt>
   <trkpt lat="40.022600000000004" lon="22.57759">
    <ele>17.41</ele>
   </trkpt>
   <trkpt lat="40.02264" lon="22.5776">
    <ele>17.37</ele>
   </trkpt>
   <trkpt lat="40.02272000000001" lon="22.57758">
    <ele>16.970000000000002</ele>
   </trkpt>
   <trkpt lat="40.022780000000004" lon="22.5775">
    <ele>16.970000000000002</ele>
   </trkpt>
   <trkpt lat="40.022780000000004" lon="22.577450000000002">
    <ele>17.02</ele>
   </trkpt>
   <trkpt lat="40.022850000000005" lon="22.57731">
    <ele>17.09</ele>
   </trkpt>
   <trkpt lat="40.023010000000006" lon="22.577150000000003">
    <ele>17.210000000000004</ele>
   </trkpt>
   <trkpt lat="40.02328" lon="22.57694">
    <ele>17.400000000000002</ele>
   </trkpt>
   <trkpt lat="40.02358" lon="22.57664">
    <ele>17.640000000000004</ele>
   </trkpt>
   <trkpt lat="40.02384" lon="22.57625">
    <ele>18.22</ele>
   </trkpt>
   <trkpt lat="40.024260000000005" lon="22.575460000000003">
    <ele>20.32</ele>
   </trkpt>
   <trkpt lat="40.024370000000005" lon="22.575290000000003">
    <ele>20.32</ele>
   </trkpt>
   <trkpt lat="40.024460000000005" lon="22.575190000000003">
    <ele>21.2</ele>
   </trkpt>
   <trkpt lat="40.02472" lon="22.575010000000002">
    <ele>21.57</ele>
   </trkpt>
   <trkpt lat="40.02521000019435" lon="22.57472500213701">
    <ele>22.13</ele>
   </trkpt>
   <trkpt lat="40.0257" lon="22.574440000000003">
    <ele>22.29</ele>
   </trkpt>
   <trkpt lat="40.025870000000005" lon="22.57439">
    <ele>22.2</ele>
   </trkpt>
   <trkpt lat="40.02602" lon="22.574370000000002">
    <ele>22.1</ele>
   </trkpt>
   <trkpt lat="40.026390000000006" lon="22.574440000000003">
    <ele>21.6</ele>
   </trkpt>
   <trkpt lat="40.02695000000001" lon="22.574710000000003">
    <ele>21.01</ele>
   </trkpt>
   <trkpt lat="40.027150000000006" lon="22.57476">
    <ele>20.900000000000002</ele>
   </trkpt>
   <trkpt lat="40.02725" lon="22.57476">
    <ele>20.93</ele>
   </trkpt>
   <trkpt lat="40.027460000000005" lon="22.574720000000003">
    <ele>20.93</ele>
   </trkpt>
   <trkpt lat="40.027800000000006" lon="22.57456">
    <ele>21.02</ele>
   </trkpt>
   <trkpt lat="40.02845000000001" lon="22.57419">
    <ele>21.400000000000002</ele>
   </trkpt>
   <trkpt lat="40.02864" lon="22.574050000000003">
    <ele>21.470000000000002</ele>
   </trkpt>
   <trkpt lat="40.028800000000004" lon="22.573860000000003">
    <ele>22.01</ele>
   </trkpt>
   <trkpt lat="40.02891" lon="22.57365">
    <ele>22.01</ele>
   </trkpt>
   <trkpt lat="40.028980000000004" lon="22.573430000000002">
    <ele>22.69</ele>
   </trkpt>
   <trkpt lat="40.02917" lon="22.572670000000002">
    <ele>23.82</ele>
   </trkpt>
   <trkpt lat="40.029210000000006" lon="22.572560000000003">
    <ele>23.82</ele>
   </trkpt>
   <trkpt lat="40.029320000000006" lon="22.572360000000003">
    <ele>24.01</ele>
   </trkpt>
   <trkpt lat="40.029500000000006" lon="22.572190000000003">
    <ele>24.41</ele>
   </trkpt>
   <trkpt lat="40.02996000042525" lon="22.571885002040023">
    <ele>24.8</ele>
   </trkpt>
   <trkpt lat="40.03042000000001" lon="22.57158">
    <ele>25.630000000000003</ele>
   </trkpt>
   <trkpt lat="40.03112" lon="22.57121">
    <ele>26.54</ele>
   </trkpt>
   <trkpt lat="40.031400000000005" lon="22.5711">
    <ele>26.830000000000002</ele>
   </trkpt>
   <trkpt lat="40.03215750032284" lon="22.57093750541815">
    <ele>27.110000000000003</ele>
   </trkpt>
   <trkpt lat="40.03291500041868" lon="22.570775007226846">
    <ele>27.23</ele>
   </trkpt>
   <trkpt lat="40.03367250028756" lon="22.570612505425895">
    <ele>26.94</ele>
   </trkpt>
   <trkpt lat="40.03443" lon="22.57045">
    <ele>26.0</ele>
   </trkpt>
   <trkpt lat="40.03473" lon="22.57043">
    <ele>25.460000000000004</ele>
   </trkpt>
   <trkpt lat="40.03528" lon="22.57046">
    <ele>23.96</ele>
   </trkpt>
   <trkpt lat="40.03553" lon="22.57044">
    <ele>23.250000000000004</ele>
   </trkpt>
   <trkpt lat="40.035720000000005" lon="22.570400000000003">
    <ele>23.250000000000004</ele>
   </trkpt>
   <trkpt lat="40.036390000000004" lon="22.57028">
    <ele>22.61</ele>
   </trkpt>
   <trkpt lat="40.03703500038044" lon="22.569995002681814">
    <ele>22.830000000000002</ele>
   </trkpt>
   <trkpt lat="40.03768" lon="22.56971">
    <ele>23.330000000000002</ele>
   </trkpt>
   <trkpt lat="40.037910000000004" lon="22.569640000000003">
    <ele>23.23</ele>
   </trkpt>
   <trkpt lat="40.03835" lon="22.569550000000003">
    <ele>22.56</ele>
   </trkpt>
   <trkpt lat="40.03862" lon="22.569470000000003">
    <ele>22.22</ele>
   </trkpt>
   <trkpt lat="40.039055000305524" lon="22.5692900010795">
    <ele>21.970000000000002</ele>
   </trkpt>
   <trkpt lat="40.03949" lon="22.569110000000002">
    <ele>21.640000000000004</ele>
   </trkpt>
   <trkpt lat="40.039730000000006" lon="22.56903">
    <ele>21.25</ele>
   </trkpt>
   <trkpt lat="40.04050166726542" lon="22.56886500933408">
    <ele>19.900000000000002</ele>
   </trkpt>
   <trkpt lat="40.041273334296825" lon="22.5687000149336">
    <ele>18.340000000000003</ele>
   </trkpt>
   <trkpt lat="40.0420450010942" lon="22.568535016798386">
    <ele>17.11</ele>
   </trkpt>
   <trkpt lat="40.04281666765755" lon="22.568370014928245">
    <ele>15.510000000000002</ele>
   </trkpt>
   <trkpt lat="40.04358833398686" lon="22.56820500932299">
    <ele>14.290000000000001</ele>
   </trkpt>
   <trkpt lat="40.044360000000005" lon="22.568040000000003">
    <ele>13.690000000000001</ele>
   </trkpt>
   <trkpt lat="40.04487999991896" lon="22.567890001195405">
    <ele>13.670000000000002</ele>
   </trkpt>
   <trkpt lat="40.0454" lon="22.56774">
    <ele>14.24</ele>
   </trkpt>
   <trkpt lat="40.045660000000005" lon="22.567690000000002">
    <ele>14.4</ele>
   </trkpt>
   <trkpt lat="40.046110000000006" lon="22.56756">
    <ele>15.72</ele>
   </trkpt>
   <trkpt lat="40.04646" lon="22.56745">
    <ele>16.650000000000002</ele>
   </trkpt>
   <trkpt lat="40.047000000000004" lon="22.567230000000002">
    <ele>16.0</ele>
   </trkpt>
   <trkpt lat="40.047200000000004" lon="22.567130000000002">
    <ele>15.63</ele>
   </trkpt>
   <trkpt lat="40.047940000882186" lon="22.566870008463905">
    <ele>15.91</ele>
   </trkpt>
   <trkpt lat="40.048680001183236" lon="22.56661001128293">
    <ele>17.07</ele>
   </trkpt>
   <trkpt lat="40.049420000903176" lon="22.566350008456805">
    <ele>17.44</ele>
   </trkpt>
   <trkpt lat="40.050160000000005" lon="22.566090000000003">
    <ele>17.830000000000002</ele>
   </trkpt>
   <trkpt lat="40.05095" lon="22.565810000000003">
    <ele>18.070000000000004</ele>
   </trkpt>
   <trkpt lat="40.051816667271275" lon="22.565530007143256">
    <ele>17.79</ele>
   </trkpt>
   <trkpt lat="40.0526833338686" lon="22.565250007165798">
    <ele>17.68</ele>
   </trkpt>
   <trkpt lat="40.05355" lon="22.564970000000002">
    <ele>17.470000000000002</ele>
   </trkpt>
   <trkpt lat="40.05404500004328" lon="22.56482000110567">
    <ele>17.900000000000002</ele>
   </trkpt>
   <trkpt lat="40.05454" lon="22.564670000000003">
    <ele>18.21</ele>
   </trkpt>
   <trkpt lat="40.05540000023905" lon="22.56439500349788">
    <ele>18.85</ele>
   </trkpt>
   <trkpt lat="40.05626" lon="22.564120000000003">
    <ele>19.28</ele>
   </trkpt>
   <trkpt lat="40.05675500032532" lon="22.56397500098445">
    <ele>19.46</ele>
   </trkpt>
   <trkpt lat="40.05725" lon="22.563830000000003">
    <ele>19.05</ele>
   </trkpt>
   <trkpt lat="40.05812000021348" lon="22.56368500183077">
    <ele>19.250000000000004</ele>
   </trkpt>
   <trkpt lat="40.05899" lon="22.563540000000003">
    <ele>18.580000000000002</ele>
   </trkpt>
   <trkpt lat="40.05912" lon="22.563480000000002">
    <ele>19.32</ele>
   </trkpt>
   <trkpt lat="40.059450000000005" lon="22.56341">
    <ele>21.060000000000002</ele>
   </trkpt>
   <trkpt lat="40.06004500007166" lon="22.563320000780344">
    <ele>18.55</ele>
   </trkpt>
   <trkpt lat="40.06064000000001" lon="22.56323">
    <ele>18.42</ele>
   </trkpt>
   <trkpt lat="40.06101" lon="22.56315">
    <ele>19.26</ele>
   </trkpt>
  </trkseg>
 </trk>
</gpx>
