<?xml version="1.0" encoding="UTF-8"?>
<gpx creator="StravaGPX" version="1.1" xmlns="http://www.topografix.com/GPX/1/1" xmlns:xsi="http://www.w3.org/2001/XMLSchema-instance" xsi:schemaLocation="http://www.topografix.com/GPX/1/1 http://www.topografix.com/GPX/1/1/gpx.xsd">
 <metadata>
  <name>COP31 GR Day 2</name>
  <author>
   <name>Agis Tsakmakis 🇬🇷</name>
   <link href="https://www.strava.com/athletes/74715064"/>
  </author>
  <copyright author="OpenStreetMap contributors">
   <year>2020</year>
   <license>https://www.openstreetmap.org/copyright</license>
  </copyright>
  <link href="https://www.strava.com/routes/3538246175648001666"/>
 </metadata>
 <wpt lat="38.65276" lon="22.99932">
  <name>Δημ. Λοκρών (Αταλάντη)</name>
  <desc></desc>
  <sym>Distance Marker</sym>
  <type>Distance Marker</type>
 </wpt>
 <wpt lat="38.89155" lon="22.44632">
  <name>Χαλκιοπούλειο</name>
  <desc></desc>
  <sym>Distance Marker</sym>
  <type>Distance Marker</type>
 </wpt>
 <wpt lat="39.36467" lon="21.92885">
  <name>Δημ. Καρδίτσας</name>
  <desc></desc>
  <sym>Distance Marker</sym>
  <type>Distance Marker</type>
 </wpt>
 <trk>
  <name>COP31 GR Day 2</name>
  <link href="https://www.strava.com/routes/3538246175648001666"/>
  <type>cycling</type>
  <trkseg>
   <trkpt lat="38.652750000000005" lon="22.99933">
    <ele>91.06</ele>
   </trkpt>
   <trkpt lat="38.65276" lon="22.99932">
    <ele>91.05</ele>
   </trkpt>
   <trkpt lat="38.65258" lon="22.99989">
    <ele>92.73</ele>
   </trkpt>
   <trkpt lat="38.652680000000004" lon="22.99999">
    <ele>93.03</ele>
   </trkpt>
   <trkpt lat="38.652710000000006" lon="23.00006">
    <ele>93.00000000000001</ele>
   </trkpt>
   <trkpt lat="38.6527" lon="23.00017">
    <ele>92.77000000000001</ele>
   </trkpt>
   <trkpt lat="38.652730000000005" lon="23.000230000000002">
    <ele>92.77000000000001</ele>
   </trkpt>
   <trkpt lat="38.65305" lon="23.00043">
    <ele>87.73</ele>
   </trkpt>
   <trkpt lat="38.653090000000006" lon="23.000290000000003">
    <ele>84.95</ele>
   </trkpt>
   <trkpt lat="38.65312" lon="23.00026">
    <ele>84.95</ele>
   </trkpt>
   <trkpt lat="38.653150000000004" lon="23.00027">
    <ele>84.95</ele>
   </trkpt>
   <trkpt lat="38.653400000000005" lon="23.000390000000003">
    <ele>78.77000000000001</ele>
   </trkpt>
   <trkpt lat="38.654160000000005" lon="23.00082">
    <ele>71.08</ele>
   </trkpt>
   <trkpt lat="38.65431" lon="23.000940000000003">
    <ele>70.41</ele>
   </trkpt>
   <trkpt lat="38.65478667030981" lon="23.001596657888772">
    <ele>67.15</ele>
   </trkpt>
   <trkpt lat="38.65526333694856" lon="23.00225332451686">
    <ele>65.71000000000001</ele>
   </trkpt>
   <trkpt lat="38.65574" lon="23.002910000000004">
    <ele>65.08</ele>
   </trkpt>
   <trkpt lat="38.656270000000006" lon="23.00353">
    <ele>64.03</ele>
   </trkpt>
   <trkpt lat="38.65675333888462" lon="23.004336655799072">
    <ele>61.720000000000006</ele>
   </trkpt>
   <trkpt lat="38.6572366722294" lon="23.0051433224847">
    <ele>60.75000000000001</ele>
   </trkpt>
   <trkpt lat="38.657720000000005" lon="23.005950000000002">
    <ele>60.620000000000005</ele>
   </trkpt>
   <trkpt lat="38.65799333779294" lon="23.00666999462614">
    <ele>60.190000000000005</ele>
   </trkpt>
   <trkpt lat="38.65826667117243" lon="23.007389994747633">
    <ele>59.260000000000005</ele>
   </trkpt>
   <trkpt lat="38.65854" lon="23.008110000000002">
    <ele>59.02</ele>
   </trkpt>
   <trkpt lat="38.65885" lon="23.008830000000003">
    <ele>58.470000000000006</ele>
   </trkpt>
   <trkpt lat="38.65914" lon="23.009610000000002">
    <ele>57.81000000000001</ele>
   </trkpt>
   <trkpt lat="38.659380000000006" lon="23.01037">
    <ele>57.480000000000004</ele>
   </trkpt>
   <trkpt lat="38.65952" lon="23.01104">
    <ele>57.1</ele>
   </trkpt>
   <trkpt lat="38.659630001980354" lon="23.011719999029566">
    <ele>56.440000000000005</ele>
   </trkpt>
   <trkpt lat="38.659740000000006" lon="23.012400000000003">
    <ele>56.0</ele>
   </trkpt>
   <trkpt lat="38.65979" lon="23.01257">
    <ele>55.910000000000004</ele>
   </trkpt>
   <trkpt lat="38.65993" lon="23.012870000000003">
    <ele>55.74</ele>
   </trkpt>
   <trkpt lat="38.66033" lon="23.0135">
    <ele>55.36000000000001</ele>
   </trkpt>
   <trkpt lat="38.66069500100327" lon="23.01397999758322">
    <ele>54.89</ele>
   </trkpt>
   <trkpt lat="38.661060000000006" lon="23.014460000000003">
    <ele>54.74</ele>
   </trkpt>
   <trkpt lat="38.6614" lon="23.014960000000002">
    <ele>54.02</ele>
   </trkpt>
   <trkpt lat="38.661460000000005" lon="23.015130000000003">
    <ele>53.83</ele>
   </trkpt>
   <trkpt lat="38.661530000000006" lon="23.015420000000002">
    <ele>53.230000000000004</ele>
   </trkpt>
   <trkpt lat="38.66166001000199" lon="23.016304995177176">
    <ele>51.9</ele>
   </trkpt>
   <trkpt lat="38.661790013335704" lon="23.01718999356752">
    <ele>50.84</ele>
   </trkpt>
   <trkpt lat="38.6619200100011" lon="23.018074995170892">
    <ele>49.620000000000005</ele>
   </trkpt>
   <trkpt lat="38.66205" lon="23.018960000000003">
    <ele>48.400000000000006</ele>
   </trkpt>
   <trkpt lat="38.6623" lon="23.020010000000003">
    <ele>47.07</ele>
   </trkpt>
   <trkpt lat="38.6625950047058" lon="23.021064995538392">
    <ele>45.63</ele>
   </trkpt>
   <trkpt lat="38.662890000000004" lon="23.02212">
    <ele>44.52</ele>
   </trkpt>
   <trkpt lat="38.6631" lon="23.0226">
    <ele>44.18</ele>
   </trkpt>
   <trkpt lat="38.663230000000006" lon="23.022930000000002">
    <ele>43.72</ele>
   </trkpt>
   <trkpt lat="38.66341000254933" lon="23.0236999981729">
    <ele>42.93</ele>
   </trkpt>
   <trkpt lat="38.663590000000006" lon="23.02447">
    <ele>41.88</ele>
   </trkpt>
   <trkpt lat="38.6637950017904" lon="23.025119998113183">
    <ele>41.5</ele>
   </trkpt>
   <trkpt lat="38.664" lon="23.02577">
    <ele>40.290000000000006</ele>
   </trkpt>
   <trkpt lat="38.66428333896517" lon="23.02658332689613">
    <ele>39.25</ele>
   </trkpt>
   <trkpt lat="38.66456667229822" lon="23.027396660228547">
    <ele>38.48</ele>
   </trkpt>
   <trkpt lat="38.66485" lon="23.02821">
    <ele>37.61000000000001</ele>
   </trkpt>
   <trkpt lat="38.66514" lon="23.029120000000002">
    <ele>36.61</ele>
   </trkpt>
   <trkpt lat="38.66538500332026" lon="23.030004996921395">
    <ele>35.33</ele>
   </trkpt>
   <trkpt lat="38.66563" lon="23.030890000000003">
    <ele>35.02</ele>
   </trkpt>
   <trkpt lat="38.66586000404825" lon="23.031864996873892">
    <ele>33.85</ele>
   </trkpt>
   <trkpt lat="38.666090000000004" lon="23.03284">
    <ele>32.97</ele>
   </trkpt>
   <trkpt lat="38.66623501594622" lon="23.033957493190144">
    <ele>31.84</ele>
   </trkpt>
   <trkpt lat="38.666380021259904" lon="23.03507499090658">
    <ele>30.7</ele>
   </trkpt>
   <trkpt lat="38.66652501594094" lon="23.03619249314902">
    <ele>29.990000000000002</ele>
   </trkpt>
   <trkpt lat="38.66667" lon="23.03731">
    <ele>29.200000000000003</ele>
   </trkpt>
   <trkpt lat="38.666880015430145" lon="23.03826198881844">
    <ele>28.39</ele>
   </trkpt>
   <trkpt lat="38.667090023143906" lon="23.039213983221373">
    <ele>27.290000000000003</ele>
   </trkpt>
   <trkpt lat="38.66730002314118" lon="23.04016598320866">
    <ele>26.3</ele>
   </trkpt>
   <trkpt lat="38.66751001542186" lon="23.041117988780183">
    <ele>25.27</ele>
   </trkpt>
   <trkpt lat="38.66772" lon="23.042070000000002">
    <ele>24.32</ele>
   </trkpt>
   <trkpt lat="38.6678" lon="23.042820000000003">
    <ele>23.840000000000003</ele>
   </trkpt>
   <trkpt lat="38.66779333967978" lon="23.043683333450787">
    <ele>23.080000000000002</ele>
   </trkpt>
   <trkpt lat="38.66778667301345" lon="23.04454666674087">
    <ele>22.21</ele>
   </trkpt>
   <trkpt lat="38.66778" lon="23.04541">
    <ele>21.580000000000002</ele>
   </trkpt>
   <trkpt lat="38.66778750989057" lon="23.046289999761008">
    <ele>20.740000000000002</ele>
   </trkpt>
   <trkpt lat="38.66779501318764" lon="23.047169999706536">
    <ele>19.85</ele>
   </trkpt>
   <trkpt lat="38.667802509891224" lon="23.048049999836426">
    <ele>19.090000000000003</ele>
   </trkpt>
   <trkpt lat="38.66781" lon="23.048930000000002">
    <ele>18.590000000000003</ele>
   </trkpt>
   <trkpt lat="38.667820000000006" lon="23.04916">
    <ele>18.35</ele>
   </trkpt>
   <trkpt lat="38.66787" lon="23.049580000000002">
    <ele>18.18</ele>
   </trkpt>
   <trkpt lat="38.66811000357243" lon="23.050494996964225">
    <ele>17.300000000000004</ele>
   </trkpt>
   <trkpt lat="38.668350000000004" lon="23.05141">
    <ele>16.53</ele>
   </trkpt>
   <trkpt lat="38.66866" lon="23.052410000000002">
    <ele>15.83</ele>
   </trkpt>
   <trkpt lat="38.66902" lon="23.053330000000003">
    <ele>15.240000000000002</ele>
   </trkpt>
   <trkpt lat="38.66927000204683" lon="23.054019997645717">
    <ele>14.88</ele>
   </trkpt>
   <trkpt lat="38.669520000000006" lon="23.054710000000004">
    <ele>14.020000000000001</ele>
   </trkpt>
   <trkpt lat="38.669810000000005" lon="23.055650000000004">
    <ele>13.290000000000001</ele>
   </trkpt>
   <trkpt lat="38.669985001674334" lon="23.056284998294373">
    <ele>13.030000000000001</ele>
   </trkpt>
   <trkpt lat="38.67016" lon="23.05692">
    <ele>12.24</ele>
   </trkpt>
   <trkpt lat="38.67024" lon="23.05732">
    <ele>11.91</ele>
   </trkpt>
   <trkpt lat="38.670280000000005" lon="23.057620000000004">
    <ele>11.420000000000002</ele>
   </trkpt>
   <trkpt lat="38.67027" lon="23.058030000000002">
    <ele>11.420000000000002</ele>
   </trkpt>
   <trkpt lat="38.67017667271016" lon="23.058873335641493">
    <ele>10.64</ele>
   </trkpt>
   <trkpt lat="38.67008333936472" lon="23.059716669084217">
    <ele>10.42</ele>
   </trkpt>
   <trkpt lat="38.669990000000006" lon="23.060560000000002">
    <ele>9.79</ele>
   </trkpt>
   <trkpt lat="38.66984667523948" lon="23.061563337340388">
    <ele>9.47</ele>
   </trkpt>
   <trkpt lat="38.66970334190759" lon="23.06256667066347">
    <ele>8.990000000000002</ele>
   </trkpt>
   <trkpt lat="38.669560000000004" lon="23.063570000000002">
    <ele>8.31</ele>
   </trkpt>
   <trkpt lat="38.66978" lon="23.063550000000003">
    <ele>8.16</ele>
   </trkpt>
   <trkpt lat="38.66995" lon="23.063570000000002">
    <ele>7.29</ele>
   </trkpt>
   <trkpt lat="38.67011" lon="23.063640000000003">
    <ele>7.29</ele>
   </trkpt>
   <trkpt lat="38.670280000000005" lon="23.06377">
    <ele>6.620000000000001</ele>
   </trkpt>
   <trkpt lat="38.670680000000004" lon="23.064210000000003">
    <ele>6.2700000000000005</ele>
   </trkpt>
   <trkpt lat="38.67081" lon="23.06427">
    <ele>6.220000000000001</ele>
   </trkpt>
   <trkpt lat="38.671040000000005" lon="23.064310000000003">
    <ele>6.24</ele>
   </trkpt>
   <trkpt lat="38.6715749998825" lon="23.06423500058032">
    <ele>6.69</ele>
   </trkpt>
   <trkpt lat="38.67211" lon="23.06416">
    <ele>6.7700000000000005</ele>
   </trkpt>
   <trkpt lat="38.67289000003919" lon="23.064113334349063">
    <ele>6.53</ele>
   </trkpt>
   <trkpt lat="38.673670000059836" lon="23.06406666768118">
    <ele>6.410000000000001</ele>
   </trkpt>
   <trkpt lat="38.67445" lon="23.064020000000003">
    <ele>5.970000000000001</ele>
   </trkpt>
   <trkpt lat="38.675155000091316" lon="23.06395500063343">
    <ele>5.38</ele>
   </trkpt>
   <trkpt lat="38.67586" lon="23.06389">
    <ele>4.9</ele>
   </trkpt>
   <trkpt lat="38.676483333607564" lon="23.063723336226115">
    <ele>4.540000000000001</ele>
   </trkpt>
   <trkpt lat="38.677106666978624" lon="23.063556669549406">
    <ele>4.5200000000000005</ele>
   </trkpt>
   <trkpt lat="38.677730000000004" lon="23.063390000000002">
    <ele>4.62</ele>
   </trkpt>
   <trkpt lat="38.67853000122331" lon="23.063171443229667">
    <ele>4.38</ele>
   </trkpt>
   <trkpt lat="38.679330002039876" lon="23.06295288157339">
    <ele>4.47</ele>
   </trkpt>
   <trkpt lat="38.68013000244967" lon="23.062734315030934">
    <ele>4.74</ele>
   </trkpt>
   <trkpt lat="38.680930002452676" lon="23.062515743602045">
    <ele>4.85</ele>
   </trkpt>
   <trkpt lat="38.68173000204888" lon="23.06229716728648">
    <ele>5.15</ele>
   </trkpt>
   <trkpt lat="38.68253000123824" lon="23.06207858608399">
    <ele>5.25</ele>
   </trkpt>
   <trkpt lat="38.683330000000005" lon="23.061860000000003">
    <ele>5.42</ele>
   </trkpt>
   <trkpt lat="38.68418000052091" lon="23.06160667269282">
    <ele>5.0600000000000005</ele>
   </trkpt>
   <trkpt lat="38.68503000049533" lon="23.061353339367223">
    <ele>4.930000000000001</ele>
   </trkpt>
   <trkpt lat="38.685880000000004" lon="23.061100000000003">
    <ele>5.760000000000001</ele>
   </trkpt>
   <trkpt lat="38.686385000106476" lon="23.06096500094509">
    <ele>6.580000000000001</ele>
   </trkpt>
   <trkpt lat="38.686890000000005" lon="23.060830000000003">
    <ele>6.930000000000001</ele>
   </trkpt>
   <trkpt lat="38.68760000013072" lon="23.060660001685132">
    <ele>7.16</ele>
   </trkpt>
   <trkpt lat="38.68831" lon="23.06049">
    <ele>8.100000000000001</ele>
   </trkpt>
   <trkpt lat="38.689040000000006" lon="23.060260000000003">
    <ele>9.080000000000002</ele>
   </trkpt>
   <trkpt lat="38.689693333554786" lon="23.06007667003326">
    <ele>9.520000000000001</ele>
   </trkpt>
   <trkpt lat="38.690346666823345" lon="23.059893336718154">
    <ele>9.64</ele>
   </trkpt>
   <trkpt lat="38.691" lon="23.059710000000003">
    <ele>10.26</ele>
   </trkpt>
   <trkpt lat="38.69163" lon="23.059450000000002">
    <ele>10.89</ele>
   </trkpt>
   <trkpt lat="38.69183" lon="23.0594">
    <ele>11.28</ele>
   </trkpt>
   <trkpt lat="38.69231000000354" lon="23.059335000438097">
    <ele>12.4</ele>
   </trkpt>
   <trkpt lat="38.69279" lon="23.05927">
    <ele>13.56</ele>
   </trkpt>
   <trkpt lat="38.693605000846055" lon="23.059015008711164">
    <ele>12.97</ele>
   </trkpt>
   <trkpt lat="38.69442000113839" lon="23.058760011611863">
    <ele>11.9</ele>
   </trkpt>
   <trkpt lat="38.69523500087695" lon="23.058505008701804">
    <ele>11.540000000000001</ele>
   </trkpt>
   <trkpt lat="38.69605" lon="23.05825">
    <ele>11.53</ele>
   </trkpt>
   <trkpt lat="38.69687100201118" lon="23.058021023657965">
    <ele>11.15</ele>
   </trkpt>
   <trkpt lat="38.697692003575845" lon="23.05779204205923">
    <ele>11.01</ele>
   </trkpt>
   <trkpt lat="38.69851300469396" lon="23.05756305520353">
    <ele>10.93</ele>
   </trkpt>
   <trkpt lat="38.699334005365515" lon="23.05733406309059">
    <ele>11.02</ele>
   </trkpt>
   <trkpt lat="38.70015500559047" lon="23.057105065720133">
    <ele>11.170000000000002</ele>
   </trkpt>
   <trkpt lat="38.70097600536884" lon="23.056876063091895">
    <ele>11.44</ele>
   </trkpt>
   <trkpt lat="38.701797004700545" lon="23.0566470552056">
    <ele>11.590000000000002</ele>
   </trkpt>
   <trkpt lat="38.70261800358559" lon="23.056418042060976">
    <ele>11.920000000000002</ele>
   </trkpt>
   <trkpt lat="38.70343900202398" lon="23.056189023657744">
    <ele>12.07</ele>
   </trkpt>
   <trkpt lat="38.704260000000005" lon="23.055960000000002">
    <ele>12.93</ele>
   </trkpt>
   <trkpt lat="38.7049" lon="23.05574">
    <ele>12.98</ele>
   </trkpt>
   <trkpt lat="38.70535500020249" lon="23.055565001085867">
    <ele>13.070000000000002</ele>
   </trkpt>
   <trkpt lat="38.70581000000001" lon="23.055390000000003">
    <ele>13.02</ele>
   </trkpt>
   <trkpt lat="38.70595" lon="23.055280000000003">
    <ele>13.030000000000001</ele>
   </trkpt>
   <trkpt lat="38.706010000000006" lon="23.055210000000002">
    <ele>13.070000000000002</ele>
   </trkpt>
   <trkpt lat="38.70624" lon="23.054750000000002">
    <ele>13.57</ele>
   </trkpt>
   <trkpt lat="38.70638" lon="23.054640000000003">
    <ele>14.08</ele>
   </trkpt>
   <trkpt lat="38.70656" lon="23.054570000000002">
    <ele>14.300000000000002</ele>
   </trkpt>
   <trkpt lat="38.70674" lon="23.05458">
    <ele>14.100000000000001</ele>
   </trkpt>
   <trkpt lat="38.70689" lon="23.054710000000004">
    <ele>13.99</ele>
   </trkpt>
   <trkpt lat="38.70721" lon="23.05517">
    <ele>13.680000000000001</ele>
   </trkpt>
   <trkpt lat="38.707300000000004" lon="23.05525">
    <ele>13.500000000000002</ele>
   </trkpt>
   <trkpt lat="38.707390000000004" lon="23.055300000000003">
    <ele>13.49</ele>
   </trkpt>
   <trkpt lat="38.708040000000004" lon="23.055410000000002">
    <ele>13.760000000000002</ele>
   </trkpt>
   <trkpt lat="38.70855" lon="23.05553">
    <ele>14.13</ele>
   </trkpt>
   <trkpt lat="38.70881" lon="23.055560000000003">
    <ele>14.66</ele>
   </trkpt>
   <trkpt lat="38.709279999962234" lon="23.055555000033277">
    <ele>16.14</ele>
   </trkpt>
   <trkpt lat="38.70975" lon="23.05555">
    <ele>18.21</ele>
   </trkpt>
   <trkpt lat="38.709590000000006" lon="23.05648">
    <ele>16.51</ele>
   </trkpt>
   <trkpt lat="38.7102" lon="23.056620000000002">
    <ele>18.490000000000002</ele>
   </trkpt>
   <trkpt lat="38.71036" lon="23.05664">
    <ele>18.490000000000002</ele>
   </trkpt>
   <trkpt lat="38.710570000000004" lon="23.05657">
    <ele>20.05</ele>
   </trkpt>
   <trkpt lat="38.71092" lon="23.056410000000003">
    <ele>20.66</ele>
   </trkpt>
   <trkpt lat="38.71106" lon="23.05638">
    <ele>20.52</ele>
   </trkpt>
   <trkpt lat="38.71173999990346" lon="23.056414999661833">
    <ele>19.669999999999998</ele>
   </trkpt>
   <trkpt lat="38.71242" lon="23.05645">
    <ele>21.040000000000003</ele>
   </trkpt>
   <trkpt lat="38.71331" lon="23.056430000000002">
    <ele>21.23</ele>
   </trkpt>
   <trkpt lat="38.713640000000005" lon="23.05638">
    <ele>21.19</ele>
   </trkpt>
   <trkpt lat="38.7143" lon="23.056220000000003">
    <ele>21.580000000000002</ele>
   </trkpt>
   <trkpt lat="38.714650000000006" lon="23.0561">
    <ele>21.900000000000002</ele>
   </trkpt>
   <trkpt lat="38.71531" lon="23.05581">
    <ele>22.740000000000002</ele>
   </trkpt>
   <trkpt lat="38.71587500048932" lon="23.05549000249938">
    <ele>23.22</ele>
   </trkpt>
   <trkpt lat="38.716440000000006" lon="23.05517">
    <ele>23.380000000000003</ele>
   </trkpt>
   <trkpt lat="38.71692" lon="23.05489">
    <ele>23.58</ele>
   </trkpt>
   <trkpt lat="38.71772000068421" lon="23.054500004347616">
    <ele>23.57</ele>
   </trkpt>
   <trkpt lat="38.718520000000005" lon="23.05411">
    <ele>23.22</ele>
   </trkpt>
   <trkpt lat="38.7193400022424" lon="23.053692514363252">
    <ele>23.000000000000004</ele>
   </trkpt>
   <trkpt lat="38.72016000300014" lon="23.053275019146113">
    <ele>23.13</ele>
   </trkpt>
   <trkpt lat="38.72098000227319" lon="23.052857514348094">
    <ele>23.46</ele>
   </trkpt>
   <trkpt lat="38.7218" lon="23.05244">
    <ele>24.130000000000003</ele>
   </trkpt>
   <trkpt lat="38.72265" lon="23.05208">
    <ele>24.21</ele>
   </trkpt>
   <trkpt lat="38.723440000000004" lon="23.05161">
    <ele>24.34</ele>
   </trkpt>
   <trkpt lat="38.723940000324475" lon="23.0513500018003">
    <ele>24.830000000000002</ele>
   </trkpt>
   <trkpt lat="38.72444" lon="23.051090000000002">
    <ele>25.44</ele>
   </trkpt>
   <trkpt lat="38.72503000047248" lon="23.05076500267114">
    <ele>25.78</ele>
   </trkpt>
   <trkpt lat="38.725620000000006" lon="23.050440000000002">
    <ele>25.630000000000003</ele>
   </trkpt>
   <trkpt lat="38.72623" lon="23.05008">
    <ele>24.85</ele>
   </trkpt>
   <trkpt lat="38.72681" lon="23.049680000000002">
    <ele>23.51</ele>
   </trkpt>
   <trkpt lat="38.72762" lon="23.049190000000003">
    <ele>19.94</ele>
   </trkpt>
   <trkpt lat="38.72791" lon="23.04904">
    <ele>18.94</ele>
   </trkpt>
   <trkpt lat="38.72824000000001" lon="23.048820000000003">
    <ele>18.44</ele>
   </trkpt>
   <trkpt lat="38.728680000000004" lon="23.048330000000004">
    <ele>18.73</ele>
   </trkpt>
   <trkpt lat="38.729354298179885" lon="23.047631468137716">
    <ele>20.17</ele>
   </trkpt>
   <trkpt lat="38.73002859220313" lon="23.046932923089255">
    <ele>21.740000000000002</ele>
   </trkpt>
   <trkpt lat="38.730702882069586" lon="23.04623436485414">
    <ele>22.45</ele>
   </trkpt>
   <trkpt lat="38.73137716777908" lon="23.045535793431885">
    <ele>22.990000000000002</ele>
   </trkpt>
   <trkpt lat="38.73205144933141" lon="23.044837208822003">
    <ele>23.3</ele>
   </trkpt>
   <trkpt lat="38.7327257267264" lon="23.044138611024007">
    <ele>24.51</ele>
   </trkpt>
   <trkpt lat="38.7334" lon="23.04344">
    <ele>25.970000000000002</ele>
   </trkpt>
   <trkpt lat="38.7339425038937" lon="23.042887512595563">
    <ele>26.310000000000002</ele>
   </trkpt>
   <trkpt lat="38.73448500518708" lon="23.042335016798916">
    <ele>27.200000000000003</ele>
   </trkpt>
   <trkpt lat="38.735027503880055" lon="23.041782512609803">
    <ele>28.200000000000003</ele>
   </trkpt>
   <trkpt lat="38.73557" lon="23.041230000000002">
    <ele>29.400000000000002</ele>
   </trkpt>
   <trkpt lat="38.73604500085687" lon="23.040785002946873">
    <ele>29.59</ele>
   </trkpt>
   <trkpt lat="38.736520000000006" lon="23.04034">
    <ele>28.42</ele>
   </trkpt>
   <trkpt lat="38.736990000000006" lon="23.03994">
    <ele>27.8</ele>
   </trkpt>
   <trkpt lat="38.73724" lon="23.03968">
    <ele>28.040000000000003</ele>
   </trkpt>
   <trkpt lat="38.737590000000004" lon="23.03922">
    <ele>29.580000000000002</ele>
   </trkpt>
   <trkpt lat="38.738040000000005" lon="23.038520000000002">
    <ele>33.89</ele>
   </trkpt>
   <trkpt lat="38.738580000000006" lon="23.037630000000004">
    <ele>36.28</ele>
   </trkpt>
   <trkpt lat="38.738760000000006" lon="23.03722">
    <ele>37.08</ele>
   </trkpt>
   <trkpt lat="38.73886" lon="23.037010000000002">
    <ele>37.08</ele>
   </trkpt>
   <trkpt lat="38.73913" lon="23.0361">
    <ele>38.64</ele>
   </trkpt>
   <trkpt lat="38.739200000000004" lon="23.03572">
    <ele>39.05</ele>
   </trkpt>
   <trkpt lat="38.739270000000005" lon="23.03478">
    <ele>39.75</ele>
   </trkpt>
   <trkpt lat="38.73944" lon="23.03375">
    <ele>39.580000000000005</ele>
   </trkpt>
   <trkpt lat="38.73945751081537" lon="23.03283000070172">
    <ele>38.37</ele>
   </trkpt>
   <trkpt lat="38.73947501442017" lon="23.031910000952372">
    <ele>38.21</ele>
   </trkpt>
   <trkpt lat="38.739492510814415" lon="23.03099000075215">
    <ele>39.7</ele>
   </trkpt>
   <trkpt lat="38.73951" lon="23.030070000000002">
    <ele>40.400000000000006</ele>
   </trkpt>
   <trkpt lat="38.73955" lon="23.02962">
    <ele>40.74</ele>
   </trkpt>
   <trkpt lat="38.73973500322547" lon="23.028745002435823">
    <ele>41.830000000000005</ele>
   </trkpt>
   <trkpt lat="38.739920000000005" lon="23.027870000000004">
    <ele>44.69</ele>
   </trkpt>
   <trkpt lat="38.740010000000005" lon="23.027700000000003">
    <ele>45.27</ele>
   </trkpt>
   <trkpt lat="38.74006" lon="23.02764">
    <ele>45.27</ele>
   </trkpt>
   <trkpt lat="38.740210000000005" lon="23.027540000000002">
    <ele>46.68000000000001</ele>
   </trkpt>
   <trkpt lat="38.740410000000004" lon="23.027510000000003">
    <ele>47.52</ele>
   </trkpt>
   <trkpt lat="38.741260000000004" lon="23.027530000000002">
    <ele>49.99000000000001</ele>
   </trkpt>
   <trkpt lat="38.741260000000004" lon="23.026680000000002">
    <ele>50.02</ele>
   </trkpt>
   <trkpt lat="38.741220000000006" lon="23.02608">
    <ele>49.31</ele>
   </trkpt>
   <trkpt lat="38.74116" lon="23.025930000000002">
    <ele>49.040000000000006</ele>
   </trkpt>
   <trkpt lat="38.741080000000004" lon="23.025820000000003">
    <ele>49.040000000000006</ele>
   </trkpt>
   <trkpt lat="38.741020000000006" lon="23.02577">
    <ele>48.0</ele>
   </trkpt>
   <trkpt lat="38.740950000000005" lon="23.025730000000003">
    <ele>48.0</ele>
   </trkpt>
   <trkpt lat="38.740860000000005" lon="23.025720000000003">
    <ele>48.0</ele>
   </trkpt>
   <trkpt lat="38.740100000000005" lon="23.025820000000003">
    <ele>45.58</ele>
   </trkpt>
   <trkpt lat="38.739990000000006" lon="23.02579">
    <ele>45.58</ele>
   </trkpt>
   <trkpt lat="38.73987" lon="23.0257">
    <ele>45.39000000000001</ele>
   </trkpt>
   <trkpt lat="38.73978" lon="23.025570000000002">
    <ele>45.25000000000001</ele>
   </trkpt>
   <trkpt lat="38.73971" lon="23.025380000000002">
    <ele>45.24</ele>
   </trkpt>
   <trkpt lat="38.7396" lon="23.02474">
    <ele>45.660000000000004</ele>
   </trkpt>
   <trkpt lat="38.739560000000004" lon="23.0241">
    <ele>46.940000000000005</ele>
   </trkpt>
   <trkpt lat="38.73950000000001" lon="23.023500000000002">
    <ele>47.88</ele>
   </trkpt>
   <trkpt lat="38.73940500219714" lon="23.022784999196006">
    <ele>48.52</ele>
   </trkpt>
   <trkpt lat="38.73931" lon="23.022070000000003">
    <ele>49.07</ele>
   </trkpt>
   <trkpt lat="38.73919667435302" lon="23.02111999696698">
    <ele>49.61</ele>
   </trkpt>
   <trkpt lat="38.73908334101752" lon="23.02016999694903">
    <ele>50.04</ele>
   </trkpt>
   <trkpt lat="38.73897" lon="23.01922">
    <ele>50.230000000000004</ele>
   </trkpt>
   <trkpt lat="38.73884128445619" lon="23.018144986427743">
    <ele>50.410000000000004</ele>
   </trkpt>
   <trkpt lat="38.738712559067345" lon="23.017069976730614">
    <ele>51.14</ele>
   </trkpt>
   <trkpt lat="38.73858382383352" lon="23.015994970908867">
    <ele>52.46000000000001</ele>
   </trkpt>
   <trkpt lat="38.73845507875483" lon="23.014919968962783">
    <ele>54.2</ele>
   </trkpt>
   <trkpt lat="38.73832632383133" lon="23.013844970892613">
    <ele>56.2</ele>
   </trkpt>
   <trkpt lat="38.73819755906312" lon="23.012769976698632">
    <ele>57.230000000000004</ele>
   </trkpt>
   <trkpt lat="38.73806878445027" lon="23.01169498638109">
    <ele>58.85000000000001</ele>
   </trkpt>
   <trkpt lat="38.73794" lon="23.010620000000003">
    <ele>59.330000000000005</ele>
   </trkpt>
   <trkpt lat="38.737870003180966" lon="23.00975499907691">
    <ele>58.89</ele>
   </trkpt>
   <trkpt lat="38.7378" lon="23.00889">
    <ele>58.53</ele>
   </trkpt>
   <trkpt lat="38.737795002794854" lon="23.0080799999745">
    <ele>57.81000000000001</ele>
   </trkpt>
   <trkpt lat="38.737790000000004" lon="23.007270000000002">
    <ele>56.67</ele>
   </trkpt>
   <trkpt lat="38.73791002696502" lon="23.006242867481806">
    <ele>53.35</ele>
   </trkpt>
   <trkpt lat="38.73803004494245" lon="23.005215731511374">
    <ele>51.85000000000001</ele>
   </trkpt>
   <trkpt lat="38.738150053932245" lon="23.004188592088937">
    <ele>51.72</ele>
   </trkpt>
   <trkpt lat="38.738270053934315" lon="23.003161449214733">
    <ele>51.800000000000004</ele>
   </trkpt>
   <trkpt lat="38.738390044948616" lon="23.002134302888994">
    <ele>51.67000000000001</ele>
   </trkpt>
   <trkpt lat="38.73851002697505" lon="23.00110715311194">
    <ele>51.72</ele>
   </trkpt>
   <trkpt lat="38.73863" lon="23.00008">
    <ele>51.78000000000001</ele>
   </trkpt>
   <trkpt lat="38.73876000392696" lon="22.999120001737285">
    <ele>52.09</ele>
   </trkpt>
   <trkpt lat="38.738890000000005" lon="22.998160000000002">
    <ele>52.33</ele>
   </trkpt>
   <trkpt lat="38.739000005018745" lon="22.997075001628566">
    <ele>51.510000000000005</ele>
   </trkpt>
   <trkpt lat="38.739110000000004" lon="22.995990000000003">
    <ele>49.7</ele>
   </trkpt>
   <trkpt lat="38.739180000000005" lon="22.99548">
    <ele>49.31</ele>
   </trkpt>
   <trkpt lat="38.73942" lon="22.99452">
    <ele>49.0</ele>
   </trkpt>
   <trkpt lat="38.739540000000005" lon="22.994210000000002">
    <ele>48.36000000000001</ele>
   </trkpt>
   <trkpt lat="38.739810000000006" lon="22.9938">
    <ele>46.99</ele>
   </trkpt>
   <trkpt lat="38.74009" lon="22.99352">
    <ele>45.96</ele>
   </trkpt>
   <trkpt lat="38.74065" lon="22.99312">
    <ele>43.660000000000004</ele>
   </trkpt>
   <trkpt lat="38.74143000160634" lon="22.99268667612938">
    <ele>38.48</ele>
   </trkpt>
   <trkpt lat="38.742210001612996" lon="22.99225334279252">
    <ele>33.56</ele>
   </trkpt>
   <trkpt lat="38.742990000000006" lon="22.99182">
    <ele>28.8</ele>
   </trkpt>
   <trkpt lat="38.74335000000001" lon="22.99144">
    <ele>27.94</ele>
   </trkpt>
   <trkpt lat="38.74358" lon="22.991110000000003">
    <ele>25.880000000000003</ele>
   </trkpt>
   <trkpt lat="38.74374" lon="22.990810000000003">
    <ele>25.17</ele>
   </trkpt>
   <trkpt lat="38.743990000000004" lon="22.990090000000002">
    <ele>21.69</ele>
   </trkpt>
   <trkpt lat="38.744080000000004" lon="22.98957">
    <ele>19.73</ele>
   </trkpt>
   <trkpt lat="38.744130000000006" lon="22.988860000000003">
    <ele>17.23</ele>
   </trkpt>
   <trkpt lat="38.744083341741906" lon="22.987866665418764">
    <ele>15.4</ele>
   </trkpt>
   <trkpt lat="38.744036675077595" lon="22.986873332135808">
    <ele>14.190000000000001</ele>
   </trkpt>
   <trkpt lat="38.743990000000004" lon="22.98588">
    <ele>14.560000000000002</ele>
   </trkpt>
   <trkpt lat="38.74371" lon="22.98581">
    <ele>14.440000000000001</ele>
   </trkpt>
   <trkpt lat="38.74329" lon="22.985660000000003">
    <ele>14.4</ele>
   </trkpt>
   <trkpt lat="38.7433900016366" lon="22.98503500104621">
    <ele>14.200000000000001</ele>
   </trkpt>
   <trkpt lat="38.74349" lon="22.98441">
    <ele>14.14</ele>
   </trkpt>
   <trkpt lat="38.743610000000004" lon="22.983490000000003">
    <ele>13.200000000000001</ele>
   </trkpt>
   <trkpt lat="38.74365000166012" lon="22.98286500040977">
    <ele>11.91</ele>
   </trkpt>
   <trkpt lat="38.74369" lon="22.98224">
    <ele>11.02</ele>
   </trkpt>
   <trkpt lat="38.74374168810824" lon="22.981236670279024">
    <ele>8.910000000000002</ele>
   </trkpt>
   <trkpt lat="38.743793367640244" lon="22.980233339105602">
    <ele>7.07</ele>
   </trkpt>
   <trkpt lat="38.74384503859601" lon="22.979230006479977">
    <ele>5.710000000000001</ele>
   </trkpt>
   <trkpt lat="38.7438967009755" lon="22.978226672402368">
    <ele>5.04</ele>
   </trkpt>
   <trkpt lat="38.74394835477869" lon="22.977223336873035">
    <ele>4.9799999999999995</ele>
   </trkpt>
   <trkpt lat="38.744" lon="22.97622">
    <ele>4.920000000000001</ele>
   </trkpt>
   <trkpt lat="38.74402500168075" lon="22.97559499979867">
    <ele>4.930000000000001</ele>
   </trkpt>
   <trkpt lat="38.74405" lon="22.974970000000003">
    <ele>5.140000000000001</ele>
   </trkpt>
   <trkpt lat="38.74403" lon="22.974600000000002">
    <ele>5.21</ele>
   </trkpt>
   <trkpt lat="38.743970000000004" lon="22.974130000000002">
    <ele>5.280000000000001</ele>
   </trkpt>
   <trkpt lat="38.743970000000004" lon="22.97399">
    <ele>5.280000000000001</ele>
   </trkpt>
   <trkpt lat="38.744110000000006" lon="22.973010000000002">
    <ele>5.51</ele>
   </trkpt>
   <trkpt lat="38.744150000000005" lon="22.97239">
    <ele>5.25</ele>
   </trkpt>
   <trkpt lat="38.744185002793365" lon="22.97158000043008">
    <ele>4.5</ele>
   </trkpt>
   <trkpt lat="38.744220000000006" lon="22.97077">
    <ele>4.44</ele>
   </trkpt>
   <trkpt lat="38.74428500344636" lon="22.969870000874927">
    <ele>5.15</ele>
   </trkpt>
   <trkpt lat="38.744350000000004" lon="22.968970000000002">
    <ele>5.010000000000001</ele>
   </trkpt>
   <trkpt lat="38.74438000000001" lon="22.968030000000002">
    <ele>4.81</ele>
   </trkpt>
   <trkpt lat="38.7444450017254" lon="22.967390000773463">
    <ele>4.59</ele>
   </trkpt>
   <trkpt lat="38.744510000000005" lon="22.96675">
    <ele>4.46</ele>
   </trkpt>
   <trkpt lat="38.74463" lon="22.965840000000004">
    <ele>4.4</ele>
   </trkpt>
   <trkpt lat="38.74477" lon="22.965090000000004">
    <ele>5.25</ele>
   </trkpt>
   <trkpt lat="38.74502001363507" lon="22.964057510796806">
    <ele>6.33</ele>
   </trkpt>
   <trkpt lat="38.74527001818806" lon="22.96302501436318">
    <ele>7.7</ele>
   </trkpt>
   <trkpt lat="38.7455200136588" lon="22.96199251069928">
    <ele>6.930000000000001</ele>
   </trkpt>
   <trkpt lat="38.74577" lon="22.960960000000004">
    <ele>6.23</ele>
   </trkpt>
   <trkpt lat="38.74606" lon="22.959940000000003">
    <ele>5.390000000000001</ele>
   </trkpt>
   <trkpt lat="38.746346671409256" lon="22.95919333934775">
    <ele>4.710000000000001</ele>
   </trkpt>
   <trkpt lat="38.746633338068804" lon="22.95844667269969">
    <ele>4.85</ele>
   </trkpt>
   <trkpt lat="38.74692" lon="22.957700000000003">
    <ele>5.33</ele>
   </trkpt>
   <trkpt lat="38.747270006177" lon="22.956846675098475">
    <ele>5.44</ele>
   </trkpt>
   <trkpt lat="38.74762000615028" lon="22.955993341830435">
    <ele>5.6000000000000005</ele>
   </trkpt>
   <trkpt lat="38.74797" lon="22.955140000000004">
    <ele>6.49</ele>
   </trkpt>
   <trkpt lat="38.74824" lon="22.95438">
    <ele>7.800000000000001</ele>
   </trkpt>
   <trkpt lat="38.74843500311998" lon="22.95351500266139">
    <ele>8.990000000000002</ele>
   </trkpt>
   <trkpt lat="38.748630000000006" lon="22.952650000000002">
    <ele>8.910000000000002</ele>
   </trkpt>
   <trkpt lat="38.748850001784" lon="22.952010001858298">
    <ele>7.82</ele>
   </trkpt>
   <trkpt lat="38.74907" lon="22.95137">
    <ele>6.2</ele>
   </trkpt>
   <trkpt lat="38.74918" lon="22.95098">
    <ele>5.0600000000000005</ele>
   </trkpt>
   <trkpt lat="38.74935751082391" lon="22.950060006824657">
    <ele>3.08</ele>
   </trkpt>
   <trkpt lat="38.7495350144368" lon="22.94914000907432">
    <ele>3.920000000000001</ele>
   </trkpt>
   <trkpt lat="38.749712510838535" lon="22.948220006749132">
    <ele>4.79</ele>
   </trkpt>
   <trkpt lat="38.74989" lon="22.947300000000002">
    <ele>4.72</ele>
   </trkpt>
   <trkpt lat="38.75007000206085" lon="22.946605001739922">
    <ele>5.64</ele>
   </trkpt>
   <trkpt lat="38.75025" lon="22.94591">
    <ele>6.86</ele>
   </trkpt>
   <trkpt lat="38.75049000321439" lon="22.945040002960916">
    <ele>8.09</ele>
   </trkpt>
   <trkpt lat="38.750730000000004" lon="22.944170000000003">
    <ele>8.08</ele>
   </trkpt>
   <trkpt lat="38.75095" lon="22.943230000000003">
    <ele>7.320000000000001</ele>
   </trkpt>
   <trkpt lat="38.7511" lon="22.942420000000002">
    <ele>6.23</ele>
   </trkpt>
   <trkpt lat="38.751180000000005" lon="22.9418">
    <ele>5.7700000000000005</ele>
   </trkpt>
   <trkpt lat="38.75122" lon="22.94114">
    <ele>5.07</ele>
   </trkpt>
   <trkpt lat="38.751205001859525" lon="22.94048000003267">
    <ele>4.04</ele>
   </trkpt>
   <trkpt lat="38.75119" lon="22.93982">
    <ele>3.62</ele>
   </trkpt>
   <trkpt lat="38.75113667317153" lon="22.938946665470883">
    <ele>2.91</ele>
   </trkpt>
   <trkpt lat="38.751083339844854" lon="22.938073332246642">
    <ele>3.0</ele>
   </trkpt>
   <trkpt lat="38.75103" lon="22.9372">
    <ele>3.5900000000000003</ele>
   </trkpt>
   <trkpt lat="38.75097334453618" lon="22.936053331524107">
    <ele>4.51</ele>
   </trkpt>
   <trkpt lat="38.750916677870045" lon="22.934906664868485">
    <ele>5.49</ele>
   </trkpt>
   <trkpt lat="38.75086" lon="22.933760000000003">
    <ele>6.410000000000001</ele>
   </trkpt>
   <trkpt lat="38.75079" lon="22.93327">
    <ele>7.660000000000001</ele>
   </trkpt>
   <trkpt lat="38.75065" lon="22.932720000000003">
    <ele>9.56</ele>
   </trkpt>
   <trkpt lat="38.75066" lon="22.93252">
    <ele>9.81</ele>
   </trkpt>
   <trkpt lat="38.75057" lon="22.93166">
    <ele>9.99</ele>
   </trkpt>
   <trkpt lat="38.7505" lon="22.931070000000002">
    <ele>9.3</ele>
   </trkpt>
   <trkpt lat="38.75037000236022" lon="22.93032999880894">
    <ele>7.94</ele>
   </trkpt>
   <trkpt lat="38.750240000000005" lon="22.92959">
    <ele>7.5</ele>
   </trkpt>
   <trkpt lat="38.75006000352218" lon="22.928679997678024">
    <ele>8.26</ele>
   </trkpt>
   <trkpt lat="38.749880000000005" lon="22.927770000000002">
    <ele>8.72</ele>
   </trkpt>
   <trkpt lat="38.749740003641996" lon="22.926844998166995">
    <ele>8.650000000000002</ele>
   </trkpt>
   <trkpt lat="38.7496" lon="22.92592">
    <ele>8.610000000000001</ele>
   </trkpt>
   <trkpt lat="38.74949000490489" lon="22.924844998168442">
    <ele>9.510000000000002</ele>
   </trkpt>
   <trkpt lat="38.74938" lon="22.92377">
    <ele>11.3</ele>
   </trkpt>
   <trkpt lat="38.74936" lon="22.92341">
    <ele>11.91</ele>
   </trkpt>
   <trkpt lat="38.74938" lon="22.923090000000002">
    <ele>11.430000000000001</ele>
   </trkpt>
   <trkpt lat="38.749950000000005" lon="22.923180000000002">
    <ele>12.3</ele>
   </trkpt>
   <trkpt lat="38.750240000000005" lon="22.9232">
    <ele>13.120000000000001</ele>
   </trkpt>
   <trkpt lat="38.750240000000005" lon="22.922810000000002">
    <ele>14.270000000000001</ele>
   </trkpt>
   <trkpt lat="38.75020000000001" lon="22.921750000000003">
    <ele>16.17</ele>
   </trkpt>
   <trkpt lat="38.750220000000006" lon="22.921400000000002">
    <ele>16.75</ele>
   </trkpt>
   <trkpt lat="38.750296672122225" lon="22.92060000168822">
    <ele>17.43</ele>
   </trkpt>
   <trkpt lat="38.75037333879178" lon="22.919800001658082">
    <ele>18.72</ele>
   </trkpt>
   <trkpt lat="38.75045" lon="22.919">
    <ele>19.46</ele>
   </trkpt>
   <trkpt lat="38.75054669007473" lon="22.917951673766645">
    <ele>20.39</ele>
   </trkpt>
   <trkpt lat="38.75064337078624" lon="22.91690334469363">
    <ele>21.820000000000004</ele>
   </trkpt>
   <trkpt lat="38.750740042134495" lon="22.91585501278123">
    <ele>22.680000000000003</ele>
   </trkpt>
   <trkpt lat="38.750836704119415" lon="22.91480667802969">
    <ele>23.62</ele>
   </trkpt>
   <trkpt lat="38.75093335674096" lon="22.91375834043928">
    <ele>25.14</ele>
   </trkpt>
   <trkpt lat="38.75103" lon="22.91271">
    <ele>26.060000000000002</ele>
   </trkpt>
   <trkpt lat="38.75112334038873" lon="22.91180000237854">
    <ele>27.020000000000003</ele>
   </trkpt>
   <trkpt lat="38.75121667372219" lon="22.910890002377453">
    <ele>28.380000000000003</ele>
   </trkpt>
   <trkpt lat="38.751310000000004" lon="22.90998">
    <ele>30.560000000000002</ele>
   </trkpt>
   <trkpt lat="38.751400000000004" lon="22.909260000000003">
    <ele>33.18</ele>
   </trkpt>
   <trkpt lat="38.7515" lon="22.908700000000003">
    <ele>34.02</ele>
   </trkpt>
   <trkpt lat="38.75176000368379" lon="22.907770003389626">
    <ele>34.84</ele>
   </trkpt>
   <trkpt lat="38.75202" lon="22.906840000000003">
    <ele>35.15</ele>
   </trkpt>
   <trkpt lat="38.752326686912525" lon="22.905865020950717">
    <ele>35.04</ele>
   </trkpt>
   <trkpt lat="38.75263336572607" lon="22.904890033523802">
    <ele>34.82</ele>
   </trkpt>
   <trkpt lat="38.75294003644044" lon="22.90391503771932">
    <ele>34.7</ele>
   </trkpt>
   <trkpt lat="38.753246699055516" lon="22.902940033537316">
    <ele>34.42000000000001</ele>
   </trkpt>
   <trkpt lat="38.75355335357113" lon="22.901965020977865">
    <ele>34.43</ele>
   </trkpt>
   <trkpt lat="38.75386" lon="22.90099">
    <ele>34.39</ele>
   </trkpt>
   <trkpt lat="38.75401" lon="22.900660000000002">
    <ele>34.18</ele>
   </trkpt>
   <trkpt lat="38.75412" lon="22.90051">
    <ele>33.54</ele>
   </trkpt>
   <trkpt lat="38.754270000000005" lon="22.9004">
    <ele>33.54</ele>
   </trkpt>
   <trkpt lat="38.754470000000005" lon="22.90031">
    <ele>32.6</ele>
   </trkpt>
   <trkpt lat="38.754920000000006" lon="22.900180000000002">
    <ele>31.830000000000002</ele>
   </trkpt>
   <trkpt lat="38.75533" lon="22.90002">
    <ele>31.28</ele>
   </trkpt>
   <trkpt lat="38.75553" lon="22.899880000000003">
    <ele>30.650000000000002</ele>
   </trkpt>
   <trkpt lat="38.75571" lon="22.89966">
    <ele>30.650000000000002</ele>
   </trkpt>
   <trkpt lat="38.755810000000004" lon="22.89948">
    <ele>30.410000000000004</ele>
   </trkpt>
   <trkpt lat="38.75591" lon="22.899030000000003">
    <ele>30.02</ele>
   </trkpt>
   <trkpt lat="38.75596" lon="22.898210000000002">
    <ele>29.6</ele>
   </trkpt>
   <trkpt lat="38.75602000000001" lon="22.897810000000003">
    <ele>29.42</ele>
   </trkpt>
   <trkpt lat="38.75611000000001" lon="22.897460000000002">
    <ele>29.200000000000003</ele>
   </trkpt>
   <trkpt lat="38.75623" lon="22.897160000000003">
    <ele>29.040000000000003</ele>
   </trkpt>
   <trkpt lat="38.7565" lon="22.89673">
    <ele>28.5</ele>
   </trkpt>
   <trkpt lat="38.757035005853346" lon="22.89605251525216">
    <ele>27.840000000000003</ele>
   </trkpt>
   <trkpt lat="38.757570007795955" lon="22.895375020347274">
    <ele>26.1</ele>
   </trkpt>
   <trkpt lat="38.7581050058277" lon="22.89469751528507">
    <ele>24.080000000000002</ele>
   </trkpt>
   <trkpt lat="38.75864" lon="22.89402">
    <ele>22.92</ele>
   </trkpt>
   <trkpt lat="38.75909" lon="22.893420000000003">
    <ele>22.750000000000004</ele>
   </trkpt>
   <trkpt lat="38.759150000000005" lon="22.893300000000004">
    <ele>22.930000000000003</ele>
   </trkpt>
   <trkpt lat="38.759190000000004" lon="22.893120000000003">
    <ele>23.180000000000003</ele>
   </trkpt>
   <trkpt lat="38.759190000000004" lon="22.89279">
    <ele>24.330000000000002</ele>
   </trkpt>
   <trkpt lat="38.75914" lon="22.892570000000003">
    <ele>24.59</ele>
   </trkpt>
   <trkpt lat="38.758990000000004" lon="22.892290000000003">
    <ele>24.51</ele>
   </trkpt>
   <trkpt lat="38.758860000000006" lon="22.89214">
    <ele>24.310000000000002</ele>
   </trkpt>
   <trkpt lat="38.75885" lon="22.892100000000003">
    <ele>24.310000000000002</ele>
   </trkpt>
   <trkpt lat="38.758860000000006" lon="22.892000000000003">
    <ele>23.540000000000003</ele>
   </trkpt>
   <trkpt lat="38.75901" lon="22.89158">
    <ele>22.92</ele>
   </trkpt>
   <trkpt lat="38.759190000000004" lon="22.89095">
    <ele>22.1</ele>
   </trkpt>
   <trkpt lat="38.75929" lon="22.890430000000002">
    <ele>21.220000000000002</ele>
   </trkpt>
   <trkpt lat="38.759330000000006" lon="22.89007">
    <ele>20.48</ele>
   </trkpt>
   <trkpt lat="38.75934" lon="22.889550000000003">
    <ele>19.69</ele>
   </trkpt>
   <trkpt lat="38.75927" lon="22.8886">
    <ele>17.990000000000002</ele>
   </trkpt>
   <trkpt lat="38.759240000000005" lon="22.88849">
    <ele>17.990000000000002</ele>
   </trkpt>
   <trkpt lat="38.75917500283163" lon="22.887674999281483">
    <ele>16.85</ele>
   </trkpt>
   <trkpt lat="38.75911" lon="22.886860000000002">
    <ele>15.360000000000001</ele>
   </trkpt>
   <trkpt lat="38.75903" lon="22.886280000000003">
    <ele>14.49</ele>
   </trkpt>
   <trkpt lat="38.7588133431442" lon="22.885206660124787">
    <ele>12.68</ele>
   </trkpt>
   <trkpt lat="38.75859667647251" lon="22.88413332676666">
    <ele>11.540000000000001</ele>
   </trkpt>
   <trkpt lat="38.75838" lon="22.88306">
    <ele>11.120000000000001</ele>
   </trkpt>
   <trkpt lat="38.75818750994648" lon="22.88217749282664">
    <ele>10.730000000000002</ele>
   </trkpt>
   <trkpt lat="38.75799501325721" lon="22.881294990413842">
    <ele>10.51</ele>
   </trkpt>
   <trkpt lat="38.75780250993226" lon="22.880412492761717">
    <ele>10.26</ele>
   </trkpt>
   <trkpt lat="38.75761" lon="22.879530000000003">
    <ele>9.950000000000001</ele>
   </trkpt>
   <trkpt lat="38.757400000000004" lon="22.878760000000003">
    <ele>9.850000000000001</ele>
   </trkpt>
   <trkpt lat="38.757056688396446" lon="22.877749975709772">
    <ele>9.35</ele>
   </trkpt>
   <trkpt lat="38.75671336810105" lon="22.87673996113653">
    <ele>8.73</ele>
   </trkpt>
   <trkpt lat="38.75637003911399" lon="22.875729956280303">
    <ele>8.41</ele>
   </trkpt>
   <trkpt lat="38.756026701435474" lon="22.874719961141132">
    <ele>7.670000000000001</ele>
   </trkpt>
   <trkpt lat="38.75568335506568" lon="22.87370997571905">
    <ele>7.24</ele>
   </trkpt>
   <trkpt lat="38.755340000000004" lon="22.872700000000002">
    <ele>6.48</ele>
   </trkpt>
   <trkpt lat="38.755160000000004" lon="22.872040000000002">
    <ele>6.19</ele>
   </trkpt>
   <trkpt lat="38.75492500211304" lon="22.871339997771624">
    <ele>5.750000000000001</ele>
   </trkpt>
   <trkpt lat="38.754690000000004" lon="22.87064">
    <ele>4.95</ele>
   </trkpt>
   <trkpt lat="38.754335004458305" lon="22.869624995150605">
    <ele>4.0</ele>
   </trkpt>
   <trkpt lat="38.753980000000006" lon="22.86861">
    <ele>3.68</ele>
   </trkpt>
   <trkpt lat="38.75375000202024" lon="22.867924997856328">
    <ele>3.6100000000000003</ele>
   </trkpt>
   <trkpt lat="38.75352" lon="22.867240000000002">
    <ele>3.5100000000000002</ele>
   </trkpt>
   <trkpt lat="38.75343" lon="22.86682">
    <ele>3.4200000000000004</ele>
   </trkpt>
   <trkpt lat="38.75339" lon="22.866470000000003">
    <ele>3.43</ele>
   </trkpt>
   <trkpt lat="38.75339" lon="22.86589">
    <ele>3.2900000000000005</ele>
   </trkpt>
   <trkpt lat="38.753460000000004" lon="22.86533">
    <ele>3.3000000000000003</ele>
   </trkpt>
   <trkpt lat="38.75357" lon="22.86486">
    <ele>3.39</ele>
   </trkpt>
   <trkpt lat="38.75377" lon="22.86437">
    <ele>3.36</ele>
   </trkpt>
   <trkpt lat="38.754070000000006" lon="22.86373">
    <ele>3.2900000000000005</ele>
   </trkpt>
   <trkpt lat="38.754470004625034" lon="22.862993341587373">
    <ele>3.2600000000000002</ele>
   </trkpt>
   <trkpt lat="38.754870004626454" lon="22.862256674918193">
    <ele>3.17</ele>
   </trkpt>
   <trkpt lat="38.75527" lon="22.861520000000002">
    <ele>2.71</ele>
   </trkpt>
   <trkpt lat="38.75555000000001" lon="22.8611">
    <ele>2.58</ele>
   </trkpt>
   <trkpt lat="38.755930000000006" lon="22.860640000000004">
    <ele>2.5</ele>
   </trkpt>
   <trkpt lat="38.75607" lon="22.860500000000002">
    <ele>2.5300000000000002</ele>
   </trkpt>
   <trkpt lat="38.75656500086072" lon="22.860070002918825">
    <ele>2.47</ele>
   </trkpt>
   <trkpt lat="38.75706" lon="22.859640000000002">
    <ele>2.17</ele>
   </trkpt>
   <trkpt lat="38.75719" lon="22.859550000000002">
    <ele>2.1300000000000003</ele>
   </trkpt>
   <trkpt lat="38.757580000000004" lon="22.859370000000002">
    <ele>2.04</ele>
   </trkpt>
   <trkpt lat="38.75779" lon="22.85932">
    <ele>2.0700000000000003</ele>
   </trkpt>
   <trkpt lat="38.758100000000006" lon="22.859280000000002">
    <ele>2.1100000000000003</ele>
   </trkpt>
   <trkpt lat="38.75836" lon="22.8593">
    <ele>2.19</ele>
   </trkpt>
   <trkpt lat="38.758610000000004" lon="22.859340000000003">
    <ele>2.2</ele>
   </trkpt>
   <trkpt lat="38.759130000000006" lon="22.85948">
    <ele>2.6</ele>
   </trkpt>
   <trkpt lat="38.759260000000005" lon="22.8595">
    <ele>2.6</ele>
   </trkpt>
   <trkpt lat="38.75952" lon="22.8595">
    <ele>2.6300000000000003</ele>
   </trkpt>
   <trkpt lat="38.759820000000005" lon="22.859440000000003">
    <ele>2.71</ele>
   </trkpt>
   <trkpt lat="38.76008" lon="22.859330000000003">
    <ele>2.6400000000000006</ele>
   </trkpt>
   <trkpt lat="38.760470000000005" lon="22.85904">
    <ele>2.56</ele>
   </trkpt>
   <trkpt lat="38.7612" lon="22.858400000000003">
    <ele>2.7</ele>
   </trkpt>
   <trkpt lat="38.761410000000005" lon="22.858200000000004">
    <ele>2.67</ele>
   </trkpt>
   <trkpt lat="38.761660000000006" lon="22.857870000000002">
    <ele>2.8100000000000005</ele>
   </trkpt>
   <trkpt lat="38.761810000000004" lon="22.85763">
    <ele>2.82</ele>
   </trkpt>
   <trkpt lat="38.762" lon="22.857270000000003">
    <ele>2.7900000000000005</ele>
   </trkpt>
   <trkpt lat="38.762220000000006" lon="22.856610000000003">
    <ele>2.6300000000000003</ele>
   </trkpt>
   <trkpt lat="38.76245000299984" lon="22.855775002584483">
    <ele>2.84</ele>
   </trkpt>
   <trkpt lat="38.76268" lon="22.854940000000003">
    <ele>3.04</ele>
   </trkpt>
   <trkpt lat="38.762890000000006" lon="22.85435">
    <ele>3.3200000000000003</ele>
   </trkpt>
   <trkpt lat="38.76315" lon="22.853820000000002">
    <ele>3.6100000000000003</ele>
   </trkpt>
   <trkpt lat="38.763360000000006" lon="22.8535">
    <ele>4.010000000000001</ele>
   </trkpt>
   <trkpt lat="38.76373000103606" lon="22.85303000231655">
    <ele>4.2</ele>
   </trkpt>
   <trkpt lat="38.764100000000006" lon="22.85256">
    <ele>4.55</ele>
   </trkpt>
   <trkpt lat="38.764190000000006" lon="22.85238">
    <ele>4.61</ele>
   </trkpt>
   <trkpt lat="38.76476" lon="22.8516">
    <ele>4.81</ele>
   </trkpt>
   <trkpt lat="38.7652700016337" lon="22.850990004302297">
    <ele>4.91</ele>
   </trkpt>
   <trkpt lat="38.76578000000001" lon="22.85038">
    <ele>5.670000000000001</ele>
   </trkpt>
   <trkpt lat="38.76596" lon="22.85012">
    <ele>6.49</ele>
   </trkpt>
   <trkpt lat="38.766200000000005" lon="22.84971">
    <ele>7.72</ele>
   </trkpt>
   <trkpt lat="38.76641" lon="22.849300000000003">
    <ele>9.35</ele>
   </trkpt>
   <trkpt lat="38.766800013740976" lon="22.84840201963873">
    <ele>13.500000000000002</ele>
   </trkpt>
   <trkpt lat="38.76719002061089" lon="22.847504029459873">
    <ele>16.43</ele>
   </trkpt>
   <trkpt lat="38.76758002060957" lon="22.846606029463366">
    <ele>18.320000000000004</ele>
   </trkpt>
   <trkpt lat="38.76797001373686" lon="22.84570801964914">
    <ele>19.42</ele>
   </trkpt>
   <trkpt lat="38.76836" lon="22.844810000000003">
    <ele>19.01</ele>
   </trkpt>
   <trkpt lat="38.76877500357505" lon="22.84389500530495">
    <ele>16.98</ele>
   </trkpt>
   <trkpt lat="38.76919" lon="22.84298">
    <ele>13.27</ele>
   </trkpt>
   <trkpt lat="38.769450000000006" lon="22.842440000000003">
    <ele>10.92</ele>
   </trkpt>
   <trkpt lat="38.769760000000005" lon="22.84185">
    <ele>9.74</ele>
   </trkpt>
   <trkpt lat="38.769980000000004" lon="22.84148">
    <ele>8.77</ele>
   </trkpt>
   <trkpt lat="38.77033" lon="22.840950000000003">
    <ele>7.180000000000001</ele>
   </trkpt>
   <trkpt lat="38.77075000000001" lon="22.840390000000003">
    <ele>6.0600000000000005</ele>
   </trkpt>
   <trkpt lat="38.77109" lon="22.839910000000003">
    <ele>5.840000000000001</ele>
   </trkpt>
   <trkpt lat="38.77156" lon="22.8393">
    <ele>6.24</ele>
   </trkpt>
   <trkpt lat="38.77205" lon="22.83873">
    <ele>6.49</ele>
   </trkpt>
   <trkpt lat="38.77273" lon="22.838030000000003">
    <ele>6.880000000000001</ele>
   </trkpt>
   <trkpt lat="38.77335250583725" lon="22.837355017657956">
    <ele>7.25</ele>
   </trkpt>
   <trkpt lat="38.773975007792096" lon="22.83668002353445">
    <ele>7.5600000000000005</ele>
   </trkpt>
   <trkpt lat="38.774597505864385" lon="22.83600501762908">
    <ele>8.049999999999999</ele>
   </trkpt>
   <trkpt lat="38.775220000000004" lon="22.835330000000003">
    <ele>8.270000000000001</ele>
   </trkpt>
   <trkpt lat="38.77571500104188" lon="22.83481000372472">
    <ele>8.030000000000001</ele>
   </trkpt>
   <trkpt lat="38.776210000000006" lon="22.834290000000003">
    <ele>7.29</ele>
   </trkpt>
   <trkpt lat="38.7767600014462" lon="22.833695004655745">
    <ele>6.1000000000000005</ele>
   </trkpt>
   <trkpt lat="38.77731" lon="22.8331">
    <ele>4.86</ele>
   </trkpt>
   <trkpt lat="38.777910000000006" lon="22.83256">
    <ele>4.17</ele>
   </trkpt>
   <trkpt lat="38.778445001064725" lon="22.832045003926314">
    <ele>3.93</ele>
   </trkpt>
   <trkpt lat="38.778980000000004" lon="22.83153">
    <ele>4.109999999999999</ele>
   </trkpt>
   <trkpt lat="38.77970667014391" lon="22.830890013054674">
    <ele>4.220000000000001</ele>
   </trkpt>
   <trkpt lat="38.78043333679737" lon="22.830250013066525">
    <ele>4.74</ele>
   </trkpt>
   <trkpt lat="38.78116" lon="22.829610000000002">
    <ele>4.87</ele>
   </trkpt>
   <trkpt lat="38.78165500071686" lon="22.829235002514004">
    <ele>4.6000000000000005</ele>
   </trkpt>
   <trkpt lat="38.78215" lon="22.828860000000002">
    <ele>4.3500000000000005</ele>
   </trkpt>
   <trkpt lat="38.782560000225985" lon="22.828565001800424">
    <ele>4.109999999999999</ele>
   </trkpt>
   <trkpt lat="38.782970000000006" lon="22.828270000000003">
    <ele>3.8000000000000003</ele>
   </trkpt>
   <trkpt lat="38.78356" lon="22.827910000000003">
    <ele>3.62</ele>
   </trkpt>
   <trkpt lat="38.78404500023681" lon="22.82764000187765">
    <ele>3.8100000000000005</ele>
   </trkpt>
   <trkpt lat="38.784530000000004" lon="22.827370000000002">
    <ele>4.090000000000001</ele>
   </trkpt>
   <trkpt lat="38.78484" lon="22.82713">
    <ele>4.51</ele>
   </trkpt>
   <trkpt lat="38.78506" lon="22.826860000000003">
    <ele>4.51</ele>
   </trkpt>
   <trkpt lat="38.78533" lon="22.826390000000004">
    <ele>4.920000000000001</ele>
   </trkpt>
   <trkpt lat="38.785430000000005" lon="22.82608">
    <ele>5.12</ele>
   </trkpt>
   <trkpt lat="38.78558" lon="22.82535">
    <ele>5.34</ele>
   </trkpt>
   <trkpt lat="38.785685001440676" lon="22.824775000672396">
    <ele>5.620000000000001</ele>
   </trkpt>
   <trkpt lat="38.785790000000006" lon="22.8242">
    <ele>5.710000000000001</ele>
   </trkpt>
   <trkpt lat="38.78588500172958" lon="22.823565000769847">
    <ele>5.9</ele>
   </trkpt>
   <trkpt lat="38.78598" lon="22.822930000000003">
    <ele>6.16</ele>
   </trkpt>
   <trkpt lat="38.786010000000005" lon="22.82259">
    <ele>6.17</ele>
   </trkpt>
   <trkpt lat="38.786010000000005" lon="22.82223">
    <ele>6.08</ele>
   </trkpt>
   <trkpt lat="38.786" lon="22.821790000000004">
    <ele>5.91</ele>
   </trkpt>
   <trkpt lat="38.785900000000005" lon="22.821040000000004">
    <ele>5.44</ele>
   </trkpt>
   <trkpt lat="38.7858" lon="22.82062">
    <ele>5.29</ele>
   </trkpt>
   <trkpt lat="38.7856" lon="22.82">
    <ele>4.78</ele>
   </trkpt>
   <trkpt lat="38.78518001196731" lon="22.819032482906014">
    <ele>4.750000000000001</ele>
   </trkpt>
   <trkpt lat="38.78476001595727" lon="22.81806497721037">
    <ele>4.74</ele>
   </trkpt>
   <trkpt lat="38.78434001197008" lon="22.817097482912974">
    <ele>4.82</ele>
   </trkpt>
   <trkpt lat="38.78392" lon="22.81613">
    <ele>4.82</ele>
   </trkpt>
   <trkpt lat="38.78372" lon="22.81575">
    <ele>4.580000000000001</ele>
   </trkpt>
   <trkpt lat="38.78333000198083" lon="22.81507999645234">
    <ele>3.8100000000000005</ele>
   </trkpt>
   <trkpt lat="38.78294" lon="22.814410000000002">
    <ele>3.6600000000000006</ele>
   </trkpt>
   <trkpt lat="38.782520000000005" lon="22.813640000000003">
    <ele>3.5700000000000003</ele>
   </trkpt>
   <trkpt lat="38.782165008866684" lon="22.812807487583743">
    <ele>3.95</ele>
   </trkpt>
   <trkpt lat="38.78181001182709" lon="22.811974983456587">
    <ele>4.21</ele>
   </trkpt>
   <trkpt lat="38.781455008881345" lon="22.81114248761848">
    <ele>4.2</ele>
   </trkpt>
   <trkpt lat="38.7811" lon="22.81031">
    <ele>4.15</ele>
   </trkpt>
   <trkpt lat="38.7808750014724" lon="22.80969999776871">
    <ele>4.16</ele>
   </trkpt>
   <trkpt lat="38.78065" lon="22.80909">
    <ele>4.3100000000000005</ele>
   </trkpt>
   <trkpt lat="38.78042000000001" lon="22.80824">
    <ele>4.4</ele>
   </trkpt>
   <trkpt lat="38.780210000000004" lon="22.807260000000003">
    <ele>4.49</ele>
   </trkpt>
   <trkpt lat="38.780150000000006" lon="22.806900000000002">
    <ele>4.51</ele>
   </trkpt>
   <trkpt lat="38.78014" lon="22.806710000000002">
    <ele>4.51</ele>
   </trkpt>
   <trkpt lat="38.78016" lon="22.806340000000002">
    <ele>4.45</ele>
   </trkpt>
   <trkpt lat="38.780210000000004" lon="22.806030000000003">
    <ele>4.390000000000001</ele>
   </trkpt>
   <trkpt lat="38.78032" lon="22.80564">
    <ele>4.3500000000000005</ele>
   </trkpt>
   <trkpt lat="38.78051000000001" lon="22.805100000000003">
    <ele>4.0600000000000005</ele>
   </trkpt>
   <trkpt lat="38.780710000000006" lon="22.804650000000002">
    <ele>3.6400000000000006</ele>
   </trkpt>
   <trkpt lat="38.78097" lon="22.804260000000003">
    <ele>3.54</ele>
   </trkpt>
   <trkpt lat="38.78145000187771" lon="22.80359500448544">
    <ele>3.74</ele>
   </trkpt>
   <trkpt lat="38.78193" lon="22.802930000000003">
    <ele>4.87</ele>
   </trkpt>
   <trkpt lat="38.782210000000006" lon="22.802490000000002">
    <ele>5.3100000000000005</ele>
   </trkpt>
   <trkpt lat="38.7824" lon="22.802110000000003">
    <ele>5.540000000000001</ele>
   </trkpt>
   <trkpt lat="38.782610000000005" lon="22.801530000000003">
    <ele>6.08</ele>
   </trkpt>
   <trkpt lat="38.782790000000006" lon="22.80073">
    <ele>6.61</ele>
   </trkpt>
   <trkpt lat="38.78284" lon="22.799970000000002">
    <ele>7.21</ele>
   </trkpt>
   <trkpt lat="38.78284" lon="22.799490000000002">
    <ele>7.580000000000001</ele>
   </trkpt>
   <trkpt lat="38.782740000000004" lon="22.79877">
    <ele>8.3</ele>
   </trkpt>
   <trkpt lat="38.782560000000004" lon="22.798060000000003">
    <ele>8.85</ele>
   </trkpt>
   <trkpt lat="38.78224500410356" lon="22.79708499585687">
    <ele>9.66</ele>
   </trkpt>
   <trkpt lat="38.78193" lon="22.796110000000002">
    <ele>10.350000000000001</ele>
   </trkpt>
   <trkpt lat="38.78169667297443" lon="22.795249994390215">
    <ele>10.72</ele>
   </trkpt>
   <trkpt lat="38.78146333964603" lon="22.794389994408515">
    <ele>10.780000000000001</ele>
   </trkpt>
   <trkpt lat="38.78123" lon="22.79353">
    <ele>10.450000000000001</ele>
   </trkpt>
   <trkpt lat="38.78112" lon="22.792930000000002">
    <ele>10.43</ele>
   </trkpt>
   <trkpt lat="38.780853342919634" lon="22.791869992116627">
    <ele>10.49</ele>
   </trkpt>
   <trkpt lat="38.78058667626406" lon="22.79080999216093">
    <ele>11.31</ele>
   </trkpt>
   <trkpt lat="38.78032" lon="22.78975">
    <ele>12.260000000000002</ele>
   </trkpt>
   <trkpt lat="38.780100000000004" lon="22.78902">
    <ele>11.83</ele>
   </trkpt>
   <trkpt lat="38.77994" lon="22.78864">
    <ele>11.340000000000002</ele>
   </trkpt>
   <trkpt lat="38.7794825119143" lon="22.787674981450625">
    <ele>9.79</ele>
   </trkpt>
   <trkpt lat="38.77902501589276" lon="22.78670997528273">
    <ele>8.41</ele>
   </trkpt>
   <trkpt lat="38.778567511935606" lon="22.785744981496165">
    <ele>6.4</ele>
   </trkpt>
   <trkpt lat="38.778110000000005" lon="22.78478">
    <ele>5.0200000000000005</ele>
   </trkpt>
   <trkpt lat="38.77796" lon="22.78433">
    <ele>4.800000000000001</ele>
   </trkpt>
   <trkpt lat="38.77774500208699" lon="22.78361999765849">
    <ele>3.3800000000000003</ele>
   </trkpt>
   <trkpt lat="38.777530000000006" lon="22.78291">
    <ele>2.83</ele>
   </trkpt>
   <trkpt lat="38.77736" lon="22.782280000000004">
    <ele>2.43</ele>
   </trkpt>
   <trkpt lat="38.7771400085692" lon="22.78127666043437">
    <ele>2.14</ele>
   </trkpt>
   <trkpt lat="38.77692000855986" lon="22.780273327058588">
    <ele>2.12</ele>
   </trkpt>
   <trkpt lat="38.776700000000005" lon="22.77927">
    <ele>2.0500000000000003</ele>
   </trkpt>
   <trkpt lat="38.7766" lon="22.77859">
    <ele>2.1</ele>
   </trkpt>
   <trkpt lat="38.77658" lon="22.77832">
    <ele>2.08</ele>
   </trkpt>
   <trkpt lat="38.77660000193902" lon="22.777645000266777">
    <ele>2.02</ele>
   </trkpt>
   <trkpt lat="38.77662" lon="22.776970000000002">
    <ele>1.98</ele>
   </trkpt>
   <trkpt lat="38.7767050036757" lon="22.77604000121165">
    <ele>1.98</ele>
   </trkpt>
   <trkpt lat="38.776790000000005" lon="22.77511">
    <ele>1.9400000000000002</ele>
   </trkpt>
   <trkpt lat="38.77691500174784" lon="22.77446500125819">
    <ele>2.0100000000000002</ele>
   </trkpt>
   <trkpt lat="38.77704000000001" lon="22.77382">
    <ele>2.04</ele>
   </trkpt>
   <trkpt lat="38.77722" lon="22.77306">
    <ele>2.06</ele>
   </trkpt>
   <trkpt lat="38.77749500302511" lon="22.772215003311143">
    <ele>2.4600000000000004</ele>
   </trkpt>
   <trkpt lat="38.777770000000004" lon="22.77137">
    <ele>2.7600000000000002</ele>
   </trkpt>
   <trkpt lat="38.778150000000004" lon="22.770480000000003">
    <ele>3.2900000000000005</ele>
   </trkpt>
   <trkpt lat="38.77828" lon="22.77024">
    <ele>3.37</ele>
   </trkpt>
   <trkpt lat="38.77871500217876" lon="22.76953000428035">
    <ele>3.5300000000000002</ele>
   </trkpt>
   <trkpt lat="38.77915" lon="22.76882">
    <ele>3.6100000000000003</ele>
   </trkpt>
   <trkpt lat="38.779430001273674" lon="22.768295001875174">
    <ele>3.7</ele>
   </trkpt>
   <trkpt lat="38.77971" lon="22.767770000000002">
    <ele>3.7600000000000002</ele>
   </trkpt>
   <trkpt lat="38.77978" lon="22.767570000000003">
    <ele>3.7600000000000002</ele>
   </trkpt>
   <trkpt lat="38.77989" lon="22.76707">
    <ele>4.0600000000000005</ele>
   </trkpt>
   <trkpt lat="38.77993" lon="22.766630000000003">
    <ele>4.19</ele>
   </trkpt>
   <trkpt lat="38.77994" lon="22.765700000000002">
    <ele>4.220000000000001</ele>
   </trkpt>
   <trkpt lat="38.77991" lon="22.764670000000002">
    <ele>4.55</ele>
   </trkpt>
   <trkpt lat="38.77995000000001" lon="22.764370000000003">
    <ele>4.62</ele>
   </trkpt>
   <trkpt lat="38.77995000000001" lon="22.76398">
    <ele>4.86</ele>
   </trkpt>
   <trkpt lat="38.78" lon="22.76367">
    <ele>4.85</ele>
   </trkpt>
   <trkpt lat="38.780190000000005" lon="22.763450000000002">
    <ele>4.59</ele>
   </trkpt>
   <trkpt lat="38.78029" lon="22.7634">
    <ele>4.59</ele>
   </trkpt>
   <trkpt lat="38.78038" lon="22.76331">
    <ele>4.3500000000000005</ele>
   </trkpt>
   <trkpt lat="38.78045" lon="22.7632">
    <ele>4.3500000000000005</ele>
   </trkpt>
   <trkpt lat="38.78052" lon="22.762960000000003">
    <ele>3.7800000000000002</ele>
   </trkpt>
   <trkpt lat="38.780530000000006" lon="22.762800000000002">
    <ele>3.6500000000000004</ele>
   </trkpt>
   <trkpt lat="38.7805" lon="22.76266">
    <ele>3.5900000000000003</ele>
   </trkpt>
   <trkpt lat="38.78045" lon="22.76254">
    <ele>3.6100000000000003</ele>
   </trkpt>
   <trkpt lat="38.78009" lon="22.761730000000004">
    <ele>4.260000000000001</ele>
   </trkpt>
   <trkpt lat="38.780010000000004" lon="22.76163">
    <ele>4.920000000000001</ele>
   </trkpt>
   <trkpt lat="38.77989" lon="22.76115">
    <ele>5.5600000000000005</ele>
   </trkpt>
   <trkpt lat="38.779790000000006" lon="22.760450000000002">
    <ele>6.140000000000001</ele>
   </trkpt>
   <trkpt lat="38.779790000000006" lon="22.759980000000002">
    <ele>5.9799999999999995</ele>
   </trkpt>
   <trkpt lat="38.77982" lon="22.759690000000003">
    <ele>5.790000000000001</ele>
   </trkpt>
   <trkpt lat="38.77990500138904" lon="22.759115000818763">
    <ele>4.95</ele>
   </trkpt>
   <trkpt lat="38.779990000000005" lon="22.758540000000004">
    <ele>4.38</ele>
   </trkpt>
   <trkpt lat="38.780010000000004" lon="22.75757">
    <ele>4.140000000000001</ele>
   </trkpt>
   <trkpt lat="38.779990013299305" lon="22.756549999154313">
    <ele>4.48</ele>
   </trkpt>
   <trkpt lat="38.77997001773257" lon="22.755529998880498">
    <ele>4.890000000000001</ele>
   </trkpt>
   <trkpt lat="38.77995001329979" lon="22.754509999178815">
    <ele>5.25</ele>
   </trkpt>
   <trkpt lat="38.77993" lon="22.753490000000003">
    <ele>6.34</ele>
   </trkpt>
   <trkpt lat="38.77991508835611" lon="22.752385551613887">
    <ele>7.150000000000001</ele>
   </trkpt>
   <trkpt lat="38.77990016631734" lon="22.75128110368982">
    <ele>8.08</ele>
   </trkpt>
   <trkpt lat="38.77988523388367" lon="22.750176656228117">
    <ele>9.58</ele>
   </trkpt>
   <trkpt lat="38.77987029105513" lon="22.749072209229105">
    <ele>10.76</ele>
   </trkpt>
   <trkpt lat="38.77985533783176" lon="22.7479677626931">
    <ele>11.71</ele>
   </trkpt>
   <trkpt lat="38.77984037421352" lon="22.74686331662043">
    <ele>12.34</ele>
   </trkpt>
   <trkpt lat="38.779825400200444" lon="22.745758871011414">
    <ele>13.05</ele>
   </trkpt>
   <trkpt lat="38.77981041579254" lon="22.744654425866372">
    <ele>13.950000000000001</ele>
   </trkpt>
   <trkpt lat="38.779795420989814" lon="22.743549981185623">
    <ele>15.080000000000002</ele>
   </trkpt>
   <trkpt lat="38.779780415792274" lon="22.742445536969498">
    <ele>16.48</ele>
   </trkpt>
   <trkpt lat="38.77976540019994" lon="22.74134109321831">
    <ele>17.720000000000002</ele>
   </trkpt>
   <trkpt lat="38.779750374212824" lon="22.740236649932385">
    <ele>19.610000000000003</ele>
   </trkpt>
   <trkpt lat="38.77973533783092" lon="22.73913220711204">
    <ele>22.28</ele>
   </trkpt>
   <trkpt lat="38.779720291054254" lon="22.738027764757597">
    <ele>23.860000000000003</ele>
   </trkpt>
   <trkpt lat="38.779705233882815" lon="22.736923322869384">
    <ele>25.23</ele>
   </trkpt>
   <trkpt lat="38.779690166316634" lon="22.735818881447717">
    <ele>27.32</ele>
   </trkpt>
   <trkpt lat="38.77967508835572" lon="22.734714440492915">
    <ele>30.46</ele>
   </trkpt>
   <trkpt lat="38.77966" lon="22.733610000000002">
    <ele>32.400000000000006</ele>
   </trkpt>
   <trkpt lat="38.77962" lon="22.7329">
    <ele>32.84</ele>
   </trkpt>
   <trkpt lat="38.779630000000004" lon="22.73261">
    <ele>32.68</ele>
   </trkpt>
   <trkpt lat="38.779720005431145" lon="22.73148000154618">
    <ele>30.51</ele>
   </trkpt>
   <trkpt lat="38.779810000000005" lon="22.73035">
    <ele>29.890000000000004</ele>
   </trkpt>
   <trkpt lat="38.779830000000004" lon="22.72989">
    <ele>30.04</ele>
   </trkpt>
   <trkpt lat="38.77978667176201" lon="22.729116665708176">
    <ele>31.14</ele>
   </trkpt>
   <trkpt lat="38.77974333842763" lon="22.72834333235613">
    <ele>32.17</ele>
   </trkpt>
   <trkpt lat="38.779700000000005" lon="22.727570000000004">
    <ele>33.35</ele>
   </trkpt>
   <trkpt lat="38.77962000529249" lon="22.72645499868313">
    <ele>35.120000000000005</ele>
   </trkpt>
   <trkpt lat="38.779540000000004" lon="22.725340000000003">
    <ele>36.63</ele>
   </trkpt>
   <trkpt lat="38.77952000165652" lon="22.724714999578637">
    <ele>37.040000000000006</ele>
   </trkpt>
   <trkpt lat="38.779500000000006" lon="22.72409">
    <ele>37.24</ele>
   </trkpt>
   <trkpt lat="38.779493342374344" lon="22.72305999985371">
    <ele>37.790000000000006</ele>
   </trkpt>
   <trkpt lat="38.779486675707965" lon="22.72202999989987">
    <ele>38.21</ele>
   </trkpt>
   <trkpt lat="38.77948000000001" lon="22.721">
    <ele>38.84</ele>
   </trkpt>
   <trkpt lat="38.77951" lon="22.72058">
    <ele>39.370000000000005</ele>
   </trkpt>
   <trkpt lat="38.77964288962195" lon="22.719452869744067">
    <ele>41.27</ele>
   </trkpt>
   <trkpt lat="38.779775768417636" lon="22.718325735287582">
    <ele>42.72</ele>
   </trkpt>
   <trkpt lat="38.779908636386985" lon="22.717198596630848">
    <ele>44.4</ele>
   </trkpt>
   <trkpt lat="38.78004149352989" lon="22.716071453774166">
    <ele>45.910000000000004</ele>
   </trkpt>
   <trkpt lat="38.78017433984628" lon="22.714944306717847">
    <ele>47.370000000000005</ele>
   </trkpt>
   <trkpt lat="38.78030717533606" lon="22.7138171554622">
    <ele>49.7</ele>
   </trkpt>
   <trkpt lat="38.780440000000006" lon="22.712690000000002">
    <ele>51.050000000000004</ele>
   </trkpt>
   <trkpt lat="38.78058" lon="22.711750000000002">
    <ele>51.81</ele>
   </trkpt>
   <trkpt lat="38.78067" lon="22.711260000000003">
    <ele>52.22</ele>
   </trkpt>
   <trkpt lat="38.78098000000001" lon="22.710250000000002">
    <ele>52.79</ele>
   </trkpt>
   <trkpt lat="38.781200000000005" lon="22.70972">
    <ele>52.96000000000001</ele>
   </trkpt>
   <trkpt lat="38.78141" lon="22.70932">
    <ele>52.96000000000001</ele>
   </trkpt>
   <trkpt lat="38.78173" lon="22.70876">
    <ele>52.85</ele>
   </trkpt>
   <trkpt lat="38.78232000639073" lon="22.70789334769017">
    <ele>53.050000000000004</ele>
   </trkpt>
   <trkpt lat="38.78291000638064" lon="22.707026681038563">
    <ele>52.95</ele>
   </trkpt>
   <trkpt lat="38.783500000000004" lon="22.70616">
    <ele>52.27</ele>
   </trkpt>
   <trkpt lat="38.78389000000001" lon="22.7055">
    <ele>51.06</ele>
   </trkpt>
   <trkpt lat="38.78435" lon="22.70457">
    <ele>49.870000000000005</ele>
   </trkpt>
   <trkpt lat="38.78469500265081" lon="22.703790003642155">
    <ele>49.2</ele>
   </trkpt>
   <trkpt lat="38.78504" lon="22.703010000000003">
    <ele>48.56</ele>
   </trkpt>
   <trkpt lat="38.78517" lon="22.70269">
    <ele>48.21</ele>
   </trkpt>
   <trkpt lat="38.785340000000005" lon="22.702360000000002">
    <ele>47.92</ele>
   </trkpt>
   <trkpt lat="38.785590000000006" lon="22.702">
    <ele>47.45</ele>
   </trkpt>
   <trkpt lat="38.78582" lon="22.70176">
    <ele>47.2</ele>
   </trkpt>
   <trkpt lat="38.78604" lon="22.70157">
    <ele>47.190000000000005</ele>
   </trkpt>
   <trkpt lat="38.78631" lon="22.70138">
    <ele>47.21</ele>
   </trkpt>
   <trkpt lat="38.78690000057142" lon="22.701030002867093">
    <ele>47.66</ele>
   </trkpt>
   <trkpt lat="38.787490000000005" lon="22.700680000000002">
    <ele>47.980000000000004</ele>
   </trkpt>
   <trkpt lat="38.788180000000004" lon="22.70014">
    <ele>48.400000000000006</ele>
   </trkpt>
   <trkpt lat="38.78867" lon="22.69969">
    <ele>48.81</ele>
   </trkpt>
   <trkpt lat="38.789190000000005" lon="22.699070000000003">
    <ele>49.040000000000006</ele>
   </trkpt>
   <trkpt lat="38.789390000000004" lon="22.698790000000002">
    <ele>49.31</ele>
   </trkpt>
   <trkpt lat="38.78981" lon="22.69816">
    <ele>50.11</ele>
   </trkpt>
   <trkpt lat="38.790070001168736" lon="22.697645001801963">
    <ele>50.650000000000006</ele>
   </trkpt>
   <trkpt lat="38.790330000000004" lon="22.69713">
    <ele>51.480000000000004</ele>
   </trkpt>
   <trkpt lat="38.790490000000005" lon="22.696740000000002">
    <ele>51.800000000000004</ele>
   </trkpt>
   <trkpt lat="38.79065000000001" lon="22.69631">
    <ele>52.28000000000001</ele>
   </trkpt>
   <trkpt lat="38.790800000000004" lon="22.69584">
    <ele>52.660000000000004</ele>
   </trkpt>
   <trkpt lat="38.7909" lon="22.69545">
    <ele>52.800000000000004</ele>
   </trkpt>
   <trkpt lat="38.791090000000004" lon="22.69451">
    <ele>54.26</ele>
   </trkpt>
   <trkpt lat="38.79119" lon="22.69366">
    <ele>55.400000000000006</ele>
   </trkpt>
   <trkpt lat="38.791230000000006" lon="22.692780000000003">
    <ele>56.42</ele>
   </trkpt>
   <trkpt lat="38.79121000000001" lon="22.692050000000002">
    <ele>57.21</ele>
   </trkpt>
   <trkpt lat="38.79112000403329" lon="22.691074998578735">
    <ele>57.92</ele>
   </trkpt>
   <trkpt lat="38.791030000000006" lon="22.6901">
    <ele>58.68</ele>
   </trkpt>
   <trkpt lat="38.790980000000005" lon="22.68937">
    <ele>58.910000000000004</ele>
   </trkpt>
   <trkpt lat="38.790980000000005" lon="22.68831">
    <ele>58.99000000000001</ele>
   </trkpt>
   <trkpt lat="38.791000000000004" lon="22.687640000000002">
    <ele>59.02</ele>
   </trkpt>
   <trkpt lat="38.79104" lon="22.687230000000003">
    <ele>58.86</ele>
   </trkpt>
   <trkpt lat="38.791145001681215" lon="22.686600000988435">
    <ele>58.53</ele>
   </trkpt>
   <trkpt lat="38.791250000000005" lon="22.68597">
    <ele>58.1</ele>
   </trkpt>
   <trkpt lat="38.79148" lon="22.685000000000002">
    <ele>57.480000000000004</ele>
   </trkpt>
   <trkpt lat="38.79176002010228" lon="22.683914017065653">
    <ele>55.57</ele>
   </trkpt>
   <trkpt lat="38.79204003015336" lon="22.68282802559927">
    <ele>53.980000000000004</ele>
   </trkpt>
   <trkpt lat="38.79232003015306" lon="22.681742025601">
    <ele>52.53000000000001</ele>
   </trkpt>
   <trkpt lat="38.79260002010118" lon="22.680656017070998">
    <ele>49.260000000000005</ele>
   </trkpt>
   <trkpt lat="38.792880000000004" lon="22.679570000000002">
    <ele>46.400000000000006</ele>
   </trkpt>
   <trkpt lat="38.79323500335379" lon="22.67868500436722">
    <ele>44.18</ele>
   </trkpt>
   <trkpt lat="38.79359" lon="22.6778">
    <ele>42.28</ele>
   </trkpt>
   <trkpt lat="38.793965002258744" lon="22.677065003951913">
    <ele>40.59</ele>
   </trkpt>
   <trkpt lat="38.794340000000005" lon="22.67633">
    <ele>39.720000000000006</ele>
   </trkpt>
   <trkpt lat="38.79459000000001" lon="22.675790000000003">
    <ele>38.7</ele>
   </trkpt>
   <trkpt lat="38.794810000000005" lon="22.67526">
    <ele>38.46</ele>
   </trkpt>
   <trkpt lat="38.795150004137554" lon="22.674275004689903">
    <ele>37.910000000000004</ele>
   </trkpt>
   <trkpt lat="38.79549" lon="22.67329">
    <ele>37.12</ele>
   </trkpt>
   <trkpt lat="38.79581" lon="22.67248">
    <ele>36.050000000000004</ele>
   </trkpt>
   <trkpt lat="38.79624336592186" lon="22.671502269792484">
    <ele>34.870000000000005</ele>
   </trkpt>
   <trkpt lat="38.79667672369616" lon="22.670524527694784">
    <ele>32.080000000000005</ele>
   </trkpt>
   <trkpt lat="38.79711007332269" lon="22.669546773706788">
    <ele>30.04</ele>
   </trkpt>
   <trkpt lat="38.79754341480122" lon="22.6685690078284">
    <ele>28.830000000000002</ele>
   </trkpt>
   <trkpt lat="38.79797674813152" lon="22.66759123005951">
    <ele>28.040000000000003</ele>
   </trkpt>
   <trkpt lat="38.79841007331336" lon="22.66661344040002">
    <ele>27.970000000000002</ele>
   </trkpt>
   <trkpt lat="38.79884339034654" lon="22.66563563884982">
    <ele>28.51</ele>
   </trkpt>
   <trkpt lat="38.79927669923081" lon="22.6646578254088">
    <ele>29.19</ele>
   </trkpt>
   <trkpt lat="38.799710000000005" lon="22.663680000000003">
    <ele>28.34</ele>
   </trkpt>
   <trkpt lat="38.79995500145416" lon="22.663105001870825">
    <ele>27.91</ele>
   </trkpt>
   <trkpt lat="38.800200000000004" lon="22.66253">
    <ele>27.83</ele>
   </trkpt>
   <trkpt lat="38.80041000000001" lon="22.66195">
    <ele>28.89</ele>
   </trkpt>
   <trkpt lat="38.80063000218455" lon="22.661235002188114">
    <ele>30.650000000000002</ele>
   </trkpt>
   <trkpt lat="38.800850000000004" lon="22.66052">
    <ele>31.830000000000002</ele>
   </trkpt>
   <trkpt lat="38.80109" lon="22.6597">
    <ele>32.96</ele>
   </trkpt>
   <trkpt lat="38.801340001722295" lon="22.65905500239353">
    <ele>33.53</ele>
   </trkpt>
   <trkpt lat="38.801590000000004" lon="22.658410000000003">
    <ele>33.89</ele>
   </trkpt>
   <trkpt lat="38.801830001373546" lon="22.657845001872037">
    <ele>34.28</ele>
   </trkpt>
   <trkpt lat="38.80207" lon="22.65728">
    <ele>34.65</ele>
   </trkpt>
   <trkpt lat="38.802355002201516" lon="22.656555002997724">
    <ele>34.74</ele>
   </trkpt>
   <trkpt lat="38.802640000000004" lon="22.65583">
    <ele>35.27</ele>
   </trkpt>
   <trkpt lat="38.80286" lon="22.65519">
    <ele>35.800000000000004</ele>
   </trkpt>
   <trkpt lat="38.80308" lon="22.654390000000003">
    <ele>36.4</ele>
   </trkpt>
   <trkpt lat="38.803180000000005" lon="22.65398">
    <ele>36.68000000000001</ele>
   </trkpt>
   <trkpt lat="38.803290000000004" lon="22.653350000000003">
    <ele>37.03</ele>
   </trkpt>
   <trkpt lat="38.803463786589795" lon="22.652242518905958">
    <ele>37.8</ele>
   </trkpt>
   <trkpt lat="38.803637562725584" lon="22.651135032409734">
    <ele>38.650000000000006</ele>
   </trkpt>
   <trkpt lat="38.80381132840724" lon="22.65002754051159">
    <ele>40.17</ele>
   </trkpt>
   <trkpt lat="38.80398508363468" lon="22.648920043211806">
    <ele>41.39</ele>
   </trkpt>
   <trkpt lat="38.80415882840776" lon="22.647812540510632">
    <ele>42.21</ele>
   </trkpt>
   <trkpt lat="38.804332562726394" lon="22.64670503240835">
    <ele>44.0</ele>
   </trkpt>
   <trkpt lat="38.80450628659043" lon="22.64559751890521">
    <ele>44.800000000000004</ele>
   </trkpt>
   <trkpt lat="38.804680000000005" lon="22.64449">
    <ele>45.56</ele>
   </trkpt>
   <trkpt lat="38.804770000000005" lon="22.644000000000002">
    <ele>45.59</ele>
   </trkpt>
   <trkpt lat="38.80487" lon="22.643600000000003">
    <ele>45.46</ele>
   </trkpt>
   <trkpt lat="38.80501" lon="22.64319">
    <ele>45.26</ele>
   </trkpt>
   <trkpt lat="38.80519" lon="22.64281">
    <ele>44.58</ele>
   </trkpt>
   <trkpt lat="38.8055" lon="22.642360000000004">
    <ele>44.230000000000004</ele>
   </trkpt>
   <trkpt lat="38.80617" lon="22.641610000000004">
    <ele>43.52</ele>
   </trkpt>
   <trkpt lat="38.80659000076598" lon="22.641185002509285">
    <ele>42.5</ele>
   </trkpt>
   <trkpt lat="38.807010000000005" lon="22.64076">
    <ele>41.980000000000004</ele>
   </trkpt>
   <trkpt lat="38.807210000000005" lon="22.64054">
    <ele>41.470000000000006</ele>
   </trkpt>
   <trkpt lat="38.807770000000005" lon="22.63999">
    <ele>40.56</ele>
   </trkpt>
   <trkpt lat="38.8084250057466" lon="22.639320018473246">
    <ele>39.36000000000001</ele>
   </trkpt>
   <trkpt lat="38.80908000766707" lon="22.638650024626344">
    <ele>38.400000000000006</ele>
   </trkpt>
   <trkpt lat="38.80973500576126" lon="22.637980018458848">
    <ele>37.26</ele>
   </trkpt>
   <trkpt lat="38.810390000000005" lon="22.637310000000003">
    <ele>36.21000000000001</ele>
   </trkpt>
   <trkpt lat="38.81092500163584" lon="22.636700004524403">
    <ele>34.82</ele>
   </trkpt>
   <trkpt lat="38.811460000000004" lon="22.636090000000003">
    <ele>34.17</ele>
   </trkpt>
   <trkpt lat="38.811640000000004" lon="22.635810000000003">
    <ele>34.17</ele>
   </trkpt>
   <trkpt lat="38.811890000000005" lon="22.635360000000002">
    <ele>33.480000000000004</ele>
   </trkpt>
   <trkpt lat="38.812090000000005" lon="22.634880000000003">
    <ele>33.400000000000006</ele>
   </trkpt>
   <trkpt lat="38.812270000000005" lon="22.63436">
    <ele>32.53</ele>
   </trkpt>
   <trkpt lat="38.8125489267204" lon="22.63330669965197">
    <ele>31.400000000000002</ele>
   </trkpt>
   <trkpt lat="38.812827843983975" lon="22.632253391054856">
    <ele>30.320000000000004</ele>
   </trkpt>
   <trkpt lat="38.813106751790535" lon="22.631200074208785">
    <ele>29.730000000000004</ele>
   </trkpt>
   <trkpt lat="38.81338565013992" lon="22.63014674911389">
    <ele>27.900000000000002</ele>
   </trkpt>
   <trkpt lat="38.813664539031976" lon="22.629093415770303">
    <ele>27.13</ele>
   </trkpt>
   <trkpt lat="38.81394341846651" lon="22.628040074178156">
    <ele>26.18</ele>
   </trkpt>
   <trkpt lat="38.81422228844337" lon="22.626986724337584">
    <ele>25.45</ele>
   </trkpt>
   <trkpt lat="38.81450114896238" lon="22.625933366248724">
    <ele>24.060000000000002</ele>
   </trkpt>
   <trkpt lat="38.814780000000006" lon="22.62488">
    <ele>23.28</ele>
   </trkpt>
   <trkpt lat="38.81491500161057" lon="22.624260001302613">
    <ele>22.72</ele>
   </trkpt>
   <trkpt lat="38.81505000000001" lon="22.62364">
    <ele>22.35</ele>
   </trkpt>
   <trkpt lat="38.81512" lon="22.62318">
    <ele>21.7</ele>
   </trkpt>
   <trkpt lat="38.815180000000005" lon="22.622480000000003">
    <ele>21.120000000000005</ele>
   </trkpt>
   <trkpt lat="38.815200000000004" lon="22.62187">
    <ele>20.580000000000002</ele>
   </trkpt>
   <trkpt lat="38.81517" lon="22.620820000000002">
    <ele>20.110000000000003</ele>
   </trkpt>
   <trkpt lat="38.815110000000004" lon="22.62019">
    <ele>20.080000000000002</ele>
   </trkpt>
   <trkpt lat="38.814930000000004" lon="22.61916">
    <ele>20.1</ele>
   </trkpt>
   <trkpt lat="38.8147" lon="22.61831">
    <ele>20.07</ele>
   </trkpt>
   <trkpt lat="38.814400000000006" lon="22.61748">
    <ele>20.19</ele>
   </trkpt>
   <trkpt lat="38.814150000000005" lon="22.6169">
    <ele>20.400000000000002</ele>
   </trkpt>
   <trkpt lat="38.81379333781119" lon="22.616173326008564">
    <ele>20.220000000000002</ele>
   </trkpt>
   <trkpt lat="38.81343667112131" lon="22.615446659294687">
    <ele>19.16</ele>
   </trkpt>
   <trkpt lat="38.81308000000001" lon="22.614720000000002">
    <ele>17.86</ele>
   </trkpt>
   <trkpt lat="38.81269667251283" lon="22.61389332448118">
    <ele>18.070000000000004</ele>
   </trkpt>
   <trkpt lat="38.81231333920056" lon="22.613066657860056">
    <ele>18.69</ele>
   </trkpt>
   <trkpt lat="38.811930000000004" lon="22.612240000000003">
    <ele>19.21</ele>
   </trkpt>
   <trkpt lat="38.81157668920565" lon="22.6112116411763">
    <ele>19.15</ele>
   </trkpt>
   <trkpt lat="38.81122336939725" lon="22.61018329255399">
    <ele>18.81</ele>
   </trkpt>
   <trkpt lat="38.810870040575" lon="22.609154954133093">
    <ele>19.250000000000004</ele>
   </trkpt>
   <trkpt lat="38.81051670273911" lon="22.60812662591364">
    <ele>20.96</ele>
   </trkpt>
   <trkpt lat="38.81016335588979" lon="22.607098307895672">
    <ele>23.270000000000003</ele>
   </trkpt>
   <trkpt lat="38.809810000000006" lon="22.606070000000003">
    <ele>24.46</ele>
   </trkpt>
   <trkpt lat="38.80969" lon="22.60563">
    <ele>25.27</ele>
   </trkpt>
   <trkpt lat="38.809610000000006" lon="22.605010000000004">
    <ele>25.800000000000004</ele>
   </trkpt>
   <trkpt lat="38.80959" lon="22.60472">
    <ele>26.03</ele>
   </trkpt>
   <trkpt lat="38.80965251221706" lon="22.60374250256659">
    <ele>26.98</ele>
   </trkpt>
   <trkpt lat="38.80971501628973" lon="22.60276500341773">
    <ele>27.64</ele>
   </trkpt>
   <trkpt lat="38.80977751221792" lon="22.601787502553638">
    <ele>28.560000000000002</ele>
   </trkpt>
   <trkpt lat="38.80984" lon="22.600810000000003">
    <ele>29.35</ele>
   </trkpt>
   <trkpt lat="38.809830000000005" lon="22.600420000000003">
    <ele>29.310000000000002</ele>
   </trkpt>
   <trkpt lat="38.8098" lon="22.6002">
    <ele>29.310000000000002</ele>
   </trkpt>
   <trkpt lat="38.809720000000006" lon="22.59982">
    <ele>29.060000000000002</ele>
   </trkpt>
   <trkpt lat="38.80953" lon="22.59936">
    <ele>28.380000000000003</ele>
   </trkpt>
   <trkpt lat="38.809400000000004" lon="22.599130000000002">
    <ele>28.380000000000003</ele>
   </trkpt>
   <trkpt lat="38.80932000000001" lon="22.599020000000003">
    <ele>28.21</ele>
   </trkpt>
   <trkpt lat="38.809090000000005" lon="22.59878">
    <ele>27.840000000000003</ele>
   </trkpt>
   <trkpt lat="38.80886" lon="22.59859">
    <ele>27.69</ele>
   </trkpt>
   <trkpt lat="38.80861" lon="22.59843">
    <ele>27.200000000000003</ele>
   </trkpt>
   <trkpt lat="38.80829000000001" lon="22.598290000000002">
    <ele>26.72</ele>
   </trkpt>
   <trkpt lat="38.808060000000005" lon="22.59824">
    <ele>26.680000000000003</ele>
   </trkpt>
   <trkpt lat="38.8078" lon="22.59822">
    <ele>26.98</ele>
   </trkpt>
   <trkpt lat="38.807500000000005" lon="22.59822">
    <ele>28.17</ele>
   </trkpt>
   <trkpt lat="38.807190000000006" lon="22.598260000000003">
    <ele>29.85</ele>
   </trkpt>
   <trkpt lat="38.80668" lon="22.59825">
    <ele>33.56</ele>
   </trkpt>
   <trkpt lat="38.80644" lon="22.598190000000002">
    <ele>34.64</ele>
   </trkpt>
   <trkpt lat="38.80622" lon="22.598100000000002">
    <ele>35.25</ele>
   </trkpt>
   <trkpt lat="38.80604" lon="22.59802">
    <ele>35.57</ele>
   </trkpt>
   <trkpt lat="38.80574" lon="22.597800000000003">
    <ele>35.42</ele>
   </trkpt>
   <trkpt lat="38.805530000000005" lon="22.597600000000003">
    <ele>35.300000000000004</ele>
   </trkpt>
   <trkpt lat="38.805330000000005" lon="22.597330000000003">
    <ele>34.980000000000004</ele>
   </trkpt>
   <trkpt lat="38.805220000000006" lon="22.597140000000003">
    <ele>34.690000000000005</ele>
   </trkpt>
   <trkpt lat="38.805040000000005" lon="22.596700000000002">
    <ele>33.32</ele>
   </trkpt>
   <trkpt lat="38.804990000000004" lon="22.59652">
    <ele>33.32</ele>
   </trkpt>
   <trkpt lat="38.80492" lon="22.59608">
    <ele>33.190000000000005</ele>
   </trkpt>
   <trkpt lat="38.80481334080964" lon="22.595143330514286">
    <ele>32.5</ele>
   </trkpt>
   <trkpt lat="38.8047066741413" lon="22.594206663833038">
    <ele>32.980000000000004</ele>
   </trkpt>
   <trkpt lat="38.8046" lon="22.59327">
    <ele>31.560000000000006</ele>
   </trkpt>
   <trkpt lat="38.8046" lon="22.59277">
    <ele>29.220000000000002</ele>
   </trkpt>
   <trkpt lat="38.80463" lon="22.592540000000003">
    <ele>29.220000000000002</ele>
   </trkpt>
   <trkpt lat="38.804730000000006" lon="22.59204">
    <ele>26.29</ele>
   </trkpt>
   <trkpt lat="38.804790000000004" lon="22.591590000000004">
    <ele>25.120000000000005</ele>
   </trkpt>
   <trkpt lat="38.804770000000005" lon="22.590960000000003">
    <ele>21.900000000000002</ele>
   </trkpt>
   <trkpt lat="38.80467" lon="22.59052">
    <ele>20.43</ele>
   </trkpt>
   <trkpt lat="38.80447500218952" lon="22.589804998082897">
    <ele>17.650000000000002</ele>
   </trkpt>
   <trkpt lat="38.804280000000006" lon="22.589090000000002">
    <ele>16.09</ele>
   </trkpt>
   <trkpt lat="38.80407000505454" lon="22.588319995464932">
    <ele>15.09</ele>
   </trkpt>
   <trkpt lat="38.80386000505554" lon="22.587549995468695">
    <ele>14.600000000000001</ele>
   </trkpt>
   <trkpt lat="38.803650000000005" lon="22.58678">
    <ele>14.020000000000001</ele>
   </trkpt>
   <trkpt lat="38.80355" lon="22.58604">
    <ele>13.160000000000002</ele>
   </trkpt>
   <trkpt lat="38.80355" lon="22.585800000000003">
    <ele>12.730000000000002</ele>
   </trkpt>
   <trkpt lat="38.80359" lon="22.58536">
    <ele>12.260000000000002</ele>
   </trkpt>
   <trkpt lat="38.80364" lon="22.585140000000003">
    <ele>12.040000000000001</ele>
   </trkpt>
   <trkpt lat="38.80389" lon="22.584310000000002">
    <ele>11.27</ele>
   </trkpt>
   <trkpt lat="38.803940000000004" lon="22.584000000000003">
    <ele>11.21</ele>
   </trkpt>
   <trkpt lat="38.80395" lon="22.58368">
    <ele>11.21</ele>
   </trkpt>
   <trkpt lat="38.80388000000001" lon="22.583070000000003">
    <ele>10.39</ele>
   </trkpt>
   <trkpt lat="38.8037633391652" lon="22.582243330677287">
    <ele>9.950000000000001</ele>
   </trkpt>
   <trkpt lat="38.80364667250572" lon="22.581416664061642">
    <ele>9.200000000000001</ele>
   </trkpt>
   <trkpt lat="38.80353" lon="22.58059">
    <ele>8.97</ele>
   </trkpt>
   <trkpt lat="38.80333667372707" lon="22.579679995072354">
    <ele>8.74</ele>
   </trkpt>
   <trkpt lat="38.803143340395955" lon="22.578769995082897">
    <ele>8.370000000000001</ele>
   </trkpt>
   <trkpt lat="38.80295" lon="22.57786">
    <ele>7.88</ele>
   </trkpt>
   <trkpt lat="38.80283" lon="22.577160000000003">
    <ele>7.660000000000001</ele>
   </trkpt>
   <trkpt lat="38.80279" lon="22.57676">
    <ele>7.61</ele>
   </trkpt>
   <trkpt lat="38.802760000000006" lon="22.576210000000003">
    <ele>8.09</ele>
   </trkpt>
   <trkpt lat="38.802780000000006" lon="22.575390000000002">
    <ele>8.92</ele>
   </trkpt>
   <trkpt lat="38.80286751457288" lon="22.574322503886584">
    <ele>11.080000000000002</ele>
   </trkpt>
   <trkpt lat="38.80295501943307" lon="22.5732550051511">
    <ele>16.05</ele>
   </trkpt>
   <trkpt lat="38.80304251458052" lon="22.572187503793845">
    <ele>17.470000000000002</ele>
   </trkpt>
   <trkpt lat="38.80313" lon="22.57112">
    <ele>20.75</ele>
   </trkpt>
   <trkpt lat="38.80315" lon="22.57066">
    <ele>22.080000000000002</ele>
   </trkpt>
   <trkpt lat="38.80313" lon="22.57017">
    <ele>22.54</ele>
   </trkpt>
   <trkpt lat="38.80308" lon="22.5697">
    <ele>23.180000000000003</ele>
   </trkpt>
   <trkpt lat="38.802980000000005" lon="22.56904">
    <ele>23.200000000000003</ele>
   </trkpt>
   <trkpt lat="38.80274667517894" lon="22.568039993403655">
    <ele>22.3</ele>
   </trkpt>
   <trkpt lat="38.80251334183458" lon="22.567039993356502">
    <ele>21.03</ele>
   </trkpt>
   <trkpt lat="38.80228" lon="22.56604">
    <ele>19.48</ele>
   </trkpt>
   <trkpt lat="38.80212" lon="22.565140000000003">
    <ele>18.87</ele>
   </trkpt>
   <trkpt lat="38.802040000000005" lon="22.56428">
    <ele>18.65</ele>
   </trkpt>
   <trkpt lat="38.802030005297325" lon="22.563164999753848">
    <ele>18.740000000000002</ele>
   </trkpt>
   <trkpt lat="38.802020000000006" lon="22.562050000000003">
    <ele>19.16</ele>
   </trkpt>
   <trkpt lat="38.80198" lon="22.560950000000002">
    <ele>19.200000000000003</ele>
   </trkpt>
   <trkpt lat="38.80191000000001" lon="22.56005">
    <ele>18.94</ele>
   </trkpt>
   <trkpt lat="38.80181" lon="22.559240000000003">
    <ele>19.12</ele>
   </trkpt>
   <trkpt lat="38.801680000000005" lon="22.55835">
    <ele>19.69</ele>
   </trkpt>
   <trkpt lat="38.801520000000004" lon="22.557460000000003">
    <ele>21.470000000000002</ele>
   </trkpt>
   <trkpt lat="38.80129835464457" lon="22.556459984461178">
    <ele>23.630000000000003</ele>
   </trkpt>
   <trkpt lat="38.801076700765755" lon="22.55545997514345">
    <ele>26.500000000000004</ele>
   </trkpt>
   <trkpt lat="38.800855038363686" lon="22.55445997204697">
    <ele>29.51</ele>
   </trkpt>
   <trkpt lat="38.80063336743849" lon="22.5534599751719">
    <ele>32.330000000000005</ele>
   </trkpt>
   <trkpt lat="38.80041168799028" lon="22.552459984518375">
    <ele>33.74</ele>
   </trkpt>
   <trkpt lat="38.80019" lon="22.551460000000002">
    <ele>35.4</ele>
   </trkpt>
   <trkpt lat="38.800000000000004" lon="22.55085">
    <ele>35.410000000000004</ele>
   </trkpt>
   <trkpt lat="38.799640004577896" lon="22.549809994655583">
    <ele>34.85000000000001</ele>
   </trkpt>
   <trkpt lat="38.79928" lon="22.54877">
    <ele>33.300000000000004</ele>
   </trkpt>
   <trkpt lat="38.79901" lon="22.54784">
    <ele>31.27</ele>
   </trkpt>
   <trkpt lat="38.798885001257084" lon="22.547284998779805">
    <ele>30.19</ele>
   </trkpt>
   <trkpt lat="38.79876" lon="22.54673">
    <ele>29.330000000000002</ele>
   </trkpt>
   <trkpt lat="38.798555009558385" lon="22.545864992504587">
    <ele>27.71</ele>
   </trkpt>
   <trkpt lat="38.79835001273959" lon="22.544999989985524">
    <ele>24.73</ele>
   </trkpt>
   <trkpt lat="38.7981450095437" lon="22.544134992442903">
    <ele>23.35</ele>
   </trkpt>
   <trkpt lat="38.797940000000004" lon="22.543270000000003">
    <ele>21.630000000000003</ele>
   </trkpt>
   <trkpt lat="38.79771002290158" lon="22.54223331661914">
    <ele>19.15</ele>
   </trkpt>
   <trkpt lat="38.797480036643556" lon="22.541196639929055">
    <ele>17.210000000000004</ele>
   </trkpt>
   <trkpt lat="38.797250041226015" lon="22.540159969929928">
    <ele>15.27</ele>
   </trkpt>
   <trkpt lat="38.79702003664911" lon="22.539123306621914">
    <ele>14.93</ele>
   </trkpt>
   <trkpt lat="38.79679002291298" lon="22.538086650005194">
    <ele>15.89</ele>
   </trkpt>
   <trkpt lat="38.79656000000001" lon="22.53705">
    <ele>17.09</ele>
   </trkpt>
   <trkpt lat="38.79637000290774" lon="22.536224997832374">
    <ele>18.94</ele>
   </trkpt>
   <trkpt lat="38.79618" lon="22.535400000000003">
    <ele>20.77</ele>
   </trkpt>
   <trkpt lat="38.796050001509826" lon="22.534804998920126">
    <ele>21.37</ele>
   </trkpt>
   <trkpt lat="38.79592" lon="22.53421">
    <ele>22.21</ele>
   </trkpt>
   <trkpt lat="38.79585" lon="22.53375">
    <ele>23.590000000000003</ele>
   </trkpt>
   <trkpt lat="38.79576" lon="22.53293">
    <ele>24.16</ele>
   </trkpt>
   <trkpt lat="38.79571" lon="22.532120000000003">
    <ele>25.26</ele>
   </trkpt>
   <trkpt lat="38.79571" lon="22.531370000000003">
    <ele>26.650000000000002</ele>
   </trkpt>
   <trkpt lat="38.795750000000005" lon="22.530510000000003">
    <ele>27.950000000000003</ele>
   </trkpt>
   <trkpt lat="38.79587000294902" lon="22.529680001305152">
    <ele>29.460000000000004</ele>
   </trkpt>
   <trkpt lat="38.79599" lon="22.528850000000002">
    <ele>30.37</ele>
   </trkpt>
   <trkpt lat="38.79615334092134" lon="22.52790667096877">
    <ele>32.82</ele>
   </trkpt>
   <trkpt lat="38.79631667425845" lon="22.52696333761375">
    <ele>35.43</ele>
   </trkpt>
   <trkpt lat="38.79648" lon="22.526020000000003">
    <ele>38.160000000000004</ele>
   </trkpt>
   <trkpt lat="38.796510000000005" lon="22.525650000000002">
    <ele>39.03</ele>
   </trkpt>
   <trkpt lat="38.796440000000004" lon="22.524790000000003">
    <ele>40.07</ele>
   </trkpt>
   <trkpt lat="38.79643" lon="22.52417">
    <ele>40.230000000000004</ele>
   </trkpt>
   <trkpt lat="38.79647000000001" lon="22.523760000000003">
    <ele>40.290000000000006</ele>
   </trkpt>
   <trkpt lat="38.79661" lon="22.523130000000002">
    <ele>39.769999999999996</ele>
   </trkpt>
   <trkpt lat="38.796710000000004" lon="22.522820000000003">
    <ele>39.470000000000006</ele>
   </trkpt>
   <trkpt lat="38.796850000000006" lon="22.5225">
    <ele>39.49</ele>
   </trkpt>
   <trkpt lat="38.797200000000004" lon="22.521960000000004">
    <ele>39.1</ele>
   </trkpt>
   <trkpt lat="38.79748" lon="22.521630000000002">
    <ele>39.010000000000005</ele>
   </trkpt>
   <trkpt lat="38.79786500065032" lon="22.52127500181334">
    <ele>38.64</ele>
   </trkpt>
   <trkpt lat="38.79825" lon="22.52092">
    <ele>38.41</ele>
   </trkpt>
   <trkpt lat="38.79856" lon="22.520590000000002">
    <ele>37.83</ele>
   </trkpt>
   <trkpt lat="38.79881" lon="22.52023">
    <ele>36.81</ele>
   </trkpt>
   <trkpt lat="38.79899" lon="22.51987">
    <ele>36.57000000000001</ele>
   </trkpt>
   <trkpt lat="38.799200000000006" lon="22.51929">
    <ele>34.800000000000004</ele>
   </trkpt>
   <trkpt lat="38.79925" lon="22.51913">
    <ele>34.800000000000004</ele>
   </trkpt>
   <trkpt lat="38.79932" lon="22.518690000000003">
    <ele>34.25</ele>
   </trkpt>
   <trkpt lat="38.799417510997706" lon="22.517762503809635">
    <ele>32.150000000000006</ele>
   </trkpt>
   <trkpt lat="38.799515014663456" lon="22.51683500508113">
    <ele>29.17</ele>
   </trkpt>
   <trkpt lat="38.7996125109972" lon="22.515907503814656">
    <ele>27.750000000000004</ele>
   </trkpt>
   <trkpt lat="38.799710000000005" lon="22.51498">
    <ele>26.04</ele>
   </trkpt>
   <trkpt lat="38.79980500210996" lon="22.514280000772356">
    <ele>25.630000000000003</ele>
   </trkpt>
   <trkpt lat="38.7999" lon="22.51358">
    <ele>25.11</ele>
   </trkpt>
   <trkpt lat="38.800000000000004" lon="22.51256">
    <ele>23.21</ele>
   </trkpt>
   <trkpt lat="38.800000000000004" lon="22.512">
    <ele>21.460000000000004</ele>
   </trkpt>
   <trkpt lat="38.79994000199243" lon="22.511314999341177">
    <ele>20.26</ele>
   </trkpt>
   <trkpt lat="38.79988" lon="22.510630000000003">
    <ele>17.76</ele>
   </trkpt>
   <trkpt lat="38.799890000000005" lon="22.510060000000003">
    <ele>16.93</ele>
   </trkpt>
   <trkpt lat="38.799910000000004" lon="22.50983">
    <ele>15.93</ele>
   </trkpt>
   <trkpt lat="38.80001" lon="22.509200000000003">
    <ele>14.650000000000002</ele>
   </trkpt>
   <trkpt lat="38.800110000000004" lon="22.508760000000002">
    <ele>13.31</ele>
   </trkpt>
   <trkpt lat="38.80042" lon="22.50786">
    <ele>11.73</ele>
   </trkpt>
   <trkpt lat="38.800720000000005" lon="22.5073">
    <ele>10.58</ele>
   </trkpt>
   <trkpt lat="38.80110333632093" lon="22.506706673070322">
    <ele>9.35</ele>
   </trkpt>
   <trkpt lat="38.80148666964136" lon="22.506113339757036">
    <ele>9.21</ele>
   </trkpt>
   <trkpt lat="38.80187" lon="22.50552">
    <ele>8.85</ele>
   </trkpt>
   <trkpt lat="38.80199" lon="22.505290000000002">
    <ele>8.870000000000001</ele>
   </trkpt>
   <trkpt lat="38.80214" lon="22.50494">
    <ele>8.820000000000002</ele>
   </trkpt>
   <trkpt lat="38.80227" lon="22.504450000000002">
    <ele>8.780000000000001</ele>
   </trkpt>
   <trkpt lat="38.80243" lon="22.50422">
    <ele>8.8</ele>
   </trkpt>
   <trkpt lat="38.80248" lon="22.50418">
    <ele>8.8</ele>
   </trkpt>
   <trkpt lat="38.80259" lon="22.504130000000004">
    <ele>9.05</ele>
   </trkpt>
   <trkpt lat="38.80266" lon="22.50412">
    <ele>9.05</ele>
   </trkpt>
   <trkpt lat="38.802800000000005" lon="22.504080000000002">
    <ele>9.05</ele>
   </trkpt>
   <trkpt lat="38.80288" lon="22.504">
    <ele>9.02</ele>
   </trkpt>
   <trkpt lat="38.80295" lon="22.5039">
    <ele>9.02</ele>
   </trkpt>
   <trkpt lat="38.803020000000004" lon="22.50372">
    <ele>9.02</ele>
   </trkpt>
   <trkpt lat="38.80313" lon="22.50308">
    <ele>9.260000000000002</ele>
   </trkpt>
   <trkpt lat="38.803290000000004" lon="22.502720000000004">
    <ele>9.370000000000001</ele>
   </trkpt>
   <trkpt lat="38.803450000000005" lon="22.50249">
    <ele>9.420000000000002</ele>
   </trkpt>
   <trkpt lat="38.803830000000005" lon="22.50206">
    <ele>9.590000000000002</ele>
   </trkpt>
   <trkpt lat="38.80427" lon="22.501600000000003">
    <ele>9.49</ele>
   </trkpt>
   <trkpt lat="38.80481" lon="22.50108">
    <ele>9.18</ele>
   </trkpt>
   <trkpt lat="38.80523" lon="22.50072">
    <ele>8.46</ele>
   </trkpt>
   <trkpt lat="38.805870000000006" lon="22.50024">
    <ele>8.040000000000001</ele>
   </trkpt>
   <trkpt lat="38.80665800491118" lon="22.4997040237048">
    <ele>7.5</ele>
   </trkpt>
   <trkpt lat="38.80744600737375" lon="22.499168035553094">
    <ele>6.59</ele>
   </trkpt>
   <trkpt lat="38.80823400738758" lon="22.49863203554432">
    <ele>6.65</ele>
   </trkpt>
   <trkpt lat="38.80902200495256" lon="22.498096023677938">
    <ele>7.37</ele>
   </trkpt>
   <trkpt lat="38.809810000000006" lon="22.497560000000004">
    <ele>9.080000000000002</ele>
   </trkpt>
   <trkpt lat="38.810280000201466" lon="22.497285001885114">
    <ele>8.8</ele>
   </trkpt>
   <trkpt lat="38.810750000000006" lon="22.497010000000003">
    <ele>9.040000000000001</ele>
   </trkpt>
   <trkpt lat="38.81118" lon="22.49671">
    <ele>9.65</ele>
   </trkpt>
   <trkpt lat="38.81169000058332" lon="22.49633500269667">
    <ele>10.790000000000001</ele>
   </trkpt>
   <trkpt lat="38.812200000000004" lon="22.49596">
    <ele>10.5</ele>
   </trkpt>
   <trkpt lat="38.81278500067621" lon="22.49555500334207">
    <ele>8.98</ele>
   </trkpt>
   <trkpt lat="38.813370000000006" lon="22.495150000000002">
    <ele>6.620000000000001</ele>
   </trkpt>
   <trkpt lat="38.814020000565364" lon="22.494760003608835">
    <ele>6.08</ele>
   </trkpt>
   <trkpt lat="38.81467000000001" lon="22.494370000000004">
    <ele>6.0200000000000005</ele>
   </trkpt>
   <trkpt lat="38.815340000862626" lon="22.4939250041738">
    <ele>6.0600000000000005</ele>
   </trkpt>
   <trkpt lat="38.816010000000006" lon="22.49348">
    <ele>5.87</ele>
   </trkpt>
   <trkpt lat="38.81668000095387" lon="22.493025004231885">
    <ele>5.880000000000001</ele>
   </trkpt>
   <trkpt lat="38.817350000000005" lon="22.49257">
    <ele>5.94</ele>
   </trkpt>
   <trkpt lat="38.81809000125347" lon="22.49204000546695">
    <ele>5.99</ele>
   </trkpt>
   <trkpt lat="38.818830000000005" lon="22.49151">
    <ele>6.010000000000001</ele>
   </trkpt>
   <trkpt lat="38.81962000248682" lon="22.490966678742293">
    <ele>6.29</ele>
   </trkpt>
   <trkpt lat="38.820410002457194" lon="22.490423345429544">
    <ele>6.140000000000001</ele>
   </trkpt>
   <trkpt lat="38.821200000000005" lon="22.489880000000003">
    <ele>6.16</ele>
   </trkpt>
   <trkpt lat="38.82191000133013" lon="22.48935500511996">
    <ele>6.11</ele>
   </trkpt>
   <trkpt lat="38.82262" lon="22.48883">
    <ele>5.960000000000001</ele>
   </trkpt>
   <trkpt lat="38.82314500032051" lon="22.488495002570776">
    <ele>5.82</ele>
   </trkpt>
   <trkpt lat="38.82367" lon="22.48816">
    <ele>6.51</ele>
   </trkpt>
   <trkpt lat="38.824200000000005" lon="22.487910000000003">
    <ele>6.790000000000001</ele>
   </trkpt>
   <trkpt lat="38.825" lon="22.487640000000003">
    <ele>9.09</ele>
   </trkpt>
   <trkpt lat="38.8258" lon="22.487440000000003">
    <ele>13.860000000000001</ele>
   </trkpt>
   <trkpt lat="38.826220000000006" lon="22.487360000000002">
    <ele>16.560000000000002</ele>
   </trkpt>
   <trkpt lat="38.82672999988891" lon="22.487290000519568">
    <ele>17.400000000000002</ele>
   </trkpt>
   <trkpt lat="38.82724" lon="22.48722">
    <ele>16.560000000000002</ele>
   </trkpt>
   <trkpt lat="38.827490000000004" lon="22.487160000000003">
    <ele>15.370000000000001</ele>
   </trkpt>
   <trkpt lat="38.8277" lon="22.487080000000002">
    <ele>13.99</ele>
   </trkpt>
   <trkpt lat="38.828070000000004" lon="22.48684">
    <ele>10.360000000000001</ele>
   </trkpt>
   <trkpt lat="38.828300000000006" lon="22.486610000000002">
    <ele>8.700000000000001</ele>
   </trkpt>
   <trkpt lat="38.82858" lon="22.486230000000003">
    <ele>7.710000000000001</ele>
   </trkpt>
   <trkpt lat="38.82873" lon="22.48592">
    <ele>7.25</ele>
   </trkpt>
   <trkpt lat="38.828860000000006" lon="22.485590000000002">
    <ele>7.23</ele>
   </trkpt>
   <trkpt lat="38.82905" lon="22.48506">
    <ele>6.91</ele>
   </trkpt>
   <trkpt lat="38.82932" lon="22.48447">
    <ele>6.750000000000001</ele>
   </trkpt>
   <trkpt lat="38.829570000000004" lon="22.48413">
    <ele>6.82</ele>
   </trkpt>
   <trkpt lat="38.829730000000005" lon="22.48395">
    <ele>6.930000000000001</ele>
   </trkpt>
   <trkpt lat="38.829930000000004" lon="22.483780000000003">
    <ele>6.95</ele>
   </trkpt>
   <trkpt lat="38.830630001951" lon="22.483303342698655">
    <ele>7.04</ele>
   </trkpt>
   <trkpt lat="38.83133000196505" lon="22.48282667602257">
    <ele>7.2</ele>
   </trkpt>
   <trkpt lat="38.83203" lon="22.48235">
    <ele>7.25</ele>
   </trkpt>
   <trkpt lat="38.832810007343475" lon="22.481814320936344">
    <ele>7.34</ele>
   </trkpt>
   <trkpt lat="38.83359001224056" lon="22.481278630132064">
    <ele>7.51</ele>
   </trkpt>
   <trkpt lat="38.83437001469116" lon="22.480742927586615">
    <ele>7.57</ele>
   </trkpt>
   <trkpt lat="38.83515001469512" lon="22.48020721329944">
    <ele>7.490000000000001</ele>
   </trkpt>
   <trkpt lat="38.83593001225232" lon="22.479671487269997">
    <ele>7.5200000000000005</ele>
   </trkpt>
   <trkpt lat="38.83671000736267" lon="22.479135749497743">
    <ele>7.6000000000000005</ele>
   </trkpt>
   <trkpt lat="38.83749" lon="22.4786">
    <ele>7.9</ele>
   </trkpt>
   <trkpt lat="38.8381925029926" lon="22.47811751427858">
    <ele>7.8900000000000015</ele>
   </trkpt>
   <trkpt lat="38.83889500400047" lon="22.477635019031315">
    <ele>7.99</ele>
   </trkpt>
   <trkpt lat="38.839597503023526" lon="22.477152514257803">
    <ele>8.049999999999999</ele>
   </trkpt>
   <trkpt lat="38.840300000000006" lon="22.476670000000002">
    <ele>7.88</ele>
   </trkpt>
   <trkpt lat="38.840910000730624" lon="22.476230003840204">
    <ele>8.0</ele>
   </trkpt>
   <trkpt lat="38.84152" lon="22.475790000000003">
    <ele>8.07</ele>
   </trkpt>
   <trkpt lat="38.84206666778023" lon="22.475416672454234">
    <ele>8.270000000000001</ele>
   </trkpt>
   <trkpt lat="38.84261333437217" lon="22.475043339172007">
    <ele>8.24</ele>
   </trkpt>
   <trkpt lat="38.843160000000005" lon="22.474670000000003">
    <ele>8.190000000000001</ele>
   </trkpt>
   <trkpt lat="38.84373666797052" lon="22.47427333978916">
    <ele>8.39</ele>
   </trkpt>
   <trkpt lat="38.844313334599555" lon="22.47387667314847">
    <ele>8.64</ele>
   </trkpt>
   <trkpt lat="38.84489000000001" lon="22.473480000000002">
    <ele>8.92</ele>
   </trkpt>
   <trkpt lat="38.84501" lon="22.47342">
    <ele>9.080000000000002</ele>
   </trkpt>
   <trkpt lat="38.84537" lon="22.473290000000002">
    <ele>9.41</ele>
   </trkpt>
   <trkpt lat="38.84592499987128" lon="22.473135001273707">
    <ele>9.62</ele>
   </trkpt>
   <trkpt lat="38.84648" lon="22.472980000000003">
    <ele>9.41</ele>
   </trkpt>
   <trkpt lat="38.847240000000006" lon="22.472710000000003">
    <ele>9.1</ele>
   </trkpt>
   <trkpt lat="38.847480000000004" lon="22.472600000000003">
    <ele>9.030000000000001</ele>
   </trkpt>
   <trkpt lat="38.84794" lon="22.471970000000002">
    <ele>9.65</ele>
   </trkpt>
   <trkpt lat="38.84819" lon="22.471570000000003">
    <ele>9.670000000000002</ele>
   </trkpt>
   <trkpt lat="38.84835" lon="22.471220000000002">
    <ele>9.49</ele>
   </trkpt>
   <trkpt lat="38.848400000000005" lon="22.47115">
    <ele>9.49</ele>
   </trkpt>
   <trkpt lat="38.84873" lon="22.470860000000002">
    <ele>8.66</ele>
   </trkpt>
   <trkpt lat="38.84937500046228" lon="22.470530002993176">
    <ele>8.38</ele>
   </trkpt>
   <trkpt lat="38.85002" lon="22.470200000000002">
    <ele>8.75</ele>
   </trkpt>
   <trkpt lat="38.85063" lon="22.469710000000003">
    <ele>9.56</ele>
   </trkpt>
   <trkpt lat="38.85126" lon="22.469130000000003">
    <ele>10.13</ele>
   </trkpt>
   <trkpt lat="38.85145" lon="22.468980000000002">
    <ele>9.940000000000001</ele>
   </trkpt>
   <trkpt lat="38.852215001226334" lon="22.468475005339524">
    <ele>8.870000000000001</ele>
   </trkpt>
   <trkpt lat="38.85298" lon="22.46797">
    <ele>8.690000000000001</ele>
   </trkpt>
   <trkpt lat="38.85347000053567" lon="22.467665002014645">
    <ele>9.07</ele>
   </trkpt>
   <trkpt lat="38.85396" lon="22.467360000000003">
    <ele>9.940000000000001</ele>
   </trkpt>
   <trkpt lat="38.85403" lon="22.46734">
    <ele>10.3</ele>
   </trkpt>
   <trkpt lat="38.854560000000006" lon="22.467370000000003">
    <ele>12.08</ele>
   </trkpt>
   <trkpt lat="38.85517" lon="22.467290000000002">
    <ele>13.120000000000001</ele>
   </trkpt>
   <trkpt lat="38.85551" lon="22.467190000000002">
    <ele>12.790000000000001</ele>
   </trkpt>
   <trkpt lat="38.85596500025545" lon="22.466900001921037">
    <ele>11.14</ele>
   </trkpt>
   <trkpt lat="38.85642" lon="22.466610000000003">
    <ele>9.950000000000001</ele>
   </trkpt>
   <trkpt lat="38.85669" lon="22.466410000000003">
    <ele>9.39</ele>
   </trkpt>
   <trkpt lat="38.85694" lon="22.46617">
    <ele>9.120000000000001</ele>
   </trkpt>
   <trkpt lat="38.85746" lon="22.465310000000002">
    <ele>8.93</ele>
   </trkpt>
   <trkpt lat="38.857850000000006" lon="22.464760000000002">
    <ele>8.97</ele>
   </trkpt>
   <trkpt lat="38.858200000000004" lon="22.46442">
    <ele>8.990000000000002</ele>
   </trkpt>
   <trkpt lat="38.85851" lon="22.4642">
    <ele>9.14</ele>
   </trkpt>
   <trkpt lat="38.85900000029286" lon="22.46388500225423">
    <ele>9.55</ele>
   </trkpt>
   <trkpt lat="38.85949" lon="22.46357">
    <ele>10.950000000000001</ele>
   </trkpt>
   <trkpt lat="38.859700000000004" lon="22.46347">
    <ele>11.4</ele>
   </trkpt>
   <trkpt lat="38.86001" lon="22.463410000000003">
    <ele>11.860000000000001</ele>
   </trkpt>
   <trkpt lat="38.86016" lon="22.463420000000003">
    <ele>11.860000000000001</ele>
   </trkpt>
   <trkpt lat="38.86063" lon="22.463520000000003">
    <ele>12.22</ele>
   </trkpt>
   <trkpt lat="38.860890000000005" lon="22.463540000000002">
    <ele>12.24</ele>
   </trkpt>
   <trkpt lat="38.861110000000004" lon="22.46349">
    <ele>12.010000000000002</ele>
   </trkpt>
   <trkpt lat="38.86122" lon="22.463440000000002">
    <ele>11.860000000000001</ele>
   </trkpt>
   <trkpt lat="38.861430000000006" lon="22.4633">
    <ele>11.260000000000002</ele>
   </trkpt>
   <trkpt lat="38.86162" lon="22.4631">
    <ele>10.89</ele>
   </trkpt>
   <trkpt lat="38.86195000069233" lon="22.462670002120767">
    <ele>10.6</ele>
   </trkpt>
   <trkpt lat="38.862280000000005" lon="22.46224">
    <ele>10.190000000000001</ele>
   </trkpt>
   <trkpt lat="38.86247" lon="22.462020000000003">
    <ele>10.15</ele>
   </trkpt>
   <trkpt lat="38.862660000000005" lon="22.461850000000002">
    <ele>10.110000000000001</ele>
   </trkpt>
   <trkpt lat="38.86318" lon="22.461570000000002">
    <ele>9.670000000000002</ele>
   </trkpt>
   <trkpt lat="38.86377000043096" lon="22.46129500223144">
    <ele>9.71</ele>
   </trkpt>
   <trkpt lat="38.864360000000005" lon="22.46102">
    <ele>10.120000000000001</ele>
   </trkpt>
   <trkpt lat="38.864973334168276" lon="22.460710005340818">
    <ele>11.31</ele>
   </trkpt>
   <trkpt lat="38.86558666751707" lon="22.460400005333074">
    <ele>12.280000000000001</ele>
   </trkpt>
   <trkpt lat="38.866200000000006" lon="22.46009">
    <ele>11.61</ele>
   </trkpt>
   <trkpt lat="38.86674" lon="22.459850000000003">
    <ele>9.81</ele>
   </trkpt>
   <trkpt lat="38.86704" lon="22.459740000000004">
    <ele>9.06</ele>
   </trkpt>
   <trkpt lat="38.867740000000005" lon="22.459500000000002">
    <ele>8.73</ele>
   </trkpt>
   <trkpt lat="38.86795" lon="22.45944">
    <ele>8.790000000000001</ele>
   </trkpt>
   <trkpt lat="38.86813" lon="22.459410000000002">
    <ele>8.790000000000001</ele>
   </trkpt>
   <trkpt lat="38.868500000000004" lon="22.45944">
    <ele>8.89</ele>
   </trkpt>
   <trkpt lat="38.86869" lon="22.459500000000002">
    <ele>9.1</ele>
   </trkpt>
   <trkpt lat="38.86905" lon="22.459680000000002">
    <ele>9.31</ele>
   </trkpt>
   <trkpt lat="38.869240000000005" lon="22.45982">
    <ele>9.72</ele>
   </trkpt>
   <trkpt lat="38.86984" lon="22.460340000000002">
    <ele>10.59</ele>
   </trkpt>
   <trkpt lat="38.870270000000005" lon="22.46058">
    <ele>11.11</ele>
   </trkpt>
   <trkpt lat="38.870430000000006" lon="22.460610000000003">
    <ele>11.170000000000002</ele>
   </trkpt>
   <trkpt lat="38.87075" lon="22.460610000000003">
    <ele>11.340000000000002</ele>
   </trkpt>
   <trkpt lat="38.870920000000005" lon="22.46056">
    <ele>11.340000000000002</ele>
   </trkpt>
   <trkpt lat="38.871680000000005" lon="22.460240000000002">
    <ele>11.88</ele>
   </trkpt>
   <trkpt lat="38.871860000000005" lon="22.46019">
    <ele>12.030000000000001</ele>
   </trkpt>
   <trkpt lat="38.87203" lon="22.46017">
    <ele>12.030000000000001</ele>
   </trkpt>
   <trkpt lat="38.87223" lon="22.46018">
    <ele>12.41</ele>
   </trkpt>
   <trkpt lat="38.87239" lon="22.460210000000004">
    <ele>12.41</ele>
   </trkpt>
   <trkpt lat="38.87289000027467" lon="22.46044999832563">
    <ele>12.33</ele>
   </trkpt>
   <trkpt lat="38.87339" lon="22.460690000000003">
    <ele>12.13</ele>
   </trkpt>
   <trkpt lat="38.87368" lon="22.460890000000003">
    <ele>11.770000000000001</ele>
   </trkpt>
   <trkpt lat="38.87389" lon="22.461070000000003">
    <ele>11.53</ele>
   </trkpt>
   <trkpt lat="38.874190000000006" lon="22.46139">
    <ele>11.250000000000002</ele>
   </trkpt>
   <trkpt lat="38.87476500177537" lon="22.462024994924466">
    <ele>11.340000000000002</ele>
   </trkpt>
   <trkpt lat="38.87534" lon="22.462660000000003">
    <ele>11.47</ele>
   </trkpt>
   <trkpt lat="38.87557" lon="22.46223">
    <ele>11.840000000000002</ele>
   </trkpt>
   <trkpt lat="38.87604" lon="22.46151">
    <ele>12.450000000000001</ele>
   </trkpt>
   <trkpt lat="38.876090000000005" lon="22.46141">
    <ele>12.600000000000001</ele>
   </trkpt>
   <trkpt lat="38.87617" lon="22.461170000000003">
    <ele>12.690000000000001</ele>
   </trkpt>
   <trkpt lat="38.876250000000006" lon="22.460800000000003">
    <ele>13.110000000000001</ele>
   </trkpt>
   <trkpt lat="38.8764033440898" lon="22.45967667154979">
    <ele>13.38</ele>
   </trkpt>
   <trkpt lat="38.8765566774183" lon="22.458553338252056">
    <ele>13.99</ele>
   </trkpt>
   <trkpt lat="38.87671" lon="22.457430000000002">
    <ele>14.71</ele>
   </trkpt>
   <trkpt lat="38.87680500177258" lon="22.45678500087149">
    <ele>15.790000000000001</ele>
   </trkpt>
   <trkpt lat="38.876900000000006" lon="22.45614">
    <ele>17.42</ele>
   </trkpt>
   <trkpt lat="38.87693" lon="22.456020000000002">
    <ele>17.42</ele>
   </trkpt>
   <trkpt lat="38.87709" lon="22.455620000000003">
    <ele>17.890000000000004</ele>
   </trkpt>
   <trkpt lat="38.877140000000004" lon="22.4554">
    <ele>18.11</ele>
   </trkpt>
   <trkpt lat="38.877140000000004" lon="22.45514">
    <ele>18.060000000000002</ele>
   </trkpt>
   <trkpt lat="38.87717000000001" lon="22.454970000000003">
    <ele>18.11</ele>
   </trkpt>
   <trkpt lat="38.877430000000004" lon="22.45467">
    <ele>18.150000000000002</ele>
   </trkpt>
   <trkpt lat="38.877460000000006" lon="22.454600000000003">
    <ele>18.400000000000002</ele>
   </trkpt>
   <trkpt lat="38.87754" lon="22.45428">
    <ele>18.590000000000003</ele>
   </trkpt>
   <trkpt lat="38.877590000000005" lon="22.45419">
    <ele>18.590000000000003</ele>
   </trkpt>
   <trkpt lat="38.87771" lon="22.4541">
    <ele>18.9</ele>
   </trkpt>
   <trkpt lat="38.878325000452136" lon="22.453795002612075">
    <ele>19.860000000000003</ele>
   </trkpt>
   <trkpt lat="38.87894" lon="22.453490000000002">
    <ele>21.740000000000002</ele>
   </trkpt>
   <trkpt lat="38.879090000000005" lon="22.453470000000003">
    <ele>21.740000000000002</ele>
   </trkpt>
   <trkpt lat="38.879340000000006" lon="22.453500000000002">
    <ele>22.2</ele>
   </trkpt>
   <trkpt lat="38.87952000000001" lon="22.45343">
    <ele>22.26</ele>
   </trkpt>
   <trkpt lat="38.87961000000001" lon="22.453380000000003">
    <ele>22.26</ele>
   </trkpt>
   <trkpt lat="38.879690000000004" lon="22.453310000000002">
    <ele>22.45</ele>
   </trkpt>
   <trkpt lat="38.87982" lon="22.453080000000003">
    <ele>22.490000000000002</ele>
   </trkpt>
   <trkpt lat="38.87991" lon="22.453000000000003">
    <ele>22.53</ele>
   </trkpt>
   <trkpt lat="38.880050000000004" lon="22.452910000000003">
    <ele>22.590000000000003</ele>
   </trkpt>
   <trkpt lat="38.880610000000004" lon="22.452620000000003">
    <ele>23.51</ele>
   </trkpt>
   <trkpt lat="38.881190000000004" lon="22.452340000000003">
    <ele>23.950000000000003</ele>
   </trkpt>
   <trkpt lat="38.88152" lon="22.45221">
    <ele>24.94</ele>
   </trkpt>
   <trkpt lat="38.882000000000005" lon="22.452070000000003">
    <ele>25.62</ele>
   </trkpt>
   <trkpt lat="38.88244" lon="22.451970000000003">
    <ele>26.400000000000002</ele>
   </trkpt>
   <trkpt lat="38.883160000000004" lon="22.451870000000003">
    <ele>27.770000000000003</ele>
   </trkpt>
   <trkpt lat="38.8838249999275" lon="22.45185000018943">
    <ele>29.57</ele>
   </trkpt>
   <trkpt lat="38.88449000000001" lon="22.45183">
    <ele>30.38</ele>
   </trkpt>
   <trkpt lat="38.88532" lon="22.451780000000003">
    <ele>31.82</ele>
   </trkpt>
   <trkpt lat="38.88613" lon="22.451780000000003">
    <ele>33.65</ele>
   </trkpt>
   <trkpt lat="38.88687000003894" lon="22.45176000020733">
    <ele>34.71</ele>
   </trkpt>
   <trkpt lat="38.88761" lon="22.45174">
    <ele>36.37</ele>
   </trkpt>
   <trkpt lat="38.88826" lon="22.45175">
    <ele>37.52</ele>
   </trkpt>
   <trkpt lat="38.88890500007398" lon="22.45174000008966">
    <ele>38.39</ele>
   </trkpt>
   <trkpt lat="38.88955" lon="22.45173">
    <ele>39.63</ele>
   </trkpt>
   <trkpt lat="38.89007500002198" lon="22.451705000183857">
    <ele>40.71</ele>
   </trkpt>
   <trkpt lat="38.890600000000006" lon="22.451680000000003">
    <ele>41.53</ele>
   </trkpt>
   <trkpt lat="38.89128" lon="22.451700000000002">
    <ele>42.480000000000004</ele>
   </trkpt>
   <trkpt lat="38.89141" lon="22.45173">
    <ele>43.45</ele>
   </trkpt>
   <trkpt lat="38.89162" lon="22.45185">
    <ele>43.08</ele>
   </trkpt>
   <trkpt lat="38.89179" lon="22.45191">
    <ele>42.93</ele>
   </trkpt>
   <trkpt lat="38.891850000000005" lon="22.45191">
    <ele>42.93</ele>
   </trkpt>
   <trkpt lat="38.891850000000005" lon="22.45145">
    <ele>43.010000000000005</ele>
   </trkpt>
   <trkpt lat="38.89191" lon="22.451030000000003">
    <ele>43.050000000000004</ele>
   </trkpt>
   <trkpt lat="38.8923100087964" lon="22.450013344833554">
    <ele>43.31</ele>
   </trkpt>
   <trkpt lat="38.89271000877716" lon="22.448996678215995">
    <ele>44.17</ele>
   </trkpt>
   <trkpt lat="38.89311" lon="22.44798">
    <ele>44.74</ele>
   </trkpt>
   <trkpt lat="38.893240000000006" lon="22.447660000000003">
    <ele>44.370000000000005</ele>
   </trkpt>
   <trkpt lat="38.893370000000004" lon="22.447460000000003">
    <ele>43.76</ele>
   </trkpt>
   <trkpt lat="38.8934" lon="22.44744">
    <ele>43.76</ele>
   </trkpt>
   <trkpt lat="38.893480000000004" lon="22.447360000000003">
    <ele>43.60000000000001</ele>
   </trkpt>
   <trkpt lat="38.8935" lon="22.44723">
    <ele>43.33</ele>
   </trkpt>
   <trkpt lat="38.89349" lon="22.447180000000003">
    <ele>43.33</ele>
   </trkpt>
   <trkpt lat="38.89343" lon="22.447090000000003">
    <ele>43.14</ele>
   </trkpt>
   <trkpt lat="38.89338" lon="22.44706">
    <ele>43.0</ele>
   </trkpt>
   <trkpt lat="38.89329" lon="22.44706">
    <ele>43.0</ele>
   </trkpt>
   <trkpt lat="38.89305" lon="22.447020000000002">
    <ele>42.25</ele>
   </trkpt>
   <trkpt lat="38.892900000000004" lon="22.446930000000002">
    <ele>42.25</ele>
   </trkpt>
   <trkpt lat="38.892810000000004" lon="22.446910000000003">
    <ele>41.620000000000005</ele>
   </trkpt>
   <trkpt lat="38.892570000000006" lon="22.44676">
    <ele>41.5</ele>
   </trkpt>
   <trkpt lat="38.89247" lon="22.446710000000003">
    <ele>41.02</ele>
   </trkpt>
   <trkpt lat="38.892320000000005" lon="22.446700000000003">
    <ele>40.81</ele>
   </trkpt>
   <trkpt lat="38.892120000000006" lon="22.446790000000004">
    <ele>40.620000000000005</ele>
   </trkpt>
   <trkpt lat="38.892" lon="22.446440000000003">
    <ele>40.620000000000005</ele>
   </trkpt>
   <trkpt lat="38.891940000000005" lon="22.44639">
    <ele>40.620000000000005</ele>
   </trkpt>
   <trkpt lat="38.89155" lon="22.446320000000004">
    <ele>40.620000000000005</ele>
   </trkpt>
   <trkpt lat="38.891940000000005" lon="22.44639">
    <ele>41.5</ele>
   </trkpt>
   <trkpt lat="38.892" lon="22.446440000000003">
    <ele>41.5</ele>
   </trkpt>
   <trkpt lat="38.892120000000006" lon="22.446790000000004">
    <ele>42.25</ele>
   </trkpt>
   <trkpt lat="38.892320000000005" lon="22.446700000000003">
    <ele>42.25</ele>
   </trkpt>
   <trkpt lat="38.89247" lon="22.446710000000003">
    <ele>42.800000000000004</ele>
   </trkpt>
   <trkpt lat="38.892570000000006" lon="22.44676">
    <ele>43.0</ele>
   </trkpt>
   <trkpt lat="38.892810000000004" lon="22.446910000000003">
    <ele>43.33</ele>
   </trkpt>
   <trkpt lat="38.89287" lon="22.447010000000002">
    <ele>43.34</ele>
   </trkpt>
   <trkpt lat="38.89311" lon="22.447180000000003">
    <ele>44.51</ele>
   </trkpt>
   <trkpt lat="38.89318" lon="22.447290000000002">
    <ele>44.51</ele>
   </trkpt>
   <trkpt lat="38.89322000000001" lon="22.447390000000002">
    <ele>44.53000000000001</ele>
   </trkpt>
   <trkpt lat="38.89327" lon="22.44744">
    <ele>44.17</ele>
   </trkpt>
   <trkpt lat="38.89332" lon="22.447460000000003">
    <ele>44.17</ele>
   </trkpt>
   <trkpt lat="38.8934" lon="22.44744">
    <ele>44.230000000000004</ele>
   </trkpt>
   <trkpt lat="38.89363" lon="22.447480000000002">
    <ele>44.34</ele>
   </trkpt>
   <trkpt lat="38.893890000000006" lon="22.447640000000003">
    <ele>42.43</ele>
   </trkpt>
   <trkpt lat="38.89406" lon="22.4477">
    <ele>45.01</ele>
   </trkpt>
   <trkpt lat="38.89486666884888" lon="22.448206655152322">
    <ele>46.07000000000001</ele>
   </trkpt>
   <trkpt lat="38.89567333550825" lon="22.448713321814196">
    <ele>47.940000000000005</ele>
   </trkpt>
   <trkpt lat="38.896480000000004" lon="22.44922">
    <ele>51.910000000000004</ele>
   </trkpt>
   <trkpt lat="38.89658" lon="22.44922">
    <ele>51.910000000000004</ele>
   </trkpt>
   <trkpt lat="38.89733500016193" lon="22.449105003669082">
    <ele>52.74</ele>
   </trkpt>
   <trkpt lat="38.89809000021105" lon="22.448990004892927">
    <ele>55.18000000000001</ele>
   </trkpt>
   <trkpt lat="38.898845000147375" lon="22.448875003671418">
    <ele>58.52</ele>
   </trkpt>
   <trkpt lat="38.89960000000001" lon="22.448760000000004">
    <ele>63.33000000000001</ele>
   </trkpt>
   <trkpt lat="38.899680000000004" lon="22.448780000000003">
    <ele>63.95</ele>
   </trkpt>
   <trkpt lat="38.9001" lon="22.44874">
    <ele>66.36</ele>
   </trkpt>
   <trkpt lat="38.900180000000006" lon="22.448780000000003">
    <ele>66.58</ele>
   </trkpt>
   <trkpt lat="38.90021" lon="22.44882">
    <ele>66.87</ele>
   </trkpt>
   <trkpt lat="38.900240000000004" lon="22.44892">
    <ele>66.97</ele>
   </trkpt>
   <trkpt lat="38.90026500279179" lon="22.4497299995094">
    <ele>67.06</ele>
   </trkpt>
   <trkpt lat="38.900290000000005" lon="22.45054">
    <ele>66.78</ele>
   </trkpt>
   <trkpt lat="38.900270000000006" lon="22.45078">
    <ele>66.80000000000001</ele>
   </trkpt>
   <trkpt lat="38.900200000000005" lon="22.45097">
    <ele>66.75</ele>
   </trkpt>
   <trkpt lat="38.900150000000004" lon="22.451030000000003">
    <ele>66.75</ele>
   </trkpt>
   <trkpt lat="38.90006" lon="22.45119">
    <ele>66.44</ele>
   </trkpt>
   <trkpt lat="38.90005" lon="22.45129">
    <ele>66.44</ele>
   </trkpt>
   <trkpt lat="38.90007000000001" lon="22.45148">
    <ele>66.44</ele>
   </trkpt>
   <trkpt lat="38.90016000000001" lon="22.45164">
    <ele>66.07000000000001</ele>
   </trkpt>
   <trkpt lat="38.900270000000006" lon="22.451770000000003">
    <ele>66.05000000000001</ele>
   </trkpt>
   <trkpt lat="38.900400000000005" lon="22.45213">
    <ele>65.94</ele>
   </trkpt>
   <trkpt lat="38.900450000000006" lon="22.451790000000003">
    <ele>65.83</ele>
   </trkpt>
   <trkpt lat="38.90057" lon="22.45166">
    <ele>65.93</ele>
   </trkpt>
   <trkpt lat="38.90077" lon="22.451580000000003">
    <ele>64.35000000000001</ele>
   </trkpt>
   <trkpt lat="38.901070000000004" lon="22.451500000000003">
    <ele>64.14</ele>
   </trkpt>
   <trkpt lat="38.90193500005025" lon="22.451410001094807">
    <ele>65.68</ele>
   </trkpt>
   <trkpt lat="38.902800000000006" lon="22.451320000000003">
    <ele>70.22</ele>
   </trkpt>
   <trkpt lat="38.90305" lon="22.45127">
    <ele>71.10000000000001</ele>
   </trkpt>
   <trkpt lat="38.90337" lon="22.45118">
    <ele>73.69</ele>
   </trkpt>
   <trkpt lat="38.90426000016941" lon="22.45103000376456">
    <ele>75.46</ele>
   </trkpt>
   <trkpt lat="38.90515000014692" lon="22.450880003768425">
    <ele>77.45</ele>
   </trkpt>
   <trkpt lat="38.906040000000004" lon="22.45073">
    <ele>81.71000000000001</ele>
   </trkpt>
   <trkpt lat="38.90686" lon="22.450570000000003">
    <ele>85.54</ele>
   </trkpt>
   <trkpt lat="38.9075650001985" lon="22.450365002030303">
    <ele>88.02</ele>
   </trkpt>
   <trkpt lat="38.90827" lon="22.45016">
    <ele>90.41</ele>
   </trkpt>
   <trkpt lat="38.90910500029279" lon="22.449890003181913">
    <ele>92.89000000000001</ele>
   </trkpt>
   <trkpt lat="38.909940000000006" lon="22.449620000000003">
    <ele>94.68</ele>
   </trkpt>
   <trkpt lat="38.910465000126614" lon="22.449440001335315">
    <ele>96.87</ele>
   </trkpt>
   <trkpt lat="38.910990000000005" lon="22.449260000000002">
    <ele>97.52000000000001</ele>
   </trkpt>
   <trkpt lat="38.911260000000006" lon="22.449150000000003">
    <ele>98.78</ele>
   </trkpt>
   <trkpt lat="38.91167" lon="22.448950000000004">
    <ele>99.26000000000002</ele>
   </trkpt>
   <trkpt lat="38.912220000000005" lon="22.448610000000002">
    <ele>100.7</ele>
   </trkpt>
   <trkpt lat="38.91273" lon="22.448210000000003">
    <ele>101.71000000000001</ele>
   </trkpt>
   <trkpt lat="38.913243334734325" lon="22.447800005957177">
    <ele>102.43</ele>
   </trkpt>
   <trkpt lat="38.91375666803471" lon="22.447390005983564">
    <ele>103.06000000000002</ele>
   </trkpt>
   <trkpt lat="38.91427" lon="22.446980000000003">
    <ele>103.62</ele>
   </trkpt>
   <trkpt lat="38.91494500138324" lon="22.4464100054235">
    <ele>104.84</ele>
   </trkpt>
   <trkpt lat="38.915620000000004" lon="22.44584">
    <ele>106.08000000000001</ele>
   </trkpt>
   <trkpt lat="38.915940000000006" lon="22.44547">
    <ele>106.68</ele>
   </trkpt>
   <trkpt lat="38.916230000000006" lon="22.445050000000002">
    <ele>107.41</ele>
   </trkpt>
   <trkpt lat="38.91662" lon="22.444360000000003">
    <ele>108.19000000000001</ele>
   </trkpt>
   <trkpt lat="38.91687" lon="22.44377">
    <ele>108.00000000000001</ele>
   </trkpt>
   <trkpt lat="38.91707500213125" lon="22.443070001881342">
    <ele>106.72000000000001</ele>
   </trkpt>
   <trkpt lat="38.917280000000005" lon="22.44237">
    <ele>106.72000000000001</ele>
   </trkpt>
   <trkpt lat="38.91742" lon="22.44199">
    <ele>107.56</ele>
   </trkpt>
   <trkpt lat="38.91761" lon="22.44159">
    <ele>108.89000000000001</ele>
   </trkpt>
   <trkpt lat="38.917790000000004" lon="22.441280000000003">
    <ele>110.54</ele>
   </trkpt>
   <trkpt lat="38.91798" lon="22.441010000000002">
    <ele>111.10000000000001</ele>
   </trkpt>
   <trkpt lat="38.91841" lon="22.4405">
    <ele>115.91000000000001</ele>
   </trkpt>
   <trkpt lat="38.918620000000004" lon="22.4403">
    <ele>121.33</ele>
   </trkpt>
   <trkpt lat="38.91904" lon="22.439960000000003">
    <ele>122.84</ele>
   </trkpt>
   <trkpt lat="38.91962000058264" lon="22.439600002924085">
    <ele>125.7</ele>
   </trkpt>
   <trkpt lat="38.9202" lon="22.43924">
    <ele>127.69</ele>
   </trkpt>
   <trkpt lat="38.92098" lon="22.43869">
    <ele>130.72</ele>
   </trkpt>
   <trkpt lat="38.921380000000006" lon="22.438370000000003">
    <ele>131.57000000000002</ele>
   </trkpt>
   <trkpt lat="38.921710000000004" lon="22.43806">
    <ele>132.62</ele>
   </trkpt>
   <trkpt lat="38.92208" lon="22.437700000000003">
    <ele>133.53</ele>
   </trkpt>
   <trkpt lat="38.9224" lon="22.437350000000002">
    <ele>135.09</ele>
   </trkpt>
   <trkpt lat="38.92286" lon="22.43673">
    <ele>136.23000000000002</ele>
   </trkpt>
   <trkpt lat="38.92324" lon="22.43616">
    <ele>137.32</ele>
   </trkpt>
   <trkpt lat="38.92367500747681" lon="22.435395014092677">
    <ele>138.98000000000002</ele>
   </trkpt>
   <trkpt lat="38.92411000996113" lon="22.43463001880447">
    <ele>141.17000000000002</ele>
   </trkpt>
   <trkpt lat="38.92454500745285" lon="22.43386501413523">
    <ele>143.82</ele>
   </trkpt>
   <trkpt lat="38.924980000000005" lon="22.433100000000003">
    <ele>146.47000000000003</ele>
   </trkpt>
   <trkpt lat="38.92544501493141" lon="22.432263360750692">
    <ele>149.84</ele>
   </trkpt>
   <trkpt lat="38.925910023891184" lon="22.431426710533415">
    <ele>153.63000000000002</ele>
   </trkpt>
   <trkpt lat="38.92637502687917" lon="22.430590049347995">
    <ele>158.39</ele>
   </trkpt>
   <trkpt lat="38.926840023895174" lon="22.42975337719424">
    <ele>162.61</ele>
   </trkpt>
   <trkpt lat="38.92730501493904" lon="22.42891669407197">
    <ele>166.23000000000002</ele>
   </trkpt>
   <trkpt lat="38.92777" lon="22.42808">
    <ele>171.49</ele>
   </trkpt>
   <trkpt lat="38.928273339995286" lon="22.427196679193322">
    <ele>177.03000000000003</ele>
   </trkpt>
   <trkpt lat="38.92877667333383" lon="22.426313345851053">
    <ele>178.02</ele>
   </trkpt>
   <trkpt lat="38.929280000000006" lon="22.425430000000002">
    <ele>185.87</ele>
   </trkpt>
   <trkpt lat="38.92954000100018" lon="22.42493000196015">
    <ele>186.63000000000002</ele>
   </trkpt>
   <trkpt lat="38.9298" lon="22.42443">
    <ele>188.01000000000002</ele>
   </trkpt>
   <trkpt lat="38.929930000000006" lon="22.42405">
    <ele>188.61</ele>
   </trkpt>
   <trkpt lat="38.929990000000004" lon="22.42376">
    <ele>189.3</ele>
   </trkpt>
   <trkpt lat="38.93003" lon="22.42339">
    <ele>190.16000000000003</ele>
   </trkpt>
   <trkpt lat="38.93003" lon="22.42292">
    <ele>191.83</ele>
   </trkpt>
   <trkpt lat="38.929990000000004" lon="22.42266">
    <ele>192.53</ele>
   </trkpt>
   <trkpt lat="38.929860000000005" lon="22.4222">
    <ele>193.66000000000003</ele>
   </trkpt>
   <trkpt lat="38.92958" lon="22.421400000000002">
    <ele>198.62</ele>
   </trkpt>
   <trkpt lat="38.92922" lon="22.420520000000003">
    <ele>204.5</ele>
   </trkpt>
   <trkpt lat="38.928990000000006" lon="22.41983">
    <ele>209.16</ele>
   </trkpt>
   <trkpt lat="38.92884" lon="22.419230000000002">
    <ele>211.86</ele>
   </trkpt>
   <trkpt lat="38.92878" lon="22.418860000000002">
    <ele>212.84000000000003</ele>
   </trkpt>
   <trkpt lat="38.928720000000006" lon="22.41826">
    <ele>214.62</ele>
   </trkpt>
   <trkpt lat="38.928720000000006" lon="22.41749">
    <ele>216.24</ele>
   </trkpt>
   <trkpt lat="38.92873" lon="22.41729">
    <ele>216.50000000000003</ele>
   </trkpt>
   <trkpt lat="38.92882" lon="22.41663">
    <ele>214.72000000000003</ele>
   </trkpt>
   <trkpt lat="38.92904500292837" lon="22.41580000267067">
    <ele>210.1</ele>
   </trkpt>
   <trkpt lat="38.92927" lon="22.41497">
    <ele>214.28000000000003</ele>
   </trkpt>
   <trkpt lat="38.92958" lon="22.41418">
    <ele>217.89000000000001</ele>
   </trkpt>
   <trkpt lat="38.92992000210914" lon="22.413475003402212">
    <ele>223.86</ele>
   </trkpt>
   <trkpt lat="38.930260000000004" lon="22.412770000000002">
    <ele>226.26000000000002</ele>
   </trkpt>
   <trkpt lat="38.930400000000006" lon="22.412370000000003">
    <ele>228.51000000000002</ele>
   </trkpt>
   <trkpt lat="38.93048" lon="22.412020000000002">
    <ele>231.56</ele>
   </trkpt>
   <trkpt lat="38.93056" lon="22.41102">
    <ele>235.66</ele>
   </trkpt>
   <trkpt lat="38.93063" lon="22.41073">
    <ele>237.48000000000002</ele>
   </trkpt>
   <trkpt lat="38.93076000000001" lon="22.41043">
    <ele>239.76000000000002</ele>
   </trkpt>
   <trkpt lat="38.930890000000005" lon="22.410230000000002">
    <ele>240.31000000000003</ele>
   </trkpt>
   <trkpt lat="38.93136666908553" lon="22.409700007098845">
    <ele>243.32</ele>
   </trkpt>
   <trkpt lat="38.931843335774566" lon="22.409170007074056">
    <ele>247.06000000000003</ele>
   </trkpt>
   <trkpt lat="38.932320000000004" lon="22.408640000000002">
    <ele>249.58</ele>
   </trkpt>
   <trkpt lat="38.93247" lon="22.408540000000002">
    <ele>249.58</ele>
   </trkpt>
   <trkpt lat="38.93254" lon="22.408520000000003">
    <ele>250.16</ele>
   </trkpt>
   <trkpt lat="38.93269" lon="22.408510000000003">
    <ele>251.02</ele>
   </trkpt>
   <trkpt lat="38.932840000000006" lon="22.40855">
    <ele>251.02</ele>
   </trkpt>
   <trkpt lat="38.93298" lon="22.408640000000002">
    <ele>252.38</ele>
   </trkpt>
   <trkpt lat="38.93305" lon="22.408720000000002">
    <ele>252.38</ele>
   </trkpt>
   <trkpt lat="38.933150000000005" lon="22.408890000000003">
    <ele>253.47000000000003</ele>
   </trkpt>
   <trkpt lat="38.93321" lon="22.409070000000003">
    <ele>255.04000000000005</ele>
   </trkpt>
   <trkpt lat="38.933220000000006" lon="22.409270000000003">
    <ele>255.04000000000005</ele>
   </trkpt>
   <trkpt lat="38.93319" lon="22.409460000000003">
    <ele>256.06</ele>
   </trkpt>
   <trkpt lat="38.933110000000006" lon="22.409640000000003">
    <ele>257.20000000000005</ele>
   </trkpt>
   <trkpt lat="38.932990000000004" lon="22.409820000000003">
    <ele>257.73</ele>
   </trkpt>
   <trkpt lat="38.932595000570174" lon="22.410215002295267">
    <ele>260.70000000000005</ele>
   </trkpt>
   <trkpt lat="38.9322" lon="22.410610000000002">
    <ele>263.53999999999996</ele>
   </trkpt>
   <trkpt lat="38.93202" lon="22.410880000000002">
    <ele>265.78000000000003</ele>
   </trkpt>
   <trkpt lat="38.931900000000006" lon="22.41119">
    <ele>267.20000000000005</ele>
   </trkpt>
   <trkpt lat="38.93170667273834" lon="22.41203333791381">
    <ele>270.71</ele>
   </trkpt>
   <trkpt lat="38.93151333940888" lon="22.412876671230162">
    <ele>272.8</ele>
   </trkpt>
   <trkpt lat="38.93132000000001" lon="22.41372">
    <ele>276.94</ele>
   </trkpt>
   <trkpt lat="38.931290000000004" lon="22.414">
    <ele>276.94</ele>
   </trkpt>
   <trkpt lat="38.93128" lon="22.41429">
    <ele>278.54</ele>
   </trkpt>
   <trkpt lat="38.93131" lon="22.414550000000002">
    <ele>278.54</ele>
   </trkpt>
   <trkpt lat="38.93137" lon="22.414800000000003">
    <ele>280.46000000000004</ele>
   </trkpt>
   <trkpt lat="38.931450000000005" lon="22.41504">
    <ele>280.46000000000004</ele>
   </trkpt>
   <trkpt lat="38.93155" lon="22.41525">
    <ele>281.22</ele>
   </trkpt>
   <trkpt lat="38.93168" lon="22.415450000000003">
    <ele>282.22</ele>
   </trkpt>
   <trkpt lat="38.93182" lon="22.41562">
    <ele>282.6</ele>
   </trkpt>
   <trkpt lat="38.932" lon="22.415760000000002">
    <ele>282.6</ele>
   </trkpt>
   <trkpt lat="38.932280000000006" lon="22.415930000000003">
    <ele>285.38</ele>
   </trkpt>
   <trkpt lat="38.93256" lon="22.416">
    <ele>286.59000000000003</ele>
   </trkpt>
   <trkpt lat="38.932840000000006" lon="22.416">
    <ele>287.51000000000005</ele>
   </trkpt>
   <trkpt lat="38.93309" lon="22.415950000000002">
    <ele>288.84000000000003</ele>
   </trkpt>
   <trkpt lat="38.93338" lon="22.41581">
    <ele>289.96000000000004</ele>
   </trkpt>
   <trkpt lat="38.9337" lon="22.41552">
    <ele>291.27000000000004</ele>
   </trkpt>
   <trkpt lat="38.93433500796222" lon="22.41473252112143">
    <ele>294.43</ele>
   </trkpt>
   <trkpt lat="38.934970010633606" lon="22.413945028140926">
    <ele>299.03000000000003</ele>
   </trkpt>
   <trkpt lat="38.93560500801393" lon="22.41315752105803">
    <ele>303.92</ele>
   </trkpt>
   <trkpt lat="38.936240000000005" lon="22.412370000000003">
    <ele>309.59000000000003</ele>
   </trkpt>
   <trkpt lat="38.93654" lon="22.412080000000003">
    <ele>311.93</ele>
   </trkpt>
   <trkpt lat="38.936890000000005" lon="22.411880000000004">
    <ele>314.48</ele>
   </trkpt>
   <trkpt lat="38.93713" lon="22.411810000000003">
    <ele>315.03000000000003</ele>
   </trkpt>
   <trkpt lat="38.937950000204225" lon="22.41168666950788">
    <ele>320.20000000000005</ele>
   </trkpt>
   <trkpt lat="38.938770000278666" lon="22.4115633361634">
    <ele>325.67</ele>
   </trkpt>
   <trkpt lat="38.93959" lon="22.411440000000002">
    <ele>332.33</ele>
   </trkpt>
   <trkpt lat="38.9397" lon="22.41139">
    <ele>332.33</ele>
   </trkpt>
   <trkpt lat="38.93979" lon="22.41131">
    <ele>332.33</ele>
   </trkpt>
   <trkpt lat="38.93994" lon="22.41111">
    <ele>335.01000000000005</ele>
   </trkpt>
   <trkpt lat="38.940000000000005" lon="22.410980000000002">
    <ele>335.01000000000005</ele>
   </trkpt>
   <trkpt lat="38.94004" lon="22.41084">
    <ele>335.64000000000004</ele>
   </trkpt>
   <trkpt lat="38.94004" lon="22.41055">
    <ele>336.4200000000001</ele>
   </trkpt>
   <trkpt lat="38.940020000000004" lon="22.410410000000002">
    <ele>336.97</ele>
   </trkpt>
   <trkpt lat="38.939960000000006" lon="22.41024">
    <ele>337.45000000000005</ele>
   </trkpt>
   <trkpt lat="38.93988" lon="22.41009">
    <ele>337.83</ele>
   </trkpt>
   <trkpt lat="38.939570001015994" lon="22.40958999773256">
    <ele>338.89000000000004</ele>
   </trkpt>
   <trkpt lat="38.939260000000004" lon="22.409090000000003">
    <ele>339.53000000000003</ele>
   </trkpt>
   <trkpt lat="38.93918" lon="22.408730000000002">
    <ele>339.67</ele>
   </trkpt>
   <trkpt lat="38.93918" lon="22.408520000000003">
    <ele>339.73</ele>
   </trkpt>
   <trkpt lat="38.93921" lon="22.408320000000003">
    <ele>339.73</ele>
   </trkpt>
   <trkpt lat="38.939280000000004" lon="22.40808">
    <ele>339.73</ele>
   </trkpt>
   <trkpt lat="38.93943" lon="22.4078">
    <ele>339.78000000000003</ele>
   </trkpt>
   <trkpt lat="38.94004667161743" lon="22.407036679969735">
    <ele>341.06</ele>
   </trkpt>
   <trkpt lat="38.94066333826346" lon="22.40627334666217">
    <ele>344.18</ele>
   </trkpt>
   <trkpt lat="38.941280000000006" lon="22.405510000000003">
    <ele>350.34000000000003</ele>
   </trkpt>
   <trkpt lat="38.941460000000006" lon="22.405350000000002">
    <ele>352.32</ele>
   </trkpt>
   <trkpt lat="38.9416" lon="22.40528">
    <ele>352.32</ele>
   </trkpt>
   <trkpt lat="38.941750000000006" lon="22.405240000000003">
    <ele>352.32</ele>
   </trkpt>
   <trkpt lat="38.94191" lon="22.405240000000003">
    <ele>357.01000000000005</ele>
   </trkpt>
   <trkpt lat="38.942060000000005" lon="22.40529">
    <ele>357.01000000000005</ele>
   </trkpt>
   <trkpt lat="38.94221" lon="22.40537">
    <ele>357.01000000000005</ele>
   </trkpt>
   <trkpt lat="38.94238" lon="22.40555">
    <ele>358.78000000000003</ele>
   </trkpt>
   <trkpt lat="38.94272" lon="22.406000000000002">
    <ele>363.32000000000005</ele>
   </trkpt>
   <trkpt lat="38.94305000000001" lon="22.40631">
    <ele>365.76000000000005</ele>
   </trkpt>
   <trkpt lat="38.943270000000005" lon="22.406440000000003">
    <ele>366.96</ele>
   </trkpt>
   <trkpt lat="38.94351" lon="22.406550000000003">
    <ele>369.11</ele>
   </trkpt>
   <trkpt lat="38.94433" lon="22.406850000000002">
    <ele>373.38000000000005</ele>
   </trkpt>
   <trkpt lat="38.944500000000005" lon="22.40686">
    <ele>374.20000000000005</ele>
   </trkpt>
   <trkpt lat="38.94462" lon="22.406840000000003">
    <ele>375.77000000000004</ele>
   </trkpt>
   <trkpt lat="38.94507" lon="22.4067">
    <ele>377.56</ele>
   </trkpt>
   <trkpt lat="38.945260000000005" lon="22.40671">
    <ele>379.65000000000003</ele>
   </trkpt>
   <trkpt lat="38.94554" lon="22.406830000000003">
    <ele>380.70000000000005</ele>
   </trkpt>
   <trkpt lat="38.945640000000004" lon="22.406940000000002">
    <ele>381.59000000000003</ele>
   </trkpt>
   <trkpt lat="38.945730000000005" lon="22.407120000000003">
    <ele>383.8</ele>
   </trkpt>
   <trkpt lat="38.945910000000005" lon="22.407570000000003">
    <ele>385.82000000000005</ele>
   </trkpt>
   <trkpt lat="38.94606" lon="22.407760000000003">
    <ele>386.81000000000006</ele>
   </trkpt>
   <trkpt lat="38.94623" lon="22.407870000000003">
    <ele>388.49000000000007</ele>
   </trkpt>
   <trkpt lat="38.94633" lon="22.407890000000002">
    <ele>388.49000000000007</ele>
   </trkpt>
   <trkpt lat="38.94648" lon="22.407890000000002">
    <ele>388.93000000000006</ele>
   </trkpt>
   <trkpt lat="38.946600000000004" lon="22.407870000000003">
    <ele>390.08000000000004</ele>
   </trkpt>
   <trkpt lat="38.94671" lon="22.40782">
    <ele>390.08000000000004</ele>
   </trkpt>
   <trkpt lat="38.946810000000006" lon="22.40774">
    <ele>390.91</ele>
   </trkpt>
   <trkpt lat="38.94690000000001" lon="22.40764">
    <ele>391.73</ele>
   </trkpt>
   <trkpt lat="38.94698" lon="22.40752">
    <ele>391.73</ele>
   </trkpt>
   <trkpt lat="38.947070000000004" lon="22.407230000000002">
    <ele>393.73</ele>
   </trkpt>
   <trkpt lat="38.94708" lon="22.40708">
    <ele>393.73</ele>
   </trkpt>
   <trkpt lat="38.947030000000005" lon="22.406190000000002">
    <ele>398.77</ele>
   </trkpt>
   <trkpt lat="38.947030000000005" lon="22.405720000000002">
    <ele>400.35</ele>
   </trkpt>
   <trkpt lat="38.94704" lon="22.405530000000002">
    <ele>401.23</ele>
   </trkpt>
   <trkpt lat="38.94711" lon="22.405250000000002">
    <ele>402.14000000000004</ele>
   </trkpt>
   <trkpt lat="38.94735" lon="22.404470000000003">
    <ele>405.44</ele>
   </trkpt>
   <trkpt lat="38.947390000000006" lon="22.40427">
    <ele>406.31000000000006</ele>
   </trkpt>
   <trkpt lat="38.94745000214762" lon="22.403560000636848">
    <ele>408.95000000000005</ele>
   </trkpt>
   <trkpt lat="38.94751" lon="22.40285">
    <ele>411.49</ele>
   </trkpt>
   <trkpt lat="38.947565003644236" lon="22.401925000820682">
    <ele>414.69000000000005</ele>
   </trkpt>
   <trkpt lat="38.94762" lon="22.401000000000003">
    <ele>419.58</ele>
   </trkpt>
   <trkpt lat="38.947590000000005" lon="22.40058">
    <ele>420.34000000000003</ele>
   </trkpt>
   <trkpt lat="38.94751" lon="22.400080000000003">
    <ele>422.95000000000005</ele>
   </trkpt>
   <trkpt lat="38.947340000000004" lon="22.399330000000003">
    <ele>426.04</ele>
   </trkpt>
   <trkpt lat="38.947320000000005" lon="22.39917">
    <ele>426.81</ele>
   </trkpt>
   <trkpt lat="38.947320000000005" lon="22.399030000000003">
    <ele>427.24</ele>
   </trkpt>
   <trkpt lat="38.94735" lon="22.398780000000002">
    <ele>427.72</ele>
   </trkpt>
   <trkpt lat="38.947500000000005" lon="22.398410000000002">
    <ele>430.96</ele>
   </trkpt>
   <trkpt lat="38.94769" lon="22.39816">
    <ele>431.42</ele>
   </trkpt>
   <trkpt lat="38.94782" lon="22.39806">
    <ele>432.27000000000004</ele>
   </trkpt>
   <trkpt lat="38.94865" lon="22.397730000000003">
    <ele>436.18</ele>
   </trkpt>
   <trkpt lat="38.94886" lon="22.39759">
    <ele>436.84000000000003</ele>
   </trkpt>
   <trkpt lat="38.949070000000006" lon="22.397380000000002">
    <ele>438.22</ele>
   </trkpt>
   <trkpt lat="38.94921" lon="22.39711">
    <ele>439.51</ele>
   </trkpt>
   <trkpt lat="38.94944" lon="22.396310000000003">
    <ele>444.05000000000007</ele>
   </trkpt>
   <trkpt lat="38.94955" lon="22.396030000000003">
    <ele>445.36</ele>
   </trkpt>
   <trkpt lat="38.949690000000004" lon="22.39582">
    <ele>445.91</ele>
   </trkpt>
   <trkpt lat="38.949960000000004" lon="22.39552">
    <ele>449.86</ele>
   </trkpt>
   <trkpt lat="38.95006" lon="22.39536">
    <ele>449.86</ele>
   </trkpt>
   <trkpt lat="38.95015" lon="22.395110000000003">
    <ele>450.91</ele>
   </trkpt>
   <trkpt lat="38.950160000000004" lon="22.394910000000003">
    <ele>451.34000000000003</ele>
   </trkpt>
   <trkpt lat="38.95015" lon="22.39479">
    <ele>451.93000000000006</ele>
   </trkpt>
   <trkpt lat="38.949850000000005" lon="22.39404">
    <ele>456.01</ele>
   </trkpt>
   <trkpt lat="38.949780000000004" lon="22.39363">
    <ele>456.01</ele>
   </trkpt>
   <trkpt lat="38.94979" lon="22.393410000000003">
    <ele>458.15000000000003</ele>
   </trkpt>
   <trkpt lat="38.949830000000006" lon="22.393220000000003">
    <ele>458.15000000000003</ele>
   </trkpt>
   <trkpt lat="38.94991" lon="22.393030000000003">
    <ele>459.5400000000001</ele>
   </trkpt>
   <trkpt lat="38.95002" lon="22.392860000000002">
    <ele>459.5400000000001</ele>
   </trkpt>
   <trkpt lat="38.950445001245825" lon="22.39233500306159">
    <ele>463.32000000000005</ele>
   </trkpt>
   <trkpt lat="38.95087" lon="22.391810000000003">
    <ele>465.81000000000006</ele>
   </trkpt>
   <trkpt lat="38.951080000000005" lon="22.391610000000004">
    <ele>467.95000000000005</ele>
   </trkpt>
   <trkpt lat="38.95134" lon="22.391430000000003">
    <ele>468.33000000000004</ele>
   </trkpt>
   <trkpt lat="38.95156" lon="22.3913">
    <ele>469.03000000000003</ele>
   </trkpt>
   <trkpt lat="38.952040000000004" lon="22.39112">
    <ele>471.75000000000006</ele>
   </trkpt>
   <trkpt lat="38.952310000000004" lon="22.391070000000003">
    <ele>473.23</ele>
   </trkpt>
   <trkpt lat="38.953180000123" lon="22.390945001526347">
    <ele>477.37</ele>
   </trkpt>
   <trkpt lat="38.95405" lon="22.39082">
    <ele>481.42</ele>
   </trkpt>
   <trkpt lat="38.9544" lon="22.39076">
    <ele>483.26</ele>
   </trkpt>
   <trkpt lat="38.954710000000006" lon="22.39063">
    <ele>485.63000000000005</ele>
   </trkpt>
   <trkpt lat="38.95485" lon="22.390530000000002">
    <ele>486.4100000000001</ele>
   </trkpt>
   <trkpt lat="38.954980000000006" lon="22.39038">
    <ele>487.22</ele>
   </trkpt>
   <trkpt lat="38.955090000000006" lon="22.3902">
    <ele>488.64</ele>
   </trkpt>
   <trkpt lat="38.95516000000001" lon="22.390030000000003">
    <ele>489.38000000000005</ele>
   </trkpt>
   <trkpt lat="38.955220000000004" lon="22.38979">
    <ele>489.81</ele>
   </trkpt>
   <trkpt lat="38.955270000000006" lon="22.389400000000002">
    <ele>491.05</ele>
   </trkpt>
   <trkpt lat="38.95524" lon="22.388900000000003">
    <ele>493.70000000000005</ele>
   </trkpt>
   <trkpt lat="38.95515000163391" lon="22.388274998979124">
    <ele>495.2300000000001</ele>
   </trkpt>
   <trkpt lat="38.95506" lon="22.38765">
    <ele>497.52</ele>
   </trkpt>
   <trkpt lat="38.955070000000006" lon="22.38745">
    <ele>499.1</ele>
   </trkpt>
   <trkpt lat="38.955110000000005" lon="22.387230000000002">
    <ele>500.33000000000004</ele>
   </trkpt>
   <trkpt lat="38.95517" lon="22.387020000000003">
    <ele>501.0300000000001</ele>
   </trkpt>
   <trkpt lat="38.955270000000006" lon="22.38681">
    <ele>501.0300000000001</ele>
   </trkpt>
   <trkpt lat="38.955420000000004" lon="22.38661">
    <ele>503.2000000000001</ele>
   </trkpt>
   <trkpt lat="38.955580000000005" lon="22.386480000000002">
    <ele>503.2000000000001</ele>
   </trkpt>
   <trkpt lat="38.95579" lon="22.386370000000003">
    <ele>504.6700000000001</ele>
   </trkpt>
   <trkpt lat="38.955940000000005" lon="22.38634">
    <ele>506.0800000000001</ele>
   </trkpt>
   <trkpt lat="38.956070000000004" lon="22.38635">
    <ele>506.0800000000001</ele>
   </trkpt>
   <trkpt lat="38.95624" lon="22.386390000000002">
    <ele>507.2000000000001</ele>
   </trkpt>
   <trkpt lat="38.95682" lon="22.38661">
    <ele>509.13000000000005</ele>
   </trkpt>
   <trkpt lat="38.956990000000005" lon="22.386660000000003">
    <ele>511.27</ele>
   </trkpt>
   <trkpt lat="38.957170000000005" lon="22.386670000000002">
    <ele>512.6500000000001</ele>
   </trkpt>
   <trkpt lat="38.957280000000004" lon="22.386650000000003">
    <ele>512.6500000000001</ele>
   </trkpt>
   <trkpt lat="38.95752" lon="22.38654">
    <ele>514.3100000000001</ele>
   </trkpt>
   <trkpt lat="38.957980000000006" lon="22.386180000000003">
    <ele>516.2800000000001</ele>
   </trkpt>
   <trkpt lat="38.958070000000006" lon="22.38613">
    <ele>518.2800000000001</ele>
   </trkpt>
   <trkpt lat="38.95826" lon="22.386100000000003">
    <ele>518.2800000000001</ele>
   </trkpt>
   <trkpt lat="38.95835" lon="22.386110000000002">
    <ele>518.75</ele>
   </trkpt>
   <trkpt lat="38.958450000000006" lon="22.38615">
    <ele>520.09</ele>
   </trkpt>
   <trkpt lat="38.95861" lon="22.386270000000003">
    <ele>520.09</ele>
   </trkpt>
   <trkpt lat="38.95868" lon="22.386360000000003">
    <ele>521.07</ele>
   </trkpt>
   <trkpt lat="38.958780000000004" lon="22.386570000000003">
    <ele>522.21</ele>
   </trkpt>
   <trkpt lat="38.95882" lon="22.38679">
    <ele>522.21</ele>
   </trkpt>
   <trkpt lat="38.95879" lon="22.387020000000003">
    <ele>524.84</ele>
   </trkpt>
   <trkpt lat="38.95875" lon="22.387140000000002">
    <ele>524.84</ele>
   </trkpt>
   <trkpt lat="38.958650000000006" lon="22.387300000000003">
    <ele>526.4100000000001</ele>
   </trkpt>
   <trkpt lat="38.95852" lon="22.38744">
    <ele>527.2900000000001</ele>
   </trkpt>
   <trkpt lat="38.958450000000006" lon="22.387480000000004">
    <ele>527.2900000000001</ele>
   </trkpt>
   <trkpt lat="38.958270000000006" lon="22.38753">
    <ele>531.27</ele>
   </trkpt>
   <trkpt lat="38.95816000000001" lon="22.38753">
    <ele>531.27</ele>
   </trkpt>
   <trkpt lat="38.9577" lon="22.38745">
    <ele>533.08</ele>
   </trkpt>
   <trkpt lat="38.957530000000006" lon="22.38745">
    <ele>534.37</ele>
   </trkpt>
   <trkpt lat="38.957350000000005" lon="22.387510000000002">
    <ele>535.37</ele>
   </trkpt>
   <trkpt lat="38.9572" lon="22.387620000000002">
    <ele>536.75</ele>
   </trkpt>
   <trkpt lat="38.95707" lon="22.387860000000003">
    <ele>538.58</ele>
   </trkpt>
   <trkpt lat="38.957040000000006" lon="22.38804">
    <ele>539.08</ele>
   </trkpt>
   <trkpt lat="38.95705" lon="22.3883">
    <ele>540.72</ele>
   </trkpt>
   <trkpt lat="38.95714" lon="22.388720000000003">
    <ele>541.42</ele>
   </trkpt>
   <trkpt lat="38.95718" lon="22.389010000000003">
    <ele>543.48</ele>
   </trkpt>
   <trkpt lat="38.95718" lon="22.38914">
    <ele>543.48</ele>
   </trkpt>
   <trkpt lat="38.95711" lon="22.38943">
    <ele>544.9200000000001</ele>
   </trkpt>
   <trkpt lat="38.956970000000005" lon="22.3897">
    <ele>546.42</ele>
   </trkpt>
   <trkpt lat="38.95666500076335" lon="22.39014500203427">
    <ele>547.4300000000001</ele>
   </trkpt>
   <trkpt lat="38.956360000000004" lon="22.390590000000003">
    <ele>548.7500000000001</ele>
   </trkpt>
   <trkpt lat="38.95617" lon="22.390960000000003">
    <ele>549.1</ele>
   </trkpt>
   <trkpt lat="38.95609" lon="22.391180000000002">
    <ele>549.1</ele>
   </trkpt>
   <trkpt lat="38.95602" lon="22.39149">
    <ele>549.74</ele>
   </trkpt>
   <trkpt lat="38.955980000000004" lon="22.39177">
    <ele>549.74</ele>
   </trkpt>
   <trkpt lat="38.95597" lon="22.39197">
    <ele>550.0200000000001</ele>
   </trkpt>
   <trkpt lat="38.95599" lon="22.392190000000003">
    <ele>550.62</ele>
   </trkpt>
   <trkpt lat="38.956030000000005" lon="22.392370000000003">
    <ele>550.62</ele>
   </trkpt>
   <trkpt lat="38.95609" lon="22.39252">
    <ele>550.97</ele>
   </trkpt>
   <trkpt lat="38.95617" lon="22.392650000000003">
    <ele>551.15</ele>
   </trkpt>
   <trkpt lat="38.95637" lon="22.392850000000003">
    <ele>551.47</ele>
   </trkpt>
   <trkpt lat="38.95664" lon="22.393050000000002">
    <ele>552.47</ele>
   </trkpt>
   <trkpt lat="38.956770000000006" lon="22.393120000000003">
    <ele>552.6300000000001</ele>
   </trkpt>
   <trkpt lat="38.95721" lon="22.39328">
    <ele>553.5300000000001</ele>
   </trkpt>
   <trkpt lat="38.957530000000006" lon="22.393300000000004">
    <ele>554.08</ele>
   </trkpt>
   <trkpt lat="38.95767" lon="22.39326">
    <ele>554.79</ele>
   </trkpt>
   <trkpt lat="38.957910000000005" lon="22.393140000000002">
    <ele>555.39</ele>
   </trkpt>
   <trkpt lat="38.95805" lon="22.393040000000003">
    <ele>555.39</ele>
   </trkpt>
   <trkpt lat="38.95819" lon="22.39291">
    <ele>558.69</ele>
   </trkpt>
   <trkpt lat="38.95839" lon="22.39263">
    <ele>558.69</ele>
   </trkpt>
   <trkpt lat="38.95853" lon="22.392280000000003">
    <ele>560.18</ele>
   </trkpt>
   <trkpt lat="38.95884" lon="22.39132">
    <ele>565.08</ele>
   </trkpt>
   <trkpt lat="38.959" lon="22.39123">
    <ele>566.0</ele>
   </trkpt>
   <trkpt lat="38.95909" lon="22.391150000000003">
    <ele>568.23</ele>
   </trkpt>
   <trkpt lat="38.95929" lon="22.39064">
    <ele>572.38</ele>
   </trkpt>
   <trkpt lat="38.95937" lon="22.390520000000002">
    <ele>573.97</ele>
   </trkpt>
   <trkpt lat="38.95956" lon="22.390330000000002">
    <ele>575.83</ele>
   </trkpt>
   <trkpt lat="38.95962" lon="22.390210000000003">
    <ele>576.3900000000001</ele>
   </trkpt>
   <trkpt lat="38.959700000000005" lon="22.389920000000004">
    <ele>576.2900000000001</ele>
   </trkpt>
   <trkpt lat="38.96051500033617" lon="22.38965000309736">
    <ele>581.85</ele>
   </trkpt>
   <trkpt lat="38.961330000000004" lon="22.389380000000003">
    <ele>587.5400000000001</ele>
   </trkpt>
   <trkpt lat="38.96153" lon="22.389280000000003">
    <ele>588.4</ele>
   </trkpt>
   <trkpt lat="38.96175" lon="22.389100000000003">
    <ele>588.4</ele>
   </trkpt>
   <trkpt lat="38.96226" lon="22.388550000000002">
    <ele>593.8800000000001</ele>
   </trkpt>
   <trkpt lat="38.962500000000006" lon="22.38841">
    <ele>595.8100000000001</ele>
   </trkpt>
   <trkpt lat="38.9626" lon="22.388370000000002">
    <ele>595.8100000000001</ele>
   </trkpt>
   <trkpt lat="38.96282" lon="22.388330000000003">
    <ele>596.82</ele>
   </trkpt>
   <trkpt lat="38.962970000000006" lon="22.388330000000003">
    <ele>596.82</ele>
   </trkpt>
   <trkpt lat="38.96381" lon="22.388550000000002">
    <ele>602.2</ele>
   </trkpt>
   <trkpt lat="38.964180000000006" lon="22.388550000000002">
    <ele>603.94</ele>
   </trkpt>
   <trkpt lat="38.96439" lon="22.388520000000003">
    <ele>604.87</ele>
   </trkpt>
   <trkpt lat="38.9651900003209" lon="22.388270002806223">
    <ele>608.1</ele>
   </trkpt>
   <trkpt lat="38.965990000000005" lon="22.38802">
    <ele>610.9100000000001</ele>
   </trkpt>
   <trkpt lat="38.966260000000005" lon="22.387880000000003">
    <ele>612.2700000000001</ele>
   </trkpt>
   <trkpt lat="38.96643" lon="22.38773">
    <ele>613.5500000000001</ele>
   </trkpt>
   <trkpt lat="38.96703" lon="22.387040000000002">
    <ele>617.9499999999999</ele>
   </trkpt>
   <trkpt lat="38.96726" lon="22.386860000000002">
    <ele>618.5</ele>
   </trkpt>
   <trkpt lat="38.967560000000006" lon="22.386750000000003">
    <ele>623.09</ele>
   </trkpt>
   <trkpt lat="38.9677" lon="22.386730000000004">
    <ele>623.09</ele>
   </trkpt>
   <trkpt lat="38.96797" lon="22.386770000000002">
    <ele>624.9</ele>
   </trkpt>
   <trkpt lat="38.96857" lon="22.38698">
    <ele>628.2800000000001</ele>
   </trkpt>
   <trkpt lat="38.968770000000006" lon="22.38701">
    <ele>629.61</ele>
   </trkpt>
   <trkpt lat="38.96894" lon="22.387">
    <ele>630.17</ele>
   </trkpt>
   <trkpt lat="38.96907" lon="22.386960000000002">
    <ele>630.17</ele>
   </trkpt>
   <trkpt lat="38.96934" lon="22.386830000000003">
    <ele>633.8900000000001</ele>
   </trkpt>
   <trkpt lat="38.969480000000004" lon="22.38671">
    <ele>633.8900000000001</ele>
   </trkpt>
   <trkpt lat="38.96961" lon="22.386560000000003">
    <ele>635.8000000000001</ele>
   </trkpt>
   <trkpt lat="38.969730000000006" lon="22.386370000000003">
    <ele>635.8000000000001</ele>
   </trkpt>
   <trkpt lat="38.96981" lon="22.386190000000003">
    <ele>638.45</ele>
   </trkpt>
   <trkpt lat="38.970090000000006" lon="22.385230000000004">
    <ele>642.15</ele>
   </trkpt>
   <trkpt lat="38.970180000000006" lon="22.38503">
    <ele>643.9800000000001</ele>
   </trkpt>
   <trkpt lat="38.970290000000006" lon="22.38485">
    <ele>645.37</ele>
   </trkpt>
   <trkpt lat="38.97044" lon="22.38466">
    <ele>646.5500000000001</ele>
   </trkpt>
   <trkpt lat="38.970600000000005" lon="22.384520000000002">
    <ele>646.5500000000001</ele>
   </trkpt>
   <trkpt lat="38.97077" lon="22.384410000000003">
    <ele>648.5200000000001</ele>
   </trkpt>
   <trkpt lat="38.970960000000005" lon="22.384330000000002">
    <ele>649.97</ele>
   </trkpt>
   <trkpt lat="38.97129" lon="22.38426">
    <ele>652.7400000000001</ele>
   </trkpt>
   <trkpt lat="38.97146" lon="22.38428">
    <ele>653.6500000000001</ele>
   </trkpt>
   <trkpt lat="38.97177000000001" lon="22.38435">
    <ele>654.7900000000001</ele>
   </trkpt>
   <trkpt lat="38.97243" lon="22.38455">
    <ele>657.94</ele>
   </trkpt>
   <trkpt lat="38.97261" lon="22.38457">
    <ele>661.46</ele>
   </trkpt>
   <trkpt lat="38.97281" lon="22.38455">
    <ele>661.46</ele>
   </trkpt>
   <trkpt lat="38.973110000000005" lon="22.38445">
    <ele>664.7400000000001</ele>
   </trkpt>
   <trkpt lat="38.97332" lon="22.384330000000002">
    <ele>664.7400000000001</ele>
   </trkpt>
   <trkpt lat="38.973530000000004" lon="22.384110000000003">
    <ele>666.4000000000001</ele>
   </trkpt>
   <trkpt lat="38.97375" lon="22.3838">
    <ele>668.86</ele>
   </trkpt>
   <trkpt lat="38.97384" lon="22.38359">
    <ele>669.46</ele>
   </trkpt>
   <trkpt lat="38.97393" lon="22.383280000000003">
    <ele>670.5500000000001</ele>
   </trkpt>
   <trkpt lat="38.973980000000005" lon="22.382920000000002">
    <ele>672.9900000000001</ele>
   </trkpt>
   <trkpt lat="38.97402" lon="22.382050000000003">
    <ele>674.5600000000001</ele>
   </trkpt>
   <trkpt lat="38.974050000000005" lon="22.38191">
    <ele>675.4100000000001</ele>
   </trkpt>
   <trkpt lat="38.97411" lon="22.381760000000003">
    <ele>675.8700000000001</ele>
   </trkpt>
   <trkpt lat="38.974230000000006" lon="22.381600000000002">
    <ele>677.13</ele>
   </trkpt>
   <trkpt lat="38.97439" lon="22.38147">
    <ele>677.13</ele>
   </trkpt>
   <trkpt lat="38.97449" lon="22.381410000000002">
    <ele>678.45</ele>
   </trkpt>
   <trkpt lat="38.974590000000006" lon="22.381390000000003">
    <ele>678.45</ele>
   </trkpt>
   <trkpt lat="38.9748" lon="22.38143">
    <ele>679.2600000000001</ele>
   </trkpt>
   <trkpt lat="38.975250000183735" lon="22.38164499862734">
    <ele>681.49</ele>
   </trkpt>
   <trkpt lat="38.9757" lon="22.381860000000003">
    <ele>684.2800000000001</ele>
   </trkpt>
   <trkpt lat="38.9759" lon="22.38193">
    <ele>684.2800000000001</ele>
   </trkpt>
   <trkpt lat="38.97619" lon="22.381990000000002">
    <ele>686.59</ele>
   </trkpt>
   <trkpt lat="38.976350000000004" lon="22.382">
    <ele>687.01</ele>
   </trkpt>
   <trkpt lat="38.97654" lon="22.381960000000003">
    <ele>688.15</ele>
   </trkpt>
   <trkpt lat="38.976940000000006" lon="22.38175">
    <ele>690.08</ele>
   </trkpt>
   <trkpt lat="38.977030000000006" lon="22.381670000000003">
    <ele>690.08</ele>
   </trkpt>
   <trkpt lat="38.97724" lon="22.381400000000003">
    <ele>692.24</ele>
   </trkpt>
   <trkpt lat="38.977360000000004" lon="22.38119">
    <ele>692.76</ele>
   </trkpt>
   <trkpt lat="38.97746" lon="22.38096">
    <ele>693.7500000000001</ele>
   </trkpt>
   <trkpt lat="38.97767" lon="22.380270000000003">
    <ele>696.2700000000001</ele>
   </trkpt>
   <trkpt lat="38.97775" lon="22.380100000000002">
    <ele>696.2700000000001</ele>
   </trkpt>
   <trkpt lat="38.97784" lon="22.37997">
    <ele>696.2700000000001</ele>
   </trkpt>
   <trkpt lat="38.97807" lon="22.379790000000003">
    <ele>697.8700000000001</ele>
   </trkpt>
   <trkpt lat="38.97824000000001" lon="22.379720000000002">
    <ele>698.97</ele>
   </trkpt>
   <trkpt lat="38.978779999996114" lon="22.379595000969616">
    <ele>701.5400000000001</ele>
   </trkpt>
   <trkpt lat="38.97932" lon="22.37947">
    <ele>703.7800000000001</ele>
   </trkpt>
   <trkpt lat="38.979510000000005" lon="22.37947">
    <ele>704.76</ele>
   </trkpt>
   <trkpt lat="38.979670000000006" lon="22.379520000000003">
    <ele>704.76</ele>
   </trkpt>
   <trkpt lat="38.979820000000004" lon="22.37959">
    <ele>705.33</ele>
   </trkpt>
   <trkpt lat="38.979960000000005" lon="22.379700000000003">
    <ele>706.55</ele>
   </trkpt>
   <trkpt lat="38.980360000000005" lon="22.380100000000002">
    <ele>709.49</ele>
   </trkpt>
   <trkpt lat="38.980520000000006" lon="22.38023">
    <ele>709.49</ele>
   </trkpt>
   <trkpt lat="38.980650000000004" lon="22.380300000000002">
    <ele>711.2</ele>
   </trkpt>
   <trkpt lat="38.98077" lon="22.38034">
    <ele>711.2</ele>
   </trkpt>
   <trkpt lat="38.98105" lon="22.380360000000003">
    <ele>712.45</ele>
   </trkpt>
   <trkpt lat="38.98124" lon="22.38031">
    <ele>712.8500000000001</ele>
   </trkpt>
   <trkpt lat="38.981730000000006" lon="22.38013">
    <ele>715.4</ele>
   </trkpt>
   <trkpt lat="38.981970000000004" lon="22.380000000000003">
    <ele>717.6300000000001</ele>
   </trkpt>
   <trkpt lat="38.98212" lon="22.379880000000004">
    <ele>717.6300000000001</ele>
   </trkpt>
   <trkpt lat="38.982580000000006" lon="22.379330000000003">
    <ele>722.6</ele>
   </trkpt>
   <trkpt lat="38.98283" lon="22.379170000000002">
    <ele>724.25</ele>
   </trkpt>
   <trkpt lat="38.9831" lon="22.3791">
    <ele>726.87</ele>
   </trkpt>
   <trkpt lat="38.98326" lon="22.379080000000002">
    <ele>726.87</ele>
   </trkpt>
   <trkpt lat="38.983410000000006" lon="22.37909">
    <ele>728.07</ele>
   </trkpt>
   <trkpt lat="38.98357" lon="22.379130000000004">
    <ele>729.94</ele>
   </trkpt>
   <trkpt lat="38.983880000000006" lon="22.37929">
    <ele>732.8100000000001</ele>
   </trkpt>
   <trkpt lat="38.98429" lon="22.37959">
    <ele>733.72</ele>
   </trkpt>
   <trkpt lat="38.98449" lon="22.37969">
    <ele>736.23</ele>
   </trkpt>
   <trkpt lat="38.98465" lon="22.379730000000002">
    <ele>736.23</ele>
   </trkpt>
   <trkpt lat="38.98500000000001" lon="22.379730000000002">
    <ele>740.2200000000001</ele>
   </trkpt>
   <trkpt lat="38.98527" lon="22.379620000000003">
    <ele>740.2200000000001</ele>
   </trkpt>
   <trkpt lat="38.985420000000005" lon="22.379520000000003">
    <ele>743.71</ele>
   </trkpt>
   <trkpt lat="38.98603000123422" lon="22.378980004662246">
    <ele>745.6400000000001</ele>
   </trkpt>
   <trkpt lat="38.98664" lon="22.37844">
    <ele>751.3700000000001</ele>
   </trkpt>
   <trkpt lat="38.9872" lon="22.377850000000002">
    <ele>756.1300000000001</ele>
   </trkpt>
   <trkpt lat="38.98749" lon="22.37749">
    <ele>758.7600000000001</ele>
   </trkpt>
   <trkpt lat="38.98778" lon="22.37695">
    <ele>762.2</ele>
   </trkpt>
   <trkpt lat="38.988020000000006" lon="22.376330000000003">
    <ele>764.32</ele>
   </trkpt>
   <trkpt lat="38.9882866712689" lon="22.375596672158593">
    <ele>764.5200000000001</ele>
   </trkpt>
   <trkpt lat="38.98855333794778" lon="22.374863338791734">
    <ele>763.63</ele>
   </trkpt>
   <trkpt lat="38.988820000000004" lon="22.37413">
    <ele>761.2700000000001</ele>
   </trkpt>
   <trkpt lat="38.988960000000006" lon="22.373810000000002">
    <ele>759.35</ele>
   </trkpt>
   <trkpt lat="38.98917" lon="22.373420000000003">
    <ele>756.56</ele>
   </trkpt>
   <trkpt lat="38.98937" lon="22.373150000000003">
    <ele>754.0300000000001</ele>
   </trkpt>
   <trkpt lat="38.98957" lon="22.372970000000002">
    <ele>753.08</ele>
   </trkpt>
   <trkpt lat="38.98977" lon="22.37283">
    <ele>751.0500000000001</ele>
   </trkpt>
   <trkpt lat="38.99011" lon="22.372690000000002">
    <ele>748.57</ele>
   </trkpt>
   <trkpt lat="38.990410000000004" lon="22.37263">
    <ele>747.33</ele>
   </trkpt>
   <trkpt lat="38.99076" lon="22.37264">
    <ele>744.6400000000001</ele>
   </trkpt>
   <trkpt lat="38.99109" lon="22.372680000000003">
    <ele>742.29</ele>
   </trkpt>
   <trkpt lat="38.99161500010751" lon="22.372814999006238">
    <ele>737.41</ele>
   </trkpt>
   <trkpt lat="38.992140000000006" lon="22.372950000000003">
    <ele>733.1700000000001</ele>
   </trkpt>
   <trkpt lat="38.992450000000005" lon="22.372960000000003">
    <ele>731.9300000000001</ele>
   </trkpt>
   <trkpt lat="38.99271" lon="22.3729">
    <ele>729.3000000000001</ele>
   </trkpt>
   <trkpt lat="38.992960000000004" lon="22.37274">
    <ele>728.45</ele>
   </trkpt>
   <trkpt lat="38.99309" lon="22.37262">
    <ele>727.4200000000001</ele>
   </trkpt>
   <trkpt lat="38.993590000000005" lon="22.37208">
    <ele>723.1800000000001</ele>
   </trkpt>
   <trkpt lat="38.99378" lon="22.371920000000003">
    <ele>722.31</ele>
   </trkpt>
   <trkpt lat="38.99394" lon="22.371850000000002">
    <ele>720.7900000000001</ele>
   </trkpt>
   <trkpt lat="38.994130000000006" lon="22.3718">
    <ele>719.83</ele>
   </trkpt>
   <trkpt lat="38.994888000061074" lon="22.371736002742853">
    <ele>715.65</ele>
   </trkpt>
   <trkpt lat="38.99564600008719" lon="22.371672004114718">
    <ele>708.35</ele>
   </trkpt>
   <trkpt lat="38.996404000078336" lon="22.371608004115533">
    <ele>703.62</ele>
   </trkpt>
   <trkpt lat="38.997162000034514" lon="22.371544002745228">
    <ele>699.4800000000001</ele>
   </trkpt>
   <trkpt lat="38.99792" lon="22.371480000000002">
    <ele>695.7</ele>
   </trkpt>
   <trkpt lat="38.99833" lon="22.37143">
    <ele>693.5300000000001</ele>
   </trkpt>
   <trkpt lat="38.998560000000005" lon="22.371380000000002">
    <ele>688.7700000000001</ele>
   </trkpt>
   <trkpt lat="38.998780000000004" lon="22.37121">
    <ele>688.7700000000001</ele>
   </trkpt>
   <trkpt lat="38.99886" lon="22.37113">
    <ele>688.7700000000001</ele>
   </trkpt>
   <trkpt lat="38.99897" lon="22.370980000000003">
    <ele>685.6000000000001</ele>
   </trkpt>
   <trkpt lat="38.999050000000004" lon="22.370800000000003">
    <ele>685.6000000000001</ele>
   </trkpt>
   <trkpt lat="38.999100000000006" lon="22.37064">
    <ele>684.7</ele>
   </trkpt>
   <trkpt lat="38.99913" lon="22.37049">
    <ele>684.7</ele>
   </trkpt>
   <trkpt lat="38.9991400018052" lon="22.369839999961766">
    <ele>681.45</ele>
   </trkpt>
   <trkpt lat="38.99915" lon="22.369190000000003">
    <ele>676.9300000000001</ele>
   </trkpt>
   <trkpt lat="38.999210000000005" lon="22.368910000000003">
    <ele>676.03</ele>
   </trkpt>
   <trkpt lat="38.99926000000001" lon="22.36876">
    <ele>675.2800000000001</ele>
   </trkpt>
   <trkpt lat="38.99938" lon="22.368540000000003">
    <ele>673.94</ele>
   </trkpt>
   <trkpt lat="38.999570000000006" lon="22.368290000000002">
    <ele>672.0200000000001</ele>
   </trkpt>
   <trkpt lat="38.99974" lon="22.368170000000003">
    <ele>672.0200000000001</ele>
   </trkpt>
   <trkpt lat="38.999930000000006" lon="22.368100000000002">
    <ele>670.12</ele>
   </trkpt>
   <trkpt lat="39.00003" lon="22.368080000000003">
    <ele>670.12</ele>
   </trkpt>
   <trkpt lat="39.0003" lon="22.36814">
    <ele>668.0600000000001</ele>
   </trkpt>
   <trkpt lat="39.000460000000004" lon="22.36823">
    <ele>666.98</ele>
   </trkpt>
   <trkpt lat="39.000640000000004" lon="22.3684">
    <ele>664.5000000000001</ele>
   </trkpt>
   <trkpt lat="39.00076" lon="22.36859">
    <ele>663.91</ele>
   </trkpt>
   <trkpt lat="39.00081" lon="22.3687">
    <ele>663.91</ele>
   </trkpt>
   <trkpt lat="39.000870000000006" lon="22.368940000000002">
    <ele>661.36</ele>
   </trkpt>
   <trkpt lat="39.000990009921786" lon="22.369819995569003">
    <ele>656.83</ele>
   </trkpt>
   <trkpt lat="39.00111001323332" lon="22.370699994123235">
    <ele>652.2800000000001</ele>
   </trkpt>
   <trkpt lat="39.00123000993457" lon="22.371579995662564">
    <ele>648.14</ele>
   </trkpt>
   <trkpt lat="39.00135" lon="22.37246">
    <ele>643.48</ele>
   </trkpt>
   <trkpt lat="39.00142" lon="22.37274">
    <ele>642.8600000000001</ele>
   </trkpt>
   <trkpt lat="39.001490000000004" lon="22.37293">
    <ele>642.8600000000001</ele>
   </trkpt>
   <trkpt lat="39.00169" lon="22.373330000000003">
    <ele>638.38</ele>
   </trkpt>
   <trkpt lat="39.00207" lon="22.37374">
    <ele>635.88</ele>
   </trkpt>
   <trkpt lat="39.002320000000005" lon="22.37394">
    <ele>634.83</ele>
   </trkpt>
   <trkpt lat="39.00282" lon="22.37421">
    <ele>633.19</ele>
   </trkpt>
   <trkpt lat="39.00358500051699" lon="22.374574996028468">
    <ele>631.85</ele>
   </trkpt>
   <trkpt lat="39.00435" lon="22.374940000000002">
    <ele>630.75</ele>
   </trkpt>
   <trkpt lat="39.00453" lon="22.37499">
    <ele>630.62</ele>
   </trkpt>
   <trkpt lat="39.00526" lon="22.375020000000003">
    <ele>629.8100000000001</ele>
   </trkpt>
   <trkpt lat="39.005790000000005" lon="22.37507">
    <ele>629.1300000000001</ele>
   </trkpt>
   <trkpt lat="39.005970000000005" lon="22.375120000000003">
    <ele>629.1300000000001</ele>
   </trkpt>
   <trkpt lat="39.00662250124901" lon="22.375432491351525">
    <ele>627.59</ele>
   </trkpt>
   <trkpt lat="39.00727500166442" lon="22.375744988468092">
    <ele>626.32</ele>
   </trkpt>
   <trkpt lat="39.0079275012462" lon="22.37605749134993">
    <ele>625.3000000000001</ele>
   </trkpt>
   <trkpt lat="39.00858" lon="22.37637">
    <ele>624.61</ele>
   </trkpt>
   <trkpt lat="39.00909" lon="22.37658">
    <ele>623.47</ele>
   </trkpt>
   <trkpt lat="39.009840000000004" lon="22.376810000000003">
    <ele>618.19</ele>
   </trkpt>
   <trkpt lat="39.010453333802104" lon="22.377036662746622">
    <ele>612.89</ele>
   </trkpt>
   <trkpt lat="39.01106666716562" lon="22.377263329424395">
    <ele>609.38</ele>
   </trkpt>
   <trkpt lat="39.011680000000005" lon="22.37749">
    <ele>605.6</ele>
   </trkpt>
   <trkpt lat="39.01198" lon="22.377560000000003">
    <ele>602.75</ele>
   </trkpt>
   <trkpt lat="39.01254" lon="22.37761">
    <ele>598.0000000000001</ele>
   </trkpt>
   <trkpt lat="39.01314" lon="22.37759">
    <ele>594.5</ele>
   </trkpt>
   <trkpt lat="39.01348" lon="22.37751">
    <ele>593.2700000000001</ele>
   </trkpt>
   <trkpt lat="39.01425666748157" lon="22.37720667331795">
    <ele>588.95</ele>
   </trkpt>
   <trkpt lat="39.01503333417765" lon="22.376903339973236">
    <ele>588.0000000000001</ele>
   </trkpt>
   <trkpt lat="39.01581" lon="22.376600000000003">
    <ele>588.75</ele>
   </trkpt>
   <trkpt lat="39.01625000000001" lon="22.37649">
    <ele>589.7800000000001</ele>
   </trkpt>
   <trkpt lat="39.016670000000005" lon="22.376420000000003">
    <ele>590.1</ele>
   </trkpt>
   <trkpt lat="39.01745999991047" lon="22.37639000033872">
    <ele>591.37</ele>
   </trkpt>
   <trkpt lat="39.01825" lon="22.376360000000002">
    <ele>591.0000000000001</ele>
   </trkpt>
   <trkpt lat="39.01865" lon="22.3763">
    <ele>590.49</ele>
   </trkpt>
   <trkpt lat="39.01903" lon="22.37618">
    <ele>589.55</ele>
   </trkpt>
   <trkpt lat="39.01926" lon="22.37608">
    <ele>588.6800000000001</ele>
   </trkpt>
   <trkpt lat="39.0195" lon="22.375950000000003">
    <ele>588.6800000000001</ele>
   </trkpt>
   <trkpt lat="39.02020750295714" lon="22.375467514501146">
    <ele>586.31</ele>
   </trkpt>
   <trkpt lat="39.020915003926845" lon="22.37498501934609">
    <ele>584.37</ele>
   </trkpt>
   <trkpt lat="39.02162250290901" lon="22.37450251453444">
    <ele>583.22</ele>
   </trkpt>
   <trkpt lat="39.022330000000004" lon="22.37402">
    <ele>581.37</ele>
   </trkpt>
   <trkpt lat="39.02295" lon="22.37358">
    <ele>579.3600000000001</ele>
   </trkpt>
   <trkpt lat="39.02331" lon="22.37327">
    <ele>577.07</ele>
   </trkpt>
   <trkpt lat="39.02378" lon="22.37272">
    <ele>573.98</ele>
   </trkpt>
   <trkpt lat="39.023990000000005" lon="22.37244">
    <ele>570.09</ele>
   </trkpt>
   <trkpt lat="39.02434" lon="22.37188">
    <ele>568.09</ele>
   </trkpt>
   <trkpt lat="39.02458" lon="22.37133">
    <ele>565.21</ele>
   </trkpt>
   <trkpt lat="39.0249" lon="22.370520000000003">
    <ele>562.69</ele>
   </trkpt>
   <trkpt lat="39.02516000000001" lon="22.369950000000003">
    <ele>558.98</ele>
   </trkpt>
   <trkpt lat="39.02537" lon="22.369570000000003">
    <ele>556.8000000000001</ele>
   </trkpt>
   <trkpt lat="39.025650000000006" lon="22.36914">
    <ele>554.5300000000001</ele>
   </trkpt>
   <trkpt lat="39.02610000000001" lon="22.36861">
    <ele>551.07</ele>
   </trkpt>
   <trkpt lat="39.0264" lon="22.368340000000003">
    <ele>550.12</ele>
   </trkpt>
   <trkpt lat="39.02678" lon="22.368090000000002">
    <ele>546.72</ele>
   </trkpt>
   <trkpt lat="39.02734" lon="22.36783">
    <ele>543.4</ele>
   </trkpt>
   <trkpt lat="39.02767" lon="22.36775">
    <ele>542.0</ele>
   </trkpt>
   <trkpt lat="39.02841" lon="22.367410000000003">
    <ele>537.84</ele>
   </trkpt>
   <trkpt lat="39.0287" lon="22.367250000000002">
    <ele>536.59</ele>
   </trkpt>
   <trkpt lat="39.028940000000006" lon="22.36709">
    <ele>535.13</ele>
   </trkpt>
   <trkpt lat="39.029270000000004" lon="22.366780000000002">
    <ele>533.6200000000001</ele>
   </trkpt>
   <trkpt lat="39.02975" lon="22.36624">
    <ele>530.36</ele>
   </trkpt>
   <trkpt lat="39.02993" lon="22.365990000000004">
    <ele>529.5600000000001</ele>
   </trkpt>
   <trkpt lat="39.030260000000006" lon="22.36561">
    <ele>528.48</ele>
   </trkpt>
   <trkpt lat="39.030810001526355" lon="22.365010004680578">
    <ele>526.58</ele>
   </trkpt>
   <trkpt lat="39.03136000000001" lon="22.364410000000003">
    <ele>525.05</ele>
   </trkpt>
   <trkpt lat="39.03204638712676" lon="22.363668253866265">
    <ele>522.95</ele>
   </trkpt>
   <trkpt lat="39.03273276955594" lon="22.362926493324643">
    <ele>521.5600000000001</ele>
   </trkpt>
   <trkpt lat="39.03341914728733" lon="22.362184718374593">
    <ele>520.11</ele>
   </trkpt>
   <trkpt lat="39.03410552032075" lon="22.361442929015592">
    <ele>518.9200000000001</ele>
   </trkpt>
   <trkpt lat="39.03479188865595" lon="22.360701125247093">
    <ele>517.37</ele>
   </trkpt>
   <trkpt lat="39.03547825229277" lon="22.359959307068575">
    <ele>515.95</ele>
   </trkpt>
   <trkpt lat="39.03616461123097" lon="22.359217474479493">
    <ele>514.0</ele>
   </trkpt>
   <trkpt lat="39.03685096547038" lon="22.358475627479322">
    <ele>512.8900000000001</ele>
   </trkpt>
   <trkpt lat="39.03753731501075" lon="22.357733766067525">
    <ele>511.9600000000001</ele>
   </trkpt>
   <trkpt lat="39.038223659851894" lon="22.356991890243567">
    <ele>510.77000000000004</ele>
   </trkpt>
   <trkpt lat="39.03891" lon="22.356250000000003">
    <ele>509.55000000000007</ele>
   </trkpt>
   <trkpt lat="39.039508342722215" lon="22.35558669475804">
    <ele>508.56</ele>
   </trkpt>
   <trkpt lat="39.04010668168767" lon="22.35492337828155">
    <ele>507.4200000000001</ele>
   </trkpt>
   <trkpt lat="39.040705016896226" lon="22.354260050570186">
    <ele>506.53000000000003</ele>
   </trkpt>
   <trkpt lat="39.041303348347746" lon="22.35359671162358">
    <ele>505.24</ele>
   </trkpt>
   <trkpt lat="39.041901676042066" lon="22.352933361441373">
    <ele>504.4700000000001</ele>
   </trkpt>
   <trkpt lat="39.042500000000004" lon="22.35227">
    <ele>503.4200000000001</ele>
   </trkpt>
   <trkpt lat="39.04314000194883" lon="22.351590006187234">
    <ele>502.4200000000001</ele>
   </trkpt>
   <trkpt lat="39.043780000000005" lon="22.350910000000002">
    <ele>500.94000000000005</ele>
   </trkpt>
   <trkpt lat="39.04443750663" lon="22.35019002011494">
    <ele>499.8</ele>
   </trkpt>
   <trkpt lat="39.04509500883366" lon="22.3494700268273">
    <ele>497.77000000000004</ele>
   </trkpt>
   <trkpt lat="39.045752506610825" lon="22.348750020136613">
    <ele>496.75</ele>
   </trkpt>
   <trkpt lat="39.04641" lon="22.34803">
    <ele>495.13</ele>
   </trkpt>
   <trkpt lat="39.047040002016956" lon="22.34735500594353">
    <ele>494.26000000000005</ele>
   </trkpt>
   <trkpt lat="39.047670000000004" lon="22.346680000000003">
    <ele>493.31</ele>
   </trkpt>
   <trkpt lat="39.04809" lon="22.346200000000003">
    <ele>492.74000000000007</ele>
   </trkpt>
   <trkpt lat="39.04870126341657" lon="22.345530040588">
    <ele>491.96000000000004</ele>
   </trkpt>
   <trkpt lat="39.04931252300034" lon="22.344860069579923">
    <ele>490.97</ele>
   </trkpt>
   <trkpt lat="39.04992377875121" lon="22.344190086975413">
    <ele>490.1</ele>
   </trkpt>
   <trkpt lat="39.050535030668996" lon="22.343520092774074">
    <ele>489.14</ele>
   </trkpt>
   <trkpt lat="39.05114627875357" lon="22.342850086975538">
    <ele>488.25</ele>
   </trkpt>
   <trkpt lat="39.05175752300479" lon="22.34218006957941">
    <ele>486.92</ele>
   </trkpt>
   <trkpt lat="39.05236876342248" lon="22.34151004058532">
    <ele>486.45000000000005</ele>
   </trkpt>
   <trkpt lat="39.052980000000005" lon="22.340840000000004">
    <ele>485.34000000000003</ele>
   </trkpt>
   <trkpt lat="39.05357000216639" lon="22.34012500599343">
    <ele>484.64</ele>
   </trkpt>
   <trkpt lat="39.05416" lon="22.33941">
    <ele>482.07000000000005</ele>
   </trkpt>
   <trkpt lat="39.0544" lon="22.339180000000002">
    <ele>481.64</ele>
   </trkpt>
   <trkpt lat="39.054790000000004" lon="22.338710000000003">
    <ele>481.31</ele>
   </trkpt>
   <trkpt lat="39.054990000000004" lon="22.33837">
    <ele>481.16</ele>
   </trkpt>
   <trkpt lat="39.05516" lon="22.338230000000003">
    <ele>480.81</ele>
   </trkpt>
   <trkpt lat="39.05528" lon="22.33821">
    <ele>480.35</ele>
   </trkpt>
   <trkpt lat="39.055330000000005" lon="22.338160000000002">
    <ele>480.35</ele>
   </trkpt>
   <trkpt lat="39.05539" lon="22.33802">
    <ele>479.86000000000007</ele>
   </trkpt>
   <trkpt lat="39.05543" lon="22.33771">
    <ele>479.62000000000006</ele>
   </trkpt>
   <trkpt lat="39.05554" lon="22.33753">
    <ele>479.41</ele>
   </trkpt>
   <trkpt lat="39.05601" lon="22.33688">
    <ele>481.90000000000003</ele>
   </trkpt>
   <trkpt lat="39.05615" lon="22.336650000000002">
    <ele>481.69000000000005</ele>
   </trkpt>
   <trkpt lat="39.05668" lon="22.335980000000003">
    <ele>480.96000000000004</ele>
   </trkpt>
   <trkpt lat="39.05703000116252" lon="22.335485002289083">
    <ele>480.73</ele>
   </trkpt>
   <trkpt lat="39.05738" lon="22.33499">
    <ele>480.37</ele>
   </trkpt>
   <trkpt lat="39.05783333649578" lon="22.334380007853245">
    <ele>479.88</ele>
   </trkpt>
   <trkpt lat="39.058286669814024" lon="22.33377000787366">
    <ele>479.44</ele>
   </trkpt>
   <trkpt lat="39.05874" lon="22.333160000000003">
    <ele>478.23</ele>
   </trkpt>
   <trkpt lat="39.058930000000004" lon="22.33294">
    <ele>478.23</ele>
   </trkpt>
   <trkpt lat="39.059360000000005" lon="22.332500000000003">
    <ele>477.76</ele>
   </trkpt>
   <trkpt lat="39.05996400564807" lon="22.33192401972825">
    <ele>477.15000000000003</ele>
   </trkpt>
   <trkpt lat="39.060568008463015" lon="22.331348029601482">
    <ele>476.81</ele>
   </trkpt>
   <trkpt lat="39.061172008444714" lon="22.33077202961937">
    <ele>476.15000000000003</ele>
   </trkpt>
   <trkpt lat="39.061776005593075" lon="22.330196019781585">
    <ele>475.78000000000003</ele>
   </trkpt>
   <trkpt lat="39.062380000000005" lon="22.329620000000002">
    <ele>475.24000000000007</ele>
   </trkpt>
   <trkpt lat="39.063026674446" lon="22.32901669429307">
    <ele>474.86000000000007</ele>
   </trkpt>
   <trkpt lat="39.06367334578361" lon="22.328413377533163">
    <ele>474.15000000000003</ele>
   </trkpt>
   <trkpt lat="39.064320014012694" lon="22.327810049719883">
    <ele>473.47</ele>
   </trkpt>
   <trkpt lat="39.064966679133114" lon="22.327206710852813">
    <ele>472.85</ele>
   </trkpt>
   <trkpt lat="39.06561334114476" lon="22.326603360931546">
    <ele>472.27000000000004</ele>
   </trkpt>
   <trkpt lat="39.06626" lon="22.326">
    <ele>471.78000000000003</ele>
   </trkpt>
   <trkpt lat="39.06689500166796" lon="22.32539000541171">
    <ele>471.14000000000004</ele>
   </trkpt>
   <trkpt lat="39.067530000000005" lon="22.32478">
    <ele>470.79</ele>
   </trkpt>
   <trkpt lat="39.06824751438298" lon="22.324086299370336">
    <ele>470.85</ele>
   </trkpt>
   <trkpt lat="39.068965024656144" lon="22.32339258463674">
    <ele>471.02000000000004</ele>
   </trkpt>
   <trkpt lat="39.069682530819286" lon="22.322698855798663">
    <ele>471.13000000000005</ele>
   </trkpt>
   <trkpt lat="39.07040003287223" lon="22.32200511285553">
    <ele>471.30000000000007</ele>
   </trkpt>
   <trkpt lat="39.07111753081478" lon="22.32131135580677">
    <ele>471.35</ele>
   </trkpt>
   <trkpt lat="39.07183502464675" lon="22.32061758465182">
    <ele>471.70000000000005</ele>
   </trkpt>
   <trkpt lat="39.07255251436795" lon="22.319923799390118">
    <ele>472.01000000000005</ele>
   </trkpt>
   <trkpt lat="39.07327" lon="22.31923">
    <ele>472.12</ele>
   </trkpt>
   <trkpt lat="39.073945358228556" lon="22.318584753135234">
    <ele>472.16</ele>
   </trkpt>
   <trkpt lat="39.07462071290121" lon="22.317939493919944">
    <ele>472.37</ele>
   </trkpt>
   <trkpt lat="39.07529606401781" lon="22.317294222353656">
    <ele>473.17</ele>
   </trkpt>
   <trkpt lat="39.07597141157821" lon="22.31664893843591">
    <ele>474.22</ele>
   </trkpt>
   <trkpt lat="39.07664675558227" lon="22.31600364216623">
    <ele>475.62</ele>
   </trkpt>
   <trkpt lat="39.0773220960298" lon="22.31535833354415">
    <ele>476.95000000000005</ele>
   </trkpt>
   <trkpt lat="39.0779974329207" lon="22.3147130125692">
    <ele>475.55</ele>
   </trkpt>
   <trkpt lat="39.07867276625476" lon="22.314067679240914">
    <ele>474.81000000000006</ele>
   </trkpt>
   <trkpt lat="39.07934809603186" lon="22.313422333558822">
    <ele>474.15000000000003</ele>
   </trkpt>
   <trkpt lat="39.080023422251834" lon="22.31277697552245">
    <ele>473.93</ele>
   </trkpt>
   <trkpt lat="39.08069874491452" lon="22.31213160513134">
    <ele>474.80000000000007</ele>
   </trkpt>
   <trkpt lat="39.0813740640198" lon="22.311486222385007">
    <ele>477.39000000000004</ele>
   </trkpt>
   <trkpt lat="39.08204937956749" lon="22.310840827283">
    <ele>479.49</ele>
   </trkpt>
   <trkpt lat="39.08272469155743" lon="22.31019541982483">
    <ele>481.84000000000003</ele>
   </trkpt>
   <trkpt lat="39.083400000000005" lon="22.30955">
    <ele>484.06000000000006</ele>
   </trkpt>
   <trkpt lat="39.08378500052602" lon="22.309230001672713">
    <ele>486.50000000000006</ele>
   </trkpt>
   <trkpt lat="39.08417" lon="22.30891">
    <ele>488.43</ele>
   </trkpt>
   <trkpt lat="39.084540000000004" lon="22.30865">
    <ele>491.3500000000001</ele>
   </trkpt>
   <trkpt lat="39.08525" lon="22.308220000000002">
    <ele>493.89000000000004</ele>
   </trkpt>
   <trkpt lat="39.086040000000004" lon="22.307850000000002">
    <ele>497.03000000000003</ele>
   </trkpt>
   <trkpt lat="39.086812225816566" lon="22.3075255839736">
    <ele>499.94000000000005</ele>
   </trkpt>
   <trkpt lat="39.08758445073416" lon="22.307201160843686">
    <ele>501.43</ele>
   </trkpt>
   <trkpt lat="39.08835667475273" lon="22.306876730609925">
    <ele>505.01000000000005</ele>
   </trkpt>
   <trkpt lat="39.08912889787226" lon="22.306552293271977">
    <ele>508.58000000000004</ele>
   </trkpt>
   <trkpt lat="39.089901120092684" lon="22.30622784882949">
    <ele>511.61</ele>
   </trkpt>
   <trkpt lat="39.09067334141397" lon="22.305903397282133">
    <ele>513.9100000000001</ele>
   </trkpt>
   <trkpt lat="39.09144556183606" lon="22.305578938629548">
    <ele>516.4700000000001</ele>
   </trkpt>
   <trkpt lat="39.09221778135892" lon="22.305254472871408">
    <ele>519.54</ele>
   </trkpt>
   <trkpt lat="39.09299" lon="22.304930000000002">
    <ele>521.51</ele>
   </trkpt>
   <trkpt lat="39.093540000000004" lon="22.304740000000002">
    <ele>522.81</ele>
   </trkpt>
   <trkpt lat="39.094100000000005" lon="22.304620000000003">
    <ele>524.81</ele>
   </trkpt>
   <trkpt lat="39.094860000000004" lon="22.304550000000003">
    <ele>528.6500000000001</ele>
   </trkpt>
   <trkpt lat="39.095290000000006" lon="22.304560000000002">
    <ele>530.99</ele>
   </trkpt>
   <trkpt lat="39.095690000000005" lon="22.3046">
    <ele>533.58</ele>
   </trkpt>
   <trkpt lat="39.096575000201405" lon="22.304774997817503">
    <ele>538.5300000000001</ele>
   </trkpt>
   <trkpt lat="39.097460000000005" lon="22.30495">
    <ele>543.0500000000001</ele>
   </trkpt>
   <trkpt lat="39.09825555667918" lon="22.305131094762746">
    <ele>547.54</ele>
   </trkpt>
   <trkpt lat="39.09905111307821" lon="22.305312193612263">
    <ele>549.9200000000001</ele>
   </trkpt>
   <trkpt lat="39.09984666919708" lon="22.305493296548757">
    <ele>551.44</ele>
   </trkpt>
   <trkpt lat="39.10064222503576" lon="22.305674403572446">
    <ele>555.44</ele>
   </trkpt>
   <trkpt lat="39.101437780594274" lon="22.30585551468353">
    <ele>557.89</ele>
   </trkpt>
   <trkpt lat="39.10223333587256" lon="22.306036629882207">
    <ele>556.82</ele>
   </trkpt>
   <trkpt lat="39.103028890870625" lon="22.306217749168702">
    <ele>555.6600000000001</ele>
   </trkpt>
   <trkpt lat="39.10382444558848" lon="22.30639887254321">
    <ele>553.08</ele>
   </trkpt>
   <trkpt lat="39.104620000000004" lon="22.30658">
    <ele>549.51</ele>
   </trkpt>
   <trkpt lat="39.105366666807804" lon="22.306723330290158">
    <ele>546.46</ele>
   </trkpt>
   <trkpt lat="39.10611333344012" lon="22.306866663616844">
    <ele>541.5699999999999</ele>
   </trkpt>
   <trkpt lat="39.106860000000005" lon="22.307010000000002">
    <ele>536.3</ele>
   </trkpt>
   <trkpt lat="39.10759000008839" lon="22.307164998391638">
    <ele>532.32</ele>
   </trkpt>
   <trkpt lat="39.108320000000006" lon="22.30732">
    <ele>528.78</ele>
   </trkpt>
   <trkpt lat="39.10905" lon="22.307470000000002">
    <ele>528.37</ele>
   </trkpt>
   <trkpt lat="39.109770000000005" lon="22.307660000000002">
    <ele>528.42</ele>
   </trkpt>
   <trkpt lat="39.11057500000354" lon="22.307834997973423">
    <ele>527.6500000000001</ele>
   </trkpt>
   <trkpt lat="39.111380000000004" lon="22.308010000000003">
    <ele>525.73</ele>
   </trkpt>
   <trkpt lat="39.111700000000006" lon="22.308120000000002">
    <ele>525.58</ele>
   </trkpt>
   <trkpt lat="39.11197000000001" lon="22.30824">
    <ele>525.45</ele>
   </trkpt>
   <trkpt lat="39.112190000000005" lon="22.308380000000003">
    <ele>525.57</ele>
   </trkpt>
   <trkpt lat="39.112410000000004" lon="22.308560000000003">
    <ele>525.64</ele>
   </trkpt>
   <trkpt lat="39.11274" lon="22.308880000000002">
    <ele>525.8000000000001</ele>
   </trkpt>
   <trkpt lat="39.113310000000006" lon="22.30946">
    <ele>526.32</ele>
   </trkpt>
   <trkpt lat="39.113730000000004" lon="22.309910000000002">
    <ele>526.37</ele>
   </trkpt>
   <trkpt lat="39.113910000000004" lon="22.310060000000004">
    <ele>526.19</ele>
   </trkpt>
   <trkpt lat="39.11415" lon="22.31022">
    <ele>525.66</ele>
   </trkpt>
   <trkpt lat="39.11444" lon="22.31032">
    <ele>525.46</ele>
   </trkpt>
   <trkpt lat="39.11502" lon="22.31042">
    <ele>523.6899999999999</ele>
   </trkpt>
   <trkpt lat="39.11590500009714" lon="22.310489999126837">
    <ele>521.7900000000001</ele>
   </trkpt>
   <trkpt lat="39.11679" lon="22.310560000000002">
    <ele>521.07</ele>
   </trkpt>
   <trkpt lat="39.117470000000004" lon="22.310560000000002">
    <ele>519.54</ele>
   </trkpt>
   <trkpt lat="39.11784" lon="22.31062">
    <ele>517.88</ele>
   </trkpt>
   <trkpt lat="39.11833" lon="22.3108">
    <ele>517.0</ele>
   </trkpt>
   <trkpt lat="39.118990000468635" lon="22.31109499727983">
    <ele>516.83</ele>
   </trkpt>
   <trkpt lat="39.11965" lon="22.311390000000003">
    <ele>516.49</ele>
   </trkpt>
   <trkpt lat="39.119890000000005" lon="22.311470000000003">
    <ele>516.6</ele>
   </trkpt>
   <trkpt lat="39.12013" lon="22.311500000000002">
    <ele>516.97</ele>
   </trkpt>
   <trkpt lat="39.12044" lon="22.311490000000003">
    <ele>517.93</ele>
   </trkpt>
   <trkpt lat="39.1208" lon="22.31144">
    <ele>518.7</ele>
   </trkpt>
   <trkpt lat="39.121170000000006" lon="22.311410000000002">
    <ele>520.0</ele>
   </trkpt>
   <trkpt lat="39.121770000000005" lon="22.311290000000003">
    <ele>522.94</ele>
   </trkpt>
   <trkpt lat="39.121950000000005" lon="22.311290000000003">
    <ele>524.83</ele>
   </trkpt>
   <trkpt lat="39.122220000000006" lon="22.31133">
    <ele>527.05</ele>
   </trkpt>
   <trkpt lat="39.1229" lon="22.311510000000002">
    <ele>524.1</ele>
   </trkpt>
   <trkpt lat="39.12314000000001" lon="22.31156">
    <ele>525.25</ele>
   </trkpt>
   <trkpt lat="39.12351" lon="22.31155">
    <ele>525.72</ele>
   </trkpt>
   <trkpt lat="39.123780000000004" lon="22.311500000000002">
    <ele>521.0400000000001</ele>
   </trkpt>
   <trkpt lat="39.124030000000005" lon="22.31143">
    <ele>518.3100000000001</ele>
   </trkpt>
   <trkpt lat="39.124390000000005" lon="22.31127">
    <ele>517.95</ele>
   </trkpt>
   <trkpt lat="39.125052501698995" lon="22.31090751022012">
    <ele>516.4000000000001</ele>
   </trkpt>
   <trkpt lat="39.12571500227532" lon="22.310545013621557">
    <ele>515.39</ele>
   </trkpt>
   <trkpt lat="39.12637750172894" lon="22.31018251020404">
    <ele>516.19</ele>
   </trkpt>
   <trkpt lat="39.12704" lon="22.309820000000002">
    <ele>516.93</ele>
   </trkpt>
   <trkpt lat="39.127250000000004" lon="22.30965">
    <ele>516.93</ele>
   </trkpt>
   <trkpt lat="39.12763000085182" lon="22.309195002493833">
    <ele>516.44</ele>
   </trkpt>
   <trkpt lat="39.12801" lon="22.30874">
    <ele>513.4300000000001</ele>
   </trkpt>
   <trkpt lat="39.128400000000006" lon="22.30833">
    <ele>511.38000000000005</ele>
   </trkpt>
   <trkpt lat="39.12854" lon="22.308200000000003">
    <ele>509.14000000000004</ele>
   </trkpt>
   <trkpt lat="39.12879" lon="22.30807">
    <ele>508.33000000000004</ele>
   </trkpt>
   <trkpt lat="39.12899" lon="22.308040000000002">
    <ele>506.97</ele>
   </trkpt>
   <trkpt lat="39.129110000000004" lon="22.30806">
    <ele>506.97</ele>
   </trkpt>
   <trkpt lat="39.1295" lon="22.30826">
    <ele>504.65999999999997</ele>
   </trkpt>
   <trkpt lat="39.129780000000004" lon="22.308370000000004">
    <ele>502.72</ele>
   </trkpt>
   <trkpt lat="39.130140000000004" lon="22.308400000000002">
    <ele>501.6400000000001</ele>
   </trkpt>
   <trkpt lat="39.13038" lon="22.308370000000004">
    <ele>499.92</ele>
   </trkpt>
   <trkpt lat="39.130630000000004" lon="22.308280000000003">
    <ele>499.3</ele>
   </trkpt>
   <trkpt lat="39.13107" lon="22.30805">
    <ele>496.65000000000003</ele>
   </trkpt>
   <trkpt lat="39.13121" lon="22.30799">
    <ele>495.88000000000005</ele>
   </trkpt>
   <trkpt lat="39.131460000000004" lon="22.307930000000002">
    <ele>494.27000000000004</ele>
   </trkpt>
   <trkpt lat="39.131640000000004" lon="22.307930000000002">
    <ele>493.22</ele>
   </trkpt>
   <trkpt lat="39.131870000000006" lon="22.308030000000002">
    <ele>491.73</ele>
   </trkpt>
   <trkpt lat="39.132580000000004" lon="22.308670000000003">
    <ele>487.26</ele>
   </trkpt>
   <trkpt lat="39.132720000000006" lon="22.308760000000003">
    <ele>486.51000000000005</ele>
   </trkpt>
   <trkpt lat="39.132850000000005" lon="22.3088">
    <ele>485.86</ele>
   </trkpt>
   <trkpt lat="39.132920000000006" lon="22.3088">
    <ele>485.86</ele>
   </trkpt>
   <trkpt lat="39.133395000266056" lon="22.308770000185802">
    <ele>482.44</ele>
   </trkpt>
   <trkpt lat="39.13387" lon="22.30874">
    <ele>479.47</ele>
   </trkpt>
   <trkpt lat="39.134060000000005" lon="22.308680000000003">
    <ele>478.69000000000005</ele>
   </trkpt>
   <trkpt lat="39.134220000000006" lon="22.308580000000003">
    <ele>477.83000000000004</ele>
   </trkpt>
   <trkpt lat="39.1343" lon="22.308510000000002">
    <ele>477.13000000000005</ele>
   </trkpt>
   <trkpt lat="39.134780000000006" lon="22.30788">
    <ele>473.47</ele>
   </trkpt>
   <trkpt lat="39.135000000000005" lon="22.307630000000003">
    <ele>471.99</ele>
   </trkpt>
   <trkpt lat="39.135130000000004" lon="22.307550000000003">
    <ele>470.70000000000005</ele>
   </trkpt>
   <trkpt lat="39.135270000000006" lon="22.3075">
    <ele>470.70000000000005</ele>
   </trkpt>
   <trkpt lat="39.13535" lon="22.30749">
    <ele>470.70000000000005</ele>
   </trkpt>
   <trkpt lat="39.135450000000006" lon="22.30751">
    <ele>468.57000000000005</ele>
   </trkpt>
   <trkpt lat="39.13553" lon="22.307560000000002">
    <ele>468.57000000000005</ele>
   </trkpt>
   <trkpt lat="39.135650000000005" lon="22.3077">
    <ele>468.05</ele>
   </trkpt>
   <trkpt lat="39.13584" lon="22.30805">
    <ele>465.56</ele>
   </trkpt>
   <trkpt lat="39.136050000000004" lon="22.308560000000003">
    <ele>463.35</ele>
   </trkpt>
   <trkpt lat="39.13629" lon="22.309310000000004">
    <ele>460.5</ele>
   </trkpt>
   <trkpt lat="39.13645" lon="22.309610000000003">
    <ele>459.1000000000001</ele>
   </trkpt>
   <trkpt lat="39.136590000000005" lon="22.30974">
    <ele>457.53000000000003</ele>
   </trkpt>
   <trkpt lat="39.136750000000006" lon="22.30985">
    <ele>457.53000000000003</ele>
   </trkpt>
   <trkpt lat="39.13727000013584" lon="22.310064998386647">
    <ele>454.21000000000004</ele>
   </trkpt>
   <trkpt lat="39.13779" lon="22.310280000000002">
    <ele>449.72</ele>
   </trkpt>
   <trkpt lat="39.13796000000001" lon="22.310280000000002">
    <ele>449.72</ele>
   </trkpt>
   <trkpt lat="39.13803" lon="22.310270000000003">
    <ele>449.72</ele>
   </trkpt>
   <trkpt lat="39.13871" lon="22.30996">
    <ele>443.07</ele>
   </trkpt>
   <trkpt lat="39.13895" lon="22.30992">
    <ele>442.36</ele>
   </trkpt>
   <trkpt lat="39.13926" lon="22.30994">
    <ele>441.19</ele>
   </trkpt>
   <trkpt lat="39.13985" lon="22.310090000000002">
    <ele>439.07</ele>
   </trkpt>
   <trkpt lat="39.13998" lon="22.310100000000002">
    <ele>438.75</ele>
   </trkpt>
   <trkpt lat="39.1403" lon="22.310060000000004">
    <ele>437.9</ele>
   </trkpt>
   <trkpt lat="39.14101" lon="22.309900000000003">
    <ele>435.37</ele>
   </trkpt>
   <trkpt lat="39.141110000000005" lon="22.30985">
    <ele>434.05</ele>
   </trkpt>
   <trkpt lat="39.14124" lon="22.309730000000002">
    <ele>434.05</ele>
   </trkpt>
   <trkpt lat="39.141310000000004" lon="22.309600000000003">
    <ele>432.51000000000005</ele>
   </trkpt>
   <trkpt lat="39.14146000154461" lon="22.308995001366522">
    <ele>429.93</ele>
   </trkpt>
   <trkpt lat="39.14161" lon="22.308390000000003">
    <ele>427.58</ele>
   </trkpt>
   <trkpt lat="39.1417" lon="22.308130000000002">
    <ele>426.04</ele>
   </trkpt>
   <trkpt lat="39.14175" lon="22.308040000000002">
    <ele>426.04</ele>
   </trkpt>
   <trkpt lat="39.14182" lon="22.30796">
    <ele>425.21000000000004</ele>
   </trkpt>
   <trkpt lat="39.141980000000004" lon="22.3079">
    <ele>424.69</ele>
   </trkpt>
   <trkpt lat="39.14217" lon="22.307940000000002">
    <ele>423.04</ele>
   </trkpt>
   <trkpt lat="39.142570000000006" lon="22.30835">
    <ele>420.15000000000003</ele>
   </trkpt>
   <trkpt lat="39.143080000000005" lon="22.308670000000003">
    <ele>417.84000000000003</ele>
   </trkpt>
   <trkpt lat="39.14323" lon="22.308840000000004">
    <ele>416.46000000000004</ele>
   </trkpt>
   <trkpt lat="39.14332" lon="22.308980000000002">
    <ele>415.45000000000005</ele>
   </trkpt>
   <trkpt lat="39.143550000000005" lon="22.30948">
    <ele>413.46000000000004</ele>
   </trkpt>
   <trkpt lat="39.14367" lon="22.30967">
    <ele>412.5</ele>
   </trkpt>
   <trkpt lat="39.144200000000005" lon="22.310190000000002">
    <ele>408.93</ele>
   </trkpt>
   <trkpt lat="39.144400000000005" lon="22.310450000000003">
    <ele>406.05</ele>
   </trkpt>
   <trkpt lat="39.14473" lon="22.31106">
    <ele>402.61</ele>
   </trkpt>
   <trkpt lat="39.144800000000004" lon="22.311310000000002">
    <ele>401.66</ele>
   </trkpt>
   <trkpt lat="39.144830000000006" lon="22.31152">
    <ele>401.05</ele>
   </trkpt>
   <trkpt lat="39.14484" lon="22.311790000000002">
    <ele>401.05</ele>
   </trkpt>
   <trkpt lat="39.144800000000004" lon="22.312700000000003">
    <ele>398.19000000000005</ele>
   </trkpt>
   <trkpt lat="39.144830000000006" lon="22.31293">
    <ele>393.99</ele>
   </trkpt>
   <trkpt lat="39.144890000000004" lon="22.31312">
    <ele>393.99</ele>
   </trkpt>
   <trkpt lat="39.145050000000005" lon="22.31343">
    <ele>392.93000000000006</ele>
   </trkpt>
   <trkpt lat="39.145210000000006" lon="22.313630000000003">
    <ele>389.58000000000004</ele>
   </trkpt>
   <trkpt lat="39.145410000000005" lon="22.31378">
    <ele>388.72</ele>
   </trkpt>
   <trkpt lat="39.14556" lon="22.313840000000003">
    <ele>387.58000000000004</ele>
   </trkpt>
   <trkpt lat="39.14569" lon="22.313840000000003">
    <ele>387.58000000000004</ele>
   </trkpt>
   <trkpt lat="39.14585" lon="22.31379">
    <ele>386.47</ele>
   </trkpt>
   <trkpt lat="39.14596" lon="22.31371">
    <ele>386.06</ele>
   </trkpt>
   <trkpt lat="39.146060000000006" lon="22.31358">
    <ele>386.06</ele>
   </trkpt>
   <trkpt lat="39.14612" lon="22.31343">
    <ele>384.09000000000003</ele>
   </trkpt>
   <trkpt lat="39.146300000000004" lon="22.312540000000002">
    <ele>380.49000000000007</ele>
   </trkpt>
   <trkpt lat="39.146370000000005" lon="22.31209">
    <ele>378.71000000000004</ele>
   </trkpt>
   <trkpt lat="39.146390000000004" lon="22.311780000000002">
    <ele>378.00000000000006</ele>
   </trkpt>
   <trkpt lat="39.146330000000006" lon="22.311420000000002">
    <ele>375.91</ele>
   </trkpt>
   <trkpt lat="39.146170000000005" lon="22.3109">
    <ele>374.15000000000003</ele>
   </trkpt>
   <trkpt lat="39.14614" lon="22.31034">
    <ele>372.84</ele>
   </trkpt>
   <trkpt lat="39.146080000000005" lon="22.310090000000002">
    <ele>370.37</ele>
   </trkpt>
   <trkpt lat="39.14602" lon="22.30996">
    <ele>370.37</ele>
   </trkpt>
   <trkpt lat="39.14576" lon="22.309540000000002">
    <ele>368.21000000000004</ele>
   </trkpt>
   <trkpt lat="39.14569" lon="22.309350000000002">
    <ele>368.21000000000004</ele>
   </trkpt>
   <trkpt lat="39.14553000325982" lon="22.308479998163467">
    <ele>362.41</ele>
   </trkpt>
   <trkpt lat="39.14537" lon="22.30761">
    <ele>358.61</ele>
   </trkpt>
   <trkpt lat="39.145230000000005" lon="22.306720000000002">
    <ele>354.36</ele>
   </trkpt>
   <trkpt lat="39.145250000000004" lon="22.30617">
    <ele>351.65000000000003</ele>
   </trkpt>
   <trkpt lat="39.14519000000001" lon="22.30562">
    <ele>349.76</ele>
   </trkpt>
   <trkpt lat="39.145030000000006" lon="22.30516">
    <ele>348.46999999999997</ele>
   </trkpt>
   <trkpt lat="39.144800000000004" lon="22.30469">
    <ele>346.45000000000005</ele>
   </trkpt>
   <trkpt lat="39.144740000000006" lon="22.3045">
    <ele>345.17</ele>
   </trkpt>
   <trkpt lat="39.14472000000001" lon="22.30429">
    <ele>345.17</ele>
   </trkpt>
   <trkpt lat="39.14475" lon="22.304160000000003">
    <ele>344.41</ele>
   </trkpt>
   <trkpt lat="39.144850000000005" lon="22.30402">
    <ele>344.41</ele>
   </trkpt>
   <trkpt lat="39.14495" lon="22.303960000000004">
    <ele>343.23</ele>
   </trkpt>
   <trkpt lat="39.145050000000005" lon="22.30394">
    <ele>343.23</ele>
   </trkpt>
   <trkpt lat="39.14515" lon="22.303980000000003">
    <ele>342.91</ele>
   </trkpt>
   <trkpt lat="39.1452" lon="22.30402">
    <ele>342.61</ele>
   </trkpt>
   <trkpt lat="39.145320000000005" lon="22.3042">
    <ele>342.61</ele>
   </trkpt>
   <trkpt lat="39.14555500300088" lon="22.305039997146107">
    <ele>339.5</ele>
   </trkpt>
   <trkpt lat="39.145790000000005" lon="22.305880000000002">
    <ele>336.18</ele>
   </trkpt>
   <trkpt lat="39.14593" lon="22.3063">
    <ele>333.33</ele>
   </trkpt>
   <trkpt lat="39.14602" lon="22.306500000000003">
    <ele>332.85</ele>
   </trkpt>
   <trkpt lat="39.14643" lon="22.307090000000002">
    <ele>328.28000000000003</ele>
   </trkpt>
   <trkpt lat="39.14658" lon="22.307350000000003">
    <ele>327.19000000000005</ele>
   </trkpt>
   <trkpt lat="39.14681" lon="22.308120000000002">
    <ele>323.1</ele>
   </trkpt>
   <trkpt lat="39.14688" lon="22.308290000000003">
    <ele>322.64000000000004</ele>
   </trkpt>
   <trkpt lat="39.14696" lon="22.308380000000003">
    <ele>321.76000000000005</ele>
   </trkpt>
   <trkpt lat="39.147110000000005" lon="22.30844">
    <ele>320.83</ele>
   </trkpt>
   <trkpt lat="39.14721" lon="22.30844">
    <ele>320.83</ele>
   </trkpt>
   <trkpt lat="39.147310000000004" lon="22.308400000000002">
    <ele>320.83</ele>
   </trkpt>
   <trkpt lat="39.14746" lon="22.30826">
    <ele>319.23</ele>
   </trkpt>
   <trkpt lat="39.14761" lon="22.30806">
    <ele>318.35</ele>
   </trkpt>
   <trkpt lat="39.148120000000006" lon="22.307280000000002">
    <ele>313.58000000000004</ele>
   </trkpt>
   <trkpt lat="39.14833" lon="22.307060000000003">
    <ele>312.55000000000007</ele>
   </trkpt>
   <trkpt lat="39.14857000000001" lon="22.30686">
    <ele>310.97</ele>
   </trkpt>
   <trkpt lat="39.148740000000004" lon="22.306630000000002">
    <ele>309.53000000000003</ele>
   </trkpt>
   <trkpt lat="39.14891" lon="22.305970000000002">
    <ele>305.3</ele>
   </trkpt>
   <trkpt lat="39.148990000000005" lon="22.30583">
    <ele>304.76000000000005</ele>
   </trkpt>
   <trkpt lat="39.14918" lon="22.305560000000003">
    <ele>303.17</ele>
   </trkpt>
   <trkpt lat="39.149210000000004" lon="22.30546">
    <ele>302.74</ele>
   </trkpt>
   <trkpt lat="39.149210000000004" lon="22.304820000000003">
    <ele>300.14</ele>
   </trkpt>
   <trkpt lat="39.149240000000006" lon="22.30469">
    <ele>300.14</ele>
   </trkpt>
   <trkpt lat="39.149300000000004" lon="22.304570000000002">
    <ele>298.51</ele>
   </trkpt>
   <trkpt lat="39.14938" lon="22.30449">
    <ele>298.51</ele>
   </trkpt>
   <trkpt lat="39.149460000000005" lon="22.304440000000003">
    <ele>297.17</ele>
   </trkpt>
   <trkpt lat="39.149800000000006" lon="22.3043">
    <ele>295.36</ele>
   </trkpt>
   <trkpt lat="39.149890000000006" lon="22.304190000000002">
    <ele>294.38000000000005</ele>
   </trkpt>
   <trkpt lat="39.14994" lon="22.304100000000002">
    <ele>293.84000000000003</ele>
   </trkpt>
   <trkpt lat="39.14997" lon="22.304000000000002">
    <ele>293.84000000000003</ele>
   </trkpt>
   <trkpt lat="39.149980000000006" lon="22.303610000000003">
    <ele>291.08</ele>
   </trkpt>
   <trkpt lat="39.14996" lon="22.302750000000003">
    <ele>287.94</ele>
   </trkpt>
   <trkpt lat="39.149930000000005" lon="22.30254">
    <ele>286.27000000000004</ele>
   </trkpt>
   <trkpt lat="39.149770000000004" lon="22.301940000000002">
    <ele>285.09000000000003</ele>
   </trkpt>
   <trkpt lat="39.149730000000005" lon="22.301630000000003">
    <ele>283.79</ele>
   </trkpt>
   <trkpt lat="39.149750000000004" lon="22.30083">
    <ele>280.29</ele>
   </trkpt>
   <trkpt lat="39.14981" lon="22.30048">
    <ele>277.0</ele>
   </trkpt>
   <trkpt lat="39.14987" lon="22.30036">
    <ele>277.0</ele>
   </trkpt>
   <trkpt lat="39.14997" lon="22.30027">
    <ele>275.38</ele>
   </trkpt>
   <trkpt lat="39.15005" lon="22.300240000000002">
    <ele>275.38</ele>
   </trkpt>
   <trkpt lat="39.150150000000004" lon="22.300240000000002">
    <ele>274.19000000000005</ele>
   </trkpt>
   <trkpt lat="39.15028" lon="22.300310000000003">
    <ele>273.41</ele>
   </trkpt>
   <trkpt lat="39.15099" lon="22.300900000000002">
    <ele>267.35</ele>
   </trkpt>
   <trkpt lat="39.151070000000004" lon="22.30094">
    <ele>266.11</ele>
   </trkpt>
   <trkpt lat="39.151180000000004" lon="22.300960000000003">
    <ele>265.14000000000004</ele>
   </trkpt>
   <trkpt lat="39.15129" lon="22.30093">
    <ele>265.14000000000004</ele>
   </trkpt>
   <trkpt lat="39.15142" lon="22.300790000000003">
    <ele>265.14000000000004</ele>
   </trkpt>
   <trkpt lat="39.15149" lon="22.30064">
    <ele>261.74</ele>
   </trkpt>
   <trkpt lat="39.151520000000005" lon="22.300330000000002">
    <ele>260.65000000000003</ele>
   </trkpt>
   <trkpt lat="39.151500000000006" lon="22.300130000000003">
    <ele>258.39</ele>
   </trkpt>
   <trkpt lat="39.15140500151169" lon="22.299529999022756">
    <ele>253.43000000000004</ele>
   </trkpt>
   <trkpt lat="39.15131" lon="22.298930000000002">
    <ele>251.76000000000005</ele>
   </trkpt>
   <trkpt lat="39.151250000000005" lon="22.298720000000003">
    <ele>248.97000000000003</ele>
   </trkpt>
   <trkpt lat="39.15093" lon="22.297870000000003">
    <ele>246.19000000000003</ele>
   </trkpt>
   <trkpt lat="39.15088" lon="22.29767">
    <ele>245.20000000000002</ele>
   </trkpt>
   <trkpt lat="39.15086" lon="22.297530000000002">
    <ele>245.20000000000002</ele>
   </trkpt>
   <trkpt lat="39.15088" lon="22.29735">
    <ele>244.3</ele>
   </trkpt>
   <trkpt lat="39.150960000000005" lon="22.29719">
    <ele>244.3</ele>
   </trkpt>
   <trkpt lat="39.151070000000004" lon="22.29707">
    <ele>242.96</ele>
   </trkpt>
   <trkpt lat="39.151140000000005" lon="22.297040000000003">
    <ele>242.6</ele>
   </trkpt>
   <trkpt lat="39.15129" lon="22.297030000000003">
    <ele>241.72000000000003</ele>
   </trkpt>
   <trkpt lat="39.151430000000005" lon="22.2971">
    <ele>241.72000000000003</ele>
   </trkpt>
   <trkpt lat="39.15193" lon="22.29763">
    <ele>239.41</ele>
   </trkpt>
   <trkpt lat="39.152170000000005" lon="22.297860000000004">
    <ele>238.46000000000004</ele>
   </trkpt>
   <trkpt lat="39.152260000000005" lon="22.29791">
    <ele>236.86</ele>
   </trkpt>
   <trkpt lat="39.152390000000004" lon="22.297900000000002">
    <ele>236.86</ele>
   </trkpt>
   <trkpt lat="39.15249" lon="22.29784">
    <ele>236.54000000000002</ele>
   </trkpt>
   <trkpt lat="39.15278" lon="22.297490000000003">
    <ele>234.91</ele>
   </trkpt>
   <trkpt lat="39.152890000000006" lon="22.297390000000004">
    <ele>234.91</ele>
   </trkpt>
   <trkpt lat="39.15303" lon="22.297340000000002">
    <ele>234.25</ele>
   </trkpt>
   <trkpt lat="39.15319" lon="22.29737">
    <ele>234.25</ele>
   </trkpt>
   <trkpt lat="39.153380000000006" lon="22.29744">
    <ele>232.55</ele>
   </trkpt>
   <trkpt lat="39.153510000000004" lon="22.29746">
    <ele>231.34</ele>
   </trkpt>
   <trkpt lat="39.153600000000004" lon="22.297430000000002">
    <ele>231.34</ele>
   </trkpt>
   <trkpt lat="39.15373" lon="22.297310000000003">
    <ele>229.47</ele>
   </trkpt>
   <trkpt lat="39.153830000000006" lon="22.297120000000003">
    <ele>228.88000000000002</ele>
   </trkpt>
   <trkpt lat="39.153870000000005" lon="22.29688">
    <ele>228.08</ele>
   </trkpt>
   <trkpt lat="39.15384" lon="22.296550000000003">
    <ele>227.35000000000002</ele>
   </trkpt>
   <trkpt lat="39.15373" lon="22.295810000000003">
    <ele>222.28</ele>
   </trkpt>
   <trkpt lat="39.15373" lon="22.295640000000002">
    <ele>222.28</ele>
   </trkpt>
   <trkpt lat="39.153780000000005" lon="22.295450000000002">
    <ele>220.47000000000003</ele>
   </trkpt>
   <trkpt lat="39.153850000000006" lon="22.295350000000003">
    <ele>220.47000000000003</ele>
   </trkpt>
   <trkpt lat="39.153940000000006" lon="22.295270000000002">
    <ele>220.47000000000003</ele>
   </trkpt>
   <trkpt lat="39.1542" lon="22.295150000000003">
    <ele>218.48</ele>
   </trkpt>
   <trkpt lat="39.154860000000006" lon="22.294970000000003">
    <ele>213.35</ele>
   </trkpt>
   <trkpt lat="39.155080000000005" lon="22.294980000000002">
    <ele>213.35</ele>
   </trkpt>
   <trkpt lat="39.15525" lon="22.29501">
    <ele>212.52</ele>
   </trkpt>
   <trkpt lat="39.15561" lon="22.295150000000003">
    <ele>209.97000000000003</ele>
   </trkpt>
   <trkpt lat="39.15632" lon="22.29567">
    <ele>204.31</ele>
   </trkpt>
   <trkpt lat="39.15655" lon="22.295810000000003">
    <ele>203.28</ele>
   </trkpt>
   <trkpt lat="39.15683000000001" lon="22.29605">
    <ele>201.86</ele>
   </trkpt>
   <trkpt lat="39.15692000000001" lon="22.29616">
    <ele>200.24000000000004</ele>
   </trkpt>
   <trkpt lat="39.15702" lon="22.29632">
    <ele>199.81</ele>
   </trkpt>
   <trkpt lat="39.157090000000004" lon="22.296470000000003">
    <ele>199.81</ele>
   </trkpt>
   <trkpt lat="39.157160000000005" lon="22.297">
    <ele>196.55</ele>
   </trkpt>
   <trkpt lat="39.157210000000006" lon="22.297110000000004">
    <ele>196.55</ele>
   </trkpt>
   <trkpt lat="39.157270000000004" lon="22.29717">
    <ele>196.01000000000002</ele>
   </trkpt>
   <trkpt lat="39.157320000000006" lon="22.29719">
    <ele>196.01000000000002</ele>
   </trkpt>
   <trkpt lat="39.157410000000006" lon="22.29718">
    <ele>194.53</ele>
   </trkpt>
   <trkpt lat="39.15749" lon="22.2971">
    <ele>194.53</ele>
   </trkpt>
   <trkpt lat="39.15753" lon="22.2969">
    <ele>194.53</ele>
   </trkpt>
   <trkpt lat="39.157520000000005" lon="22.29644">
    <ele>191.72000000000003</ele>
   </trkpt>
   <trkpt lat="39.157500000000006" lon="22.296200000000002">
    <ele>189.97000000000003</ele>
   </trkpt>
   <trkpt lat="39.157450000000004" lon="22.29594">
    <ele>188.68</ele>
   </trkpt>
   <trkpt lat="39.15707000453469" lon="22.29490499429424">
    <ele>185.08</ele>
   </trkpt>
   <trkpt lat="39.156690000000005" lon="22.293870000000002">
    <ele>180.78000000000003</ele>
   </trkpt>
   <trkpt lat="39.156670000000005" lon="22.29361">
    <ele>180.65</ele>
   </trkpt>
   <trkpt lat="39.15673" lon="22.29332">
    <ele>178.59000000000003</ele>
   </trkpt>
   <trkpt lat="39.156800000000004" lon="22.293210000000002">
    <ele>178.04</ele>
   </trkpt>
   <trkpt lat="39.15691" lon="22.293100000000003">
    <ele>178.04</ele>
   </trkpt>
   <trkpt lat="39.157070000000004" lon="22.293020000000002">
    <ele>175.18</ele>
   </trkpt>
   <trkpt lat="39.15728" lon="22.293000000000003">
    <ele>175.18</ele>
   </trkpt>
   <trkpt lat="39.15757" lon="22.293020000000002">
    <ele>173.33</ele>
   </trkpt>
   <trkpt lat="39.15806000007369" lon="22.293094999485263">
    <ele>172.0</ele>
   </trkpt>
   <trkpt lat="39.158550000000005" lon="22.293170000000003">
    <ele>169.93000000000004</ele>
   </trkpt>
   <trkpt lat="39.15943846260117" lon="22.293313824353724">
    <ele>167.62</ele>
   </trkpt>
   <trkpt lat="39.16032692502556" lon="22.293457652340095">
    <ele>164.16</ele>
   </trkpt>
   <trkpt lat="39.16121538727315" lon="22.293601483959314">
    <ele>160.79000000000002</ele>
   </trkpt>
   <trkpt lat="39.16210384934396" lon="22.293745319211595">
    <ele>158.71</ele>
   </trkpt>
   <trkpt lat="39.162992311237936" lon="22.29388915809714">
    <ele>156.43</ele>
   </trkpt>
   <trkpt lat="39.1638807729551" lon="22.29403300061616">
    <ele>154.37</ele>
   </trkpt>
   <trkpt lat="39.16476923449544" lon="22.294176846768853">
    <ele>152.60000000000002</ele>
   </trkpt>
   <trkpt lat="39.16565769585892" lon="22.29432069655543">
    <ele>150.63000000000002</ele>
   </trkpt>
   <trkpt lat="39.166546157045566" lon="22.2944645499761">
    <ele>148.27</ele>
   </trkpt>
   <trkpt lat="39.167434618055346" lon="22.29460840703106">
    <ele>146.82</ele>
   </trkpt>
   <trkpt lat="39.16832307888825" lon="22.29475226772053">
    <ele>145.66</ele>
   </trkpt>
   <trkpt lat="39.16921153954428" lon="22.294896132044705">
    <ele>144.64000000000001</ele>
   </trkpt>
   <trkpt lat="39.170100000000005" lon="22.29504">
    <ele>144.0</ele>
   </trkpt>
   <trkpt lat="39.17089000021443" lon="22.2951766636056">
    <ele>143.42000000000002</ele>
   </trkpt>
   <trkpt lat="39.171680000269234" lon="22.295313330281697">
    <ele>144.44</ele>
   </trkpt>
   <trkpt lat="39.172470000000004" lon="22.295450000000002">
    <ele>144.56000000000003</ele>
   </trkpt>
   <trkpt lat="39.17330400033713" lon="22.2955879934549">
    <ele>144.56000000000003</ele>
   </trkpt>
   <trkpt lat="39.174138000511526" lon="22.29572599018314">
    <ele>143.43</ele>
   </trkpt>
   <trkpt lat="39.17497200052314" lon="22.295863990184888">
    <ele>142.48000000000002</ele>
   </trkpt>
   <trkpt lat="39.17580600037199" lon="22.29600199346032">
    <ele>142.25</ele>
   </trkpt>
   <trkpt lat="39.176640000000006" lon="22.29614">
    <ele>141.62000000000003</ele>
   </trkpt>
   <trkpt lat="39.17699" lon="22.29616">
    <ele>141.27</ele>
   </trkpt>
   <trkpt lat="39.17747000001782" lon="22.29616">
    <ele>141.27</ele>
   </trkpt>
   <trkpt lat="39.17795" lon="22.29616">
    <ele>140.36</ele>
   </trkpt>
   <trkpt lat="39.17883500005098" lon="22.29611250179264">
    <ele>139.75</ele>
   </trkpt>
   <trkpt lat="39.17972000008268" lon="22.29606500238944">
    <ele>139.27</ele>
   </trkpt>
   <trkpt lat="39.180605000095106" lon="22.29601750179034">
    <ele>138.62</ele>
   </trkpt>
   <trkpt lat="39.181490000000004" lon="22.29597">
    <ele>137.99</ele>
   </trkpt>
   <trkpt lat="39.181850000000004" lon="22.29594">
    <ele>137.55</ele>
   </trkpt>
   <trkpt lat="39.18231" lon="22.29586">
    <ele>137.14000000000001</ele>
   </trkpt>
   <trkpt lat="39.18304666702353" lon="22.29567000396989">
    <ele>136.37</ele>
   </trkpt>
   <trkpt lat="39.1837833337385" lon="22.29548000395749">
    <ele>136.04000000000002</ele>
   </trkpt>
   <trkpt lat="39.184520000000006" lon="22.29529">
    <ele>135.48000000000002</ele>
   </trkpt>
   <trkpt lat="39.18528500017434" lon="22.295120001838946">
    <ele>134.67000000000002</ele>
   </trkpt>
   <trkpt lat="39.18605" lon="22.294950000000004">
    <ele>134.87</ele>
   </trkpt>
   <trkpt lat="39.186715000355264" lon="22.29478000154921">
    <ele>135.07000000000002</ele>
   </trkpt>
   <trkpt lat="39.187380000000005" lon="22.294610000000002">
    <ele>135.25</ele>
   </trkpt>
   <trkpt lat="39.18779" lon="22.29453">
    <ele>135.28</ele>
   </trkpt>
   <trkpt lat="39.18858800067526" lon="22.29433400889758">
    <ele>135.33</ele>
   </trkpt>
   <trkpt lat="39.189386001022186" lon="22.29413801334432">
    <ele>135.4</ele>
   </trkpt>
   <trkpt lat="39.19018400104073" lon="22.29394201333999">
    <ele>135.39000000000001</ele>
   </trkpt>
   <trkpt lat="39.190982000730905" lon="22.293746008884373">
    <ele>135.0</ele>
   </trkpt>
   <trkpt lat="39.19178" lon="22.293550000000003">
    <ele>134.42000000000002</ele>
   </trkpt>
   <trkpt lat="39.192640000000004" lon="22.293360000000003">
    <ele>134.05</ele>
   </trkpt>
   <trkpt lat="39.19346500052877" lon="22.293157507131877">
    <ele>133.31</ele>
   </trkpt>
   <trkpt lat="39.19429000070702" lon="22.292955009508844">
    <ele>132.86</ele>
   </trkpt>
   <trkpt lat="39.19511500053475" lon="22.29275250713066">
    <ele>132.49</ele>
   </trkpt>
   <trkpt lat="39.19594" lon="22.292550000000002">
    <ele>132.41</ele>
   </trkpt>
   <trkpt lat="39.19662750034307" lon="22.292390004693438">
    <ele>132.17000000000002</ele>
   </trkpt>
   <trkpt lat="39.19731500046732" lon="22.29223000625571">
    <ele>131.85000000000002</ele>
   </trkpt>
   <trkpt lat="39.19800250037273" lon="22.29207000468668">
    <ele>131.79000000000002</ele>
   </trkpt>
   <trkpt lat="39.198690000000006" lon="22.29191">
    <ele>131.66</ele>
   </trkpt>
   <trkpt lat="39.19950000037735" lon="22.291713337857068">
    <ele>131.54000000000002</ele>
   </trkpt>
   <trkpt lat="39.20031000042407" lon="22.291516671179135">
    <ele>131.70000000000002</ele>
   </trkpt>
   <trkpt lat="39.20112" lon="22.291320000000002">
    <ele>131.48000000000002</ele>
   </trkpt>
   <trkpt lat="39.201950000373685" lon="22.29112667122274">
    <ele>131.18</ele>
   </trkpt>
   <trkpt lat="39.20278000042784" lon="22.290933337876876">
    <ele>130.42000000000002</ele>
   </trkpt>
   <trkpt lat="39.203610000000005" lon="22.290740000000003">
    <ele>130.17000000000002</ele>
   </trkpt>
   <trkpt lat="39.20440250108484" lon="22.290550015005316">
    <ele>129.44</ele>
   </trkpt>
   <trkpt lat="39.205195001861114" lon="22.290360025723494">
    <ele>129.10000000000002</ele>
   </trkpt>
   <trkpt lat="39.20598750232881" lon="22.290170032154343">
    <ele>128.45000000000002</ele>
   </trkpt>
   <trkpt lat="39.2067800024879" lon="22.28998003429763">
    <ele>128.29999999999998</ele>
   </trkpt>
   <trkpt lat="39.20757250233839" lon="22.289790032153146">
    <ele>128.14000000000001</ele>
   </trkpt>
   <trkpt lat="39.208365001880246" lon="22.289600025720667">
    <ele>128.51000000000002</ele>
   </trkpt>
   <trkpt lat="39.20915750111346" lon="22.289410014999987">
    <ele>128.65</ele>
   </trkpt>
   <trkpt lat="39.209950000000006" lon="22.28922">
    <ele>130.79000000000002</ele>
   </trkpt>
   <trkpt lat="39.210510000000006" lon="22.289080000000002">
    <ele>130.98000000000002</ele>
   </trkpt>
   <trkpt lat="39.211200000217" lon="22.288845002315547">
    <ele>130.89000000000001</ele>
   </trkpt>
   <trkpt lat="39.211890000000004" lon="22.288610000000002">
    <ele>129.01000000000002</ele>
   </trkpt>
   <trkpt lat="39.21210000000001" lon="22.288570000000004">
    <ele>128.01000000000002</ele>
   </trkpt>
   <trkpt lat="39.21238" lon="22.28856">
    <ele>126.64</ele>
   </trkpt>
   <trkpt lat="39.212790000000005" lon="22.288570000000004">
    <ele>125.22</ele>
   </trkpt>
   <trkpt lat="39.21303" lon="22.288520000000002">
    <ele>124.71000000000001</ele>
   </trkpt>
   <trkpt lat="39.21341" lon="22.28838">
    <ele>123.35000000000001</ele>
   </trkpt>
   <trkpt lat="39.21421530369024" lon="22.288005951009758">
    <ele>122.05</ele>
   </trkpt>
   <trkpt lat="39.2150206061843" lon="22.28763189343953">
    <ele>121.75000000000001</ele>
   </trkpt>
   <trkpt lat="39.2158259074821" lon="22.287257827288883">
    <ele>121.42000000000002</ele>
   </trkpt>
   <trkpt lat="39.21663120758362" lon="22.286883752557387">
    <ele>121.16</ele>
   </trkpt>
   <trkpt lat="39.21743650648876" lon="22.2865096692446">
    <ele>121.00000000000001</ele>
   </trkpt>
   <trkpt lat="39.21824180419747" lon="22.286135577350112">
    <ele>121.29</ele>
   </trkpt>
   <trkpt lat="39.21904710070971" lon="22.285761476873475">
    <ele>121.50000000000001</ele>
   </trkpt>
   <trkpt lat="39.219852396025395" lon="22.28538736781427">
    <ele>121.57000000000001</ele>
   </trkpt>
   <trkpt lat="39.220657690144456" lon="22.28501325017206">
    <ele>121.68</ele>
   </trkpt>
   <trkpt lat="39.22146298306686" lon="22.28463912394642">
    <ele>121.91</ele>
   </trkpt>
   <trkpt lat="39.22226827479252" lon="22.28426498913691">
    <ele>122.19</ele>
   </trkpt>
   <trkpt lat="39.22307356532138" lon="22.28389084574311">
    <ele>122.73</ele>
   </trkpt>
   <trkpt lat="39.223878854653385" lon="22.283516693764586">
    <ele>121.44</ele>
   </trkpt>
   <trkpt lat="39.224684142788455" lon="22.283142533200905">
    <ele>119.88000000000001</ele>
   </trkpt>
   <trkpt lat="39.225489429726565" lon="22.282768364051638">
    <ele>118.19</ele>
   </trkpt>
   <trkpt lat="39.22629471546762" lon="22.282394186316356">
    <ele>118.05000000000001</ele>
   </trkpt>
   <trkpt lat="39.2271" lon="22.282020000000003">
    <ele>118.28</ele>
   </trkpt>
   <trkpt lat="39.22764500030228" lon="22.28177500188201">
    <ele>118.64</ele>
   </trkpt>
   <trkpt lat="39.228190000000005" lon="22.28153">
    <ele>118.76</ele>
   </trkpt>
   <trkpt lat="39.22884500037406" lon="22.281230002804865">
    <ele>118.66000000000001</ele>
   </trkpt>
   <trkpt lat="39.2295" lon="22.28093">
    <ele>118.53</ele>
   </trkpt>
   <trkpt lat="39.2299" lon="22.280690000000003">
    <ele>118.68</ele>
   </trkpt>
   <trkpt lat="39.23026" lon="22.28039">
    <ele>118.68</ele>
   </trkpt>
   <trkpt lat="39.23084666955285" lon="22.279810009688035">
    <ele>118.58</ele>
   </trkpt>
   <trkpt lat="39.23143333622941" lon="22.279230009678386">
    <ele>120.36</ele>
   </trkpt>
   <trkpt lat="39.232020000000006" lon="22.278650000000003">
    <ele>120.35000000000001</ele>
   </trkpt>
   <trkpt lat="39.232260000000004" lon="22.278440000000003">
    <ele>120.08</ele>
   </trkpt>
   <trkpt lat="39.232580000000006" lon="22.27822">
    <ele>119.71000000000001</ele>
   </trkpt>
   <trkpt lat="39.23320333444811" lon="22.27786333965469">
    <ele>119.33</ele>
   </trkpt>
   <trkpt lat="39.23382666780852" lon="22.277506672972617">
    <ele>119.53000000000002</ele>
   </trkpt>
   <trkpt lat="39.23445" lon="22.277150000000002">
    <ele>120.03000000000002</ele>
   </trkpt>
   <trkpt lat="39.234640000000006" lon="22.27702">
    <ele>120.24000000000001</ele>
   </trkpt>
   <trkpt lat="39.235110000000006" lon="22.27654">
    <ele>120.33</ele>
   </trkpt>
   <trkpt lat="39.23545" lon="22.276120000000002">
    <ele>118.74000000000001</ele>
   </trkpt>
   <trkpt lat="39.23584000064141" lon="22.275770001839884">
    <ele>119.15</ele>
   </trkpt>
   <trkpt lat="39.236230000000006" lon="22.27542">
    <ele>119.66000000000001</ele>
   </trkpt>
   <trkpt lat="39.23649" lon="22.27522">
    <ele>119.36</ele>
   </trkpt>
   <trkpt lat="39.23698" lon="22.27477">
    <ele>118.06000000000002</ele>
   </trkpt>
   <trkpt lat="39.23722" lon="22.27449">
    <ele>117.80000000000001</ele>
   </trkpt>
   <trkpt lat="39.237350000000006" lon="22.274310000000003">
    <ele>116.95</ele>
   </trkpt>
   <trkpt lat="39.23765" lon="22.273780000000002">
    <ele>116.66000000000001</ele>
   </trkpt>
   <trkpt lat="39.23811000356164" lon="22.27286500603488">
    <ele>115.57000000000001</ele>
   </trkpt>
   <trkpt lat="39.23857" lon="22.27195">
    <ele>114.72</ele>
   </trkpt>
   <trkpt lat="39.238890000000005" lon="22.27127">
    <ele>114.56</ele>
   </trkpt>
   <trkpt lat="39.23935401423171" lon="22.270358024113577">
    <ele>113.37</ele>
   </trkpt>
   <trkpt lat="39.23981802135161" lon="22.269446036162993">
    <ele>113.42</ele>
   </trkpt>
   <trkpt lat="39.240282021359505" lon="22.268534036148075">
    <ele>113.89</ele>
   </trkpt>
   <trkpt lat="39.24074601425518" lon="22.267622024068643">
    <ele>113.95</ele>
   </trkpt>
   <trkpt lat="39.24121" lon="22.266710000000003">
    <ele>113.99000000000001</ele>
   </trkpt>
   <trkpt lat="39.24158750674326" lon="22.265985011702227">
    <ele>112.96000000000001</ele>
   </trkpt>
   <trkpt lat="39.241965008992004" lon="22.265260015601243">
    <ele>112.35000000000001</ele>
   </trkpt>
   <trkpt lat="39.242342506746155" lon="22.26453501169696">
    <ele>112.31</ele>
   </trkpt>
   <trkpt lat="39.242720000000006" lon="22.263810000000003">
    <ele>111.59</ele>
   </trkpt>
   <trkpt lat="39.24317168360051" lon="22.26292002865329">
    <ele>111.75000000000001</ele>
   </trkpt>
   <trkpt lat="39.24362336042809" lon="22.262030045844803">
    <ele>112.02000000000001</ele>
   </trkpt>
   <trkpt lat="39.24407503048253" lon="22.26114005157438">
    <ele>112.11000000000001</ele>
   </trkpt>
   <trkpt lat="39.244526693763646" lon="22.26025004584186">
    <ele>111.63000000000001</ele>
   </trkpt>
   <trkpt lat="39.24497835027125" lon="22.25936002864709">
    <ele>111.23</ele>
   </trkpt>
   <trkpt lat="39.245430000000006" lon="22.258470000000003">
    <ele>111.19000000000001</ele>
   </trkpt>
   <trkpt lat="39.24570000000001" lon="22.257890000000003">
    <ele>111.01</ele>
   </trkpt>
   <trkpt lat="39.245990000000006" lon="22.25713">
    <ele>110.53</ele>
   </trkpt>
   <trkpt lat="39.24626000000001" lon="22.25617">
    <ele>110.24000000000001</ele>
   </trkpt>
   <trkpt lat="39.246430000000004" lon="22.255180000000003">
    <ele>109.44000000000001</ele>
   </trkpt>
   <trkpt lat="39.24659503779434" lon="22.25405626851184">
    <ele>108.78000000000002</ele>
   </trkpt>
   <trkpt lat="39.24676006479034" lon="22.252932531735237">
    <ele>108.87</ele>
   </trkpt>
   <trkpt lat="39.24692508098789" lon="22.251808789670477">
    <ele>109.08000000000001</ele>
   </trkpt>
   <trkpt lat="39.24709008638687" lon="22.25068504231786">
    <ele>109.11000000000001</ele>
   </trkpt>
   <trkpt lat="39.24725508098719" lon="22.249561289677665">
    <ele>109.16000000000001</ele>
   </trkpt>
   <trkpt lat="39.24742006478871" lon="22.248437531750195">
    <ele>108.75000000000001</ele>
   </trkpt>
   <trkpt lat="39.24758503779133" lon="22.24731376853573">
    <ele>109.31</ele>
   </trkpt>
   <trkpt lat="39.24775" lon="22.246190000000002">
    <ele>109.71000000000001</ele>
   </trkpt>
   <trkpt lat="39.24789801615129" lon="22.245218008250944">
    <ele>110.06</ele>
   </trkpt>
   <trkpt lat="39.24804602422354" lon="22.244246012399135">
    <ele>110.36000000000001</ele>
   </trkpt>
   <trkpt lat="39.248194024216644" lon="22.24327401244475">
    <ele>110.19000000000001</ele>
   </trkpt>
   <trkpt lat="39.24834201613054" lon="22.242302008387973">
    <ele>109.54</ele>
   </trkpt>
   <trkpt lat="39.248490000000004" lon="22.24133">
    <ele>109.73</ele>
   </trkpt>
   <trkpt lat="39.24868" lon="22.240460000000002">
    <ele>109.88000000000001</ele>
   </trkpt>
   <trkpt lat="39.248830000000005" lon="22.23993">
    <ele>110.22000000000001</ele>
   </trkpt>
   <trkpt lat="39.24913" lon="22.239130000000003">
    <ele>110.56</ele>
   </trkpt>
   <trkpt lat="39.249460000000006" lon="22.23843">
    <ele>110.92</ele>
   </trkpt>
   <trkpt lat="39.24986201034172" lon="22.237652017859645">
    <ele>111.36000000000001</ele>
   </trkpt>
   <trkpt lat="39.25026401550756" lon="22.236874026799548">
    <ele>111.68</ele>
   </trkpt>
   <trkpt lat="39.2506660154974" lon="22.236096026819606">
    <ele>111.63000000000001</ele>
   </trkpt>
   <trkpt lat="39.251068010311094" lon="22.235318017919695">
    <ele>111.58000000000001</ele>
   </trkpt>
   <trkpt lat="39.251470000000005" lon="22.234540000000003">
    <ele>111.27000000000001</ele>
   </trkpt>
   <trkpt lat="39.25170000000001" lon="22.234150000000003">
    <ele>111.25000000000001</ele>
   </trkpt>
   <trkpt lat="39.25188" lon="22.233890000000002">
    <ele>111.31</ele>
   </trkpt>
   <trkpt lat="39.252520000000004" lon="22.23309">
    <ele>111.05000000000001</ele>
   </trkpt>
   <trkpt lat="39.25324658229293" lon="22.232449781293738">
    <ele>110.76</ele>
   </trkpt>
   <trkpt lat="39.25397316108063" lon="22.23180954931921">
    <ele>110.21</ele>
   </trkpt>
   <trkpt lat="39.254699736362944" lon="22.231169304075845">
    <ele>110.16000000000001</ele>
   </trkpt>
   <trkpt lat="39.25542630813969" lon="22.23052904556309">
    <ele>109.75000000000001</ele>
   </trkpt>
   <trkpt lat="39.25615287641074" lon="22.229888773780406">
    <ele>109.18</ele>
   </trkpt>
   <trkpt lat="39.25687944117591" lon="22.229248488727226">
    <ele>108.93</ele>
   </trkpt>
   <trkpt lat="39.25760600243503" lon="22.228608190402998">
    <ele>108.88</ele>
   </trkpt>
   <trkpt lat="39.258332560187945" lon="22.227967878807167">
    <ele>108.9</ele>
   </trkpt>
   <trkpt lat="39.2590591144345" lon="22.22732755393918">
    <ele>108.94000000000001</ele>
   </trkpt>
   <trkpt lat="39.259785665174526" lon="22.22668721579848">
    <ele>109.27000000000001</ele>
   </trkpt>
   <trkpt lat="39.26051221240786" lon="22.226046864384514">
    <ele>109.34</ele>
   </trkpt>
   <trkpt lat="39.261238756134325" lon="22.22540649969673">
    <ele>109.11000000000001</ele>
   </trkpt>
   <trkpt lat="39.261965296353765" lon="22.224766121734575">
    <ele>109.33000000000001</ele>
   </trkpt>
   <trkpt lat="39.26269183306603" lon="22.224125730497484">
    <ele>109.14000000000001</ele>
   </trkpt>
   <trkpt lat="39.26341836627095" lon="22.22348532598491">
    <ele>109.21000000000001</ele>
   </trkpt>
   <trkpt lat="39.26414489596835" lon="22.2228449081963">
    <ele>108.78000000000002</ele>
   </trkpt>
   <trkpt lat="39.26487142215807" lon="22.222204477131093">
    <ele>108.86000000000001</ele>
   </trkpt>
   <trkpt lat="39.26559794483996" lon="22.221564032788738">
    <ele>108.87</ele>
   </trkpt>
   <trkpt lat="39.26632446401384" lon="22.22092357516868">
    <ele>108.74</ele>
   </trkpt>
   <trkpt lat="39.267050979679546" lon="22.220283104270365">
    <ele>108.99</ele>
   </trkpt>
   <trkpt lat="39.26777749183695" lon="22.21964262009324">
    <ele>109.23</ele>
   </trkpt>
   <trkpt lat="39.26850400048584" lon="22.219002122636745">
    <ele>109.08000000000001</ele>
   </trkpt>
   <trkpt lat="39.269230505626076" lon="22.218361611900324">
    <ele>109.59</ele>
   </trkpt>
   <trkpt lat="39.26995700725749" lon="22.217721087883433">
    <ele>109.59</ele>
   </trkpt>
   <trkpt lat="39.27068350537993" lon="22.217080550585504">
    <ele>109.46000000000001</ele>
   </trkpt>
   <trkpt lat="39.27141" lon="22.216440000000002">
    <ele>110.2</ele>
   </trkpt>
   <trkpt lat="39.27181" lon="22.216070000000002">
    <ele>110.27000000000001</ele>
   </trkpt>
   <trkpt lat="39.2723" lon="22.21554">
    <ele>110.11000000000001</ele>
   </trkpt>
   <trkpt lat="39.272420000000004" lon="22.215390000000003">
    <ele>110.11000000000001</ele>
   </trkpt>
   <trkpt lat="39.27282" lon="22.214820000000003">
    <ele>109.93</ele>
   </trkpt>
   <trkpt lat="39.27323000240567" lon="22.214065004476755">
    <ele>109.45</ele>
   </trkpt>
   <trkpt lat="39.27364" lon="22.213310000000003">
    <ele>109.22000000000001</ele>
   </trkpt>
   <trkpt lat="39.27411502397772" lon="22.21241504247494">
    <ele>109.31</ele>
   </trkpt>
   <trkpt lat="39.274590041104915" lon="22.211520072814913">
    <ele>109.04</ele>
   </trkpt>
   <trkpt lat="39.27506505138134" lon="22.210625091019732">
    <ele>109.07000000000001</ele>
   </trkpt>
   <trkpt lat="39.275540054806804" lon="22.2097300970892">
    <ele>108.99</ele>
   </trkpt>
   <trkpt lat="39.2760150513811" lon="22.20883509102312">
    <ele>108.95</ele>
   </trkpt>
   <trkpt lat="39.27649004110401" lon="22.207940072821295">
    <ele>109.08000000000001</ele>
   </trkpt>
   <trkpt lat="39.27696502397536" lon="22.207045042483532">
    <ele>109.50000000000001</ele>
   </trkpt>
   <trkpt lat="39.277440000000006" lon="22.20615">
    <ele>109.79</ele>
   </trkpt>
   <trkpt lat="39.27792652710211" lon="22.205241277451947">
    <ele>109.99000000000001</ele>
   </trkpt>
   <trkpt lat="39.27841304714115" lon="22.2043325422822">
    <ele>109.73</ele>
   </trkpt>
   <trkpt lat="39.27889956011687" lon="22.203423794490536">
    <ele>109.98</ele>
   </trkpt>
   <trkpt lat="39.27938606602906" lon="22.202515034076754">
    <ele>110.41000000000001</ele>
   </trkpt>
   <trkpt lat="39.2798725648775" lon="22.201606261040638">
    <ele>110.82000000000001</ele>
   </trkpt>
   <trkpt lat="39.28035905666198" lon="22.200697475381986">
    <ele>110.78</ele>
   </trkpt>
   <trkpt lat="39.280845541382256" lon="22.19978867710057">
    <ele>110.81</ele>
   </trkpt>
   <trkpt lat="39.28133201903812" lon="22.1988798661962">
    <ele>110.87</ele>
   </trkpt>
   <trkpt lat="39.281818489629366" lon="22.197971042668655">
    <ele>110.83000000000001</ele>
   </trkpt>
   <trkpt lat="39.282304953155744" lon="22.19706220651772">
    <ele>110.76</ele>
   </trkpt>
   <trkpt lat="39.282791409617055" lon="22.196153357743192">
    <ele>111.17</ele>
   </trkpt>
   <trkpt lat="39.28327785901308" lon="22.195244496344856">
    <ele>111.75000000000001</ele>
   </trkpt>
   <trkpt lat="39.28376430134359" lon="22.194335622322505">
    <ele>111.24000000000001</ele>
   </trkpt>
   <trkpt lat="39.28425073660836" lon="22.19342673567592">
    <ele>110.80000000000001</ele>
   </trkpt>
   <trkpt lat="39.28473716480717" lon="22.1925178364049">
    <ele>110.67</ele>
   </trkpt>
   <trkpt lat="39.28522358593981" lon="22.191608924509232">
    <ele>110.99000000000001</ele>
   </trkpt>
   <trkpt lat="39.28571" lon="22.190700000000003">
    <ele>110.83000000000001</ele>
   </trkpt>
   <trkpt lat="39.28621254223258" lon="22.18975257478634">
    <ele>110.59</ele>
   </trkpt>
   <trkpt lat="39.28671507678716" lon="22.188805135976242">
    <ele>110.75000000000001</ele>
   </trkpt>
   <trkpt lat="39.28721760366351" lon="22.18785768356948">
    <ele>111.05000000000001</ele>
   </trkpt>
   <trkpt lat="39.28772012286138" lon="22.186910217565813">
    <ele>111.38000000000001</ele>
   </trkpt>
   <trkpt lat="39.2882226343805" lon="22.185962737965024">
    <ele>111.37</ele>
   </trkpt>
   <trkpt lat="39.288725138220656" lon="22.185015244766873">
    <ele>111.01</ele>
   </trkpt>
   <trkpt lat="39.28922763438158" lon="22.184067737971137">
    <ele>110.57000000000001</ele>
   </trkpt>
   <trkpt lat="39.28973012286303" lon="22.183120217577578">
    <ele>110.26</ele>
   </trkpt>
   <trkpt lat="39.290232603664755" lon="22.182172683585968">
    <ele>110.32000000000001</ele>
   </trkpt>
   <trkpt lat="39.29073507678651" lon="22.181225135996076">
    <ele>110.61000000000001</ele>
   </trkpt>
   <trkpt lat="39.291237542228046" lon="22.180277574807672">
    <ele>111.22000000000001</ele>
   </trkpt>
   <trkpt lat="39.291740000000004" lon="22.17933">
    <ele>111.73</ele>
   </trkpt>
   <trkpt lat="39.29198" lon="22.178790000000003">
    <ele>111.7</ele>
   </trkpt>
   <trkpt lat="39.29215000000001" lon="22.178340000000002">
    <ele>111.79</ele>
   </trkpt>
   <trkpt lat="39.29238" lon="22.177570000000003">
    <ele>111.69000000000001</ele>
   </trkpt>
   <trkpt lat="39.292500001411405" lon="22.177000000873335">
    <ele>111.88000000000001</ele>
   </trkpt>
   <trkpt lat="39.29262000000001" lon="22.176430000000003">
    <ele>111.92</ele>
   </trkpt>
   <trkpt lat="39.292828746737385" lon="22.175332111238824">
    <ele>112.04</ele>
   </trkpt>
   <trkpt lat="39.29303748316399" lon="22.174234215931598">
    <ele>112.32000000000001</ele>
   </trkpt>
   <trkpt lat="39.2932462092797" lon="22.173136314078572">
    <ele>112.38000000000001</ele>
   </trkpt>
   <trkpt lat="39.29345492508436" lon="22.172038405679967">
    <ele>112.01</ele>
   </trkpt>
   <trkpt lat="39.29366363057785" lon="22.17094049073604">
    <ele>111.78</ele>
   </trkpt>
   <trkpt lat="39.29387232576001" lon="22.16984256924701">
    <ele>111.43</ele>
   </trkpt>
   <trkpt lat="39.29408101063072" lon="22.168744641213117">
    <ele>111.33000000000001</ele>
   </trkpt>
   <trkpt lat="39.29428968518984" lon="22.1676467066346">
    <ele>111.14</ele>
   </trkpt>
   <trkpt lat="39.29449834943721" lon="22.166548765511685">
    <ele>110.85000000000001</ele>
   </trkpt>
   <trkpt lat="39.29470700337272" lon="22.165450817844615">
    <ele>110.93</ele>
   </trkpt>
   <trkpt lat="39.294915646996216" lon="22.16435286363364">
    <ele>110.97000000000001</ele>
   </trkpt>
   <trkpt lat="39.29512428030758" lon="22.16325490287897">
    <ele>111.05000000000001</ele>
   </trkpt>
   <trkpt lat="39.295332903306644" lon="22.16215693558085">
    <ele>111.06</ele>
   </trkpt>
   <trkpt lat="39.29554151599329" lon="22.161058961739524">
    <ele>111.12</ele>
   </trkpt>
   <trkpt lat="39.29575011836737" lon="22.15996098135522">
    <ele>111.31</ele>
   </trkpt>
   <trkpt lat="39.295958710428756" lon="22.15886299442817">
    <ele>111.31</ele>
   </trkpt>
   <trkpt lat="39.2961672921773" lon="22.157765000958623">
    <ele>111.31</ele>
   </trkpt>
   <trkpt lat="39.296375863612866" lon="22.156667000946808">
    <ele>111.51</ele>
   </trkpt>
   <trkpt lat="39.29658442473533" lon="22.155568994392958">
    <ele>111.62</ele>
   </trkpt>
   <trkpt lat="39.296792975544534" lon="22.15447098129731">
    <ele>111.62</ele>
   </trkpt>
   <trkpt lat="39.29700151604035" lon="22.153372961660104">
    <ele>111.89</ele>
   </trkpt>
   <trkpt lat="39.297210046222645" lon="22.152274935481568">
    <ele>112.06</ele>
   </trkpt>
   <trkpt lat="39.29741856609126" lon="22.15117690276195">
    <ele>112.4</ele>
   </trkpt>
   <trkpt lat="39.297627075646076" lon="22.150078863501477">
    <ele>112.33000000000001</ele>
   </trkpt>
   <trkpt lat="39.29783557488695" lon="22.148980817700387">
    <ele>112.09</ele>
   </trkpt>
   <trkpt lat="39.298044063813755" lon="22.147882765358915">
    <ele>111.95</ele>
   </trkpt>
   <trkpt lat="39.29825254242634" lon="22.1467847064773">
    <ele>112.02000000000001</ele>
   </trkpt>
   <trkpt lat="39.29846101072456" lon="22.145686641055775">
    <ele>112.0</ele>
   </trkpt>
   <trkpt lat="39.29866946870829" lon="22.14458856909458">
    <ele>111.97000000000001</ele>
   </trkpt>
   <trkpt lat="39.29887791637739" lon="22.14349049059395">
    <ele>112.17</ele>
   </trkpt>
   <trkpt lat="39.29908635373172" lon="22.142392405554112">
    <ele>112.47000000000001</ele>
   </trkpt>
   <trkpt lat="39.29929478077115" lon="22.14129431397532">
    <ele>112.65</ele>
   </trkpt>
   <trkpt lat="39.29950319749551" lon="22.14019621585779">
    <ele>113.06</ele>
   </trkpt>
   <trkpt lat="39.2997116039047" lon="22.139098111201776">
    <ele>113.58000000000001</ele>
   </trkpt>
   <trkpt lat="39.29992" lon="22.138">
    <ele>113.46000000000001</ele>
   </trkpt>
   <trkpt lat="39.30010668812419" lon="22.136998346688625">
    <ele>113.41000000000001</ele>
   </trkpt>
   <trkpt lat="39.30029336766556" lon="22.135996688034712">
    <ele>113.36</ele>
   </trkpt>
   <trkpt lat="39.30048003862396" lon="22.13499502403843">
    <ele>113.15</ele>
   </trkpt>
   <trkpt lat="39.30066670099933" lon="22.133993354699975">
    <ele>113.23</ele>
   </trkpt>
   <trkpt lat="39.300853354791556" lon="22.13299168001952">
    <ele>113.4</ele>
   </trkpt>
   <trkpt lat="39.30104" lon="22.131990000000002">
    <ele>113.31</ele>
   </trkpt>
   <trkpt lat="39.30127" lon="22.13097">
    <ele>113.60000000000001</ele>
   </trkpt>
   <trkpt lat="39.30138" lon="22.130560000000003">
    <ele>114.27000000000001</ele>
   </trkpt>
   <trkpt lat="39.30174" lon="22.129620000000003">
    <ele>115.42</ele>
   </trkpt>
   <trkpt lat="39.302080000000004" lon="22.12899">
    <ele>115.42</ele>
   </trkpt>
   <trkpt lat="39.30245500110924" lon="22.128480002736797">
    <ele>115.11</ele>
   </trkpt>
   <trkpt lat="39.30283" lon="22.12797">
    <ele>114.45</ele>
   </trkpt>
   <trkpt lat="39.303160000000005" lon="22.127580000000002">
    <ele>113.85000000000001</ele>
   </trkpt>
   <trkpt lat="39.30366" lon="22.127080000000003">
    <ele>112.86000000000001</ele>
   </trkpt>
   <trkpt lat="39.30430667427649" lon="22.126483360901467">
    <ele>113.11000000000001</ele>
   </trkpt>
   <trkpt lat="39.30495334550761" lon="22.125886710777696">
    <ele>112.94000000000001</ele>
   </trkpt>
   <trkpt lat="39.30560001369326" lon="22.12529004962828">
    <ele>112.51</ele>
   </trkpt>
   <trkpt lat="39.30624667883329" lon="22.124693377452818">
    <ele>112.10000000000001</ele>
   </trkpt>
   <trkpt lat="39.30689334092759" lon="22.124096694250905">
    <ele>110.97000000000001</ele>
   </trkpt>
   <trkpt lat="39.30754" lon="22.123500000000003">
    <ele>110.65</ele>
   </trkpt>
   <trkpt lat="39.30810000243038" lon="22.122963341954446">
    <ele>110.55000000000001</ele>
   </trkpt>
   <trkpt lat="39.30866000239687" lon="22.12242667532001">
    <ele>110.44000000000001</ele>
   </trkpt>
   <trkpt lat="39.30922" lon="22.12189">
    <ele>110.52000000000001</ele>
   </trkpt>
   <trkpt lat="39.309862866473" lon="22.121287176085026">
    <ele>110.47000000000001</ele>
   </trkpt>
   <trkpt lat="39.31050572983704" lon="22.120684341093934">
    <ele>110.79</ele>
   </trkpt>
   <trkpt lat="39.31114859009202" lon="22.120081495026316">
    <ele>110.54</ele>
   </trkpt>
   <trkpt lat="39.31179144723779" lon="22.119478637881773">
    <ele>110.27000000000001</ele>
   </trkpt>
   <trkpt lat="39.312434301274244" lon="22.118875769659894">
    <ele>110.03</ele>
   </trkpt>
   <trkpt lat="39.31307715220123" lon="22.118272890360274">
    <ele>110.24000000000001</ele>
   </trkpt>
   <trkpt lat="39.31372" lon="22.11767">
    <ele>110.84</ele>
   </trkpt>
   <trkpt lat="39.314443337145214" lon="22.117003347109158">
    <ele>111.32</ele>
   </trkpt>
   <trkpt lat="39.31516667048814" lon="22.1163366804339">
    <ele>111.24000000000001</ele>
   </trkpt>
   <trkpt lat="39.31589" lon="22.11567">
    <ele>111.58000000000001</ele>
   </trkpt>
   <trkpt lat="39.31653000774896" lon="22.11506836084823">
    <ele>111.47000000000001</ele>
   </trkpt>
   <trkpt lat="39.31717001240103" lon="22.114466710688653">
    <ele>111.52000000000001</ele>
   </trkpt>
   <trkpt lat="39.317810013956105" lon="22.113865049520868">
    <ele>111.50000000000001</ele>
   </trkpt>
   <trkpt lat="39.31845001241405" lon="22.11326337734447">
    <ele>110.64</ele>
   </trkpt>
   <trkpt lat="39.31909000777472" lon="22.112661694159073">
    <ele>110.02000000000001</ele>
   </trkpt>
   <trkpt lat="39.31973" lon="22.112060000000003">
    <ele>110.11000000000001</ele>
   </trkpt>
   <trkpt lat="39.32036" lon="22.111510000000003">
    <ele>111.47000000000001</ele>
   </trkpt>
   <trkpt lat="39.32079500072555" lon="22.111105002496352">
    <ele>111.84</ele>
   </trkpt>
   <trkpt lat="39.32123" lon="22.1107">
    <ele>112.07000000000001</ele>
   </trkpt>
   <trkpt lat="39.321630000000006" lon="22.11033">
    <ele>112.24000000000001</ele>
   </trkpt>
   <trkpt lat="39.32186" lon="22.11007">
    <ele>111.96000000000001</ele>
   </trkpt>
   <trkpt lat="39.32209" lon="22.10977">
    <ele>112.01</ele>
   </trkpt>
   <trkpt lat="39.32226" lon="22.109540000000003">
    <ele>112.01</ele>
   </trkpt>
   <trkpt lat="39.32242" lon="22.109270000000002">
    <ele>111.91000000000001</ele>
   </trkpt>
   <trkpt lat="39.32255" lon="22.109">
    <ele>111.91000000000001</ele>
   </trkpt>
   <trkpt lat="39.32269" lon="22.10866">
    <ele>111.80000000000001</ele>
   </trkpt>
   <trkpt lat="39.32287" lon="22.10808">
    <ele>111.86000000000001</ele>
   </trkpt>
   <trkpt lat="39.32308667222015" lon="22.107273338382804">
    <ele>111.73</ele>
   </trkpt>
   <trkpt lat="39.32330333887291" lon="22.106466671767926">
    <ele>111.76</ele>
   </trkpt>
   <trkpt lat="39.32352" lon="22.10566">
    <ele>111.79</ele>
   </trkpt>
   <trkpt lat="39.323782019149824" lon="22.10460201587107">
    <ele>111.85000000000001</ele>
   </trkpt>
   <trkpt lat="39.32404402872266" lon="22.1035440238154">
    <ele>111.93</ele>
   </trkpt>
   <trkpt lat="39.32430602871839" lon="22.102486023833148">
    <ele>112.2</ele>
   </trkpt>
   <trkpt lat="39.32456801913684" lon="22.101428015924462">
    <ele>112.17</ele>
   </trkpt>
   <trkpt lat="39.324830000000006" lon="22.10037">
    <ele>112.34</ele>
   </trkpt>
   <trkpt lat="39.32513" lon="22.099420000000002">
    <ele>112.81</ele>
   </trkpt>
   <trkpt lat="39.32545601498632" lon="22.098484017467392">
    <ele>113.5</ele>
   </trkpt>
   <trkpt lat="39.32578202247696" lon="22.09754802620874">
    <ele>113.38000000000001</ele>
   </trkpt>
   <trkpt lat="39.32610802247177" lon="22.096612026224076">
    <ele>113.86</ele>
   </trkpt>
   <trkpt lat="39.3264340149706" lon="22.095676017513416">
    <ele>114.13000000000001</ele>
   </trkpt>
   <trkpt lat="39.32676" lon="22.09474">
    <ele>114.33000000000001</ele>
   </trkpt>
   <trkpt lat="39.32701000475833" lon="22.093993338706944">
    <ele>113.58000000000001</ele>
   </trkpt>
   <trkpt lat="39.32726000474654" lon="22.09324667207552">
    <ele>113.37</ele>
   </trkpt>
   <trkpt lat="39.327510000000004" lon="22.0925">
    <ele>112.95</ele>
   </trkpt>
   <trkpt lat="39.327796672310356" lon="22.091686673380966">
    <ele>112.53</ele>
   </trkpt>
   <trkpt lat="39.32808333896075" lon="22.09087334009387">
    <ele>112.30000000000001</ele>
   </trkpt>
   <trkpt lat="39.32837000000001" lon="22.09006">
    <ele>112.25</ele>
   </trkpt>
   <trkpt lat="39.32862" lon="22.089480000000002">
    <ele>111.9</ele>
   </trkpt>
   <trkpt lat="39.328770000000006" lon="22.089180000000002">
    <ele>111.86000000000001</ele>
   </trkpt>
   <trkpt lat="39.329060000000005" lon="22.08877">
    <ele>111.74000000000001</ele>
   </trkpt>
   <trkpt lat="39.32921" lon="22.088620000000002">
    <ele>111.63000000000001</ele>
   </trkpt>
   <trkpt lat="39.32954" lon="22.08836">
    <ele>111.68</ele>
   </trkpt>
   <trkpt lat="39.33033750256116" lon="22.087915015214744">
    <ele>111.63000000000001</ele>
   </trkpt>
   <trkpt lat="39.331135003428024" lon="22.087470020279348">
    <ele>111.24000000000001</ele>
   </trkpt>
   <trkpt lat="39.33193250260054" lon="22.087025015193323">
    <ele>110.94000000000001</ele>
   </trkpt>
   <trkpt lat="39.332730000000005" lon="22.08658">
    <ele>110.69000000000001</ele>
   </trkpt>
   <trkpt lat="39.33342833644274" lon="22.086198352397428">
    <ele>110.48</ele>
   </trkpt>
   <trkpt lat="39.334126671639154" lon="22.08581669717109">
    <ele>110.39000000000001</ele>
   </trkpt>
   <trkpt lat="39.33482500558919" lon="22.08543503432067">
    <ele>109.97000000000001</ele>
   </trkpt>
   <trkpt lat="39.3355233382928" lon="22.08505336384583">
    <ele>109.78</ele>
   </trkpt>
   <trkpt lat="39.33622166974992" lon="22.084671685746255">
    <ele>109.77000000000001</ele>
   </trkpt>
   <trkpt lat="39.336920000000006" lon="22.084290000000003">
    <ele>109.71000000000001</ele>
   </trkpt>
   <trkpt lat="39.337210000000006" lon="22.084120000000002">
    <ele>109.73</ele>
   </trkpt>
   <trkpt lat="39.33791" lon="22.08378">
    <ele>109.65</ele>
   </trkpt>
   <trkpt lat="39.338325000059555" lon="22.083535001570898">
    <ele>109.50000000000001</ele>
   </trkpt>
   <trkpt lat="39.33874" lon="22.08329">
    <ele>109.93</ele>
   </trkpt>
   <trkpt lat="39.33943000317949" lon="22.082905018996723">
    <ele>112.60000000000001</ele>
   </trkpt>
   <trkpt lat="39.340120005090725" lon="22.082520030393244">
    <ele>116.07000000000001</ele>
   </trkpt>
   <trkpt lat="39.340810005733665" lon="22.082135034189243">
    <ele>117.44</ele>
   </trkpt>
   <trkpt lat="39.341500005108266" lon="22.081750030384395">
    <ele>115.85000000000001</ele>
   </trkpt>
   <trkpt lat="39.34219000321446" lon="22.081365018978385">
    <ele>112.60000000000001</ele>
   </trkpt>
   <trkpt lat="39.34288" lon="22.08098">
    <ele>109.28</ele>
   </trkpt>
   <trkpt lat="39.343210000000006" lon="22.0807">
    <ele>108.7</ele>
   </trkpt>
   <trkpt lat="39.34337" lon="22.080540000000003">
    <ele>107.96000000000001</ele>
   </trkpt>
   <trkpt lat="39.343650000000004" lon="22.080170000000003">
    <ele>107.48</ele>
   </trkpt>
   <trkpt lat="39.343790000000006" lon="22.07993">
    <ele>107.50000000000001</ele>
   </trkpt>
   <trkpt lat="39.34394" lon="22.079620000000002">
    <ele>107.48</ele>
   </trkpt>
   <trkpt lat="39.34438645048409" lon="22.07863695005991">
    <ele>107.50000000000001</ele>
   </trkpt>
   <trkpt lat="39.34483289269855" lon="22.077653887560817">
    <ele>107.38</ele>
   </trkpt>
   <trkpt lat="39.34527932664316" lon="22.076670812502602">
    <ele>107.43</ele>
   </trkpt>
   <trkpt lat="39.34572575231768" lon="22.07568772488513">
    <ele>107.4</ele>
   </trkpt>
   <trkpt lat="39.346172169721875" lon="22.074704624708286">
    <ele>107.32000000000001</ele>
   </trkpt>
   <trkpt lat="39.34661857885549" lon="22.073721511971932">
    <ele>107.21000000000001</ele>
   </trkpt>
   <trkpt lat="39.347064979718304" lon="22.07273838667594">
    <ele>107.28000000000002</ele>
   </trkpt>
   <trkpt lat="39.34751137231009" lon="22.071755248820192">
    <ele>107.35000000000001</ele>
   </trkpt>
   <trkpt lat="39.34795775663059" lon="22.070772098404557">
    <ele>107.38</ele>
   </trkpt>
   <trkpt lat="39.34840413267958" lon="22.0697889354289">
    <ele>107.48</ele>
   </trkpt>
   <trkpt lat="39.348850500456805" lon="22.068805759893102">
    <ele>107.28000000000002</ele>
   </trkpt>
   <trkpt lat="39.34929685996206" lon="22.06782257179703">
    <ele>107.33000000000001</ele>
   </trkpt>
   <trkpt lat="39.34974321119508" lon="22.066839371140567">
    <ele>107.42000000000002</ele>
   </trkpt>
   <trkpt lat="39.35018955415564" lon="22.065856157923573">
    <ele>107.63</ele>
   </trkpt>
   <trkpt lat="39.35063588884349" lon="22.064872932145928">
    <ele>107.51</ele>
   </trkpt>
   <trkpt lat="39.35108221525841" lon="22.063889693807504">
    <ele>107.55000000000001</ele>
   </trkpt>
   <trkpt lat="39.351528533400156" lon="22.06290644290817">
    <ele>107.62</ele>
   </trkpt>
   <trkpt lat="39.35197484326849" lon="22.061923179447806">
    <ele>107.88</ele>
   </trkpt>
   <trkpt lat="39.35242114486317" lon="22.06093990342628">
    <ele>108.55000000000001</ele>
   </trkpt>
   <trkpt lat="39.35286743818398" lon="22.059956614843465">
    <ele>108.61000000000001</ele>
   </trkpt>
   <trkpt lat="39.35331372323065" lon="22.058973313699234">
    <ele>108.51</ele>
   </trkpt>
   <trkpt lat="39.35376" lon="22.05799">
    <ele>108.72000000000001</ele>
   </trkpt>
   <trkpt lat="39.35399000161759" lon="22.057380001940647">
    <ele>108.59</ele>
   </trkpt>
   <trkpt lat="39.354220000000005" lon="22.05677">
    <ele>108.19000000000001</ele>
   </trkpt>
   <trkpt lat="39.3545328810152" lon="22.055805740193414">
    <ele>107.33000000000001</ele>
   </trkpt>
   <trkpt lat="39.35484575407338" lon="22.05484147175041">
    <ele>106.7</ele>
   </trkpt>
   <trkpt lat="39.35515861917435" lon="22.053877194671024">
    <ele>106.46000000000001</ele>
   </trkpt>
   <trkpt lat="39.355471476317966" lon="22.052912908955314">
    <ele>106.60000000000001</ele>
   </trkpt>
   <trkpt lat="39.355784325504054" lon="22.051948614603315">
    <ele>107.08000000000001</ele>
   </trkpt>
   <trkpt lat="39.35609716673246" lon="22.05098431161508">
    <ele>107.10000000000001</ele>
   </trkpt>
   <trkpt lat="39.356410000000004" lon="22.050020000000004">
    <ele>106.97000000000001</ele>
   </trkpt>
   <trkpt lat="39.3566" lon="22.049460000000003">
    <ele>106.8</ele>
   </trkpt>
   <trkpt lat="39.35701" lon="22.048450000000003">
    <ele>106.92000000000002</ele>
   </trkpt>
   <trkpt lat="39.357458895268586" lon="22.047486948532615">
    <ele>106.89000000000001</ele>
   </trkpt>
   <trkpt lat="39.357907782599874" lon="22.046523884688586">
    <ele>106.72000000000001</ele>
   </trkpt>
   <trkpt lat="39.358356661993625" lon="22.04556080846778">
    <ele>106.47000000000001</ele>
   </trkpt>
   <trkpt lat="39.35880553344962" lon="22.044597719870044">
    <ele>106.32000000000001</ele>
   </trkpt>
   <trkpt lat="39.35925439696762" lon="22.043634618895254">
    <ele>106.00000000000001</ele>
   </trkpt>
   <trkpt lat="39.359703252547405" lon="22.04267150554327">
    <ele>105.50000000000001</ele>
   </trkpt>
   <trkpt lat="39.36015210018875" lon="22.04170837981395">
    <ele>105.01</ele>
   </trkpt>
   <trkpt lat="39.36060093989142" lon="22.040745241707157">
    <ele>105.12</ele>
   </trkpt>
   <trkpt lat="39.36104977165518" lon="22.039782091222758">
    <ele>104.89000000000001</ele>
   </trkpt>
   <trkpt lat="39.361498595479816" lon="22.03881892836061">
    <ele>104.95000000000002</ele>
   </trkpt>
   <trkpt lat="39.36194741136508" lon="22.037855753120574">
    <ele>104.86000000000001</ele>
   </trkpt>
   <trkpt lat="39.36239621931076" lon="22.036892565502516">
    <ele>104.49000000000001</ele>
   </trkpt>
   <trkpt lat="39.362845019316616" lon="22.0359293655063">
    <ele>104.43</ele>
   </trkpt>
   <trkpt lat="39.36329381138243" lon="22.03496615313178">
    <ele>104.28000000000002</ele>
   </trkpt>
   <trkpt lat="39.363742595507965" lon="22.034002928378825">
    <ele>104.20000000000002</ele>
   </trkpt>
   <trkpt lat="39.36419137169299" lon="22.0330396912473">
    <ele>104.02000000000001</ele>
   </trkpt>
   <trkpt lat="39.36464013993727" lon="22.03207644173706">
    <ele>103.85000000000001</ele>
   </trkpt>
   <trkpt lat="39.36508890024061" lon="22.03111317984797">
    <ele>103.9</ele>
   </trkpt>
   <trkpt lat="39.36553765260275" lon="22.03014990557989">
    <ele>103.96000000000001</ele>
   </trkpt>
   <trkpt lat="39.365986397023455" lon="22.029186618932687">
    <ele>103.81000000000002</ele>
   </trkpt>
   <trkpt lat="39.36643513350253" lon="22.02822331990622">
    <ele>103.85000000000001</ele>
   </trkpt>
   <trkpt lat="39.36688386203971" lon="22.027260008500352">
    <ele>103.82000000000001</ele>
   </trkpt>
   <trkpt lat="39.36733258263477" lon="22.026296684714946">
    <ele>103.70000000000002</ele>
   </trkpt>
   <trkpt lat="39.36778129528752" lon="22.025333348549864">
    <ele>103.84</ele>
   </trkpt>
   <trkpt lat="39.368230000000004" lon="22.02437">
    <ele>104.09</ele>
   </trkpt>
   <trkpt lat="39.36849000132531" lon="22.023810002120925">
    <ele>104.28000000000002</ele>
   </trkpt>
   <trkpt lat="39.368750000000006" lon="22.02325">
    <ele>104.54</ele>
   </trkpt>
   <trkpt lat="39.36896" lon="22.02289">
    <ele>104.54</ele>
   </trkpt>
   <trkpt lat="39.36943" lon="22.021900000000002">
    <ele>104.03000000000002</ele>
   </trkpt>
   <trkpt lat="39.36963" lon="22.02157">
    <ele>104.03000000000002</ele>
   </trkpt>
   <trkpt lat="39.36984" lon="22.02128">
    <ele>103.8</ele>
   </trkpt>
   <trkpt lat="39.370090000000005" lon="22.02101">
    <ele>103.69</ele>
   </trkpt>
   <trkpt lat="39.370270000000005" lon="22.020850000000003">
    <ele>103.69</ele>
   </trkpt>
   <trkpt lat="39.37059" lon="22.020650000000003">
    <ele>103.60000000000001</ele>
   </trkpt>
   <trkpt lat="39.370990000000006" lon="22.020490000000002">
    <ele>103.62</ele>
   </trkpt>
   <trkpt lat="39.3712" lon="22.02044">
    <ele>103.89000000000001</ele>
   </trkpt>
   <trkpt lat="39.37158" lon="22.02042">
    <ele>104.09</ele>
   </trkpt>
   <trkpt lat="39.37214999987401" lon="22.020469999579834">
    <ele>104.45000000000002</ele>
   </trkpt>
   <trkpt lat="39.37272" lon="22.02052">
    <ele>104.55</ele>
   </trkpt>
   <trkpt lat="39.372890000000005" lon="22.02051">
    <ele>104.52</ele>
   </trkpt>
   <trkpt lat="39.37328" lon="22.02044">
    <ele>104.19</ele>
   </trkpt>
   <trkpt lat="39.37368" lon="22.02026">
    <ele>104.0</ele>
   </trkpt>
   <trkpt lat="39.373990000000006" lon="22.02006">
    <ele>103.69</ele>
   </trkpt>
   <trkpt lat="39.374720001584755" lon="22.01948500587847">
    <ele>103.02000000000001</ele>
   </trkpt>
   <trkpt lat="39.37545" lon="22.01891">
    <ele>103.69</ele>
   </trkpt>
   <trkpt lat="39.37554" lon="22.018880000000003">
    <ele>103.69</ele>
   </trkpt>
   <trkpt lat="39.37579" lon="22.018890000000003">
    <ele>103.76</ele>
   </trkpt>
   <trkpt lat="39.375930000000004" lon="22.01883">
    <ele>103.81000000000002</ele>
   </trkpt>
   <trkpt lat="39.376020000000004" lon="22.018720000000002">
    <ele>103.81000000000002</ele>
   </trkpt>
   <trkpt lat="39.37606" lon="22.018620000000002">
    <ele>103.84</ele>
   </trkpt>
   <trkpt lat="39.376070000000006" lon="22.018500000000003">
    <ele>103.84</ele>
   </trkpt>
   <trkpt lat="39.376070000000006" lon="22.01837">
    <ele>103.79</ele>
   </trkpt>
   <trkpt lat="39.376020000000004" lon="22.018250000000002">
    <ele>103.8</ele>
   </trkpt>
   <trkpt lat="39.375930000000004" lon="22.018130000000003">
    <ele>103.85000000000001</ele>
   </trkpt>
   <trkpt lat="39.375840000000004" lon="22.01808">
    <ele>103.87</ele>
   </trkpt>
   <trkpt lat="39.37576000000001" lon="22.01807">
    <ele>103.87</ele>
   </trkpt>
   <trkpt lat="39.3757" lon="22.018030000000003">
    <ele>103.84</ele>
   </trkpt>
   <trkpt lat="39.375620000000005" lon="22.017930000000003">
    <ele>103.84</ele>
   </trkpt>
   <trkpt lat="39.375330000000005" lon="22.01707">
    <ele>103.94</ele>
   </trkpt>
   <trkpt lat="39.375310000000006" lon="22.01688">
    <ele>103.86</ele>
   </trkpt>
   <trkpt lat="39.375350000000005" lon="22.01679">
    <ele>103.86</ele>
   </trkpt>
   <trkpt lat="39.37536" lon="22.0167">
    <ele>103.86</ele>
   </trkpt>
   <trkpt lat="39.37534" lon="22.01659">
    <ele>103.85000000000001</ele>
   </trkpt>
   <trkpt lat="39.37527" lon="22.0165">
    <ele>103.85000000000001</ele>
   </trkpt>
   <trkpt lat="39.37520000000001" lon="22.016460000000002">
    <ele>103.85000000000001</ele>
   </trkpt>
   <trkpt lat="39.375150000000005" lon="22.01638">
    <ele>103.85000000000001</ele>
   </trkpt>
   <trkpt lat="39.37511000000001" lon="22.016280000000002">
    <ele>103.85000000000001</ele>
   </trkpt>
   <trkpt lat="39.374942512525145" lon="22.015292492925624">
    <ele>103.74000000000001</ele>
   </trkpt>
   <trkpt lat="39.374775016703865" lon="22.01430499058943">
    <ele>103.35000000000001</ele>
   </trkpt>
   <trkpt lat="39.37460751253627" lon="22.013317492991607">
    <ele>103.31000000000002</ele>
   </trkpt>
   <trkpt lat="39.37444" lon="22.012330000000002">
    <ele>103.52000000000001</ele>
   </trkpt>
   <trkpt lat="39.374460000000006" lon="22.012200000000004">
    <ele>103.52000000000001</ele>
   </trkpt>
   <trkpt lat="39.37453" lon="22.012030000000003">
    <ele>103.52000000000001</ele>
   </trkpt>
   <trkpt lat="39.37453" lon="22.011960000000002">
    <ele>103.51</ele>
   </trkpt>
   <trkpt lat="39.374500000000005" lon="22.011860000000002">
    <ele>103.51</ele>
   </trkpt>
   <trkpt lat="39.374460000000006" lon="22.01182">
    <ele>103.51</ele>
   </trkpt>
   <trkpt lat="39.374390000000005" lon="22.011770000000002">
    <ele>103.51</ele>
   </trkpt>
   <trkpt lat="39.374320000000004" lon="22.011650000000003">
    <ele>103.48</ele>
   </trkpt>
   <trkpt lat="39.37427" lon="22.011470000000003">
    <ele>103.48</ele>
   </trkpt>
   <trkpt lat="39.37415751539027" lon="22.0103749946749">
    <ele>102.83</ele>
   </trkpt>
   <trkpt lat="39.37404502051812" lon="22.00927999287835">
    <ele>102.54</ele>
   </trkpt>
   <trkpt lat="39.37393251538362" lon="22.008184994610634">
    <ele>102.23</ele>
   </trkpt>
   <trkpt lat="39.37382" lon="22.00709">
    <ele>101.74000000000001</ele>
   </trkpt>
   <trkpt lat="39.37371500366164" lon="22.006164998609243">
    <ele>102.39</ele>
   </trkpt>
   <trkpt lat="39.373610000000006" lon="22.00524">
    <ele>102.99000000000001</ele>
   </trkpt>
   <trkpt lat="39.37362" lon="22.00505">
    <ele>102.99000000000001</ele>
   </trkpt>
   <trkpt lat="39.37369" lon="22.00487">
    <ele>102.52000000000001</ele>
   </trkpt>
   <trkpt lat="39.37370000000001" lon="22.00474">
    <ele>102.52000000000001</ele>
   </trkpt>
   <trkpt lat="39.37366" lon="22.004610000000003">
    <ele>102.29</ele>
   </trkpt>
   <trkpt lat="39.373610000000006" lon="22.00456">
    <ele>102.16000000000001</ele>
   </trkpt>
   <trkpt lat="39.373520000000006" lon="22.004340000000003">
    <ele>102.09000000000002</ele>
   </trkpt>
   <trkpt lat="39.373470000000005" lon="22.004080000000002">
    <ele>102.07000000000001</ele>
   </trkpt>
   <trkpt lat="39.373390001796054" lon="22.00342999915763">
    <ele>102.47</ele>
   </trkpt>
   <trkpt lat="39.373310000000004" lon="22.00278">
    <ele>102.39</ele>
   </trkpt>
   <trkpt lat="39.37317" lon="22.00233">
    <ele>102.37</ele>
   </trkpt>
   <trkpt lat="39.37303669302924" lon="22.001219989394176">
    <ele>102.14</ele>
   </trkpt>
   <trkpt lat="39.37290337551295" lon="22.00010998302719">
    <ele>102.09000000000002</ele>
   </trkpt>
   <trkpt lat="39.372770047451226" lon="21.998999980899338">
    <ele>102.17</ele>
   </trkpt>
   <trkpt lat="39.37263670884418" lon="21.99788998301092">
    <ele>102.14</ele>
   </trkpt>
   <trkpt lat="39.372503359691876" lon="21.996779989362235">
    <ele>102.31000000000002</ele>
   </trkpt>
   <trkpt lat="39.372370000000004" lon="21.99567">
    <ele>102.60000000000001</ele>
   </trkpt>
   <trkpt lat="39.37226000570599" lon="21.994853330743364">
    <ele>102.74000000000001</ele>
   </trkpt>
   <trkpt lat="39.372150005703716" lon="21.994036664059873">
    <ele>102.84000000000002</ele>
   </trkpt>
   <trkpt lat="39.372040000000005" lon="21.99322">
    <ele>102.86</ele>
   </trkpt>
   <trkpt lat="39.3718770441775" lon="21.99214897749577">
    <ele>102.93</ele>
   </trkpt>
   <trkpt lat="39.37171407853737" lon="21.991077959990882">
    <ele>102.83</ele>
   </trkpt>
   <trkpt lat="39.3715511030797" lon="21.990006947485586">
    <ele>102.95000000000002</ele>
   </trkpt>
   <trkpt lat="39.37138811780459" lon="21.988935939980124">
    <ele>103.0</ele>
   </trkpt>
   <trkpt lat="39.37122512271215" lon="21.987864937474754">
    <ele>102.93</ele>
   </trkpt>
   <trkpt lat="39.37106211780249" lon="21.986793939969726">
    <ele>102.9</ele>
   </trkpt>
   <trkpt lat="39.370899103075686" lon="21.98572294746528">
    <ele>102.84000000000002</ele>
   </trkpt>
   <trkpt lat="39.370736078531884" lon="21.98465195996167">
    <ele>102.59000000000002</ele>
   </trkpt>
   <trkpt lat="39.370573044171145" lon="21.983580977459145">
    <ele>102.68</ele>
   </trkpt>
   <trkpt lat="39.37041" lon="21.98251">
    <ele>102.59000000000002</ele>
   </trkpt>
   <trkpt lat="39.37023000512585" lon="21.981414997145688">
    <ele>102.67000000000002</ele>
   </trkpt>
   <trkpt lat="39.370050000000006" lon="21.980320000000003">
    <ele>102.76</ele>
   </trkpt>
   <trkpt lat="39.3699550021729" lon="21.979604998915754">
    <ele>102.92000000000002</ele>
   </trkpt>
   <trkpt lat="39.36986" lon="21.978890000000003">
    <ele>102.94</ele>
   </trkpt>
   <trkpt lat="39.36975000164466" lon="21.97826999902157">
    <ele>103.15</ele>
   </trkpt>
   <trkpt lat="39.369640000000004" lon="21.97765">
    <ele>103.22</ele>
   </trkpt>
   <trkpt lat="39.369480035851" lon="21.976626647909114">
    <ele>103.32000000000001</ele>
   </trkpt>
   <trkpt lat="39.369320062738986" lon="21.975603300506947">
    <ele>103.48</ele>
   </trkpt>
   <trkpt lat="39.369160080664095" lon="21.97457995779372">
    <ele>103.62</ele>
   </trkpt>
   <trkpt lat="39.36900008962638" lon="21.97355661976963">
    <ele>103.79</ele>
   </trkpt>
   <trkpt lat="39.36884008962598" lon="21.97253328643491">
    <ele>103.98</ele>
   </trkpt>
   <trkpt lat="39.36868008066294" lon="21.971509957789767">
    <ele>104.08</ele>
   </trkpt>
   <trkpt lat="39.36852006273739" lon="21.97048663383441">
    <ele>104.42000000000002</ele>
   </trkpt>
   <trkpt lat="39.36836003584939" lon="21.969463314569058">
    <ele>104.51</ele>
   </trkpt>
   <trkpt lat="39.3682" lon="21.96844">
    <ele>104.33</ele>
   </trkpt>
   <trkpt lat="39.36804001233162" lon="21.96745999327714">
    <ele>103.91</ele>
   </trkpt>
   <trkpt lat="39.36788001644353" lon="21.966479991044807">
    <ele>103.78000000000002</ele>
   </trkpt>
   <trkpt lat="39.36772001233583" lon="21.96549999330321">
    <ele>103.53000000000002</ele>
   </trkpt>
   <trkpt lat="39.367560000000005" lon="21.96452">
    <ele>103.38000000000001</ele>
   </trkpt>
   <trkpt lat="39.36738201967219" lon="21.963447989079715">
    <ele>103.4</ele>
   </trkpt>
   <trkpt lat="39.36720402950893" lon="21.962375983623865">
    <ele>103.64000000000001</ele>
   </trkpt>
   <trkpt lat="39.36702602951032" lon="21.961303983632682">
    <ele>104.15</ele>
   </trkpt>
   <trkpt lat="39.36684801967649" lon="21.960231989106404">
    <ele>104.43</ele>
   </trkpt>
   <trkpt lat="39.366670000000006" lon="21.95916">
    <ele>104.74000000000001</ele>
   </trkpt>
   <trkpt lat="39.36655500161565" lon="21.95853499866681">
    <ele>104.91</ele>
   </trkpt>
   <trkpt lat="39.366440000000004" lon="21.957910000000002">
    <ele>105.01</ele>
   </trkpt>
   <trkpt lat="39.36629501011852" lon="21.95702249451374">
    <ele>105.38000000000001</ele>
   </trkpt>
   <trkpt lat="39.366150013495854" lon="21.95613499271271">
    <ele>105.66</ele>
   </trkpt>
   <trkpt lat="39.366005010132085" lon="21.955247494597035">
    <ele>106.19</ele>
   </trkpt>
   <trkpt lat="39.365860000000005" lon="21.95436">
    <ele>106.68</ele>
   </trkpt>
   <trkpt lat="39.36571" lon="21.953560000000003">
    <ele>107.00000000000001</ele>
   </trkpt>
   <trkpt lat="39.365513340103135" lon="21.952669994945342">
    <ele>106.96000000000001</ele>
   </trkpt>
   <trkpt lat="39.36531667342712" lon="21.951779994903113">
    <ele>106.94000000000001</ele>
   </trkpt>
   <trkpt lat="39.365120000000005" lon="21.95089">
    <ele>106.64000000000001</ele>
   </trkpt>
   <trkpt lat="39.364980001330956" lon="21.950324998725915">
    <ele>106.36000000000001</ele>
   </trkpt>
   <trkpt lat="39.36484" lon="21.94976">
    <ele>106.18</ele>
   </trkpt>
   <trkpt lat="39.36473" lon="21.949170000000002">
    <ele>106.08000000000001</ele>
   </trkpt>
   <trkpt lat="39.36462" lon="21.94845">
    <ele>106.07000000000001</ele>
   </trkpt>
   <trkpt lat="39.36457" lon="21.94788">
    <ele>106.04</ele>
   </trkpt>
   <trkpt lat="39.36454334223529" lon="21.946859999139">
    <ele>106.23</ele>
   </trkpt>
   <trkpt lat="39.36451667556648" lon="21.945839999056776">
    <ele>106.54</ele>
   </trkpt>
   <trkpt lat="39.36449" lon="21.944820000000004">
    <ele>106.98</ele>
   </trkpt>
   <trkpt lat="39.364565005241936" lon="21.943715000936695">
    <ele>108.33000000000001</ele>
   </trkpt>
   <trkpt lat="39.36464" lon="21.942610000000002">
    <ele>108.47000000000001</ele>
   </trkpt>
   <trkpt lat="39.36464" lon="21.941550000000003">
    <ele>107.89000000000001</ele>
   </trkpt>
   <trkpt lat="39.36462" lon="21.94096">
    <ele>107.35000000000001</ele>
   </trkpt>
   <trkpt lat="39.36450601473708" lon="21.940031993912125">
    <ele>107.2</ele>
   </trkpt>
   <trkpt lat="39.36439202210378" lon="21.939103990853468">
    <ele>107.18</ele>
   </trkpt>
   <trkpt lat="39.36427802210015" lon="21.938175990824213">
    <ele>107.11000000000001</ele>
   </trkpt>
   <trkpt lat="39.364164014726256" lon="21.93724799382452">
    <ele>107.25000000000001</ele>
   </trkpt>
   <trkpt lat="39.364050000000006" lon="21.936320000000002">
    <ele>107.27</ele>
   </trkpt>
   <trkpt lat="39.363890000000005" lon="21.93523">
    <ele>107.50000000000001</ele>
   </trkpt>
   <trkpt lat="39.3637" lon="21.93411">
    <ele>107.42000000000002</ele>
   </trkpt>
   <trkpt lat="39.36358000330483" lon="21.933229998422558">
    <ele>107.38</ele>
   </trkpt>
   <trkpt lat="39.36346" lon="21.932350000000003">
    <ele>107.37</ele>
   </trkpt>
   <trkpt lat="39.36341" lon="21.93165">
    <ele>107.33000000000001</ele>
   </trkpt>
   <trkpt lat="39.36359667528795" lon="21.93064667199834">
    <ele>107.61000000000001</ele>
   </trkpt>
   <trkpt lat="39.36378334196051" lon="21.92964333863346">
    <ele>107.79</ele>
   </trkpt>
   <trkpt lat="39.36397" lon="21.92864">
    <ele>107.77</ele>
   </trkpt>
   <trkpt lat="39.364670000000004" lon="21.92885">
    <ele>107.77</ele>
   </trkpt>
  </trkseg>
 </trk>
</gpx>
