<?xml version="1.0" encoding="UTF-8"?>
<gpx creator="StravaGPX" version="1.1" xmlns="http://www.topografix.com/GPX/1/1" xmlns:xsi="http://www.w3.org/2001/XMLSchema-instance" xsi:schemaLocation="http://www.topografix.com/GPX/1/1 http://www.topografix.com/GPX/1/1/gpx.xsd">
 <metadata>
  <name>COP31 GR Day 1</name>
  <author>
   <name>Agis Tsakmakis 🇬🇷</name>
   <link href="https://www.strava.com/athletes/74715064"/>
  </author>
  <copyright author="OpenStreetMap contributors">
   <year>2020</year>
   <license>https://www.openstreetmap.org/copyright</license>
  </copyright>
  <link href="https://www.strava.com/routes/3537838401254373720"/>
 </metadata>
 <wpt lat="37.99894" lon="23.80172">
  <name>Δημ. Παπάγου-Χολαργού</name>
  <desc></desc>
  <sym>Distance Marker</sym>
  <type>Distance Marker</type>
 </wpt>
 <wpt lat="38.09902" lon="23.79812">
  <name>Πλατεία Αδαμών</name>
  <desc></desc>
  <sym>Distance Marker</sym>
  <type>Distance Marker</type>
 </wpt>
 <wpt lat="38.65276" lon="22.99932">
  <name>Δημ. Λοκρών (Αταλάντη)</name>
  <desc></desc>
  <sym>Distance Marker</sym>
  <type>Distance Marker</type>
 </wpt>
 <trk>
  <name>COP31 GR Day 1</name>
  <link href="https://www.strava.com/routes/3537838401254373720"/>
  <type>cycling</type>
  <trkseg>
   <trkpt lat="37.97567" lon="23.733990000000002">
    <ele>96.26</ele>
   </trkpt>
   <trkpt lat="37.975530000000006" lon="23.733980000000003">
    <ele>96.26</ele>
   </trkpt>
   <trkpt lat="37.975210000000004" lon="23.733990000000002">
    <ele>95.31</ele>
   </trkpt>
   <trkpt lat="37.97504" lon="23.734090000000002">
    <ele>95.29</ele>
   </trkpt>
   <trkpt lat="37.97494500229612" lon="23.734830001127282">
    <ele>98.83</ele>
   </trkpt>
   <trkpt lat="37.97485" lon="23.735570000000003">
    <ele>102.82000000000001</ele>
   </trkpt>
   <trkpt lat="37.9753400001787" lon="23.735664999393048">
    <ele>103.51</ele>
   </trkpt>
   <trkpt lat="37.97583" lon="23.735760000000003">
    <ele>103.88000000000001</ele>
   </trkpt>
   <trkpt lat="37.976000000000006" lon="23.735860000000002">
    <ele>103.45000000000002</ele>
   </trkpt>
   <trkpt lat="37.97608" lon="23.735930000000003">
    <ele>103.70000000000002</ele>
   </trkpt>
   <trkpt lat="37.97607" lon="23.735960000000002">
    <ele>103.48</ele>
   </trkpt>
   <trkpt lat="37.976090000000006" lon="23.736020000000003">
    <ele>103.48</ele>
   </trkpt>
   <trkpt lat="37.976090000000006" lon="23.7361">
    <ele>103.92000000000002</ele>
   </trkpt>
   <trkpt lat="37.976005002067744" lon="23.736795000615306">
    <ele>106.13</ele>
   </trkpt>
   <trkpt lat="37.97592" lon="23.73749">
    <ele>108.49</ele>
   </trkpt>
   <trkpt lat="37.97579334123743" lon="23.73845667005332">
    <ele>111.63000000000001</ele>
   </trkpt>
   <trkpt lat="37.97566667456415" lon="23.73942333677034">
    <ele>113.24000000000001</ele>
   </trkpt>
   <trkpt lat="37.97554" lon="23.74039">
    <ele>112.93</ele>
   </trkpt>
   <trkpt lat="37.975640000000006" lon="23.74041">
    <ele>113.73</ele>
   </trkpt>
   <trkpt lat="37.9755400053728" lon="23.741206668838654">
    <ele>112.79</ele>
   </trkpt>
   <trkpt lat="37.97544000537263" lon="23.742003335506606">
    <ele>112.33000000000001</ele>
   </trkpt>
   <trkpt lat="37.97534" lon="23.742800000000003">
    <ele>111.80000000000001</ele>
   </trkpt>
   <trkpt lat="37.97534" lon="23.74302">
    <ele>111.74000000000001</ele>
   </trkpt>
   <trkpt lat="37.97536" lon="23.743150000000004">
    <ele>111.74000000000001</ele>
   </trkpt>
   <trkpt lat="37.97554333888943" lon="23.743959995961628">
    <ele>111.99000000000001</ele>
   </trkpt>
   <trkpt lat="37.975726672224596" lon="23.744769995969637">
    <ele>112.41000000000001</ele>
   </trkpt>
   <trkpt lat="37.975910000000006" lon="23.74558">
    <ele>112.88000000000001</ele>
   </trkpt>
   <trkpt lat="37.975910000000006" lon="23.745810000000002">
    <ele>113.05000000000001</ele>
   </trkpt>
   <trkpt lat="37.97611000615845" lon="23.74666332865705">
    <ele>113.83000000000001</ele>
   </trkpt>
   <trkpt lat="37.976310006152424" lon="23.747516661964582">
    <ele>114.40000000000002</ele>
   </trkpt>
   <trkpt lat="37.976510000000005" lon="23.74837">
    <ele>115.76000000000002</ele>
   </trkpt>
   <trkpt lat="37.97648" lon="23.748700000000003">
    <ele>115.86</ele>
   </trkpt>
   <trkpt lat="37.97634" lon="23.74913">
    <ele>115.76000000000002</ele>
   </trkpt>
   <trkpt lat="37.97617" lon="23.749370000000003">
    <ele>115.63000000000001</ele>
   </trkpt>
   <trkpt lat="37.97659500183843" lon="23.75001499638273">
    <ele>117.36</ele>
   </trkpt>
   <trkpt lat="37.97702" lon="23.750660000000003">
    <ele>118.45000000000002</ele>
   </trkpt>
   <trkpt lat="37.97748500164937" lon="23.75129499589846">
    <ele>119.55</ele>
   </trkpt>
   <trkpt lat="37.97795" lon="23.75193">
    <ele>120.79</ele>
   </trkpt>
   <trkpt lat="37.97860000224836" lon="23.752649993683086">
    <ele>122.27</ele>
   </trkpt>
   <trkpt lat="37.97925" lon="23.75337">
    <ele>123.75000000000001</ele>
   </trkpt>
   <trkpt lat="37.979800000000004" lon="23.754040000000003">
    <ele>125.42</ele>
   </trkpt>
   <trkpt lat="37.980140000000006" lon="23.7544">
    <ele>126.21000000000001</ele>
   </trkpt>
   <trkpt lat="37.98057500059044" lon="23.75479499759505">
    <ele>127.81</ele>
   </trkpt>
   <trkpt lat="37.981010000000005" lon="23.755190000000002">
    <ele>128.85000000000002</ele>
   </trkpt>
   <trkpt lat="37.981555001226205" lon="23.75574499579909">
    <ele>130.12</ele>
   </trkpt>
   <trkpt lat="37.9821" lon="23.756300000000003">
    <ele>131.24</ele>
   </trkpt>
   <trkpt lat="37.98236" lon="23.75663">
    <ele>133.01000000000002</ele>
   </trkpt>
   <trkpt lat="37.98259" lon="23.756990000000002">
    <ele>133.01000000000002</ele>
   </trkpt>
   <trkpt lat="37.98295000196182" lon="23.757674996592893">
    <ele>134.5</ele>
   </trkpt>
   <trkpt lat="37.98331" lon="23.758360000000003">
    <ele>135.13</ele>
   </trkpt>
   <trkpt lat="37.98370500100541" lon="23.758829997553622">
    <ele>135.98000000000002</ele>
   </trkpt>
   <trkpt lat="37.984100000000005" lon="23.759300000000003">
    <ele>136.53</ele>
   </trkpt>
   <trkpt lat="37.98471" lon="23.759980000000002">
    <ele>138.01000000000002</ele>
   </trkpt>
   <trkpt lat="37.98499" lon="23.76084">
    <ele>140.44</ele>
   </trkpt>
   <trkpt lat="37.98519" lon="23.76123">
    <ele>141.39000000000001</ele>
   </trkpt>
   <trkpt lat="37.985510002841984" lon="23.762054996300865">
    <ele>141.94</ele>
   </trkpt>
   <trkpt lat="37.98583" lon="23.762880000000003">
    <ele>142.47</ele>
   </trkpt>
   <trkpt lat="37.98601" lon="23.763430000000003">
    <ele>142.62000000000003</ele>
   </trkpt>
   <trkpt lat="37.98602" lon="23.76359">
    <ele>142.58</ele>
   </trkpt>
   <trkpt lat="37.986000000000004" lon="23.76376">
    <ele>142.58</ele>
   </trkpt>
   <trkpt lat="37.98586500179921" lon="23.76440500100468">
    <ele>142.82</ele>
   </trkpt>
   <trkpt lat="37.985730000000004" lon="23.765050000000002">
    <ele>142.58</ele>
   </trkpt>
   <trkpt lat="37.98637" lon="23.765620000000002">
    <ele>143.24</ele>
   </trkpt>
   <trkpt lat="37.98641000000001" lon="23.765700000000002">
    <ele>143.24</ele>
   </trkpt>
   <trkpt lat="37.98673" lon="23.766080000000002">
    <ele>144.32</ele>
   </trkpt>
   <trkpt lat="37.98720500124758" lon="23.76661499657679">
    <ele>145.58</ele>
   </trkpt>
   <trkpt lat="37.987680000000005" lon="23.76715">
    <ele>146.65</ele>
   </trkpt>
   <trkpt lat="37.987790000000004" lon="23.76724">
    <ele>146.77</ele>
   </trkpt>
   <trkpt lat="37.98787" lon="23.767270000000003">
    <ele>146.77</ele>
   </trkpt>
   <trkpt lat="37.988170000000004" lon="23.76732">
    <ele>147.03000000000003</ele>
   </trkpt>
   <trkpt lat="37.98828" lon="23.767380000000003">
    <ele>147.27</ele>
   </trkpt>
   <trkpt lat="37.98834" lon="23.767470000000003">
    <ele>147.27</ele>
   </trkpt>
   <trkpt lat="37.98882000344109" lon="23.768364994237782">
    <ele>148.32</ele>
   </trkpt>
   <trkpt lat="37.9893" lon="23.769260000000003">
    <ele>150.71</ele>
   </trkpt>
   <trkpt lat="37.989560000000004" lon="23.769640000000003">
    <ele>151.77</ele>
   </trkpt>
   <trkpt lat="37.989900000000006" lon="23.770100000000003">
    <ele>153.46</ele>
   </trkpt>
   <trkpt lat="37.990400001562534" lon="23.770709995826966">
    <ele>154.54000000000002</ele>
   </trkpt>
   <trkpt lat="37.9909" lon="23.771320000000003">
    <ele>154.67</ele>
   </trkpt>
   <trkpt lat="37.991200001614565" lon="23.771929997585342">
    <ele>155.17</ele>
   </trkpt>
   <trkpt lat="37.9915" lon="23.772540000000003">
    <ele>156.52</ele>
   </trkpt>
   <trkpt lat="37.99179" lon="23.77324">
    <ele>157.88000000000002</ele>
   </trkpt>
   <trkpt lat="37.991980000000005" lon="23.773770000000003">
    <ele>159.13000000000002</ele>
   </trkpt>
   <trkpt lat="37.99201" lon="23.7742">
    <ele>159.76000000000002</ele>
   </trkpt>
   <trkpt lat="37.99212" lon="23.77455">
    <ele>161.20000000000002</ele>
   </trkpt>
   <trkpt lat="37.99241" lon="23.77511">
    <ele>162.59</ele>
   </trkpt>
   <trkpt lat="37.99273" lon="23.775650000000002">
    <ele>163.84</ele>
   </trkpt>
   <trkpt lat="37.99284" lon="23.77586">
    <ele>164.31</ele>
   </trkpt>
   <trkpt lat="37.99314500089924" lon="23.77630499823858">
    <ele>164.23000000000002</ele>
   </trkpt>
   <trkpt lat="37.99345" lon="23.776750000000003">
    <ele>164.22</ele>
   </trkpt>
   <trkpt lat="37.99394" lon="23.77739">
    <ele>164.76000000000002</ele>
   </trkpt>
   <trkpt lat="37.99438" lon="23.777880000000003">
    <ele>166.66</ele>
   </trkpt>
   <trkpt lat="37.994730000000004" lon="23.778180000000003">
    <ele>167.42000000000002</ele>
   </trkpt>
   <trkpt lat="37.995180000000005" lon="23.77889">
    <ele>169.69</ele>
   </trkpt>
   <trkpt lat="37.9956100044471" lon="23.779609991654606">
    <ele>172.14000000000001</ele>
   </trkpt>
   <trkpt lat="37.99604000450492" lon="23.780329991751287">
    <ele>174.41</ele>
   </trkpt>
   <trkpt lat="37.99647" lon="23.78105">
    <ele>176.36</ele>
   </trkpt>
   <trkpt lat="37.99678" lon="23.78149">
    <ele>177.20000000000002</ele>
   </trkpt>
   <trkpt lat="37.997330000000005" lon="23.78227">
    <ele>178.92000000000002</ele>
   </trkpt>
   <trkpt lat="37.997840000000004" lon="23.782940000000004">
    <ele>181.33</ele>
   </trkpt>
   <trkpt lat="37.99827333566545" lon="23.783469993680207">
    <ele>183.2</ele>
   </trkpt>
   <trkpt lat="37.998706668952465" lon="23.783999993623475">
    <ele>185.05</ele>
   </trkpt>
   <trkpt lat="37.999140000000004" lon="23.78453">
    <ele>186.16000000000003</ele>
   </trkpt>
   <trkpt lat="37.999585001743235" lon="23.785149996399223">
    <ele>187.53</ele>
   </trkpt>
   <trkpt lat="38.00003" lon="23.785770000000003">
    <ele>188.22000000000003</ele>
   </trkpt>
   <trkpt lat="38.000465002416064" lon="23.786529995440606">
    <ele>188.84</ele>
   </trkpt>
   <trkpt lat="38.0009" lon="23.787290000000002">
    <ele>189.57000000000002</ele>
   </trkpt>
   <trkpt lat="38.00103" lon="23.787550000000003">
    <ele>189.19000000000003</ele>
   </trkpt>
   <trkpt lat="38.00097" lon="23.787640000000003">
    <ele>189.26000000000002</ele>
   </trkpt>
   <trkpt lat="38.001245008221396" lon="23.788444990916194">
    <ele>190.04000000000002</ele>
   </trkpt>
   <trkpt lat="38.0015200109557" lon="23.789249987870065">
    <ele>190.56</ele>
   </trkpt>
   <trkpt lat="38.00179500820284" lon="23.790054990861613">
    <ele>191.07000000000002</ele>
   </trkpt>
   <trkpt lat="38.00207" lon="23.790860000000002">
    <ele>191.26000000000002</ele>
   </trkpt>
   <trkpt lat="38.00233" lon="23.79144">
    <ele>191.60000000000002</ele>
   </trkpt>
   <trkpt lat="38.00245" lon="23.791680000000003">
    <ele>191.56</ele>
   </trkpt>
   <trkpt lat="38.0026" lon="23.79192">
    <ele>191.5</ele>
   </trkpt>
   <trkpt lat="38.003080001676985" lon="23.79254499593888">
    <ele>191.38000000000002</ele>
   </trkpt>
   <trkpt lat="38.00356" lon="23.793170000000003">
    <ele>191.92000000000002</ele>
   </trkpt>
   <trkpt lat="38.00292779751249" lon="23.793933385983934">
    <ele>196.91000000000003</ele>
   </trkpt>
   <trkpt lat="38.00229559009047" lon="23.794696758804665">
    <ele>199.72</ele>
   </trkpt>
   <trkpt lat="38.00166337773414" lon="23.795460118462632">
    <ele>202.98000000000002</ele>
   </trkpt>
   <trkpt lat="38.001031160443695" lon="23.79622346495825">
    <ele>207.91</ele>
   </trkpt>
   <trkpt lat="38.000398938219355" lon="23.796986798291947">
    <ele>212.70000000000002</ele>
   </trkpt>
   <trkpt lat="37.99976671106128" lon="23.797750118464144">
    <ele>216.4</ele>
   </trkpt>
   <trkpt lat="37.999134478969715" lon="23.798513425475264">
    <ele>220.35000000000002</ele>
   </trkpt>
   <trkpt lat="37.99850224194481" lon="23.79927671932573">
    <ele>224.28</ele>
   </trkpt>
   <trkpt lat="37.997870000000006" lon="23.800040000000003">
    <ele>227.06</ele>
   </trkpt>
   <trkpt lat="37.99777" lon="23.80019">
    <ele>226.52</ele>
   </trkpt>
   <trkpt lat="37.998200000000004" lon="23.80076">
    <ele>223.82000000000002</ele>
   </trkpt>
   <trkpt lat="37.998920000000005" lon="23.8017">
    <ele>220.03000000000003</ele>
   </trkpt>
   <trkpt lat="37.99929500106128" lon="23.802189997552958">
    <ele>220.44000000000003</ele>
   </trkpt>
   <trkpt lat="37.99967" lon="23.802680000000002">
    <ele>218.69000000000003</ele>
   </trkpt>
   <trkpt lat="38.00020000097805" lon="23.803179996310593">
    <ele>214.24</ele>
   </trkpt>
   <trkpt lat="38.000730000000004" lon="23.803680000000004">
    <ele>211.32</ele>
   </trkpt>
   <trkpt lat="38.00097000203231" lon="23.804374997688694">
    <ele>211.23000000000002</ele>
   </trkpt>
   <trkpt lat="38.00121" lon="23.80507">
    <ele>211.58</ele>
   </trkpt>
   <trkpt lat="38.00186" lon="23.80459">
    <ele>209.40000000000003</ele>
   </trkpt>
   <trkpt lat="38.00242" lon="23.80423">
    <ele>207.83</ele>
   </trkpt>
   <trkpt lat="38.00321200250206" lon="23.803846016588224">
    <ele>205.49</ele>
   </trkpt>
   <trkpt lat="38.0040040037556" lon="23.803462024881558">
    <ele>203.02</ele>
   </trkpt>
   <trkpt lat="38.004796003760525" lon="23.803078024879596">
    <ele>201.4</ele>
   </trkpt>
   <trkpt lat="38.00558800251681" lon="23.80269401658194">
    <ele>199.92000000000002</ele>
   </trkpt>
   <trkpt lat="38.00638" lon="23.802310000000002">
    <ele>198.26000000000002</ele>
   </trkpt>
   <trkpt lat="38.00691000016123" lon="23.802060001855992">
    <ele>197.23000000000002</ele>
   </trkpt>
   <trkpt lat="38.00744" lon="23.801810000000003">
    <ele>195.96</ele>
   </trkpt>
   <trkpt lat="38.00762500120389" lon="23.80233999870434">
    <ele>196.34</ele>
   </trkpt>
   <trkpt lat="38.007810000000006" lon="23.802870000000002">
    <ele>197.25</ele>
   </trkpt>
   <trkpt lat="38.008345000397476" lon="23.80258500205124">
    <ele>196.48000000000002</ele>
   </trkpt>
   <trkpt lat="38.008880000000005" lon="23.802300000000002">
    <ele>195.35000000000002</ele>
   </trkpt>
   <trkpt lat="38.009130000000006" lon="23.802220000000002">
    <ele>194.63000000000002</ele>
   </trkpt>
   <trkpt lat="38.00929" lon="23.802190000000003">
    <ele>193.93</ele>
   </trkpt>
   <trkpt lat="38.00991499997294" lon="23.802199999914308">
    <ele>193.33</ele>
   </trkpt>
   <trkpt lat="38.010540000000006" lon="23.802210000000002">
    <ele>192.83</ele>
   </trkpt>
   <trkpt lat="38.01135000000322" lon="23.80225333237501">
    <ele>194.05</ele>
   </trkpt>
   <trkpt lat="38.01215999999052" lon="23.802296665707647">
    <ele>194.76000000000002</ele>
   </trkpt>
   <trkpt lat="38.01297" lon="23.80234">
    <ele>193.17000000000002</ele>
   </trkpt>
   <trkpt lat="38.01308" lon="23.80232">
    <ele>191.83</ele>
   </trkpt>
   <trkpt lat="38.01357" lon="23.802130000000002">
    <ele>187.97000000000003</ele>
   </trkpt>
   <trkpt lat="38.01328" lon="23.80142">
    <ele>187.58</ele>
   </trkpt>
   <trkpt lat="38.01323" lon="23.801240000000004">
    <ele>187.44000000000003</ele>
   </trkpt>
   <trkpt lat="38.01319" lon="23.80101">
    <ele>187.44000000000003</ele>
   </trkpt>
   <trkpt lat="38.01317" lon="23.800530000000002">
    <ele>187.17</ele>
   </trkpt>
   <trkpt lat="38.01391" lon="23.800610000000002">
    <ele>189.43</ele>
   </trkpt>
   <trkpt lat="38.0142" lon="23.80066">
    <ele>189.91000000000003</ele>
   </trkpt>
   <trkpt lat="38.01449" lon="23.800680000000003">
    <ele>190.25</ele>
   </trkpt>
   <trkpt lat="38.01493" lon="23.80065">
    <ele>191.25</ele>
   </trkpt>
   <trkpt lat="38.01552" lon="23.800590000000003">
    <ele>191.69000000000003</ele>
   </trkpt>
   <trkpt lat="38.01614499998288" lon="23.800629999657374">
    <ele>191.83</ele>
   </trkpt>
   <trkpt lat="38.01677" lon="23.80067">
    <ele>191.47000000000003</ele>
   </trkpt>
   <trkpt lat="38.01753" lon="23.80083">
    <ele>189.87</ele>
   </trkpt>
   <trkpt lat="38.01769" lon="23.800900000000002">
    <ele>190.75</ele>
   </trkpt>
   <trkpt lat="38.017576671738915" lon="23.800126664326566">
    <ele>188.61</ele>
   </trkpt>
   <trkpt lat="38.01746333841314" lon="23.799353331044827">
    <ele>186.92</ele>
   </trkpt>
   <trkpt lat="38.01735" lon="23.79858">
    <ele>185.89000000000001</ele>
   </trkpt>
   <trkpt lat="38.01733" lon="23.797950000000004">
    <ele>184.18</ele>
   </trkpt>
   <trkpt lat="38.01735" lon="23.797710000000002">
    <ele>183.85000000000002</ele>
   </trkpt>
   <trkpt lat="38.017410000000005" lon="23.79735">
    <ele>182.91000000000003</ele>
   </trkpt>
   <trkpt lat="38.017520000000005" lon="23.796960000000002">
    <ele>182.33</ele>
   </trkpt>
   <trkpt lat="38.017720000000004" lon="23.796450000000004">
    <ele>181.63000000000002</ele>
   </trkpt>
   <trkpt lat="38.017970000000005" lon="23.795990000000003">
    <ele>181.26</ele>
   </trkpt>
   <trkpt lat="38.018080000000005" lon="23.795830000000002">
    <ele>181.25000000000003</ele>
   </trkpt>
   <trkpt lat="38.0184" lon="23.79548">
    <ele>179.58</ele>
   </trkpt>
   <trkpt lat="38.018640000000005" lon="23.795260000000003">
    <ele>178.99</ele>
   </trkpt>
   <trkpt lat="38.01927750264979" lon="23.794802511945985">
    <ele>178.08</ele>
   </trkpt>
   <trkpt lat="38.01991500352706" lon="23.79434501593252">
    <ele>177.22</ele>
   </trkpt>
   <trkpt lat="38.02055250263174" lon="23.793887511959298">
    <ele>176.19</ele>
   </trkpt>
   <trkpt lat="38.021190000000004" lon="23.79343">
    <ele>175.74</ele>
   </trkpt>
   <trkpt lat="38.02156" lon="23.79316">
    <ele>175.34000000000003</ele>
   </trkpt>
   <trkpt lat="38.02179" lon="23.79295">
    <ele>175.34000000000003</ele>
   </trkpt>
   <trkpt lat="38.02199" lon="23.792720000000003">
    <ele>174.47</ele>
   </trkpt>
   <trkpt lat="38.02221" lon="23.7924">
    <ele>174.47</ele>
   </trkpt>
   <trkpt lat="38.022380000000005" lon="23.79213">
    <ele>174.12000000000003</ele>
   </trkpt>
   <trkpt lat="38.022793337410064" lon="23.79144000770996">
    <ele>173.21</ele>
   </trkpt>
   <trkpt lat="38.023206670788014" lon="23.790750007635573">
    <ele>170.27</ele>
   </trkpt>
   <trkpt lat="38.02362" lon="23.79006">
    <ele>165.23000000000002</ele>
   </trkpt>
   <trkpt lat="38.023790000000005" lon="23.789720000000003">
    <ele>164.08</ele>
   </trkpt>
   <trkpt lat="38.02389" lon="23.78948">
    <ele>164.03</ele>
   </trkpt>
   <trkpt lat="38.023920000000004" lon="23.78956">
    <ele>167.89000000000001</ele>
   </trkpt>
   <trkpt lat="38.023990000000005" lon="23.789610000000003">
    <ele>167.86</ele>
   </trkpt>
   <trkpt lat="38.02454000000441" lon="23.789649999699574">
    <ele>169.62</ele>
   </trkpt>
   <trkpt lat="38.025090000000006" lon="23.78969">
    <ele>169.19</ele>
   </trkpt>
   <trkpt lat="38.02541" lon="23.789700000000003">
    <ele>169.24</ele>
   </trkpt>
   <trkpt lat="38.02566" lon="23.78958">
    <ele>169.23000000000002</ele>
   </trkpt>
   <trkpt lat="38.02628" lon="23.789620000000003">
    <ele>169.07000000000002</ele>
   </trkpt>
   <trkpt lat="38.026680000000006" lon="23.78968">
    <ele>169.08</ele>
   </trkpt>
   <trkpt lat="38.027150000000006" lon="23.789880000000004">
    <ele>169.33</ele>
   </trkpt>
   <trkpt lat="38.0274" lon="23.79006">
    <ele>169.21000000000004</ele>
   </trkpt>
   <trkpt lat="38.02801000353535" lon="23.790587486823718">
    <ele>169.94</ele>
   </trkpt>
   <trkpt lat="38.02862000471409" lon="23.79111498243162">
    <ele>171.5</ele>
   </trkpt>
   <trkpt lat="38.02923000353613" lon="23.79164248682401">
    <ele>172.63</ele>
   </trkpt>
   <trkpt lat="38.02984" lon="23.792170000000002">
    <ele>174.66</ele>
   </trkpt>
   <trkpt lat="38.030235000631166" lon="23.792504998325885">
    <ele>176.27</ele>
   </trkpt>
   <trkpt lat="38.03063" lon="23.79284">
    <ele>177.27</ele>
   </trkpt>
   <trkpt lat="38.03112" lon="23.793290000000002">
    <ele>179.50000000000003</ele>
   </trkpt>
   <trkpt lat="38.031766005465116" lon="23.793857979963132">
    <ele>180.69000000000003</ele>
   </trkpt>
   <trkpt lat="38.032412008197824" lon="23.794425969944356">
    <ele>182.14000000000001</ele>
   </trkpt>
   <trkpt lat="38.033058008198005" lon="23.794993969944066">
    <ele>183.11</ele>
   </trkpt>
   <trkpt lat="38.03370400546557" lon="23.795561979962603">
    <ele>183.78000000000003</ele>
   </trkpt>
   <trkpt lat="38.03435" lon="23.79613">
    <ele>184.42000000000002</ele>
   </trkpt>
   <trkpt lat="38.034840000940676" lon="23.796579997065795">
    <ele>185.45</ele>
   </trkpt>
   <trkpt lat="38.03533" lon="23.797030000000003">
    <ele>187.09</ele>
   </trkpt>
   <trkpt lat="38.03577000000001" lon="23.797600000000003">
    <ele>188.23000000000002</ele>
   </trkpt>
   <trkpt lat="38.035920000000004" lon="23.79776">
    <ele>188.23000000000002</ele>
   </trkpt>
   <trkpt lat="38.03647000574231" lon="23.79843248484466">
    <ele>190.22000000000003</ele>
   </trkpt>
   <trkpt lat="38.03702000765406" lon="23.79910497978972">
    <ele>192.13000000000002</ele>
   </trkpt>
   <trkpt lat="38.037570005735134" lon="23.799777484835452">
    <ele>193.59</ele>
   </trkpt>
   <trkpt lat="38.038120000000006" lon="23.80045">
    <ele>195.01000000000002</ele>
   </trkpt>
   <trkpt lat="38.038470000000004" lon="23.800810000000002">
    <ele>195.83</ele>
   </trkpt>
   <trkpt lat="38.038880000789604" lon="23.801174998157165">
    <ele>197.15</ele>
   </trkpt>
   <trkpt lat="38.03929" lon="23.801540000000003">
    <ele>197.84</ele>
   </trkpt>
   <trkpt lat="38.039550000000006" lon="23.80168">
    <ele>198.42000000000002</ele>
   </trkpt>
   <trkpt lat="38.03985" lon="23.80195">
    <ele>199.42000000000002</ele>
   </trkpt>
   <trkpt lat="38.040280000508986" lon="23.80228499805914">
    <ele>200.68</ele>
   </trkpt>
   <trkpt lat="38.040710000000004" lon="23.80262">
    <ele>202.06</ele>
   </trkpt>
   <trkpt lat="38.040940000000006" lon="23.80279">
    <ele>202.90000000000003</ele>
   </trkpt>
   <trkpt lat="38.04113" lon="23.803">
    <ele>203.17000000000002</ele>
   </trkpt>
   <trkpt lat="38.041250000000005" lon="23.80317">
    <ele>204.18000000000004</ele>
   </trkpt>
   <trkpt lat="38.0414" lon="23.803440000000002">
    <ele>204.72</ele>
   </trkpt>
   <trkpt lat="38.04148" lon="23.803890000000003">
    <ele>205.03</ele>
   </trkpt>
   <trkpt lat="38.04155" lon="23.804050000000004">
    <ele>205.08</ele>
   </trkpt>
   <trkpt lat="38.041650000000004" lon="23.804190000000002">
    <ele>205.13</ele>
   </trkpt>
   <trkpt lat="38.041830000000004" lon="23.804340000000003">
    <ele>205.38</ele>
   </trkpt>
   <trkpt lat="38.04198" lon="23.8044">
    <ele>205.38</ele>
   </trkpt>
   <trkpt lat="38.0422" lon="23.8044">
    <ele>205.52</ele>
   </trkpt>
   <trkpt lat="38.042280000000005" lon="23.80439">
    <ele>205.57000000000002</ele>
   </trkpt>
   <trkpt lat="38.042410000000004" lon="23.80432">
    <ele>205.55</ele>
   </trkpt>
   <trkpt lat="38.042530000000006" lon="23.80423">
    <ele>205.57000000000002</ele>
   </trkpt>
   <trkpt lat="38.04271" lon="23.804240000000004">
    <ele>205.47</ele>
   </trkpt>
   <trkpt lat="38.042880000000004" lon="23.80431">
    <ele>205.51000000000002</ele>
   </trkpt>
   <trkpt lat="38.04341" lon="23.80469">
    <ele>205.91</ele>
   </trkpt>
   <trkpt lat="38.043870000000005" lon="23.805090000000003">
    <ele>206.29000000000002</ele>
   </trkpt>
   <trkpt lat="38.04431" lon="23.805410000000002">
    <ele>206.79000000000002</ele>
   </trkpt>
   <trkpt lat="38.044450000000005" lon="23.805470000000003">
    <ele>206.79000000000002</ele>
   </trkpt>
   <trkpt lat="38.044830000000005" lon="23.805930000000004">
    <ele>207.13</ele>
   </trkpt>
   <trkpt lat="38.04509" lon="23.806310000000003">
    <ele>207.74</ele>
   </trkpt>
   <trkpt lat="38.045660000000005" lon="23.80703">
    <ele>208.45000000000002</ele>
   </trkpt>
   <trkpt lat="38.04578" lon="23.80713">
    <ele>208.69</ele>
   </trkpt>
   <trkpt lat="38.04623" lon="23.807440000000003">
    <ele>209.32</ele>
   </trkpt>
   <trkpt lat="38.04655" lon="23.807620000000004">
    <ele>210.02</ele>
   </trkpt>
   <trkpt lat="38.0467" lon="23.80767">
    <ele>210.83</ele>
   </trkpt>
   <trkpt lat="38.047380000000004" lon="23.807850000000002">
    <ele>212.75000000000003</ele>
   </trkpt>
   <trkpt lat="38.048100000098124" lon="23.808024998271208">
    <ele>214.34000000000003</ele>
   </trkpt>
   <trkpt lat="38.048820000000006" lon="23.808200000000003">
    <ele>215.87</ele>
   </trkpt>
   <trkpt lat="38.04903" lon="23.808300000000003">
    <ele>216.36</ele>
   </trkpt>
   <trkpt lat="38.049530000000004" lon="23.808600000000002">
    <ele>217.27</ele>
   </trkpt>
   <trkpt lat="38.04981" lon="23.80882">
    <ele>218.46</ele>
   </trkpt>
   <trkpt lat="38.04997" lon="23.809">
    <ele>218.72000000000003</ele>
   </trkpt>
   <trkpt lat="38.05012" lon="23.809220000000003">
    <ele>218.94000000000003</ele>
   </trkpt>
   <trkpt lat="38.050320000000006" lon="23.80948">
    <ele>219.32000000000002</ele>
   </trkpt>
   <trkpt lat="38.05050000000001" lon="23.80965">
    <ele>219.57000000000002</ele>
   </trkpt>
   <trkpt lat="38.051177501498074" lon="23.80999249049375">
    <ele>220.61</ele>
   </trkpt>
   <trkpt lat="38.05185500200247" lon="23.810334987327355">
    <ele>224.04000000000002</ele>
   </trkpt>
   <trkpt lat="38.05253250151311" lon="23.810677490501078">
    <ele>226.73000000000002</ele>
   </trkpt>
   <trkpt lat="38.05321" lon="23.811020000000003">
    <ele>228.94000000000003</ele>
   </trkpt>
   <trkpt lat="38.0537900006617" lon="23.811303328833965">
    <ele>231.33</ele>
   </trkpt>
   <trkpt lat="38.05437000064335" lon="23.811586662158277">
    <ele>233.08</ele>
   </trkpt>
   <trkpt lat="38.054950000000005" lon="23.811870000000003">
    <ele>236.3</ele>
   </trkpt>
   <trkpt lat="38.05532" lon="23.812040000000003">
    <ele>237.29000000000002</ele>
   </trkpt>
   <trkpt lat="38.05568" lon="23.8121">
    <ele>238.66</ele>
   </trkpt>
   <trkpt lat="38.05581" lon="23.81208">
    <ele>238.85</ele>
   </trkpt>
   <trkpt lat="38.055930000000004" lon="23.812040000000003">
    <ele>238.85</ele>
   </trkpt>
   <trkpt lat="38.05617" lon="23.811890000000002">
    <ele>239.3</ele>
   </trkpt>
   <trkpt lat="38.05632000000001" lon="23.811750000000004">
    <ele>239.66</ele>
   </trkpt>
   <trkpt lat="38.05637" lon="23.811670000000003">
    <ele>239.73000000000002</ele>
   </trkpt>
   <trkpt lat="38.056520000000006" lon="23.811390000000003">
    <ele>239.73000000000002</ele>
   </trkpt>
   <trkpt lat="38.05677500209582" lon="23.81068000258369">
    <ele>239.53000000000003</ele>
   </trkpt>
   <trkpt lat="38.057030000000005" lon="23.809970000000003">
    <ele>240.19</ele>
   </trkpt>
   <trkpt lat="38.05726000000001" lon="23.809500000000003">
    <ele>241.22</ele>
   </trkpt>
   <trkpt lat="38.057390000000005" lon="23.80929">
    <ele>242.36</ele>
   </trkpt>
   <trkpt lat="38.05753" lon="23.809120000000004">
    <ele>242.36</ele>
   </trkpt>
   <trkpt lat="38.05771" lon="23.808960000000003">
    <ele>243.33</ele>
   </trkpt>
   <trkpt lat="38.05791" lon="23.80882">
    <ele>243.99</ele>
   </trkpt>
   <trkpt lat="38.05825" lon="23.808670000000003">
    <ele>245.12000000000003</ele>
   </trkpt>
   <trkpt lat="38.058420000000005" lon="23.808650000000004">
    <ele>246.93</ele>
   </trkpt>
   <trkpt lat="38.05861" lon="23.808650000000004">
    <ele>246.93</ele>
   </trkpt>
   <trkpt lat="38.059020000000004" lon="23.80871">
    <ele>248.18</ele>
   </trkpt>
   <trkpt lat="38.05978500026078" lon="23.808849998568974">
    <ele>252.31000000000003</ele>
   </trkpt>
   <trkpt lat="38.060550000000006" lon="23.80899">
    <ele>256.43000000000006</ele>
   </trkpt>
   <trkpt lat="38.06123750012822" lon="23.80909249711009">
    <ele>259.03000000000003</ele>
   </trkpt>
   <trkpt lat="38.06192500016744" lon="23.809194996146203">
    <ele>263.64000000000004</ele>
   </trkpt>
   <trkpt lat="38.062612500117645" lon="23.809297497108425">
    <ele>266.78000000000003</ele>
   </trkpt>
   <trkpt lat="38.063300000000005" lon="23.809400000000004">
    <ele>270.68</ele>
   </trkpt>
   <trkpt lat="38.06418" lon="23.809500000000003">
    <ele>274.21</ele>
   </trkpt>
   <trkpt lat="38.064909999873066" lon="23.80963999856288">
    <ele>277.38</ele>
   </trkpt>
   <trkpt lat="38.06564" lon="23.809780000000003">
    <ele>280.89000000000004</ele>
   </trkpt>
   <trkpt lat="38.066050000000004" lon="23.809900000000003">
    <ele>283.05</ele>
   </trkpt>
   <trkpt lat="38.066480000000006" lon="23.81011">
    <ele>285.21000000000004</ele>
   </trkpt>
   <trkpt lat="38.066860000000005" lon="23.810380000000002">
    <ele>286.68000000000006</ele>
   </trkpt>
   <trkpt lat="38.067240000511184" lon="23.810684998509753">
    <ele>288.15000000000003</ele>
   </trkpt>
   <trkpt lat="38.067620000000005" lon="23.81099">
    <ele>290.33000000000004</ele>
   </trkpt>
   <trkpt lat="38.067890000000006" lon="23.811090000000004">
    <ele>290.56000000000006</ele>
   </trkpt>
   <trkpt lat="38.068130000000004" lon="23.81114">
    <ele>290.84999999999997</ele>
   </trkpt>
   <trkpt lat="38.06885666668483" lon="23.81115333306875">
    <ele>291.54</ele>
   </trkpt>
   <trkpt lat="38.069583333368165" lon="23.811166666402386">
    <ele>293.40000000000003</ele>
   </trkpt>
   <trkpt lat="38.070310000000006" lon="23.81118">
    <ele>296.71000000000004</ele>
   </trkpt>
   <trkpt lat="38.07106" lon="23.81118">
    <ele>296.62000000000006</ele>
   </trkpt>
   <trkpt lat="38.07143000000001" lon="23.811210000000003">
    <ele>295.36</ele>
   </trkpt>
   <trkpt lat="38.071810000000006" lon="23.811370000000004">
    <ele>292.50000000000006</ele>
   </trkpt>
   <trkpt lat="38.072160000000004" lon="23.81163">
    <ele>292.13</ele>
   </trkpt>
   <trkpt lat="38.072860000000006" lon="23.81219">
    <ele>291.92</ele>
   </trkpt>
   <trkpt lat="38.07296" lon="23.81221">
    <ele>292.46</ele>
   </trkpt>
   <trkpt lat="38.073370000000004" lon="23.812440000000002">
    <ele>292.93</ele>
   </trkpt>
   <trkpt lat="38.0735" lon="23.81247">
    <ele>293.7</ele>
   </trkpt>
   <trkpt lat="38.07388" lon="23.81247">
    <ele>294.14</ele>
   </trkpt>
   <trkpt lat="38.074160000000006" lon="23.812440000000002">
    <ele>294.27000000000004</ele>
   </trkpt>
   <trkpt lat="38.07474500017351" lon="23.812290001179736">
    <ele>294.89000000000004</ele>
   </trkpt>
   <trkpt lat="38.07533" lon="23.812140000000003">
    <ele>294.82</ele>
   </trkpt>
   <trkpt lat="38.075610000000005" lon="23.81209">
    <ele>294.84000000000003</ele>
   </trkpt>
   <trkpt lat="38.07589" lon="23.81208">
    <ele>294.95000000000005</ele>
   </trkpt>
   <trkpt lat="38.07616" lon="23.812140000000003">
    <ele>294.95000000000005</ele>
   </trkpt>
   <trkpt lat="38.07649" lon="23.81227">
    <ele>295.27000000000004</ele>
   </trkpt>
   <trkpt lat="38.07686" lon="23.81246">
    <ele>294.50000000000006</ele>
   </trkpt>
   <trkpt lat="38.07697" lon="23.812170000000002">
    <ele>294.06000000000006</ele>
   </trkpt>
   <trkpt lat="38.07712" lon="23.81193">
    <ele>293.23</ele>
   </trkpt>
   <trkpt lat="38.07741" lon="23.811590000000002">
    <ele>292.79</ele>
   </trkpt>
   <trkpt lat="38.07759" lon="23.81144">
    <ele>292.72</ele>
   </trkpt>
   <trkpt lat="38.0777" lon="23.811390000000003">
    <ele>292.72</ele>
   </trkpt>
   <trkpt lat="38.07788" lon="23.81135">
    <ele>292.59000000000003</ele>
   </trkpt>
   <trkpt lat="38.07809" lon="23.811370000000004">
    <ele>292.47</ele>
   </trkpt>
   <trkpt lat="38.07853000016614" lon="23.811514999152962">
    <ele>292.90000000000003</ele>
   </trkpt>
   <trkpt lat="38.078970000000005" lon="23.811660000000003">
    <ele>293.28000000000003</ele>
   </trkpt>
   <trkpt lat="38.07931000000001" lon="23.811690000000002">
    <ele>293.43</ele>
   </trkpt>
   <trkpt lat="38.079480000000004" lon="23.811690000000002">
    <ele>293.49</ele>
   </trkpt>
   <trkpt lat="38.0797" lon="23.81164">
    <ele>293.49</ele>
   </trkpt>
   <trkpt lat="38.08001" lon="23.81153">
    <ele>293.41</ele>
   </trkpt>
   <trkpt lat="38.08072500068355" lon="23.81113000390806">
    <ele>293.27000000000004</ele>
   </trkpt>
   <trkpt lat="38.08144" lon="23.810730000000003">
    <ele>293.08</ele>
   </trkpt>
   <trkpt lat="38.08191000036382" lon="23.81044000185944">
    <ele>291.6</ele>
   </trkpt>
   <trkpt lat="38.08238" lon="23.810150000000004">
    <ele>290.47</ele>
   </trkpt>
   <trkpt lat="38.082640000000005" lon="23.81021">
    <ele>289.99</ele>
   </trkpt>
   <trkpt lat="38.083000000000006" lon="23.81023">
    <ele>289.06000000000006</ele>
   </trkpt>
   <trkpt lat="38.083490000000005" lon="23.81024">
    <ele>288.15000000000003</ele>
   </trkpt>
   <trkpt lat="38.083670000000005" lon="23.81041">
    <ele>288.31</ele>
   </trkpt>
   <trkpt lat="38.08386" lon="23.810550000000003">
    <ele>288.52</ele>
   </trkpt>
   <trkpt lat="38.083980000000004" lon="23.81061">
    <ele>288.87</ele>
   </trkpt>
   <trkpt lat="38.0842" lon="23.81068">
    <ele>289.15000000000003</ele>
   </trkpt>
   <trkpt lat="38.084340000000005" lon="23.8107">
    <ele>289.15000000000003</ele>
   </trkpt>
   <trkpt lat="38.08456" lon="23.81068">
    <ele>289.6</ele>
   </trkpt>
   <trkpt lat="38.084880000000005" lon="23.81061">
    <ele>289.8</ele>
   </trkpt>
   <trkpt lat="38.084990000000005" lon="23.810560000000002">
    <ele>289.83000000000004</ele>
   </trkpt>
   <trkpt lat="38.085435000304265" lon="23.81030500153563">
    <ele>288.83000000000004</ele>
   </trkpt>
   <trkpt lat="38.08588" lon="23.81005">
    <ele>287.76</ele>
   </trkpt>
   <trkpt lat="38.08664" lon="23.809690000000003">
    <ele>287.15000000000003</ele>
   </trkpt>
   <trkpt lat="38.08682" lon="23.80964">
    <ele>287.05</ele>
   </trkpt>
   <trkpt lat="38.087520000000005" lon="23.809530000000002">
    <ele>285.89000000000004</ele>
   </trkpt>
   <trkpt lat="38.08744500475901" lon="23.808469998890235">
    <ele>282.27000000000004</ele>
   </trkpt>
   <trkpt lat="38.08737" lon="23.80741">
    <ele>280.02000000000004</ele>
   </trkpt>
   <trkpt lat="38.08733801503861" lon="23.80646799834698">
    <ele>275.17</ele>
   </trkpt>
   <trkpt lat="38.087306022557826" lon="23.805525997518345">
    <ele>272.35</ele>
   </trkpt>
   <trkpt lat="38.08727402255769" lon="23.80458399751428">
    <ele>269.08000000000004</ele>
   </trkpt>
   <trkpt lat="38.087242015038186" lon="23.80364199833499">
    <ele>265.54</ele>
   </trkpt>
   <trkpt lat="38.087210000000006" lon="23.8027">
    <ele>261.97</ele>
   </trkpt>
   <trkpt lat="38.087180004628685" lon="23.801654999636185">
    <ele>258.86</ele>
   </trkpt>
   <trkpt lat="38.08715" lon="23.800610000000002">
    <ele>256.41</ele>
   </trkpt>
   <trkpt lat="38.087140000000005" lon="23.800500000000003">
    <ele>256.41</ele>
   </trkpt>
   <trkpt lat="38.08711" lon="23.80045">
    <ele>256.13</ele>
   </trkpt>
   <trkpt lat="38.087" lon="23.80035">
    <ele>256.0</ele>
   </trkpt>
   <trkpt lat="38.086920000000006" lon="23.80029">
    <ele>256.15000000000003</ele>
   </trkpt>
   <trkpt lat="38.08762429369005" lon="23.79973003236808">
    <ele>254.3</ele>
   </trkpt>
   <trkpt lat="38.08832858472292" lon="23.799170053946536">
    <ele>252.63000000000002</ele>
   </trkpt>
   <trkpt lat="38.08903287309855" lon="23.79861006473494">
    <ele>251.64000000000001</ele>
   </trkpt>
   <trkpt lat="38.0897371588168" lon="23.798050064732855">
    <ele>250.76000000000002</ele>
   </trkpt>
   <trkpt lat="38.09044144187756" lon="23.797490053939843">
    <ele>250.09000000000003</ele>
   </trkpt>
   <trkpt lat="38.09114572228069" lon="23.796930032355455">
    <ele>248.52</ele>
   </trkpt>
   <trkpt lat="38.09185" lon="23.796370000000003">
    <ele>246.14000000000001</ele>
   </trkpt>
   <trkpt lat="38.091930000000005" lon="23.796400000000002">
    <ele>246.14000000000001</ele>
   </trkpt>
   <trkpt lat="38.09201" lon="23.796390000000002">
    <ele>245.39000000000001</ele>
   </trkpt>
   <trkpt lat="38.092060000000004" lon="23.79635">
    <ele>245.39000000000001</ele>
   </trkpt>
   <trkpt lat="38.092110000000005" lon="23.79625">
    <ele>244.52</ele>
   </trkpt>
   <trkpt lat="38.092110000000005" lon="23.79616">
    <ele>244.35</ele>
   </trkpt>
   <trkpt lat="38.0921" lon="23.796090000000003">
    <ele>244.38</ele>
   </trkpt>
   <trkpt lat="38.092040000000004" lon="23.796020000000002">
    <ele>244.38</ele>
   </trkpt>
   <trkpt lat="38.09199" lon="23.795980000000004">
    <ele>244.71</ele>
   </trkpt>
   <trkpt lat="38.091910000000006" lon="23.795980000000004">
    <ele>245.23000000000002</ele>
   </trkpt>
   <trkpt lat="38.09183" lon="23.79604">
    <ele>245.23000000000002</ele>
   </trkpt>
   <trkpt lat="38.09178" lon="23.79615">
    <ele>245.9</ele>
   </trkpt>
   <trkpt lat="38.09178" lon="23.79623">
    <ele>245.9</ele>
   </trkpt>
   <trkpt lat="38.09165" lon="23.796360000000004">
    <ele>246.43</ele>
   </trkpt>
   <trkpt lat="38.09123500047673" lon="23.79669500190099">
    <ele>247.29</ele>
   </trkpt>
   <trkpt lat="38.09082" lon="23.797030000000003">
    <ele>248.09000000000003</ele>
   </trkpt>
   <trkpt lat="38.0904" lon="23.79736">
    <ele>249.20000000000002</ele>
   </trkpt>
   <trkpt lat="38.09042" lon="23.797510000000003">
    <ele>250.15000000000003</ele>
   </trkpt>
   <trkpt lat="38.09113500151718" lon="23.79694000546355">
    <ele>248.79</ele>
   </trkpt>
   <trkpt lat="38.09185" lon="23.796370000000003">
    <ele>246.4</ele>
   </trkpt>
   <trkpt lat="38.091930000000005" lon="23.796400000000002">
    <ele>246.24</ele>
   </trkpt>
   <trkpt lat="38.09201" lon="23.796390000000002">
    <ele>246.24</ele>
   </trkpt>
   <trkpt lat="38.092060000000004" lon="23.79635">
    <ele>246.14000000000001</ele>
   </trkpt>
   <trkpt lat="38.092110000000005" lon="23.79625">
    <ele>245.39000000000001</ele>
   </trkpt>
   <trkpt lat="38.092110000000005" lon="23.79616">
    <ele>245.39000000000001</ele>
   </trkpt>
   <trkpt lat="38.09284000138242" lon="23.79555500618211">
    <ele>242.55</ele>
   </trkpt>
   <trkpt lat="38.09357" lon="23.794950000000004">
    <ele>240.14000000000001</ele>
   </trkpt>
   <trkpt lat="38.09371" lon="23.794890000000002">
    <ele>239.75</ele>
   </trkpt>
   <trkpt lat="38.09448500127127" lon="23.794315006193422">
    <ele>232.72</ele>
   </trkpt>
   <trkpt lat="38.09526" lon="23.793740000000003">
    <ele>231.04000000000002</ele>
   </trkpt>
   <trkpt lat="38.095580000000005" lon="23.793460000000003">
    <ele>234.51000000000002</ele>
   </trkpt>
   <trkpt lat="38.09572" lon="23.79331">
    <ele>235.40000000000003</ele>
   </trkpt>
   <trkpt lat="38.096030000000006" lon="23.792920000000002">
    <ele>237.51000000000002</ele>
   </trkpt>
   <trkpt lat="38.09604" lon="23.79285">
    <ele>237.35000000000002</ele>
   </trkpt>
   <trkpt lat="38.09606" lon="23.792830000000002">
    <ele>237.35000000000002</ele>
   </trkpt>
   <trkpt lat="38.096120000000006" lon="23.79295">
    <ele>237.51000000000002</ele>
   </trkpt>
   <trkpt lat="38.096610000000005" lon="23.79334">
    <ele>238.5</ele>
   </trkpt>
   <trkpt lat="38.097060000279264" lon="23.793659997919587">
    <ele>238.87000000000003</ele>
   </trkpt>
   <trkpt lat="38.09751" lon="23.79398">
    <ele>239.67000000000002</ele>
   </trkpt>
   <trkpt lat="38.097190000000005" lon="23.794680000000003">
    <ele>239.85</ele>
   </trkpt>
   <trkpt lat="38.09760000065249" lon="23.79496999858244">
    <ele>240.08</ele>
   </trkpt>
   <trkpt lat="38.09801" lon="23.795260000000003">
    <ele>240.39000000000001</ele>
   </trkpt>
   <trkpt lat="38.09801" lon="23.795270000000002">
    <ele>240.39000000000001</ele>
   </trkpt>
   <trkpt lat="38.09859000147287" lon="23.795683326789906">
    <ele>240.66</ele>
   </trkpt>
   <trkpt lat="38.0991700014979" lon="23.796096660141">
    <ele>240.90000000000003</ele>
   </trkpt>
   <trkpt lat="38.09975" lon="23.79651">
    <ele>240.27</ele>
   </trkpt>
   <trkpt lat="38.09938500278038" lon="23.797315003944927">
    <ele>241.89000000000001</ele>
   </trkpt>
   <trkpt lat="38.09902" lon="23.79812">
    <ele>242.84000000000003</ele>
   </trkpt>
   <trkpt lat="38.09875500145531" lon="23.798690001898006">
    <ele>243.25000000000003</ele>
   </trkpt>
   <trkpt lat="38.098490000000005" lon="23.79926">
    <ele>243.86</ele>
   </trkpt>
   <trkpt lat="38.09832" lon="23.7997">
    <ele>244.87000000000003</ele>
   </trkpt>
   <trkpt lat="38.098670000000006" lon="23.800610000000002">
    <ele>246.45000000000002</ele>
   </trkpt>
   <trkpt lat="38.09906001703115" lon="23.801611978644925">
    <ele>247.89000000000001</ele>
   </trkpt>
   <trkpt lat="38.09945002555397" lon="23.80261396798542">
    <ele>248.95000000000002</ele>
   </trkpt>
   <trkpt lat="38.09984002556824" lon="23.80361596802151">
    <ele>250.04999999999998</ele>
   </trkpt>
   <trkpt lat="38.100230017073756" lon="23.80461797875323">
    <ele>251.54000000000005</ele>
   </trkpt>
   <trkpt lat="38.100620000000006" lon="23.80562">
    <ele>253.32000000000005</ele>
   </trkpt>
   <trkpt lat="38.100930000000005" lon="23.80638">
    <ele>254.10000000000005</ele>
   </trkpt>
   <trkpt lat="38.10108" lon="23.80666">
    <ele>254.56</ele>
   </trkpt>
   <trkpt lat="38.10119" lon="23.80693">
    <ele>254.74</ele>
   </trkpt>
   <trkpt lat="38.10157251195304" lon="23.80789998474635">
    <ele>255.98000000000005</ele>
   </trkpt>
   <trkpt lat="38.10195501593225" lon="23.808869979648428">
    <ele>257.57</ele>
   </trkpt>
   <trkpt lat="38.10233751193744" lon="23.809839984706265">
    <ele>258.75000000000006</ele>
   </trkpt>
   <trkpt lat="38.102720000000005" lon="23.810810000000004">
    <ele>260.36</ele>
   </trkpt>
   <trkpt lat="38.103100000000005" lon="23.81174">
    <ele>261.45</ele>
   </trkpt>
   <trkpt lat="38.10327" lon="23.81211">
    <ele>262.0</ele>
   </trkpt>
   <trkpt lat="38.10336" lon="23.81228">
    <ele>262.0</ele>
   </trkpt>
   <trkpt lat="38.10349" lon="23.81246">
    <ele>262.48</ele>
   </trkpt>
   <trkpt lat="38.1036" lon="23.81257">
    <ele>262.48</ele>
   </trkpt>
   <trkpt lat="38.1038" lon="23.812700000000003">
    <ele>262.63000000000005</ele>
   </trkpt>
   <trkpt lat="38.104580000000006" lon="23.813080000000003">
    <ele>264.0</ele>
   </trkpt>
   <trkpt lat="38.10474" lon="23.813170000000003">
    <ele>264.53000000000003</ele>
   </trkpt>
   <trkpt lat="38.10492" lon="23.813360000000003">
    <ele>264.53000000000003</ele>
   </trkpt>
   <trkpt lat="38.10501" lon="23.81351">
    <ele>265.05</ele>
   </trkpt>
   <trkpt lat="38.105160000000005" lon="23.813860000000002">
    <ele>265.58000000000004</ele>
   </trkpt>
   <trkpt lat="38.10533" lon="23.814470000000004">
    <ele>268.24</ele>
   </trkpt>
   <trkpt lat="38.10461000154792" lon="23.81481751026749">
    <ele>273.06</ele>
   </trkpt>
   <trkpt lat="38.10389000207237" lon="23.81516501368567">
    <ele>274.44</ele>
   </trkpt>
   <trkpt lat="38.103170001573396" lon="23.815512510254862">
    <ele>272.65</ele>
   </trkpt>
   <trkpt lat="38.102450000000005" lon="23.81586">
    <ele>271.64000000000004</ele>
   </trkpt>
   <trkpt lat="38.102590000000006" lon="23.816260000000003">
    <ele>271.3</ele>
   </trkpt>
   <trkpt lat="38.10264" lon="23.816380000000002">
    <ele>271.31</ele>
   </trkpt>
   <trkpt lat="38.102720000000005" lon="23.816480000000002">
    <ele>271.31</ele>
   </trkpt>
   <trkpt lat="38.10278" lon="23.81653">
    <ele>271.43</ele>
   </trkpt>
   <trkpt lat="38.10291" lon="23.816570000000002">
    <ele>271.43</ele>
   </trkpt>
   <trkpt lat="38.103710000938364" lon="23.816906659284562">
    <ele>271.83</ele>
   </trkpt>
   <trkpt lat="38.10451000091617" lon="23.81724332594176">
    <ele>272.12</ele>
   </trkpt>
   <trkpt lat="38.10531" lon="23.817580000000003">
    <ele>272.40000000000003</ele>
   </trkpt>
   <trkpt lat="38.105720000000005" lon="23.81775">
    <ele>272.6</ele>
   </trkpt>
   <trkpt lat="38.105940000000004" lon="23.817890000000002">
    <ele>273.1</ele>
   </trkpt>
   <trkpt lat="38.106170000000006" lon="23.818070000000002">
    <ele>273.33</ele>
   </trkpt>
   <trkpt lat="38.10660000097024" lon="23.818519997468638">
    <ele>274.5</ele>
   </trkpt>
   <trkpt lat="38.10703" lon="23.81897">
    <ele>275.74</ele>
   </trkpt>
   <trkpt lat="38.10701" lon="23.81895">
    <ele>275.7</ele>
   </trkpt>
   <trkpt lat="38.107622007181746" lon="23.819599978239346">
    <ele>277.0</ele>
   </trkpt>
   <trkpt lat="38.10823401078285" lon="23.82024996736938">
    <ele>279.94</ele>
   </trkpt>
   <trkpt lat="38.10884601080318" lon="23.820899967390467">
    <ele>281.08</ele>
   </trkpt>
   <trkpt lat="38.1094580072426" lon="23.821549978302965">
    <ele>282.89000000000004</ele>
   </trkpt>
   <trkpt lat="38.11007" lon="23.822200000000002">
    <ele>283.65000000000003</ele>
   </trkpt>
   <trkpt lat="38.11073400826604" lon="23.822897974626972">
    <ele>283.72</ele>
   </trkpt>
   <trkpt lat="38.11139801240301" lon="23.823595961943965">
    <ele>284.24000000000007</ele>
   </trkpt>
   <trkpt lat="38.11206201241072" lon="23.824293961951422">
    <ele>285.57000000000005</ele>
   </trkpt>
   <trkpt lat="38.11272600828898" lon="23.824991974649812">
    <ele>287.1</ele>
   </trkpt>
   <trkpt lat="38.11339" lon="23.82569">
    <ele>288.93</ele>
   </trkpt>
   <trkpt lat="38.114090008311976" lon="23.826389973168897">
    <ele>291.1</ele>
   </trkpt>
   <trkpt lat="38.11479001247106" lon="23.82708995975575">
    <ele>293.01000000000005</ele>
   </trkpt>
   <trkpt lat="38.11549001247708" lon="23.82778995976107">
    <ele>294.57</ele>
   </trkpt>
   <trkpt lat="38.11619000832985" lon="23.82848997318537">
    <ele>294.85</ele>
   </trkpt>
   <trkpt lat="38.116890000000005" lon="23.82919">
    <ele>295.18</ele>
   </trkpt>
   <trkpt lat="38.117470000000004" lon="23.829800000000002">
    <ele>293.1</ele>
   </trkpt>
   <trkpt lat="38.11804" lon="23.83049">
    <ele>290.71000000000004</ele>
   </trkpt>
   <trkpt lat="38.118570000000005" lon="23.83106">
    <ele>286.87</ele>
   </trkpt>
   <trkpt lat="38.1191" lon="23.831560000000003">
    <ele>288.01000000000005</ele>
   </trkpt>
   <trkpt lat="38.119800000000005" lon="23.832140000000003">
    <ele>290.8</ele>
   </trkpt>
   <trkpt lat="38.12021000066121" lon="23.832509997995565">
    <ele>291.52</ele>
   </trkpt>
   <trkpt lat="38.12062" lon="23.832880000000003">
    <ele>292.06000000000006</ele>
   </trkpt>
   <trkpt lat="38.12121500139779" lon="23.833454995311083">
    <ele>292.95000000000005</ele>
   </trkpt>
   <trkpt lat="38.12181" lon="23.834030000000002">
    <ele>295.51000000000005</ele>
   </trkpt>
   <trkpt lat="38.12239500150164" lon="23.834624995233952">
    <ele>295.3</ele>
   </trkpt>
   <trkpt lat="38.122980000000005" lon="23.835220000000003">
    <ele>292.71000000000004</ele>
   </trkpt>
   <trkpt lat="38.123430000000006" lon="23.83557">
    <ele>294.07</ele>
   </trkpt>
   <trkpt lat="38.12416" lon="23.835990000000002">
    <ele>298.84000000000003</ele>
   </trkpt>
   <trkpt lat="38.12477333415293" lon="23.83629666152523">
    <ele>303.29</ele>
   </trkpt>
   <trkpt lat="38.12538666750871" lon="23.836603328203044">
    <ele>306.09000000000003</ele>
   </trkpt>
   <trkpt lat="38.126000000000005" lon="23.836910000000003">
    <ele>308.83000000000004</ele>
   </trkpt>
   <trkpt lat="38.1264700002989" lon="23.83713999855578">
    <ele>310.12</ele>
   </trkpt>
   <trkpt lat="38.126940000000005" lon="23.837370000000004">
    <ele>313.38000000000005</ele>
   </trkpt>
   <trkpt lat="38.12747" lon="23.837600000000002">
    <ele>316.65000000000003</ele>
   </trkpt>
   <trkpt lat="38.12824500059248" lon="23.83796999607765">
    <ele>319.40000000000003</ele>
   </trkpt>
   <trkpt lat="38.129020000000004" lon="23.838340000000002">
    <ele>323.57</ele>
   </trkpt>
   <trkpt lat="38.1297216692411" lon="23.838688316592457">
    <ele>327.14000000000004</ele>
   </trkpt>
   <trkpt lat="38.13042333745374" lon="23.839036639881495">
    <ele>329.79</ele>
   </trkpt>
   <trkpt lat="38.13112500463785" lon="23.839384969867403">
    <ele>333.23</ele>
   </trkpt>
   <trkpt lat="38.131826670793394" lon="23.839733306550475">
    <ele>334.76</ele>
   </trkpt>
   <trkpt lat="38.13252833592033" lon="23.84008164993099">
    <ele>336.02000000000004</ele>
   </trkpt>
   <trkpt lat="38.133230000000005" lon="23.84043">
    <ele>338.34000000000003</ele>
   </trkpt>
   <trkpt lat="38.13387500070277" lon="23.84078999690409">
    <ele>338.67</ele>
   </trkpt>
   <trkpt lat="38.13452" lon="23.841150000000003">
    <ele>338.90000000000003</ele>
   </trkpt>
   <trkpt lat="38.13533000063664" lon="23.84151499598127">
    <ele>341.12</ele>
   </trkpt>
   <trkpt lat="38.136140000000005" lon="23.841880000000003">
    <ele>345.22</ele>
   </trkpt>
   <trkpt lat="38.13660000024847" lon="23.842134998377578">
    <ele>348.43</ele>
   </trkpt>
   <trkpt lat="38.137060000000005" lon="23.84239">
    <ele>350.45000000000005</ele>
   </trkpt>
   <trkpt lat="38.137420000000006" lon="23.842620000000004">
    <ele>352.23</ele>
   </trkpt>
   <trkpt lat="38.1377" lon="23.842830000000003">
    <ele>352.13000000000005</ele>
   </trkpt>
   <trkpt lat="38.137950000000004" lon="23.843110000000003">
    <ele>350.64</ele>
   </trkpt>
   <trkpt lat="38.13801" lon="23.843200000000003">
    <ele>350.05</ele>
   </trkpt>
   <trkpt lat="38.138070000000006" lon="23.84333">
    <ele>349.40000000000003</ele>
   </trkpt>
   <trkpt lat="38.138130000000004" lon="23.843500000000002">
    <ele>347.90000000000003</ele>
   </trkpt>
   <trkpt lat="38.138160000000006" lon="23.843670000000003">
    <ele>345.45000000000005</ele>
   </trkpt>
   <trkpt lat="38.13821" lon="23.844640000000002">
    <ele>341.36000000000007</ele>
   </trkpt>
   <trkpt lat="38.138270000000006" lon="23.84487">
    <ele>341.19000000000005</ele>
   </trkpt>
   <trkpt lat="38.13835" lon="23.845080000000003">
    <ele>341.33000000000004</ele>
   </trkpt>
   <trkpt lat="38.138470000000005" lon="23.845250000000004">
    <ele>341.69000000000005</ele>
   </trkpt>
   <trkpt lat="38.138580000000005" lon="23.84534">
    <ele>342.52000000000004</ele>
   </trkpt>
   <trkpt lat="38.13864" lon="23.845370000000003">
    <ele>342.52000000000004</ele>
   </trkpt>
   <trkpt lat="38.139050000000005" lon="23.845440000000004">
    <ele>345.16</ele>
   </trkpt>
   <trkpt lat="38.13918" lon="23.84549">
    <ele>345.75</ele>
   </trkpt>
   <trkpt lat="38.139450000000004" lon="23.8455">
    <ele>347.58000000000004</ele>
   </trkpt>
   <trkpt lat="38.13969" lon="23.84549">
    <ele>348.26</ele>
   </trkpt>
   <trkpt lat="38.139810000000004" lon="23.8454">
    <ele>349.58</ele>
   </trkpt>
   <trkpt lat="38.139880000000005" lon="23.84532">
    <ele>349.58</ele>
   </trkpt>
   <trkpt lat="38.140280000000004" lon="23.84466">
    <ele>355.62000000000006</ele>
   </trkpt>
   <trkpt lat="38.14041" lon="23.84457">
    <ele>355.62000000000006</ele>
   </trkpt>
   <trkpt lat="38.140570000000004" lon="23.844520000000003">
    <ele>357.16</ele>
   </trkpt>
   <trkpt lat="38.14074" lon="23.844500000000004">
    <ele>358.75</ele>
   </trkpt>
   <trkpt lat="38.14081" lon="23.844510000000003">
    <ele>358.75</ele>
   </trkpt>
   <trkpt lat="38.140980000000006" lon="23.844590000000004">
    <ele>360.27000000000004</ele>
   </trkpt>
   <trkpt lat="38.14119" lon="23.84475">
    <ele>361.77000000000004</ele>
   </trkpt>
   <trkpt lat="38.141740000000006" lon="23.84524">
    <ele>362.83000000000004</ele>
   </trkpt>
   <trkpt lat="38.141980000000004" lon="23.845470000000002">
    <ele>363.05</ele>
   </trkpt>
   <trkpt lat="38.14266000000001" lon="23.845940000000002">
    <ele>364.62000000000006</ele>
   </trkpt>
   <trkpt lat="38.14291" lon="23.84617">
    <ele>365.76000000000005</ele>
   </trkpt>
   <trkpt lat="38.14347" lon="23.84662">
    <ele>367.63</ele>
   </trkpt>
   <trkpt lat="38.14369000000001" lon="23.846860000000003">
    <ele>368.34000000000003</ele>
   </trkpt>
   <trkpt lat="38.14422500105244" lon="23.847344996493554">
    <ele>370.77000000000004</ele>
   </trkpt>
   <trkpt lat="38.144760000000005" lon="23.847830000000002">
    <ele>371.76000000000005</ele>
   </trkpt>
   <trkpt lat="38.14547250592482" lon="23.84851248000377">
    <ele>373.13</ele>
   </trkpt>
   <trkpt lat="38.14618500790066" lon="23.84919497333876">
    <ele>374.20000000000005</ele>
   </trkpt>
   <trkpt lat="38.14689750592736" lon="23.849877480005503">
    <ele>375.27000000000004</ele>
   </trkpt>
   <trkpt lat="38.14761" lon="23.85056">
    <ele>376.25</ele>
   </trkpt>
   <trkpt lat="38.14819000245372" lon="23.851099991395483">
    <ele>376.45</ele>
   </trkpt>
   <trkpt lat="38.148770002435214" lon="23.85163999137814">
    <ele>376.46000000000004</ele>
   </trkpt>
   <trkpt lat="38.149350000000005" lon="23.85218">
    <ele>377.87</ele>
   </trkpt>
   <trkpt lat="38.14991333636417" lon="23.852783323954736">
    <ele>381.03000000000003</ele>
   </trkpt>
   <trkpt lat="38.15047666964217" lon="23.85338665722867">
    <ele>385.34000000000003</ele>
   </trkpt>
   <trkpt lat="38.15104" lon="23.853990000000003">
    <ele>387.09000000000003</ele>
   </trkpt>
   <trkpt lat="38.15158" lon="23.854490000000002">
    <ele>385.57</ele>
   </trkpt>
   <trkpt lat="38.152120000000004" lon="23.85491">
    <ele>383.45</ele>
   </trkpt>
   <trkpt lat="38.152390000000004" lon="23.8551">
    <ele>382.42</ele>
   </trkpt>
   <trkpt lat="38.152710000000006" lon="23.85528">
    <ele>381.82000000000005</ele>
   </trkpt>
   <trkpt lat="38.153175000499786" lon="23.85548999880237">
    <ele>379.52000000000004</ele>
   </trkpt>
   <trkpt lat="38.15364" lon="23.855700000000002">
    <ele>375.64000000000004</ele>
   </trkpt>
   <trkpt lat="38.15392000000001" lon="23.855770000000003">
    <ele>371.34</ele>
   </trkpt>
   <trkpt lat="38.15415" lon="23.855780000000003">
    <ele>369.97</ele>
   </trkpt>
   <trkpt lat="38.154790000000006" lon="23.855780000000003">
    <ele>363.67</ele>
   </trkpt>
   <trkpt lat="38.155360000025986" lon="23.855799999844535">
    <ele>357.78000000000003</ele>
   </trkpt>
   <trkpt lat="38.155930000000005" lon="23.85582">
    <ele>352.6</ele>
   </trkpt>
   <trkpt lat="38.15647499985605" lon="23.855829999922616">
    <ele>348.08000000000004</ele>
   </trkpt>
   <trkpt lat="38.15702" lon="23.85584">
    <ele>345.36000000000007</ele>
   </trkpt>
   <trkpt lat="38.15771499995918" lon="23.855835000047954">
    <ele>342.31</ele>
   </trkpt>
   <trkpt lat="38.15841" lon="23.85583">
    <ele>338.29</ele>
   </trkpt>
   <trkpt lat="38.158640000000005" lon="23.85585">
    <ele>336.57000000000005</ele>
   </trkpt>
   <trkpt lat="38.159090000000006" lon="23.856">
    <ele>333.78000000000003</ele>
   </trkpt>
   <trkpt lat="38.159640000571706" lon="23.856349997393284">
    <ele>330.57000000000005</ele>
   </trkpt>
   <trkpt lat="38.16019" lon="23.856700000000004">
    <ele>326.21</ele>
   </trkpt>
   <trkpt lat="38.160650000000004" lon="23.856920000000002">
    <ele>323.35</ele>
   </trkpt>
   <trkpt lat="38.160920000000004" lon="23.856930000000002">
    <ele>321.73</ele>
   </trkpt>
   <trkpt lat="38.16111" lon="23.85686">
    <ele>321.11</ele>
   </trkpt>
   <trkpt lat="38.161570000000005" lon="23.85659">
    <ele>318.35</ele>
   </trkpt>
   <trkpt lat="38.1617" lon="23.856550000000002">
    <ele>317.86</ele>
   </trkpt>
   <trkpt lat="38.16217" lon="23.856420000000004">
    <ele>316.63</ele>
   </trkpt>
   <trkpt lat="38.16243" lon="23.85638">
    <ele>316.92</ele>
   </trkpt>
   <trkpt lat="38.16326000001355" lon="23.856456664917683">
    <ele>318.46000000000004</ele>
   </trkpt>
   <trkpt lat="38.16408999997728" lon="23.85653333158097">
    <ele>321.23</ele>
   </trkpt>
   <trkpt lat="38.16492" lon="23.856610000000003">
    <ele>322.8</ele>
   </trkpt>
   <trkpt lat="38.16546" lon="23.856640000000002">
    <ele>321.59000000000003</ele>
   </trkpt>
   <trkpt lat="38.16601" lon="23.856640000000002">
    <ele>319.39</ele>
   </trkpt>
   <trkpt lat="38.166694999976286" lon="23.856600000377657">
    <ele>316.64000000000004</ele>
   </trkpt>
   <trkpt lat="38.16738" lon="23.85656">
    <ele>313.8</ele>
   </trkpt>
   <trkpt lat="38.16806500010355" lon="23.85648500069607">
    <ele>311.6</ele>
   </trkpt>
   <trkpt lat="38.16875" lon="23.85641">
    <ele>307.34</ele>
   </trkpt>
   <trkpt lat="38.169280000182475" lon="23.856290000845053">
    <ele>304.96</ele>
   </trkpt>
   <trkpt lat="38.169810000000005" lon="23.856170000000002">
    <ele>302.21000000000004</ele>
   </trkpt>
   <trkpt lat="38.1702600002882" lon="23.855995001018854">
    <ele>301.27000000000004</ele>
   </trkpt>
   <trkpt lat="38.17071" lon="23.85582">
    <ele>300.94000000000005</ele>
   </trkpt>
   <trkpt lat="38.17128" lon="23.85564">
    <ele>299.13</ele>
   </trkpt>
   <trkpt lat="38.17209666692239" lon="23.855473337064296">
    <ele>293.18000000000006</ele>
   </trkpt>
   <trkpt lat="38.17291333360924" lon="23.85530667039358">
    <ele>289.29</ele>
   </trkpt>
   <trkpt lat="38.173730000000006" lon="23.855140000000002">
    <ele>286.98</ele>
   </trkpt>
   <trkpt lat="38.17459500011564" lon="23.855085000646284">
    <ele>285.49</ele>
   </trkpt>
   <trkpt lat="38.17546" lon="23.855030000000003">
    <ele>284.25</ele>
   </trkpt>
   <trkpt lat="38.175700000000006" lon="23.85507">
    <ele>282.85</ele>
   </trkpt>
   <trkpt lat="38.176230000000004" lon="23.855240000000002">
    <ele>280.45000000000005</ele>
   </trkpt>
   <trkpt lat="38.176520000000004" lon="23.85527">
    <ele>280.09</ele>
   </trkpt>
   <trkpt lat="38.17665" lon="23.85525">
    <ele>280.09</ele>
   </trkpt>
   <trkpt lat="38.17689" lon="23.85516">
    <ele>279.22</ele>
   </trkpt>
   <trkpt lat="38.17718" lon="23.85499">
    <ele>278.24</ele>
   </trkpt>
   <trkpt lat="38.177780000668825" lon="23.854595003247677">
    <ele>277.98</ele>
   </trkpt>
   <trkpt lat="38.178380000000004" lon="23.854200000000002">
    <ele>278.68</ele>
   </trkpt>
   <trkpt lat="38.17886" lon="23.85394">
    <ele>279.42</ele>
   </trkpt>
   <trkpt lat="38.179570000000005" lon="23.853710000000003">
    <ele>281.28000000000003</ele>
   </trkpt>
   <trkpt lat="38.18033250032754" lon="23.853550005022896">
    <ele>282.96000000000004</ele>
   </trkpt>
   <trkpt lat="38.181095000438006" lon="23.853390006697037">
    <ele>284.01000000000005</ele>
   </trkpt>
   <trkpt lat="38.181857500331354" lon="23.85323000502226">
    <ele>284.48</ele>
   </trkpt>
   <trkpt lat="38.18262" lon="23.853070000000002">
    <ele>285.72</ele>
   </trkpt>
   <trkpt lat="38.183293333524105" lon="23.8529233360426">
    <ele>286.14</ele>
   </trkpt>
   <trkpt lat="38.183966666865786" lon="23.85277666937416">
    <ele>285.81</ele>
   </trkpt>
   <trkpt lat="38.18464" lon="23.85263">
    <ele>284.76</ele>
   </trkpt>
   <trkpt lat="38.18477" lon="23.85266">
    <ele>284.45000000000005</ele>
   </trkpt>
   <trkpt lat="38.184850000000004" lon="23.852760000000004">
    <ele>283.68000000000006</ele>
   </trkpt>
   <trkpt lat="38.18489" lon="23.85284">
    <ele>283.68000000000006</ele>
   </trkpt>
   <trkpt lat="38.18497000173531" lon="23.85347999928456">
    <ele>281.29</ele>
   </trkpt>
   <trkpt lat="38.185050000000004" lon="23.85412">
    <ele>280.84000000000003</ele>
   </trkpt>
   <trkpt lat="38.18507" lon="23.854190000000003">
    <ele>280.66</ele>
   </trkpt>
   <trkpt lat="38.185140000000004" lon="23.854290000000002">
    <ele>280.66</ele>
   </trkpt>
   <trkpt lat="38.18536" lon="23.85415">
    <ele>278.36</ele>
   </trkpt>
   <trkpt lat="38.185570000000006" lon="23.854080000000003">
    <ele>277.17</ele>
   </trkpt>
   <trkpt lat="38.185810000000004" lon="23.85406">
    <ele>276.40000000000003</ele>
   </trkpt>
   <trkpt lat="38.186465000151856" lon="23.85420999866418">
    <ele>276.25</ele>
   </trkpt>
   <trkpt lat="38.18712" lon="23.854360000000003">
    <ele>276.80000000000007</ele>
   </trkpt>
   <trkpt lat="38.18741" lon="23.854390000000002">
    <ele>277.80000000000007</ele>
   </trkpt>
   <trkpt lat="38.18802000001834" lon="23.854423332775525">
    <ele>279.09</ele>
   </trkpt>
   <trkpt lat="38.18863000002725" lon="23.854456666109343">
    <ele>279.40000000000003</ele>
   </trkpt>
   <trkpt lat="38.189240000000005" lon="23.854490000000002">
    <ele>279.63000000000005</ele>
   </trkpt>
   <trkpt lat="38.18966" lon="23.854470000000003">
    <ele>279.58</ele>
   </trkpt>
   <trkpt lat="38.18999" lon="23.85444">
    <ele>279.69000000000005</ele>
   </trkpt>
   <trkpt lat="38.19078500018426" lon="23.854205002579835">
    <ele>281.40000000000003</ele>
   </trkpt>
   <trkpt lat="38.19158" lon="23.85397">
    <ele>282.45000000000005</ele>
   </trkpt>
   <trkpt lat="38.192190000000004" lon="23.853890000000003">
    <ele>284.53</ele>
   </trkpt>
   <trkpt lat="38.1925" lon="23.853900000000003">
    <ele>284.86</ele>
   </trkpt>
   <trkpt lat="38.19299" lon="23.85385">
    <ele>285.87</ele>
   </trkpt>
   <trkpt lat="38.19342" lon="23.853730000000002">
    <ele>286.13000000000005</ele>
   </trkpt>
   <trkpt lat="38.194" lon="23.85347">
    <ele>287.1</ele>
   </trkpt>
   <trkpt lat="38.1944600002803" lon="23.853225001533847">
    <ele>288.62000000000006</ele>
   </trkpt>
   <trkpt lat="38.19492" lon="23.852980000000002">
    <ele>289.43</ele>
   </trkpt>
   <trkpt lat="38.19521" lon="23.852850000000004">
    <ele>289.61</ele>
   </trkpt>
   <trkpt lat="38.19552" lon="23.852760000000004">
    <ele>289.54</ele>
   </trkpt>
   <trkpt lat="38.19588" lon="23.852710000000002">
    <ele>289.07000000000005</ele>
   </trkpt>
   <trkpt lat="38.196270000000005" lon="23.852710000000002">
    <ele>288.38</ele>
   </trkpt>
   <trkpt lat="38.196560000000005" lon="23.852790000000002">
    <ele>287.92</ele>
   </trkpt>
   <trkpt lat="38.19733500025845" lon="23.853044997280303">
    <ele>289.79</ele>
   </trkpt>
   <trkpt lat="38.19811" lon="23.8533">
    <ele>296.69</ele>
   </trkpt>
   <trkpt lat="38.198440000000005" lon="23.853460000000002">
    <ele>298.63</ele>
   </trkpt>
   <trkpt lat="38.19858" lon="23.853550000000002">
    <ele>301.22</ele>
   </trkpt>
   <trkpt lat="38.19887000000001" lon="23.853790000000004">
    <ele>302.91</ele>
   </trkpt>
   <trkpt lat="38.19903" lon="23.854010000000002">
    <ele>304.06000000000006</ele>
   </trkpt>
   <trkpt lat="38.19923" lon="23.85441">
    <ele>305.68</ele>
   </trkpt>
   <trkpt lat="38.19955500415075" lon="23.855399995563335">
    <ele>306.05</ele>
   </trkpt>
   <trkpt lat="38.19988" lon="23.85639">
    <ele>301.25</ele>
   </trkpt>
   <trkpt lat="38.2" lon="23.85666">
    <ele>299.46</ele>
   </trkpt>
   <trkpt lat="38.200160000000004" lon="23.856910000000003">
    <ele>296.44000000000005</ele>
   </trkpt>
   <trkpt lat="38.200410000000005" lon="23.85715">
    <ele>295.47</ele>
   </trkpt>
   <trkpt lat="38.20062" lon="23.857310000000002">
    <ele>294.07</ele>
   </trkpt>
   <trkpt lat="38.200970000000005" lon="23.857450000000004">
    <ele>293.06000000000006</ele>
   </trkpt>
   <trkpt lat="38.2012" lon="23.857490000000002">
    <ele>292.74</ele>
   </trkpt>
   <trkpt lat="38.20143" lon="23.857490000000002">
    <ele>292.00000000000006</ele>
   </trkpt>
   <trkpt lat="38.20165" lon="23.85744">
    <ele>291.6</ele>
   </trkpt>
   <trkpt lat="38.20187000000001" lon="23.857360000000003">
    <ele>291.56000000000006</ele>
   </trkpt>
   <trkpt lat="38.20228000038911" lon="23.857090001467878">
    <ele>292.31</ele>
   </trkpt>
   <trkpt lat="38.202690000000004" lon="23.856820000000003">
    <ele>293.46</ele>
   </trkpt>
   <trkpt lat="38.203360000966256" lon="23.856365004127518">
    <ele>297.07</ele>
   </trkpt>
   <trkpt lat="38.20403" lon="23.85591">
    <ele>301.79</ele>
   </trkpt>
   <trkpt lat="38.20431000000001" lon="23.85574">
    <ele>303.06000000000006</ele>
   </trkpt>
   <trkpt lat="38.204660000000004" lon="23.855590000000003">
    <ele>305.15000000000003</ele>
   </trkpt>
   <trkpt lat="38.20497" lon="23.855500000000003">
    <ele>306.21000000000004</ele>
   </trkpt>
   <trkpt lat="38.205560000000006" lon="23.85546">
    <ele>307.17</ele>
   </trkpt>
   <trkpt lat="38.206166666685526" lon="23.855473333111476">
    <ele>306.71000000000004</ele>
   </trkpt>
   <trkpt lat="38.20677333336955" lon="23.855486666445188">
    <ele>305.72</ele>
   </trkpt>
   <trkpt lat="38.20738" lon="23.855500000000003">
    <ele>303.61</ele>
   </trkpt>
   <trkpt lat="38.20802333335356" lon="23.85552999947029">
    <ele>302.52</ele>
   </trkpt>
   <trkpt lat="38.20866666669948" lon="23.85555999947087">
    <ele>301.97</ele>
   </trkpt>
   <trkpt lat="38.20931" lon="23.855590000000003">
    <ele>302.27000000000004</ele>
   </trkpt>
   <trkpt lat="38.210190000000004" lon="23.855570000000004">
    <ele>304.95</ele>
   </trkpt>
   <trkpt lat="38.21068000015588" lon="23.855525000289436">
    <ele>306.17</ele>
   </trkpt>
   <trkpt lat="38.21117" lon="23.855480000000004">
    <ele>308.33000000000004</ele>
   </trkpt>
   <trkpt lat="38.211360000000006" lon="23.855500000000003">
    <ele>308.33000000000004</ele>
   </trkpt>
   <trkpt lat="38.21154000000001" lon="23.85554">
    <ele>309.45</ele>
   </trkpt>
   <trkpt lat="38.21224" lon="23.855770000000003">
    <ele>311.72</ele>
   </trkpt>
   <trkpt lat="38.21244" lon="23.85581">
    <ele>312.4</ele>
   </trkpt>
   <trkpt lat="38.21262" lon="23.855790000000002">
    <ele>312.62</ele>
   </trkpt>
   <trkpt lat="38.21285" lon="23.85572">
    <ele>312.84</ele>
   </trkpt>
   <trkpt lat="38.21303" lon="23.85563">
    <ele>313.35</ele>
   </trkpt>
   <trkpt lat="38.213240000000006" lon="23.855500000000003">
    <ele>313.35</ele>
   </trkpt>
   <trkpt lat="38.213600000596955" lon="23.85513000181357">
    <ele>313.8</ele>
   </trkpt>
   <trkpt lat="38.21396" lon="23.854760000000002">
    <ele>314.16</ele>
   </trkpt>
   <trkpt lat="38.21416" lon="23.85463">
    <ele>314.5</ele>
   </trkpt>
   <trkpt lat="38.214470000000006" lon="23.854480000000002">
    <ele>315.14000000000004</ele>
   </trkpt>
   <trkpt lat="38.21520666810688" lon="23.854220013158116">
    <ele>317.18</ele>
   </trkpt>
   <trkpt lat="38.21594333564035" lon="23.853960021052377">
    <ele>318.90000000000003</ele>
   </trkpt>
   <trkpt lat="38.21668000260038" lon="23.85370002368254">
    <ele>320.74</ele>
   </trkpt>
   <trkpt lat="38.217416668986935" lon="23.853440021048364">
    <ele>322.79</ele>
   </trkpt>
   <trkpt lat="38.21815333480003" lon="23.85318001314961">
    <ele>327.66</ele>
   </trkpt>
   <trkpt lat="38.21889" lon="23.85292">
    <ele>330.05</ele>
   </trkpt>
   <trkpt lat="38.219470000260124" lon="23.852740001396796">
    <ele>332.82</ele>
   </trkpt>
   <trkpt lat="38.22005" lon="23.85256">
    <ele>334.0</ele>
   </trkpt>
   <trkpt lat="38.22021" lon="23.85254">
    <ele>334.3</ele>
   </trkpt>
   <trkpt lat="38.220850000000006" lon="23.85254">
    <ele>338.19000000000005</ele>
   </trkpt>
   <trkpt lat="38.22122" lon="23.85246">
    <ele>339.93</ele>
   </trkpt>
   <trkpt lat="38.22142" lon="23.85236">
    <ele>341.45000000000005</ele>
   </trkpt>
   <trkpt lat="38.222080000000005" lon="23.851930000000003">
    <ele>347.82</ele>
   </trkpt>
   <trkpt lat="38.22232" lon="23.851820000000004">
    <ele>349.22</ele>
   </trkpt>
   <trkpt lat="38.22286000022382" lon="23.851645001268537">
    <ele>353.26</ele>
   </trkpt>
   <trkpt lat="38.223400000000005" lon="23.851470000000003">
    <ele>356.89000000000004</ele>
   </trkpt>
   <trkpt lat="38.224230000000006" lon="23.85115">
    <ele>360.82000000000005</ele>
   </trkpt>
   <trkpt lat="38.22462" lon="23.85095">
    <ele>362.24</ele>
   </trkpt>
   <trkpt lat="38.225030000000004" lon="23.850710000000003">
    <ele>363.21000000000004</ele>
   </trkpt>
   <trkpt lat="38.225370000000005" lon="23.85048">
    <ele>364.8</ele>
   </trkpt>
   <trkpt lat="38.22579500061954" lon="23.850120002044193">
    <ele>365.81</ele>
   </trkpt>
   <trkpt lat="38.226220000000005" lon="23.849760000000003">
    <ele>366.58</ele>
   </trkpt>
   <trkpt lat="38.226530000000004" lon="23.84945">
    <ele>366.98</ele>
   </trkpt>
   <trkpt lat="38.226820000000004" lon="23.849100000000004">
    <ele>367.63</ele>
   </trkpt>
   <trkpt lat="38.22731" lon="23.848460000000003">
    <ele>368.50000000000006</ele>
   </trkpt>
   <trkpt lat="38.22751" lon="23.84815">
    <ele>368.50000000000006</ele>
   </trkpt>
   <trkpt lat="38.22773" lon="23.84777">
    <ele>368.71000000000004</ele>
   </trkpt>
   <trkpt lat="38.22809" lon="23.847070000000002">
    <ele>368.89000000000004</ele>
   </trkpt>
   <trkpt lat="38.22825" lon="23.84671">
    <ele>368.84000000000003</ele>
   </trkpt>
   <trkpt lat="38.22854" lon="23.845930000000003">
    <ele>368.52</ele>
   </trkpt>
   <trkpt lat="38.22867" lon="23.84551">
    <ele>368.21000000000004</ele>
   </trkpt>
   <trkpt lat="38.22881" lon="23.84494">
    <ele>367.21000000000004</ele>
   </trkpt>
   <trkpt lat="38.2289600047267" lon="23.844193336429175">
    <ele>365.28000000000003</ele>
   </trkpt>
   <trkpt lat="38.22911000472347" lon="23.843446669778604">
    <ele>363.44000000000005</ele>
   </trkpt>
   <trkpt lat="38.229260000000004" lon="23.8427">
    <ele>361.61</ele>
   </trkpt>
   <trkpt lat="38.229470000000006" lon="23.841610000000003">
    <ele>358.55</ele>
   </trkpt>
   <trkpt lat="38.22968000836998" lon="23.840616672409173">
    <ele>353.37</ele>
   </trkpt>
   <trkpt lat="38.22989000836868" lon="23.839623339082145">
    <ele>350.02000000000004</ele>
   </trkpt>
   <trkpt lat="38.2301" lon="23.838630000000002">
    <ele>344.23</ele>
   </trkpt>
   <trkpt lat="38.2302450013728" lon="23.838040001598873">
    <ele>342.40000000000003</ele>
   </trkpt>
   <trkpt lat="38.23039" lon="23.83745">
    <ele>338.09</ele>
   </trkpt>
   <trkpt lat="38.230610000000006" lon="23.836910000000003">
    <ele>334.91</ele>
   </trkpt>
   <trkpt lat="38.23078" lon="23.836630000000003">
    <ele>334.91</ele>
   </trkpt>
   <trkpt lat="38.230880000000006" lon="23.8365">
    <ele>333.1</ele>
   </trkpt>
   <trkpt lat="38.231120000000004" lon="23.836250000000003">
    <ele>332.38</ele>
   </trkpt>
   <trkpt lat="38.231370000000005" lon="23.83605">
    <ele>330.64000000000004</ele>
   </trkpt>
   <trkpt lat="38.23181000046224" lon="23.835735001876184">
    <ele>329.58000000000004</ele>
   </trkpt>
   <trkpt lat="38.23225" lon="23.835420000000003">
    <ele>328.97</ele>
   </trkpt>
   <trkpt lat="38.232530000000004" lon="23.83518">
    <ele>328.61</ele>
   </trkpt>
   <trkpt lat="38.23279" lon="23.834880000000002">
    <ele>328.32</ele>
   </trkpt>
   <trkpt lat="38.23292" lon="23.834660000000003">
    <ele>328.32</ele>
   </trkpt>
   <trkpt lat="38.233000000000004" lon="23.834410000000002">
    <ele>328.12</ele>
   </trkpt>
   <trkpt lat="38.233050000000006" lon="23.83415">
    <ele>328.12</ele>
   </trkpt>
   <trkpt lat="38.233090000000004" lon="23.833810000000003">
    <ele>328.06</ele>
   </trkpt>
   <trkpt lat="38.23311" lon="23.83312">
    <ele>328.96000000000004</ele>
   </trkpt>
   <trkpt lat="38.2331" lon="23.83301">
    <ele>328.94</ele>
   </trkpt>
   <trkpt lat="38.233070000000005" lon="23.832970000000003">
    <ele>328.94</ele>
   </trkpt>
   <trkpt lat="38.23299" lon="23.83292">
    <ele>328.84000000000003</ele>
   </trkpt>
   <trkpt lat="38.232940000000006" lon="23.83293">
    <ele>328.78000000000003</ele>
   </trkpt>
   <trkpt lat="38.23281" lon="23.832700000000003">
    <ele>328.78000000000003</ele>
   </trkpt>
   <trkpt lat="38.23266" lon="23.832520000000002">
    <ele>327.83</ele>
   </trkpt>
   <trkpt lat="38.232470000000006" lon="23.83238">
    <ele>327.37000000000006</ele>
   </trkpt>
   <trkpt lat="38.23228" lon="23.832300000000004">
    <ele>327.04</ele>
   </trkpt>
   <trkpt lat="38.23154" lon="23.832160000000002">
    <ele>326.76000000000005</ele>
   </trkpt>
   <trkpt lat="38.23118" lon="23.83201">
    <ele>327.23</ele>
   </trkpt>
   <trkpt lat="38.231030000000004" lon="23.83189">
    <ele>328.04</ele>
   </trkpt>
   <trkpt lat="38.230850000000004" lon="23.831680000000002">
    <ele>328.42</ele>
   </trkpt>
   <trkpt lat="38.23066" lon="23.83123">
    <ele>328.24</ele>
   </trkpt>
   <trkpt lat="38.230500000000006" lon="23.83066">
    <ele>326.81000000000006</ele>
   </trkpt>
   <trkpt lat="38.23035" lon="23.82991">
    <ele>322.42</ele>
   </trkpt>
   <trkpt lat="38.23019" lon="23.8289">
    <ele>317.06</ele>
   </trkpt>
   <trkpt lat="38.230070000000005" lon="23.828560000000003">
    <ele>316.86</ele>
   </trkpt>
   <trkpt lat="38.22973" lon="23.82797">
    <ele>316.29</ele>
   </trkpt>
   <trkpt lat="38.229600000000005" lon="23.82766">
    <ele>315.89</ele>
   </trkpt>
   <trkpt lat="38.22943" lon="23.82712">
    <ele>315.67</ele>
   </trkpt>
   <trkpt lat="38.22934" lon="23.82674">
    <ele>315.70000000000005</ele>
   </trkpt>
   <trkpt lat="38.22932" lon="23.82638">
    <ele>315.81</ele>
   </trkpt>
   <trkpt lat="38.22932500168312" lon="23.82575000011124">
    <ele>315.82000000000005</ele>
   </trkpt>
   <trkpt lat="38.229330000000004" lon="23.825120000000002">
    <ele>315.39</ele>
   </trkpt>
   <trkpt lat="38.229310000000005" lon="23.824520000000003">
    <ele>314.09000000000003</ele>
   </trkpt>
   <trkpt lat="38.22925" lon="23.8241">
    <ele>312.8</ele>
   </trkpt>
   <trkpt lat="38.229060000000004" lon="23.823330000000002">
    <ele>309.53000000000003</ele>
   </trkpt>
   <trkpt lat="38.22901" lon="23.822840000000003">
    <ele>307.88000000000005</ele>
   </trkpt>
   <trkpt lat="38.229060000000004" lon="23.822280000000003">
    <ele>306.48</ele>
   </trkpt>
   <trkpt lat="38.22907" lon="23.82178">
    <ele>303.8</ele>
   </trkpt>
   <trkpt lat="38.229005001766765" lon="23.82112999916422">
    <ele>301.19</ele>
   </trkpt>
   <trkpt lat="38.22894" lon="23.820480000000003">
    <ele>299.22</ele>
   </trkpt>
   <trkpt lat="38.228930000000005" lon="23.820140000000002">
    <ele>297.36</ele>
   </trkpt>
   <trkpt lat="38.22896" lon="23.819360000000003">
    <ele>294.03000000000003</ele>
   </trkpt>
   <trkpt lat="38.229040000000005" lon="23.81849">
    <ele>291.3</ele>
   </trkpt>
   <trkpt lat="38.229110000000006" lon="23.81819">
    <ele>290.37</ele>
   </trkpt>
   <trkpt lat="38.2293" lon="23.81753">
    <ele>289.15000000000003</ele>
   </trkpt>
   <trkpt lat="38.229620000000004" lon="23.81659">
    <ele>287.05</ele>
   </trkpt>
   <trkpt lat="38.22983" lon="23.815820000000002">
    <ele>286.23</ele>
   </trkpt>
   <trkpt lat="38.23002" lon="23.81483">
    <ele>285.6</ele>
   </trkpt>
   <trkpt lat="38.2301" lon="23.81425">
    <ele>284.56</ele>
   </trkpt>
   <trkpt lat="38.23008" lon="23.813570000000002">
    <ele>282.94</ele>
   </trkpt>
   <trkpt lat="38.230030002712695" lon="23.812769999414506">
    <ele>278.44</ele>
   </trkpt>
   <trkpt lat="38.229980000000005" lon="23.811970000000002">
    <ele>274.98</ele>
   </trkpt>
   <trkpt lat="38.229850000000006" lon="23.81089">
    <ele>268.17</ele>
   </trkpt>
   <trkpt lat="38.22972000301133" lon="23.810044998375314">
    <ele>265.01</ele>
   </trkpt>
   <trkpt lat="38.22959" lon="23.8092">
    <ele>263.01</ele>
   </trkpt>
   <trkpt lat="38.229510000000005" lon="23.808500000000002">
    <ele>261.88</ele>
   </trkpt>
   <trkpt lat="38.229490000000006" lon="23.807900000000004">
    <ele>261.02000000000004</ele>
   </trkpt>
   <trkpt lat="38.22952" lon="23.80714">
    <ele>258.81000000000006</ele>
   </trkpt>
   <trkpt lat="38.22963" lon="23.80627">
    <ele>255.43000000000004</ele>
   </trkpt>
   <trkpt lat="38.229800000000004" lon="23.80543">
    <ele>253.74</ele>
   </trkpt>
   <trkpt lat="38.230085004932214" lon="23.804350004291617">
    <ele>255.71000000000004</ele>
   </trkpt>
   <trkpt lat="38.23037" lon="23.80327">
    <ele>260.53999999999996</ele>
   </trkpt>
   <trkpt lat="38.23070334272431" lon="23.802216676392327">
    <ele>263.3</ele>
   </trkpt>
   <trkpt lat="38.23103667603545" lon="23.801163343129332">
    <ele>263.41</ele>
   </trkpt>
   <trkpt lat="38.231370000000005" lon="23.800110000000004">
    <ele>262.52000000000004</ele>
   </trkpt>
   <trkpt lat="38.23168001106633" lon="23.79917751192419">
    <ele>262.81000000000006</ele>
   </trkpt>
   <trkpt lat="38.231990014755276" lon="23.798245015898686">
    <ele>263.27</ele>
   </trkpt>
   <trkpt lat="38.232300011066684" lon="23.797312511923522">
    <ele>263.70000000000005</ele>
   </trkpt>
   <trkpt lat="38.23261" lon="23.796380000000003">
    <ele>263.74</ele>
   </trkpt>
   <trkpt lat="38.23289500818335" lon="23.795577509470224">
    <ele>263.89</ele>
   </trkpt>
   <trkpt lat="38.23318001090284" lon="23.794775012650504">
    <ele>264.91</ele>
   </trkpt>
   <trkpt lat="38.23346500815837" lon="23.793972509540843">
    <ele>266.29</ele>
   </trkpt>
   <trkpt lat="38.23375" lon="23.793170000000003">
    <ele>268.58000000000004</ele>
   </trkpt>
   <trkpt lat="38.234040004887994" lon="23.792410006094528">
    <ele>272.40000000000003</ele>
   </trkpt>
   <trkpt lat="38.234330004875446" lon="23.791650006127508">
    <ele>273.87</ele>
   </trkpt>
   <trkpt lat="38.23462" lon="23.79089">
    <ele>274.68</ele>
   </trkpt>
   <trkpt lat="38.234910002220644" lon="23.790160003012005">
    <ele>275.21</ele>
   </trkpt>
   <trkpt lat="38.235200000000006" lon="23.789430000000003">
    <ele>275.33000000000004</ele>
   </trkpt>
   <trkpt lat="38.23554" lon="23.78862">
    <ele>274.65</ele>
   </trkpt>
   <trkpt lat="38.235910000000004" lon="23.78797">
    <ele>272.75000000000006</ele>
   </trkpt>
   <trkpt lat="38.236160000000005" lon="23.787740000000003">
    <ele>271.67</ele>
   </trkpt>
   <trkpt lat="38.23691" lon="23.787390000000002">
    <ele>270.41</ele>
   </trkpt>
   <trkpt lat="38.23704" lon="23.78725">
    <ele>270.39</ele>
   </trkpt>
   <trkpt lat="38.23713" lon="23.787190000000002">
    <ele>270.32</ele>
   </trkpt>
   <trkpt lat="38.23718" lon="23.787190000000002">
    <ele>270.32</ele>
   </trkpt>
   <trkpt lat="38.23727" lon="23.78714">
    <ele>269.79</ele>
   </trkpt>
   <trkpt lat="38.23733" lon="23.78705">
    <ele>269.74</ele>
   </trkpt>
   <trkpt lat="38.23736" lon="23.786910000000002">
    <ele>268.88</ele>
   </trkpt>
   <trkpt lat="38.237320000000004" lon="23.786790000000003">
    <ele>268.88</ele>
   </trkpt>
   <trkpt lat="38.237210000000005" lon="23.786690000000004">
    <ele>268.96000000000004</ele>
   </trkpt>
   <trkpt lat="38.23713" lon="23.786530000000003">
    <ele>269.18</ele>
   </trkpt>
   <trkpt lat="38.23705" lon="23.7862">
    <ele>269.26</ele>
   </trkpt>
   <trkpt lat="38.23702" lon="23.785870000000003">
    <ele>269.12</ele>
   </trkpt>
   <trkpt lat="38.23702" lon="23.78553">
    <ele>268.71</ele>
   </trkpt>
   <trkpt lat="38.237080002343184" lon="23.7847850007562">
    <ele>267.55</ele>
   </trkpt>
   <trkpt lat="38.237140000000004" lon="23.78404">
    <ele>265.31000000000006</ele>
   </trkpt>
   <trkpt lat="38.237230000000004" lon="23.78309">
    <ele>261.32</ele>
   </trkpt>
   <trkpt lat="38.23727" lon="23.782880000000002">
    <ele>261.11</ele>
   </trkpt>
   <trkpt lat="38.23736" lon="23.78253">
    <ele>259.96000000000004</ele>
   </trkpt>
   <trkpt lat="38.237711688734315" lon="23.781510024668837">
    <ele>259.01</ele>
   </trkpt>
   <trkpt lat="38.23806336864153" lon="23.780490039470966">
    <ele>258.45</ele>
   </trkpt>
   <trkpt lat="38.23841503972145" lon="23.779470044406416">
    <ele>254.42000000000002</ele>
   </trkpt>
   <trkpt lat="38.238766701973894" lon="23.778450039475217">
    <ele>248.07000000000002</ele>
   </trkpt>
   <trkpt lat="38.23911835539865" lon="23.777430024677393">
    <ele>247.85000000000002</ele>
   </trkpt>
   <trkpt lat="38.239470000000004" lon="23.776410000000002">
    <ele>248.29</ele>
   </trkpt>
   <trkpt lat="38.23971" lon="23.77579">
    <ele>245.83</ele>
   </trkpt>
   <trkpt lat="38.23991" lon="23.775380000000002">
    <ele>244.15000000000003</ele>
   </trkpt>
   <trkpt lat="38.24015" lon="23.77495">
    <ele>242.71</ele>
   </trkpt>
   <trkpt lat="38.240410000000004" lon="23.774540000000002">
    <ele>238.89000000000001</ele>
   </trkpt>
   <trkpt lat="38.24074" lon="23.77408">
    <ele>238.11</ele>
   </trkpt>
   <trkpt lat="38.2411" lon="23.773660000000003">
    <ele>236.40000000000003</ele>
   </trkpt>
   <trkpt lat="38.241735011879015" lon="23.7730275386742">
    <ele>234.60000000000002</ele>
   </trkpt>
   <trkpt lat="38.24237002036393" lon="23.77239506629976">
    <ele>232.25</ele>
   </trkpt>
   <trkpt lat="38.24300502545462" lon="23.771762582876306">
    <ele>230.42000000000002</ele>
   </trkpt>
   <trkpt lat="38.243640027150924" lon="23.771130088403442">
    <ele>227.91000000000003</ele>
   </trkpt>
   <trkpt lat="38.24427502545273" lon="23.770497582880793">
    <ele>224.58</ele>
   </trkpt>
   <trkpt lat="38.24491002035989" lon="23.769865066307965">
    <ele>222.03</ele>
   </trkpt>
   <trkpt lat="38.245545011872274" lon="23.769232538684573">
    <ele>219.32000000000002</ele>
   </trkpt>
   <trkpt lat="38.24618" lon="23.768600000000003">
    <ele>215.12</ele>
   </trkpt>
   <trkpt lat="38.24649" lon="23.768390000000004">
    <ele>212.73000000000002</ele>
   </trkpt>
   <trkpt lat="38.24689" lon="23.76816">
    <ele>208.53000000000003</ele>
   </trkpt>
   <trkpt lat="38.247580000000006" lon="23.76791">
    <ele>206.09000000000003</ele>
   </trkpt>
   <trkpt lat="38.247870000000006" lon="23.76779">
    <ele>204.69</ele>
   </trkpt>
   <trkpt lat="38.2483" lon="23.767480000000003">
    <ele>202.69</ele>
   </trkpt>
   <trkpt lat="38.248650000000005" lon="23.76706">
    <ele>201.29000000000002</ele>
   </trkpt>
   <trkpt lat="38.24898" lon="23.766460000000002">
    <ele>200.48000000000002</ele>
   </trkpt>
   <trkpt lat="38.24927500138077" lon="23.76590000217757">
    <ele>199.28</ele>
   </trkpt>
   <trkpt lat="38.249570000000006" lon="23.765340000000002">
    <ele>197.95000000000002</ele>
   </trkpt>
   <trkpt lat="38.249930000000006" lon="23.76489">
    <ele>196.82000000000002</ele>
   </trkpt>
   <trkpt lat="38.25046500374048" lon="23.764350011896116">
    <ele>195.16000000000003</ele>
   </trkpt>
   <trkpt lat="38.251000005006624" lon="23.76381001584219">
    <ele>192.73000000000002</ele>
   </trkpt>
   <trkpt lat="38.251535003798374" lon="23.763270011837985">
    <ele>191.35000000000002</ele>
   </trkpt>
   <trkpt lat="38.25207" lon="23.76273">
    <ele>188.66000000000003</ele>
   </trkpt>
   <trkpt lat="38.252300000000005" lon="23.76245">
    <ele>188.22000000000003</ele>
   </trkpt>
   <trkpt lat="38.25271" lon="23.761920000000003">
    <ele>186.25000000000003</ele>
   </trkpt>
   <trkpt lat="38.25316" lon="23.76122">
    <ele>184.2</ele>
   </trkpt>
   <trkpt lat="38.25359" lon="23.760340000000003">
    <ele>181.35</ele>
   </trkpt>
   <trkpt lat="38.25377" lon="23.75992">
    <ele>179.64000000000001</ele>
   </trkpt>
   <trkpt lat="38.254070000000006" lon="23.75899">
    <ele>176.65</ele>
   </trkpt>
   <trkpt lat="38.25431601338217" lon="23.758102012027102">
    <ele>173.5</ele>
   </trkpt>
   <trkpt lat="38.254562020073024" lon="23.757214018041804">
    <ele>170.97</ele>
   </trkpt>
   <trkpt lat="38.25480802007245" lon="23.75632601804418">
    <ele>168.47</ele>
   </trkpt>
   <trkpt lat="38.255054013380345" lon="23.7554380120343">
    <ele>163.96</ele>
   </trkpt>
   <trkpt lat="38.255300000000005" lon="23.754550000000002">
    <ele>161.81</ele>
   </trkpt>
   <trkpt lat="38.25553" lon="23.75402">
    <ele>160.32999999999998</ele>
   </trkpt>
   <trkpt lat="38.255700000000004" lon="23.75372">
    <ele>159.20000000000002</ele>
   </trkpt>
   <trkpt lat="38.255860000000006" lon="23.753490000000003">
    <ele>158.48000000000002</ele>
   </trkpt>
   <trkpt lat="38.256220000000006" lon="23.75307">
    <ele>156.25</ele>
   </trkpt>
   <trkpt lat="38.256620000834644" lon="23.752640002313257">
    <ele>153.17</ele>
   </trkpt>
   <trkpt lat="38.257020000000004" lon="23.75221">
    <ele>152.68</ele>
   </trkpt>
   <trkpt lat="38.257220000000004" lon="23.751910000000002">
    <ele>150.8</ele>
   </trkpt>
   <trkpt lat="38.257310000000004" lon="23.75174">
    <ele>150.8</ele>
   </trkpt>
   <trkpt lat="38.25742" lon="23.751450000000002">
    <ele>150.03000000000003</ele>
   </trkpt>
   <trkpt lat="38.2575" lon="23.75118">
    <ele>149.24</ele>
   </trkpt>
   <trkpt lat="38.25764500183387" lon="23.750525001246164">
    <ele>147.69000000000003</ele>
   </trkpt>
   <trkpt lat="38.25779" lon="23.74987">
    <ele>146.03000000000003</ele>
   </trkpt>
   <trkpt lat="38.25798" lon="23.749370000000003">
    <ele>145.39000000000001</ele>
   </trkpt>
   <trkpt lat="38.258230000000005" lon="23.74884">
    <ele>145.66</ele>
   </trkpt>
   <trkpt lat="38.258320000000005" lon="23.748590000000004">
    <ele>146.47000000000003</ele>
   </trkpt>
   <trkpt lat="38.25846000000001" lon="23.74793">
    <ele>147.20000000000002</ele>
   </trkpt>
   <trkpt lat="38.25864500439428" lon="23.74691000270861">
    <ele>146.3</ele>
   </trkpt>
   <trkpt lat="38.25883" lon="23.745890000000003">
    <ele>144.69</ele>
   </trkpt>
   <trkpt lat="38.25905334323331" lon="23.744810006631237">
    <ele>144.32</ele>
   </trkpt>
   <trkpt lat="38.259276676568426" lon="23.74373000662282">
    <ele>143.37000000000003</ele>
   </trkpt>
   <trkpt lat="38.2595" lon="23.74265">
    <ele>142.64000000000001</ele>
   </trkpt>
   <trkpt lat="38.25968" lon="23.74154">
    <ele>141.51000000000002</ele>
   </trkpt>
   <trkpt lat="38.259820000000005" lon="23.740540000000003">
    <ele>140.06</ele>
   </trkpt>
   <trkpt lat="38.259934016167385" lon="23.73956400612733">
    <ele>138.76000000000002</ele>
   </trkpt>
   <trkpt lat="38.26004802425105" lon="23.73858800919148">
    <ele>136.97</ele>
   </trkpt>
   <trkpt lat="38.26016202425094" lon="23.73761200919265">
    <ele>135.68</ele>
   </trkpt>
   <trkpt lat="38.26027601616703" lon="23.736636006131025">
    <ele>134.03</ele>
   </trkpt>
   <trkpt lat="38.26039" lon="23.735660000000003">
    <ele>133.03</ele>
   </trkpt>
   <trkpt lat="38.26053" lon="23.734900000000003">
    <ele>131.61</ele>
   </trkpt>
   <trkpt lat="38.260810000000006" lon="23.733960000000003">
    <ele>130.33</ele>
   </trkpt>
   <trkpt lat="38.260920000000006" lon="23.733710000000002">
    <ele>130.09</ele>
   </trkpt>
   <trkpt lat="38.26126" lon="23.733200000000004">
    <ele>129.54999999999998</ele>
   </trkpt>
   <trkpt lat="38.26158" lon="23.73278">
    <ele>129.42000000000002</ele>
   </trkpt>
   <trkpt lat="38.26176" lon="23.732470000000003">
    <ele>129.0</ele>
   </trkpt>
   <trkpt lat="38.26203" lon="23.731820000000003">
    <ele>127.59</ele>
   </trkpt>
   <trkpt lat="38.262246672007514" lon="23.731026671399903">
    <ele>123.15</ele>
   </trkpt>
   <trkpt lat="38.26246333867392" lon="23.73023333806762">
    <ele>121.31000000000002</ele>
   </trkpt>
   <trkpt lat="38.26268" lon="23.72944">
    <ele>119.74000000000001</ele>
   </trkpt>
   <trkpt lat="38.262750000000004" lon="23.72904">
    <ele>119.58</ele>
   </trkpt>
   <trkpt lat="38.262785001588554" lon="23.72843000012574">
    <ele>119.20000000000002</ele>
   </trkpt>
   <trkpt lat="38.262820000000005" lon="23.72782">
    <ele>118.24000000000001</ele>
   </trkpt>
   <trkpt lat="38.26285" lon="23.727520000000002">
    <ele>117.79</ele>
   </trkpt>
   <trkpt lat="38.262950000000004" lon="23.727110000000003">
    <ele>116.38000000000001</ele>
   </trkpt>
   <trkpt lat="38.26315" lon="23.7266">
    <ele>115.4</ele>
   </trkpt>
   <trkpt lat="38.26352000750555" lon="23.725832511712877">
    <ele>111.56</ele>
   </trkpt>
   <trkpt lat="38.263890010012176" lon="23.725065015607466">
    <ele>109.7</ele>
   </trkpt>
   <trkpt lat="38.26426000751977" lon="23.724297511683698">
    <ele>109.96</ele>
   </trkpt>
   <trkpt lat="38.264630000000004" lon="23.72353">
    <ele>111.45</ele>
   </trkpt>
   <trkpt lat="38.26490000169159" lon="23.722900002324337">
    <ele>111.49000000000001</ele>
   </trkpt>
   <trkpt lat="38.265170000000005" lon="23.72227">
    <ele>110.11000000000001</ele>
   </trkpt>
   <trkpt lat="38.26531000000001" lon="23.721860000000003">
    <ele>108.64000000000001</ele>
   </trkpt>
   <trkpt lat="38.26547333815175" lon="23.721106670044577">
    <ele>106.59</ele>
   </trkpt>
   <trkpt lat="38.26563667148726" lon="23.720353336701276">
    <ele>104.59</ele>
   </trkpt>
   <trkpt lat="38.265800000000006" lon="23.719600000000003">
    <ele>103.75</ele>
   </trkpt>
   <trkpt lat="38.26602000159814" lon="23.71897500206173">
    <ele>102.46000000000001</ele>
   </trkpt>
   <trkpt lat="38.26624" lon="23.71835">
    <ele>102.22</ele>
   </trkpt>
   <trkpt lat="38.26639" lon="23.71788">
    <ele>101.70000000000002</ele>
   </trkpt>
   <trkpt lat="38.266510001402835" lon="23.717295001207074">
    <ele>101.54</ele>
   </trkpt>
   <trkpt lat="38.266630000000006" lon="23.716710000000003">
    <ele>101.04</ele>
   </trkpt>
   <trkpt lat="38.26682" lon="23.715950000000003">
    <ele>100.5</ele>
   </trkpt>
   <trkpt lat="38.266980000000004" lon="23.715480000000003">
    <ele>100.25</ele>
   </trkpt>
   <trkpt lat="38.26727000213118" lon="23.714770002854124">
    <ele>99.12</ele>
   </trkpt>
   <trkpt lat="38.26756" lon="23.714060000000003">
    <ele>98.01</ele>
   </trkpt>
   <trkpt lat="38.267830000000004" lon="23.71337">
    <ele>96.48</ele>
   </trkpt>
   <trkpt lat="38.26794" lon="23.713030000000003">
    <ele>96.48</ele>
   </trkpt>
   <trkpt lat="38.26814" lon="23.712280000000003">
    <ele>93.98</ele>
   </trkpt>
   <trkpt lat="38.2682" lon="23.711920000000003">
    <ele>93.21</ele>
   </trkpt>
   <trkpt lat="38.268240000000006" lon="23.711550000000003">
    <ele>92.03</ele>
   </trkpt>
   <trkpt lat="38.26831" lon="23.710620000000002">
    <ele>90.81</ele>
   </trkpt>
   <trkpt lat="38.2684" lon="23.71008">
    <ele>90.39000000000001</ele>
   </trkpt>
   <trkpt lat="38.26849" lon="23.709740000000004">
    <ele>90.28000000000002</ele>
   </trkpt>
   <trkpt lat="38.268620000000006" lon="23.70945">
    <ele>90.11000000000001</ele>
   </trkpt>
   <trkpt lat="38.26877" lon="23.709180000000003">
    <ele>90.01</ele>
   </trkpt>
   <trkpt lat="38.26905" lon="23.708820000000003">
    <ele>89.65</ele>
   </trkpt>
   <trkpt lat="38.269760000000005" lon="23.708160000000003">
    <ele>88.85000000000001</ele>
   </trkpt>
   <trkpt lat="38.27004" lon="23.707860000000004">
    <ele>88.19</ele>
   </trkpt>
   <trkpt lat="38.27055" lon="23.7072">
    <ele>85.41000000000001</ele>
   </trkpt>
   <trkpt lat="38.27096333683228" lon="23.706556674010802">
    <ele>81.80000000000001</ele>
   </trkpt>
   <trkpt lat="38.271376670152016" lon="23.705913340698732">
    <ele>78.95</ele>
   </trkpt>
   <trkpt lat="38.27179" lon="23.705270000000002">
    <ele>74.45</ele>
   </trkpt>
   <trkpt lat="38.2720800008808" lon="23.70481000186409">
    <ele>72.98</ele>
   </trkpt>
   <trkpt lat="38.27237" lon="23.70435">
    <ele>71.68</ele>
   </trkpt>
   <trkpt lat="38.272710001878416" lon="23.703690003031987">
    <ele>71.04</ele>
   </trkpt>
   <trkpt lat="38.273050000000005" lon="23.703030000000002">
    <ele>70.83</ele>
   </trkpt>
   <trkpt lat="38.273380002407166" lon="23.702270003554847">
    <ele>70.87</ele>
   </trkpt>
   <trkpt lat="38.27371" lon="23.701510000000003">
    <ele>71.47</ele>
   </trkpt>
   <trkpt lat="38.27384" lon="23.701050000000002">
    <ele>72.07000000000001</ele>
   </trkpt>
   <trkpt lat="38.27394" lon="23.700490000000002">
    <ele>72.50000000000001</ele>
   </trkpt>
   <trkpt lat="38.27400334269372" lon="23.699440001778335">
    <ele>73.33</ele>
   </trkpt>
   <trkpt lat="38.27406667603027" lon="23.698390001725">
    <ele>73.59</ele>
   </trkpt>
   <trkpt lat="38.27413000000001" lon="23.69734">
    <ele>74.02</ele>
   </trkpt>
   <trkpt lat="38.2742" lon="23.696510000000004">
    <ele>74.11000000000001</ele>
   </trkpt>
   <trkpt lat="38.27436000290256" lon="23.69569000155495">
    <ele>74.33000000000001</ele>
   </trkpt>
   <trkpt lat="38.27452" lon="23.69487">
    <ele>75.05</ele>
   </trkpt>
   <trkpt lat="38.274645004675556" lon="23.693820001833153">
    <ele>75.55000000000001</ele>
   </trkpt>
   <trkpt lat="38.274770000000004" lon="23.692770000000003">
    <ele>77.28</ele>
   </trkpt>
   <trkpt lat="38.27483" lon="23.692510000000002">
    <ele>77.28</ele>
   </trkpt>
   <trkpt lat="38.275000000000006" lon="23.692040000000002">
    <ele>77.97000000000001</ele>
   </trkpt>
   <trkpt lat="38.275200000000005" lon="23.69171">
    <ele>78.2</ele>
   </trkpt>
   <trkpt lat="38.27563" lon="23.691180000000003">
    <ele>77.32</ele>
   </trkpt>
   <trkpt lat="38.27629001252171" lon="23.69047860968958">
    <ele>77.03</ele>
   </trkpt>
   <trkpt lat="38.27695002086798" lon="23.68977720662818">
    <ele>76.04</ele>
   </trkpt>
   <trkpt lat="38.27761002503865" lon="23.68907579081535">
    <ele>75.44000000000001</ele>
   </trkpt>
   <trkpt lat="38.278270025033514" lon="23.68837436225065">
    <ele>75.64000000000001</ele>
   </trkpt>
   <trkpt lat="38.278930020852435" lon="23.68767292093361">
    <ele>76.14</ele>
   </trkpt>
   <trkpt lat="38.279590012495206" lon="23.686971466863792">
    <ele>76.34</ele>
   </trkpt>
   <trkpt lat="38.28025" lon="23.68627">
    <ele>75.08000000000001</ele>
   </trkpt>
   <trkpt lat="38.28069500076242" lon="23.68584000265722">
    <ele>73.81</ele>
   </trkpt>
   <trkpt lat="38.28114" lon="23.68541">
    <ele>71.42000000000002</ele>
   </trkpt>
   <trkpt lat="38.28139" lon="23.68523">
    <ele>69.93</ele>
   </trkpt>
   <trkpt lat="38.281890000000004" lon="23.68496">
    <ele>68.55</ele>
   </trkpt>
   <trkpt lat="38.282160000000005" lon="23.684790000000003">
    <ele>68.13000000000001</ele>
   </trkpt>
   <trkpt lat="38.282360000000004" lon="23.684630000000002">
    <ele>67.89</ele>
   </trkpt>
   <trkpt lat="38.28258" lon="23.684410000000003">
    <ele>68.04</ele>
   </trkpt>
   <trkpt lat="38.282740000000004" lon="23.68421">
    <ele>68.52000000000001</ele>
   </trkpt>
   <trkpt lat="38.28291" lon="23.683950000000003">
    <ele>69.19</ele>
   </trkpt>
   <trkpt lat="38.28322" lon="23.683370000000004">
    <ele>70.49000000000001</ele>
   </trkpt>
   <trkpt lat="38.28351" lon="23.682930000000002">
    <ele>73.47000000000001</ele>
   </trkpt>
   <trkpt lat="38.28416250619977" lon="23.68223251880324">
    <ele>76.62</ele>
   </trkpt>
   <trkpt lat="38.284815008270265" lon="23.681535025067237">
    <ele>79.61</ele>
   </trkpt>
   <trkpt lat="38.28546750621128" lon="23.680837518791556">
    <ele>80.53999999999999</ele>
   </trkpt>
   <trkpt lat="38.286120000000004" lon="23.68014">
    <ele>81.23</ele>
   </trkpt>
   <trkpt lat="38.28671000324165" lon="23.67952667658721">
    <ele>81.73</ele>
   </trkpt>
   <trkpt lat="38.28730000329032" lon="23.678913343203437">
    <ele>82.52000000000001</ele>
   </trkpt>
   <trkpt lat="38.287890000000004" lon="23.678300000000004">
    <ele>83.12</ele>
   </trkpt>
   <trkpt lat="38.288320000000006" lon="23.677850000000003">
    <ele>83.08</ele>
   </trkpt>
   <trkpt lat="38.2889600016734" lon="23.6772300054266">
    <ele>82.38000000000001</ele>
   </trkpt>
   <trkpt lat="38.2896" lon="23.676610000000004">
    <ele>79.96000000000001</ele>
   </trkpt>
   <trkpt lat="38.28985" lon="23.67641">
    <ele>79.42999999999999</ele>
   </trkpt>
   <trkpt lat="38.29014" lon="23.67623">
    <ele>77.5</ele>
   </trkpt>
   <trkpt lat="38.290380000000006" lon="23.67614">
    <ele>76.58000000000001</ele>
   </trkpt>
   <trkpt lat="38.29063" lon="23.676080000000002">
    <ele>76.41000000000001</ele>
   </trkpt>
   <trkpt lat="38.2909" lon="23.67603">
    <ele>76.23</ele>
   </trkpt>
   <trkpt lat="38.29173500007491" lon="23.67595500085837">
    <ele>76.05000000000001</ele>
   </trkpt>
   <trkpt lat="38.292570000000005" lon="23.675880000000003">
    <ele>76.22000000000001</ele>
   </trkpt>
   <trkpt lat="38.292950000000005" lon="23.67583">
    <ele>76.32000000000001</ele>
   </trkpt>
   <trkpt lat="38.293290000000006" lon="23.675720000000002">
    <ele>76.38</ele>
   </trkpt>
   <trkpt lat="38.293490000000006" lon="23.675610000000002">
    <ele>76.47000000000001</ele>
   </trkpt>
   <trkpt lat="38.293890000000005" lon="23.67527">
    <ele>76.92</ele>
   </trkpt>
   <trkpt lat="38.29421" lon="23.674930000000003">
    <ele>77.26</ele>
   </trkpt>
   <trkpt lat="38.294360000000005" lon="23.67471">
    <ele>77.26</ele>
   </trkpt>
   <trkpt lat="38.29446" lon="23.674500000000002">
    <ele>77.55000000000001</ele>
   </trkpt>
   <trkpt lat="38.29459000000001" lon="23.67414">
    <ele>77.51</ele>
   </trkpt>
   <trkpt lat="38.29488501190907" lon="23.673172511832206">
    <ele>75.38</ele>
   </trkpt>
   <trkpt lat="38.29518001587234" lon="23.672205015797584">
    <ele>71.57000000000001</ele>
   </trkpt>
   <trkpt lat="38.295475011889685" lon="23.671237511896194">
    <ele>67.35000000000001</ele>
   </trkpt>
   <trkpt lat="38.295770000000005" lon="23.670270000000002">
    <ele>64.75</ele>
   </trkpt>
   <trkpt lat="38.29614" lon="23.669330000000002">
    <ele>63.6</ele>
   </trkpt>
   <trkpt lat="38.296310000000005" lon="23.66853">
    <ele>62.64</ele>
   </trkpt>
   <trkpt lat="38.29646000285511" lon="23.66771000168885">
    <ele>61.290000000000006</ele>
   </trkpt>
   <trkpt lat="38.29661" lon="23.666890000000002">
    <ele>61.21000000000001</ele>
   </trkpt>
   <trkpt lat="38.29675" lon="23.666390000000003">
    <ele>61.35</ele>
   </trkpt>
   <trkpt lat="38.296910000000004" lon="23.665940000000003">
    <ele>61.910000000000004</ele>
   </trkpt>
   <trkpt lat="38.29703000000001" lon="23.665670000000002">
    <ele>61.910000000000004</ele>
   </trkpt>
   <trkpt lat="38.297140000000006" lon="23.665470000000003">
    <ele>62.13</ele>
   </trkpt>
   <trkpt lat="38.29728" lon="23.665280000000003">
    <ele>62.13</ele>
   </trkpt>
   <trkpt lat="38.2974" lon="23.665180000000003">
    <ele>62.13</ele>
   </trkpt>
   <trkpt lat="38.297670000000004" lon="23.66506">
    <ele>62.18000000000001</ele>
   </trkpt>
   <trkpt lat="38.29787" lon="23.665020000000002">
    <ele>62.18000000000001</ele>
   </trkpt>
   <trkpt lat="38.298260000000006" lon="23.665000000000003">
    <ele>62.14000000000001</ele>
   </trkpt>
   <trkpt lat="38.29898" lon="23.665020000000002">
    <ele>62.2</ele>
   </trkpt>
   <trkpt lat="38.29966333341294" lon="23.66502999981278">
    <ele>62.290000000000006</ele>
   </trkpt>
   <trkpt lat="38.300346666825014" lon="23.665039999813928">
    <ele>62.38</ele>
   </trkpt>
   <trkpt lat="38.301030000000004" lon="23.66505">
    <ele>63.65000000000001</ele>
   </trkpt>
   <trkpt lat="38.301320000000004" lon="23.665000000000003">
    <ele>64.33000000000001</ele>
   </trkpt>
   <trkpt lat="38.301460000000006" lon="23.66495">
    <ele>64.81</ele>
   </trkpt>
   <trkpt lat="38.30162" lon="23.66485">
    <ele>65.58</ele>
   </trkpt>
   <trkpt lat="38.301730000000006" lon="23.66475">
    <ele>65.58</ele>
   </trkpt>
   <trkpt lat="38.30205" lon="23.664360000000002">
    <ele>67.02000000000001</ele>
   </trkpt>
   <trkpt lat="38.302395001312" lon="23.663825002393807">
    <ele>69.53</ele>
   </trkpt>
   <trkpt lat="38.30274" lon="23.663290000000003">
    <ele>71.71000000000001</ele>
   </trkpt>
   <trkpt lat="38.30288" lon="23.66306">
    <ele>73.3</ele>
   </trkpt>
   <trkpt lat="38.30301" lon="23.662740000000003">
    <ele>74.56</ele>
   </trkpt>
   <trkpt lat="38.303070000000005" lon="23.662440000000004">
    <ele>75.42</ele>
   </trkpt>
   <trkpt lat="38.30319251363959" lon="23.661405005254732">
    <ele>76.63</ele>
   </trkpt>
   <trkpt lat="38.303315018185266" lon="23.660370007013587">
    <ele>77.21</ele>
   </trkpt>
   <trkpt lat="38.30343751363701" lon="23.65933500527681">
    <ele>78.12</ele>
   </trkpt>
   <trkpt lat="38.303560000000004" lon="23.6583">
    <ele>78.55000000000001</ele>
   </trkpt>
   <trkpt lat="38.30370168581981" lon="23.65735000928262">
    <ele>79.27000000000001</ele>
   </trkpt>
   <trkpt lat="38.3038433639781" lon="23.656400014854245">
    <ele>78.12</ele>
   </trkpt>
   <trkpt lat="38.303985034474834" lon="23.655450016715037">
    <ele>76.86000000000001</ele>
   </trkpt>
   <trkpt lat="38.30412669730994" lon="23.65450001486516">
    <ele>75.25000000000001</ele>
   </trkpt>
   <trkpt lat="38.30426835248332" lon="23.65355000930479">
    <ele>74.4</ele>
   </trkpt>
   <trkpt lat="38.304410000000004" lon="23.652600000000003">
    <ele>74.54</ele>
   </trkpt>
   <trkpt lat="38.30451" lon="23.65227">
    <ele>74.58000000000001</ele>
   </trkpt>
   <trkpt lat="38.30490500318022" lon="23.651400004809428">
    <ele>75.82000000000001</ele>
   </trkpt>
   <trkpt lat="38.3053" lon="23.650530000000003">
    <ele>76.87</ele>
   </trkpt>
   <trkpt lat="38.305490000000006" lon="23.650170000000003">
    <ele>77.64</ele>
   </trkpt>
   <trkpt lat="38.305640000000004" lon="23.649960000000004">
    <ele>78.29</ele>
   </trkpt>
   <trkpt lat="38.30625201110022" lon="23.64915202725044">
    <ele>80.57000000000001</ele>
   </trkpt>
   <trkpt lat="38.30686401665821" lon="23.648344040865933">
    <ele>82.84</ele>
   </trkpt>
   <trkpt lat="38.307476016673775" lon="23.64753604084607">
    <ele>84.36</ele>
   </trkpt>
   <trkpt lat="38.3080880111467" lon="23.646728027190452">
    <ele>85.16000000000001</ele>
   </trkpt>
   <trkpt lat="38.3087" lon="23.64592">
    <ele>86.69</ele>
   </trkpt>
   <trkpt lat="38.308840000000004" lon="23.645760000000003">
    <ele>87.31000000000002</ele>
   </trkpt>
   <trkpt lat="38.30934000113359" lon="23.64526000337473">
    <ele>87.87</ele>
   </trkpt>
   <trkpt lat="38.30984" lon="23.64476">
    <ele>89.88</ele>
   </trkpt>
   <trkpt lat="38.310010000000005" lon="23.64457">
    <ele>90.4</ele>
   </trkpt>
   <trkpt lat="38.31013" lon="23.644340000000003">
    <ele>90.4</ele>
   </trkpt>
   <trkpt lat="38.310190000000006" lon="23.644170000000003">
    <ele>91.15</ele>
   </trkpt>
   <trkpt lat="38.310230000000004" lon="23.643960000000003">
    <ele>91.15</ele>
   </trkpt>
   <trkpt lat="38.31024500158154" lon="23.64335000004405">
    <ele>92.66000000000001</ele>
   </trkpt>
   <trkpt lat="38.31026000000001" lon="23.642740000000003">
    <ele>93.89</ele>
   </trkpt>
   <trkpt lat="38.31031" lon="23.642220000000002">
    <ele>94.66000000000001</ele>
   </trkpt>
   <trkpt lat="38.31035" lon="23.642080000000004">
    <ele>95.49000000000001</ele>
   </trkpt>
   <trkpt lat="38.31047" lon="23.641730000000003">
    <ele>95.49000000000001</ele>
   </trkpt>
   <trkpt lat="38.310765001559055" lon="23.641115002598575">
    <ele>98.06</ele>
   </trkpt>
   <trkpt lat="38.311060000000005" lon="23.640500000000003">
    <ele>100.02000000000001</ele>
   </trkpt>
   <trkpt lat="38.311240000000005" lon="23.64027">
    <ele>100.89</ele>
   </trkpt>
   <trkpt lat="38.31176" lon="23.639770000000002">
    <ele>103.37</ele>
   </trkpt>
   <trkpt lat="38.3119" lon="23.639580000000002">
    <ele>104.25000000000001</ele>
   </trkpt>
   <trkpt lat="38.31203" lon="23.63934">
    <ele>104.87</ele>
   </trkpt>
   <trkpt lat="38.312180000000005" lon="23.638820000000003">
    <ele>105.85000000000001</ele>
   </trkpt>
   <trkpt lat="38.31224" lon="23.638510000000004">
    <ele>106.22000000000001</ele>
   </trkpt>
   <trkpt lat="38.3123" lon="23.63831">
    <ele>106.37</ele>
   </trkpt>
   <trkpt lat="38.312400000000004" lon="23.6381">
    <ele>106.37</ele>
   </trkpt>
   <trkpt lat="38.3127966697964" lon="23.637490006718714">
    <ele>107.3</ele>
   </trkpt>
   <trkpt lat="38.3131933364337" lon="23.636880006763946">
    <ele>109.16000000000001</ele>
   </trkpt>
   <trkpt lat="38.313590000000005" lon="23.636270000000003">
    <ele>111.4</ele>
   </trkpt>
   <trkpt lat="38.31371" lon="23.636000000000003">
    <ele>114.72</ele>
   </trkpt>
   <trkpt lat="38.313810000000004" lon="23.635550000000002">
    <ele>115.80000000000001</ele>
   </trkpt>
   <trkpt lat="38.313880000000005" lon="23.635250000000003">
    <ele>116.51000000000002</ele>
   </trkpt>
   <trkpt lat="38.31396" lon="23.634670000000003">
    <ele>118.27000000000001</ele>
   </trkpt>
   <trkpt lat="38.314080000000004" lon="23.63426">
    <ele>118.27000000000001</ele>
   </trkpt>
   <trkpt lat="38.31439" lon="23.633670000000002">
    <ele>120.96000000000001</ele>
   </trkpt>
   <trkpt lat="38.314620000000005" lon="23.633360000000003">
    <ele>122.02</ele>
   </trkpt>
   <trkpt lat="38.31476" lon="23.633210000000002">
    <ele>122.33000000000001</ele>
   </trkpt>
   <trkpt lat="38.315090000000005" lon="23.63295">
    <ele>123.25000000000001</ele>
   </trkpt>
   <trkpt lat="38.31539" lon="23.632640000000002">
    <ele>123.25000000000001</ele>
   </trkpt>
   <trkpt lat="38.315650000000005" lon="23.632230000000003">
    <ele>124.10000000000001</ele>
   </trkpt>
   <trkpt lat="38.316" lon="23.63163">
    <ele>125.68</ele>
   </trkpt>
   <trkpt lat="38.316250000000004" lon="23.631320000000002">
    <ele>126.01</ele>
   </trkpt>
   <trkpt lat="38.31685000101375" lon="23.63083500400123">
    <ele>125.27000000000002</ele>
   </trkpt>
   <trkpt lat="38.31745" lon="23.630350000000004">
    <ele>124.35000000000001</ele>
   </trkpt>
   <trkpt lat="38.31785" lon="23.630080000000003">
    <ele>124.13</ele>
   </trkpt>
   <trkpt lat="38.31814" lon="23.62993">
    <ele>124.12</ele>
   </trkpt>
   <trkpt lat="38.31851" lon="23.629810000000003">
    <ele>124.47000000000001</ele>
   </trkpt>
   <trkpt lat="38.31898000004411" lon="23.629680000850406">
    <ele>125.35000000000001</ele>
   </trkpt>
   <trkpt lat="38.31945" lon="23.629550000000002">
    <ele>126.43</ele>
   </trkpt>
   <trkpt lat="38.31991" lon="23.629450000000002">
    <ele>127.84</ele>
   </trkpt>
   <trkpt lat="38.32032" lon="23.629230000000003">
    <ele>128.79999999999998</ele>
   </trkpt>
   <trkpt lat="38.32056" lon="23.62903">
    <ele>130.29999999999998</ele>
   </trkpt>
   <trkpt lat="38.320975001128076" lon="23.628510003001647">
    <ele>133.33</ele>
   </trkpt>
   <trkpt lat="38.32139" lon="23.62799">
    <ele>135.75</ele>
   </trkpt>
   <trkpt lat="38.32155" lon="23.62771">
    <ele>136.75</ele>
   </trkpt>
   <trkpt lat="38.321670000000005" lon="23.62741">
    <ele>137.16</ele>
   </trkpt>
   <trkpt lat="38.321902884242206" lon="23.626378591301687">
    <ele>137.02</ele>
   </trkpt>
   <trkpt lat="38.32213575945201" lon="23.625347175976582">
    <ele>135.1</ele>
   </trkpt>
   <trkpt lat="38.32236862562927" lon="23.624315754024842">
    <ele>135.6</ele>
   </trkpt>
   <trkpt lat="38.32260148277385" lon="23.623284325446622">
    <ele>137.69</ele>
   </trkpt>
   <trkpt lat="38.32283433088563" lon="23.622252890242088">
    <ele>139.46</ele>
   </trkpt>
   <trkpt lat="38.32306716996447" lon="23.621221448411397">
    <ele>140.35</ele>
   </trkpt>
   <trkpt lat="38.3233" lon="23.62019">
    <ele>141.21</ele>
   </trkpt>
   <trkpt lat="38.323450001378966" lon="23.61962500107973">
    <ele>142.05</ele>
   </trkpt>
   <trkpt lat="38.323600000000006" lon="23.61906">
    <ele>142.93</ele>
   </trkpt>
   <trkpt lat="38.32383667417903" lon="23.618120006098664">
    <ele>144.71</ele>
   </trkpt>
   <trkpt lat="38.32407334085568" lon="23.617180006059137">
    <ele>146.45000000000002</ele>
   </trkpt>
   <trkpt lat="38.324310000000004" lon="23.61624">
    <ele>147.01</ele>
   </trkpt>
   <trkpt lat="38.32444" lon="23.61559">
    <ele>146.39000000000001</ele>
   </trkpt>
   <trkpt lat="38.32453" lon="23.615070000000003">
    <ele>145.55</ele>
   </trkpt>
   <trkpt lat="38.32464" lon="23.614710000000002">
    <ele>144.41</ele>
   </trkpt>
   <trkpt lat="38.3250400050299" lon="23.613940008506788">
    <ele>141.55</ele>
   </trkpt>
   <trkpt lat="38.325440005025634" lon="23.61317000851513">
    <ele>138.59</ele>
   </trkpt>
   <trkpt lat="38.32584000000001" lon="23.6124">
    <ele>134.22</ele>
   </trkpt>
   <trkpt lat="38.32611" lon="23.61195">
    <ele>130.75</ele>
   </trkpt>
   <trkpt lat="38.32621" lon="23.61182">
    <ele>130.75</ele>
   </trkpt>
   <trkpt lat="38.326550000000005" lon="23.611490000000003">
    <ele>127.73</ele>
   </trkpt>
   <trkpt lat="38.32701" lon="23.6112">
    <ele>124.48</ele>
   </trkpt>
   <trkpt lat="38.327270000000006" lon="23.611110000000004">
    <ele>123.21000000000001</ele>
   </trkpt>
   <trkpt lat="38.327740000000006" lon="23.61101">
    <ele>119.05</ele>
   </trkpt>
   <trkpt lat="38.328550000214314" lon="23.610885004188805">
    <ele>116.24000000000001</ele>
   </trkpt>
   <trkpt lat="38.32936000029596" lon="23.6107600055836">
    <ele>115.9</ele>
   </trkpt>
   <trkpt lat="38.330170000244905" lon="23.61063500418423">
    <ele>116.35000000000001</ele>
   </trkpt>
   <trkpt lat="38.330980000000004" lon="23.61051">
    <ele>117.91000000000001</ele>
   </trkpt>
   <trkpt lat="38.331250000000004" lon="23.61042">
    <ele>118.11</ele>
   </trkpt>
   <trkpt lat="38.33171" lon="23.61013">
    <ele>118.41000000000001</ele>
   </trkpt>
   <trkpt lat="38.33185" lon="23.610020000000002">
    <ele>118.76</ele>
   </trkpt>
   <trkpt lat="38.33216" lon="23.609710000000003">
    <ele>119.62</ele>
   </trkpt>
   <trkpt lat="38.332300000000004" lon="23.609520000000003">
    <ele>120.29</ele>
   </trkpt>
   <trkpt lat="38.332510000000006" lon="23.60913">
    <ele>120.81000000000002</ele>
   </trkpt>
   <trkpt lat="38.33259" lon="23.60893">
    <ele>121.78000000000002</ele>
   </trkpt>
   <trkpt lat="38.332710000000006" lon="23.60855">
    <ele>123.07000000000001</ele>
   </trkpt>
   <trkpt lat="38.33279" lon="23.608130000000003">
    <ele>124.13</ele>
   </trkpt>
   <trkpt lat="38.33281" lon="23.607740000000003">
    <ele>126.39</ele>
   </trkpt>
   <trkpt lat="38.332800000000006" lon="23.607270000000003">
    <ele>127.31</ele>
   </trkpt>
   <trkpt lat="38.33276500264286" lon="23.60647999946305">
    <ele>131.62</ele>
   </trkpt>
   <trkpt lat="38.332730000000005" lon="23.605690000000003">
    <ele>134.14000000000001</ele>
   </trkpt>
   <trkpt lat="38.332750000000004" lon="23.60528">
    <ele>134.70000000000002</ele>
   </trkpt>
   <trkpt lat="38.33288" lon="23.60425">
    <ele>132.03</ele>
   </trkpt>
   <trkpt lat="38.33303" lon="23.603720000000003">
    <ele>129.18</ele>
   </trkpt>
   <trkpt lat="38.33324" lon="23.60313">
    <ele>127.17</ele>
   </trkpt>
   <trkpt lat="38.333470000000005" lon="23.60266">
    <ele>128.01000000000002</ele>
   </trkpt>
   <trkpt lat="38.33362" lon="23.602400000000003">
    <ele>128.70000000000002</ele>
   </trkpt>
   <trkpt lat="38.33404" lon="23.601860000000002">
    <ele>130.67000000000002</ele>
   </trkpt>
   <trkpt lat="38.3346" lon="23.601200000000002">
    <ele>131.86</ele>
   </trkpt>
   <trkpt lat="38.33505000097299" lon="23.600710003093695">
    <ele>133.44</ele>
   </trkpt>
   <trkpt lat="38.3355" lon="23.60022">
    <ele>134.09</ele>
   </trkpt>
   <trkpt lat="38.335620000000006" lon="23.600040000000003">
    <ele>135.03</ele>
   </trkpt>
   <trkpt lat="38.335770000000004" lon="23.59984">
    <ele>135.65</ele>
   </trkpt>
   <trkpt lat="38.336240000000004" lon="23.598950000000002">
    <ele>136.87</ele>
   </trkpt>
   <trkpt lat="38.33648" lon="23.598570000000002">
    <ele>137.70000000000002</ele>
   </trkpt>
   <trkpt lat="38.33682" lon="23.598190000000002">
    <ele>139.62000000000003</ele>
   </trkpt>
   <trkpt lat="38.33710000000001" lon="23.59812">
    <ele>140.18</ele>
   </trkpt>
   <trkpt lat="38.33722" lon="23.597990000000003">
    <ele>139.73000000000002</ele>
   </trkpt>
   <trkpt lat="38.33729" lon="23.59768">
    <ele>140.79</ele>
   </trkpt>
   <trkpt lat="38.337720000000004" lon="23.597250000000003">
    <ele>141.49</ele>
   </trkpt>
   <trkpt lat="38.33805" lon="23.596960000000003">
    <ele>142.89000000000001</ele>
   </trkpt>
   <trkpt lat="38.338770001329785" lon="23.59640500549875">
    <ele>146.26</ele>
   </trkpt>
   <trkpt lat="38.339490000000005" lon="23.595850000000002">
    <ele>149.64000000000001</ele>
   </trkpt>
   <trkpt lat="38.33964" lon="23.595720000000004">
    <ele>149.64000000000001</ele>
   </trkpt>
   <trkpt lat="38.34008" lon="23.595190000000002">
    <ele>150.37</ele>
   </trkpt>
   <trkpt lat="38.34035" lon="23.59493">
    <ele>150.31</ele>
   </trkpt>
   <trkpt lat="38.34099000346242" lon="23.594407513860705">
    <ele>149.87</ele>
   </trkpt>
   <trkpt lat="38.341630004606564" lon="23.59388501848938">
    <ele>149.79</ele>
   </trkpt>
   <trkpt lat="38.34227000343234" lon="23.593362513885694">
    <ele>151.28000000000003</ele>
   </trkpt>
   <trkpt lat="38.34291" lon="23.592840000000002">
    <ele>152.60000000000002</ele>
   </trkpt>
   <trkpt lat="38.34319" lon="23.59268">
    <ele>153.01</ele>
   </trkpt>
   <trkpt lat="38.343450000000004" lon="23.59261">
    <ele>153.55</ele>
   </trkpt>
   <trkpt lat="38.34373" lon="23.59259">
    <ele>154.00000000000003</ele>
   </trkpt>
   <trkpt lat="38.344060000000006" lon="23.59261">
    <ele>154.2</ele>
   </trkpt>
   <trkpt lat="38.34479" lon="23.592730000000003">
    <ele>154.65</ele>
   </trkpt>
   <trkpt lat="38.345060000000004" lon="23.592720000000003">
    <ele>155.17</ele>
   </trkpt>
   <trkpt lat="38.345470000000006" lon="23.592630000000003">
    <ele>155.82000000000002</ele>
   </trkpt>
   <trkpt lat="38.34573" lon="23.59252">
    <ele>156.34</ele>
   </trkpt>
   <trkpt lat="38.3461" lon="23.592270000000003">
    <ele>156.4</ele>
   </trkpt>
   <trkpt lat="38.34653000057444" lon="23.591885002334916">
    <ele>156.77</ele>
   </trkpt>
   <trkpt lat="38.34696" lon="23.591500000000003">
    <ele>157.68</ele>
   </trkpt>
   <trkpt lat="38.347370000000005" lon="23.59109">
    <ele>158.74</ele>
   </trkpt>
   <trkpt lat="38.3479" lon="23.590510000000002">
    <ele>160.23000000000002</ele>
   </trkpt>
   <trkpt lat="38.34816" lon="23.590120000000002">
    <ele>161.5</ele>
   </trkpt>
   <trkpt lat="38.348290000000006" lon="23.58986">
    <ele>163.59</ele>
   </trkpt>
   <trkpt lat="38.34843" lon="23.5894">
    <ele>165.36</ele>
   </trkpt>
   <trkpt lat="38.348510001412606" lon="23.5888200007555">
    <ele>166.99000000000004</ele>
   </trkpt>
   <trkpt lat="38.34859" lon="23.588240000000003">
    <ele>168.81</ele>
   </trkpt>
   <trkpt lat="38.348650000000006" lon="23.58798">
    <ele>168.81</ele>
   </trkpt>
   <trkpt lat="38.34883000000001" lon="23.58742">
    <ele>169.33</ele>
   </trkpt>
   <trkpt lat="38.348980000000005" lon="23.587100000000003">
    <ele>169.73000000000002</ele>
   </trkpt>
   <trkpt lat="38.349300000909516" lon="23.586640002016747">
    <ele>170.13</ele>
   </trkpt>
   <trkpt lat="38.34962" lon="23.586180000000002">
    <ele>170.37</ele>
   </trkpt>
   <trkpt lat="38.35009" lon="23.58527">
    <ele>170.87</ele>
   </trkpt>
   <trkpt lat="38.350460000000005" lon="23.58436">
    <ele>171.20000000000002</ele>
   </trkpt>
   <trkpt lat="38.35058" lon="23.58415">
    <ele>171.3</ele>
   </trkpt>
   <trkpt lat="38.35111000132065" lon="23.583590004110167">
    <ele>170.11</ele>
   </trkpt>
   <trkpt lat="38.35164" lon="23.58303">
    <ele>168.76000000000002</ele>
   </trkpt>
   <trkpt lat="38.35173" lon="23.582890000000003">
    <ele>168.71000000000004</ele>
   </trkpt>
   <trkpt lat="38.35183" lon="23.582700000000003">
    <ele>169.44</ele>
   </trkpt>
   <trkpt lat="38.3519" lon="23.58248">
    <ele>171.06</ele>
   </trkpt>
   <trkpt lat="38.351960000000005" lon="23.582330000000002">
    <ele>171.79000000000002</ele>
   </trkpt>
   <trkpt lat="38.35199" lon="23.58207">
    <ele>174.46</ele>
   </trkpt>
   <trkpt lat="38.3519" lon="23.58162">
    <ele>176.56000000000003</ele>
   </trkpt>
   <trkpt lat="38.35183" lon="23.58135">
    <ele>178.02</ele>
   </trkpt>
   <trkpt lat="38.351800000000004" lon="23.58117">
    <ele>178.52</ele>
   </trkpt>
   <trkpt lat="38.35179" lon="23.580940000000002">
    <ele>180.4</ele>
   </trkpt>
   <trkpt lat="38.35181" lon="23.580820000000003">
    <ele>180.4</ele>
   </trkpt>
   <trkpt lat="38.3519" lon="23.580530000000003">
    <ele>181.41000000000003</ele>
   </trkpt>
   <trkpt lat="38.3522750037226" lon="23.579595004816287">
    <ele>183.9</ele>
   </trkpt>
   <trkpt lat="38.352650000000004" lon="23.578660000000003">
    <ele>186.14000000000001</ele>
   </trkpt>
   <trkpt lat="38.352840001358885" lon="23.578100001389156">
    <ele>186.95</ele>
   </trkpt>
   <trkpt lat="38.353030000000004" lon="23.577540000000003">
    <ele>188.09</ele>
   </trkpt>
   <trkpt lat="38.35332500404825" lon="23.576560004092208">
    <ele>189.51000000000002</ele>
   </trkpt>
   <trkpt lat="38.35362000000001" lon="23.575580000000002">
    <ele>190.75</ele>
   </trkpt>
   <trkpt lat="38.35389000236377" lon="23.574830002865628">
    <ele>191.95000000000002</ele>
   </trkpt>
   <trkpt lat="38.35416" lon="23.574080000000002">
    <ele>192.5</ele>
   </trkpt>
   <trkpt lat="38.35451334081437" lon="23.573140009236024">
    <ele>194.42000000000002</ele>
   </trkpt>
   <trkpt lat="38.35486667412447" lon="23.57220000929797">
    <ele>195.59</ele>
   </trkpt>
   <trkpt lat="38.35522" lon="23.571260000000002">
    <ele>199.10000000000002</ele>
   </trkpt>
   <trkpt lat="38.35533" lon="23.571060000000003">
    <ele>199.45000000000002</ele>
   </trkpt>
   <trkpt lat="38.355450000000005" lon="23.57092">
    <ele>199.49000000000004</ele>
   </trkpt>
   <trkpt lat="38.35564" lon="23.570770000000003">
    <ele>199.41</ele>
   </trkpt>
   <trkpt lat="38.35633" lon="23.57037">
    <ele>197.16000000000003</ele>
   </trkpt>
   <trkpt lat="38.35654" lon="23.57016">
    <ele>196.74</ele>
   </trkpt>
   <trkpt lat="38.35671" lon="23.569930000000003">
    <ele>196.15</ele>
   </trkpt>
   <trkpt lat="38.356860000000005" lon="23.56961">
    <ele>195.93</ele>
   </trkpt>
   <trkpt lat="38.357000000000006" lon="23.569200000000002">
    <ele>195.11</ele>
   </trkpt>
   <trkpt lat="38.357260003370584" lon="23.568310003172527">
    <ele>195.10000000000002</ele>
   </trkpt>
   <trkpt lat="38.35752" lon="23.567420000000002">
    <ele>198.73000000000002</ele>
   </trkpt>
   <trkpt lat="38.357812016718064" lon="23.56642801599541">
    <ele>204.79000000000002</ele>
   </trkpt>
   <trkpt lat="38.35810402507853" lon="23.56543602398866">
    <ele>210.36</ele>
   </trkpt>
   <trkpt lat="38.35839602508125" lon="23.56444402397984">
    <ele>210.87000000000003</ele>
   </trkpt>
   <trkpt lat="38.358688016726084" lon="23.56345201596902">
    <ele>209.68</ele>
   </trkpt>
   <trkpt lat="38.35898" lon="23.56246">
    <ele>208.23000000000002</ele>
   </trkpt>
   <trkpt lat="38.359100000000005" lon="23.56182">
    <ele>207.77</ele>
   </trkpt>
   <trkpt lat="38.359250003554656" lon="23.560900002149616">
    <ele>208.74</ele>
   </trkpt>
   <trkpt lat="38.3594" lon="23.559980000000003">
    <ele>209.99</ele>
   </trkpt>
   <trkpt lat="38.35947" lon="23.559690000000003">
    <ele>210.36</ele>
   </trkpt>
   <trkpt lat="38.35974" lon="23.559060000000002">
    <ele>211.43</ele>
   </trkpt>
   <trkpt lat="38.36005" lon="23.55852">
    <ele>211.37000000000003</ele>
   </trkpt>
   <trkpt lat="38.36045" lon="23.558020000000003">
    <ele>209.77</ele>
   </trkpt>
   <trkpt lat="38.3608450005956" lon="23.5576800017651">
    <ele>208.99</ele>
   </trkpt>
   <trkpt lat="38.36124" lon="23.557340000000003">
    <ele>207.14000000000001</ele>
   </trkpt>
   <trkpt lat="38.36144" lon="23.557090000000002">
    <ele>206.54000000000002</ele>
   </trkpt>
   <trkpt lat="38.36164" lon="23.556800000000003">
    <ele>206.25</ele>
   </trkpt>
   <trkpt lat="38.36207333998515" lon="23.555913344001276">
    <ele>206.67000000000002</ele>
   </trkpt>
   <trkpt lat="38.36250667329304" lon="23.555026677386852">
    <ele>210.24</ele>
   </trkpt>
   <trkpt lat="38.36294" lon="23.55414">
    <ele>214.42000000000002</ele>
   </trkpt>
   <trkpt lat="38.363195001404826" lon="23.55355500217219">
    <ele>216.00000000000003</ele>
   </trkpt>
   <trkpt lat="38.36345" lon="23.552970000000002">
    <ele>216.37</ele>
   </trkpt>
   <trkpt lat="38.36356" lon="23.552590000000002">
    <ele>216.65</ele>
   </trkpt>
   <trkpt lat="38.363620000000004" lon="23.55217">
    <ele>217.19000000000003</ele>
   </trkpt>
   <trkpt lat="38.363640000000004" lon="23.55177">
    <ele>217.99</ele>
   </trkpt>
   <trkpt lat="38.363540003222234" lon="23.550899998866342">
    <ele>221.52</ele>
   </trkpt>
   <trkpt lat="38.363440000000004" lon="23.550030000000003">
    <ele>222.05</ele>
   </trkpt>
   <trkpt lat="38.36345" lon="23.54944">
    <ele>221.64000000000001</ele>
   </trkpt>
   <trkpt lat="38.363530000000004" lon="23.54905">
    <ele>220.99</ele>
   </trkpt>
   <trkpt lat="38.3638200046304" lon="23.548010004033706">
    <ele>219.98000000000002</ele>
   </trkpt>
   <trkpt lat="38.364110000000004" lon="23.54697">
    <ele>217.52</ele>
   </trkpt>
   <trkpt lat="38.36438000326959" lon="23.5460950032052">
    <ele>213.42000000000002</ele>
   </trkpt>
   <trkpt lat="38.364650000000005" lon="23.54522">
    <ele>209.6</ele>
   </trkpt>
   <trkpt lat="38.364910002396364" lon="23.54447000267241">
    <ele>211.44000000000003</ele>
   </trkpt>
   <trkpt lat="38.365170000000006" lon="23.54372">
    <ele>213.70000000000002</ele>
   </trkpt>
   <trkpt lat="38.36539500164477" lon="23.543110001721328">
    <ele>214.45000000000002</ele>
   </trkpt>
   <trkpt lat="38.36562" lon="23.5425">
    <ele>215.29</ele>
   </trkpt>
   <trkpt lat="38.3658" lon="23.542240000000003">
    <ele>215.77</ele>
   </trkpt>
   <trkpt lat="38.36639000085614" lon="23.541775003839582">
    <ele>217.83</ele>
   </trkpt>
   <trkpt lat="38.366980000000005" lon="23.541310000000003">
    <ele>220.24</ele>
   </trkpt>
   <trkpt lat="38.36722" lon="23.541050000000002">
    <ele>220.98000000000002</ele>
   </trkpt>
   <trkpt lat="38.3674" lon="23.540760000000002">
    <ele>222.58</ele>
   </trkpt>
   <trkpt lat="38.367580000000004" lon="23.54016">
    <ele>224.96</ele>
   </trkpt>
   <trkpt lat="38.36777000420201" lon="23.539170002392705">
    <ele>226.85000000000002</ele>
   </trkpt>
   <trkpt lat="38.367960000000004" lon="23.53818">
    <ele>227.75</ele>
   </trkpt>
   <trkpt lat="38.367990000000006" lon="23.537930000000003">
    <ele>228.13000000000002</ele>
   </trkpt>
   <trkpt lat="38.368010000000005" lon="23.537470000000003">
    <ele>228.15</ele>
   </trkpt>
   <trkpt lat="38.36795" lon="23.536730000000002">
    <ele>229.04000000000002</ele>
   </trkpt>
   <trkpt lat="38.36795" lon="23.5364">
    <ele>229.36</ele>
   </trkpt>
   <trkpt lat="38.367990000000006" lon="23.536130000000004">
    <ele>230.23000000000002</ele>
   </trkpt>
   <trkpt lat="38.36807" lon="23.535780000000003">
    <ele>231.07000000000002</ele>
   </trkpt>
   <trkpt lat="38.36824" lon="23.53525">
    <ele>232.75</ele>
   </trkpt>
   <trkpt lat="38.3685927676815" lon="23.53427459300149">
    <ele>235.24000000000004</ele>
   </trkpt>
   <trkpt lat="38.368945527281646" lon="23.533299176493898">
    <ele>238.76000000000002</ele>
   </trkpt>
   <trkpt lat="38.36929827880032" lon="23.53232375047722">
    <ele>238.88</ele>
   </trkpt>
   <trkpt lat="38.36965102223729" lon="23.531348314951465">
    <ele>236.51000000000002</ele>
   </trkpt>
   <trkpt lat="38.3700037575924" lon="23.53037286991664">
    <ele>234.70000000000002</ele>
   </trkpt>
   <trkpt lat="38.37035648486546" lon="23.52939741537275">
    <ele>232.03</ele>
   </trkpt>
   <trkpt lat="38.37070920405629" lon="23.528421951319796">
    <ele>230.25</ele>
   </trkpt>
   <trkpt lat="38.37106191516471" lon="23.52744647775779">
    <ele>228.76000000000002</ele>
   </trkpt>
   <trkpt lat="38.371414618190535" lon="23.526470994686726">
    <ele>229.68</ele>
   </trkpt>
   <trkpt lat="38.37176731313359" lon="23.525495502106615">
    <ele>231.39000000000001</ele>
   </trkpt>
   <trkpt lat="38.37212" lon="23.524520000000003">
    <ele>232.52000000000004</ele>
   </trkpt>
   <trkpt lat="38.37229000000001" lon="23.524120000000003">
    <ele>232.97</ele>
   </trkpt>
   <trkpt lat="38.37265" lon="23.523460000000004">
    <ele>234.33</ele>
   </trkpt>
   <trkpt lat="38.37286" lon="23.52316">
    <ele>235.55</ele>
   </trkpt>
   <trkpt lat="38.372960000000006" lon="23.52295">
    <ele>235.79000000000002</ele>
   </trkpt>
   <trkpt lat="38.37304" lon="23.52269">
    <ele>235.79000000000002</ele>
   </trkpt>
   <trkpt lat="38.373090000000005" lon="23.522440000000003">
    <ele>236.62000000000003</ele>
   </trkpt>
   <trkpt lat="38.37319500452049" lon="23.521410001350137">
    <ele>238.28</ele>
   </trkpt>
   <trkpt lat="38.3733" lon="23.520380000000003">
    <ele>239.5</ele>
   </trkpt>
   <trkpt lat="38.3733900046051" lon="23.519340001161623">
    <ele>239.6</ele>
   </trkpt>
   <trkpt lat="38.37348" lon="23.518300000000004">
    <ele>239.58</ele>
   </trkpt>
   <trkpt lat="38.37357" lon="23.517470000000003">
    <ele>239.29000000000002</ele>
   </trkpt>
   <trkpt lat="38.373738352435474" lon="23.516521677674152">
    <ele>239.24</ele>
   </trkpt>
   <trkpt lat="38.37390669723189" lon="23.515573350935508">
    <ele>239.59000000000003</ele>
   </trkpt>
   <trkpt lat="38.3740750343892" lon="23.514625019784223">
    <ele>238.42000000000002</ele>
   </trkpt>
   <trkpt lat="38.37424336390729" lon="23.513676684220446">
    <ele>235.68000000000004</ele>
   </trkpt>
   <trkpt lat="38.3744116857861" lon="23.51272834424434">
    <ele>231.62</ele>
   </trkpt>
   <trkpt lat="38.37458" lon="23.51178">
    <ele>228.88000000000002</ele>
   </trkpt>
   <trkpt lat="38.37467" lon="23.511380000000003">
    <ele>227.28</ele>
   </trkpt>
   <trkpt lat="38.374770000000005" lon="23.51106">
    <ele>225.06</ele>
   </trkpt>
   <trkpt lat="38.374880000000005" lon="23.510810000000003">
    <ele>225.06</ele>
   </trkpt>
   <trkpt lat="38.37516500116026" lon="23.510280002148587">
    <ele>221.12</ele>
   </trkpt>
   <trkpt lat="38.37545" lon="23.50975">
    <ele>219.07000000000002</ele>
   </trkpt>
   <trkpt lat="38.37563" lon="23.50935">
    <ele>217.58</ele>
   </trkpt>
   <trkpt lat="38.375800000000005" lon="23.50879">
    <ele>216.05</ele>
   </trkpt>
   <trkpt lat="38.3759300016633" lon="23.508165001102622">
    <ele>214.65</ele>
   </trkpt>
   <trkpt lat="38.37606" lon="23.507540000000002">
    <ele>213.84000000000003</ele>
   </trkpt>
   <trkpt lat="38.376160000000006" lon="23.5072">
    <ele>213.37</ele>
   </trkpt>
   <trkpt lat="38.376310000000004" lon="23.506850000000004">
    <ele>213.27</ele>
   </trkpt>
   <trkpt lat="38.37646" lon="23.506570000000004">
    <ele>212.65</ele>
   </trkpt>
   <trkpt lat="38.37680500069706" lon="23.50614000216046">
    <ele>211.77</ele>
   </trkpt>
   <trkpt lat="38.37715" lon="23.50571">
    <ele>211.38</ele>
   </trkpt>
   <trkpt lat="38.377555000916615" lon="23.505245002605076">
    <ele>211.18</ele>
   </trkpt>
   <trkpt lat="38.37796" lon="23.50478">
    <ele>211.17000000000002</ele>
   </trkpt>
   <trkpt lat="38.378190000000004" lon="23.50446">
    <ele>211.19000000000003</ele>
   </trkpt>
   <trkpt lat="38.37868" lon="23.503610000000002">
    <ele>211.1</ele>
   </trkpt>
   <trkpt lat="38.37911500361981" lon="23.502690005479327">
    <ele>210.35</ele>
   </trkpt>
   <trkpt lat="38.37955" lon="23.50177">
    <ele>208.96</ele>
   </trkpt>
   <trkpt lat="38.37975" lon="23.50118">
    <ele>207.64000000000001</ele>
   </trkpt>
   <trkpt lat="38.380022014762766" lon="23.50024801399874">
    <ele>204.56</ele>
   </trkpt>
   <trkpt lat="38.38029402214699" lon="23.49931602098869">
    <ele>204.96</ele>
   </trkpt>
   <trkpt lat="38.38056602215257" lon="23.498384020969926">
    <ele>204.89000000000001</ele>
   </trkpt>
   <trkpt lat="38.38083801477938" lon="23.497452013942517">
    <ele>203.74</ele>
   </trkpt>
   <trkpt lat="38.38111" lon="23.49652">
    <ele>203.46000000000004</ele>
   </trkpt>
   <trkpt lat="38.38132" lon="23.495810000000002">
    <ele>204.27</ele>
   </trkpt>
   <trkpt lat="38.38139" lon="23.49548">
    <ele>204.27</ele>
   </trkpt>
   <trkpt lat="38.38139" lon="23.49545">
    <ele>204.29000000000002</ele>
   </trkpt>
   <trkpt lat="38.38134" lon="23.49529">
    <ele>204.29000000000002</ele>
   </trkpt>
   <trkpt lat="38.381190013878395" lon="23.494385992467244">
    <ele>204.88</ele>
   </trkpt>
   <trkpt lat="38.38104002081463" lon="23.493481988683307">
    <ele>204.69</ele>
   </trkpt>
   <trkpt lat="38.38089002080877" lon="23.49257798864834">
    <ele>202.86</ele>
   </trkpt>
   <trkpt lat="38.380740013860915" lon="23.491673992362475">
    <ele>200.61</ele>
   </trkpt>
   <trkpt lat="38.380590000000005" lon="23.49077">
    <ele>199.92000000000002</ele>
   </trkpt>
   <trkpt lat="38.38064" lon="23.49048">
    <ele>199.81</ele>
   </trkpt>
   <trkpt lat="38.38082" lon="23.49004">
    <ele>199.8</ele>
   </trkpt>
   <trkpt lat="38.38078" lon="23.48973">
    <ele>200.06</ele>
   </trkpt>
   <trkpt lat="38.38064" lon="23.48911">
    <ele>200.23000000000002</ele>
   </trkpt>
   <trkpt lat="38.380590000000005" lon="23.48873">
    <ele>200.69</ele>
   </trkpt>
   <trkpt lat="38.380590000000005" lon="23.488460000000003">
    <ele>200.74000000000004</ele>
   </trkpt>
   <trkpt lat="38.38061000185206" lon="23.48780000011956">
    <ele>200.78</ele>
   </trkpt>
   <trkpt lat="38.380630000000004" lon="23.487140000000004">
    <ele>199.42000000000002</ele>
   </trkpt>
   <trkpt lat="38.3806" lon="23.48676">
    <ele>197.95000000000002</ele>
   </trkpt>
   <trkpt lat="38.38055000000001" lon="23.486520000000002">
    <ele>197.23000000000002</ele>
   </trkpt>
   <trkpt lat="38.38049" lon="23.48637">
    <ele>195.95000000000002</ele>
   </trkpt>
   <trkpt lat="38.380030000000005" lon="23.485560000000003">
    <ele>191.58</ele>
   </trkpt>
   <trkpt lat="38.37989" lon="23.485270000000003">
    <ele>190.09</ele>
   </trkpt>
   <trkpt lat="38.37979" lon="23.484990000000003">
    <ele>189.39</ele>
   </trkpt>
   <trkpt lat="38.37973" lon="23.48468">
    <ele>187.99</ele>
   </trkpt>
   <trkpt lat="38.379630000000006" lon="23.483790000000003">
    <ele>184.69000000000003</ele>
   </trkpt>
   <trkpt lat="38.37953422183658" lon="23.48270331749924">
    <ele>182.56000000000003</ele>
   </trkpt>
   <trkpt lat="38.37943843364202" lon="23.48161663787606">
    <ele>180.41000000000003</ele>
   </trkpt>
   <trkpt lat="38.37934263541639" lon="23.480529961130756">
    <ele>178.04</ele>
   </trkpt>
   <trkpt lat="38.37924682715976" lon="23.47944328726361">
    <ele>176.0</ele>
   </trkpt>
   <trkpt lat="38.37915100887217" lon="23.478356616274905">
    <ele>173.73000000000002</ele>
   </trkpt>
   <trkpt lat="38.3790551805537" lon="23.477269948164924">
    <ele>171.27</ele>
   </trkpt>
   <trkpt lat="38.37895934220441" lon="23.476183282933945">
    <ele>169.61</ele>
   </trkpt>
   <trkpt lat="38.378863493824355" lon="23.475096620582267">
    <ele>167.4</ele>
   </trkpt>
   <trkpt lat="38.37876763541361" lon="23.47400996111016">
    <ele>165.3</ele>
   </trkpt>
   <trkpt lat="38.3786717669722" lon="23.47292330451791">
    <ele>163.55</ele>
   </trkpt>
   <trkpt lat="38.378575888500215" lon="23.47183665080581">
    <ele>162.32000000000002</ele>
   </trkpt>
   <trkpt lat="38.37848" lon="23.470750000000002">
    <ele>161.85000000000002</ele>
   </trkpt>
   <trkpt lat="38.37843" lon="23.46995">
    <ele>161.39000000000001</ele>
   </trkpt>
   <trkpt lat="38.378326676822205" lon="23.468856663557357">
    <ele>161.02</ele>
   </trkpt>
   <trkpt lat="38.37822334349018" lon="23.467763330237844">
    <ele>160.57000000000002</ele>
   </trkpt>
   <trkpt lat="38.37812" lon="23.46667">
    <ele>160.28</ele>
   </trkpt>
   <trkpt lat="38.378021725098655" lon="23.465551649952957">
    <ele>159.56</ele>
   </trkpt>
   <trkpt lat="38.377923439573145" lon="23.464433302944403">
    <ele>159.21</ele>
   </trkpt>
   <trkpt lat="38.377825143423536" lon="23.463314958974646">
    <ele>158.97</ele>
   </trkpt>
   <trkpt lat="38.377726836649906" lon="23.462196618043993">
    <ele>158.96</ele>
   </trkpt>
   <trkpt lat="38.377628519252305" lon="23.461078280152755">
    <ele>159.04000000000002</ele>
   </trkpt>
   <trkpt lat="38.377530191230825" lon="23.459959945301232">
    <ele>159.15</ele>
   </trkpt>
   <trkpt lat="38.37743185258552" lon="23.458841613489746">
    <ele>159.03</ele>
   </trkpt>
   <trkpt lat="38.377333503316436" lon="23.457723284718604">
    <ele>158.73000000000002</ele>
   </trkpt>
   <trkpt lat="38.37723514342366" lon="23.45660495898811">
    <ele>158.34</ele>
   </trkpt>
   <trkpt lat="38.377136772907264" lon="23.455486636298577">
    <ele>158.25</ele>
   </trkpt>
   <trkpt lat="38.3770383917673" lon="23.454368316650314">
    <ele>156.62</ele>
   </trkpt>
   <trkpt lat="38.376940000000005" lon="23.45325">
    <ele>154.50000000000003</ele>
   </trkpt>
   <trkpt lat="38.376990000000006" lon="23.452800000000003">
    <ele>154.19000000000003</ele>
   </trkpt>
   <trkpt lat="38.37697" lon="23.45257">
    <ele>154.44000000000003</ele>
   </trkpt>
   <trkpt lat="38.376830000000005" lon="23.451880000000003">
    <ele>154.2</ele>
   </trkpt>
   <trkpt lat="38.376740000000005" lon="23.451240000000002">
    <ele>154.16000000000003</ele>
   </trkpt>
   <trkpt lat="38.376720000000006" lon="23.450640000000003">
    <ele>154.38000000000002</ele>
   </trkpt>
   <trkpt lat="38.376670000000004" lon="23.45004">
    <ele>154.91000000000003</ele>
   </trkpt>
   <trkpt lat="38.37658501038179" lon="23.449137496857492">
    <ele>154.77</ele>
   </trkpt>
   <trkpt lat="38.37650001384476" lon="23.44823499583541">
    <ele>154.47000000000003</ele>
   </trkpt>
   <trkpt lat="38.376415010388975" lon="23.447332496933917">
    <ele>153.93</ele>
   </trkpt>
   <trkpt lat="38.37633" lon="23.446430000000003">
    <ele>153.71</ele>
   </trkpt>
   <trkpt lat="38.376235042625844" lon="23.445373987518835">
    <ele>153.00000000000003</ele>
   </trkpt>
   <trkpt lat="38.37614007577905" lon="23.44431797780974">
    <ele>152.45</ele>
   </trkpt>
   <trkpt lat="38.37604509945967" lon="23.443261970872978">
    <ele>152.01</ele>
   </trkpt>
   <trkpt lat="38.37595011366777" lon="23.442205966708812">
    <ele>151.60000000000002</ele>
   </trkpt>
   <trkpt lat="38.37585511840341" lon="23.441149965317496">
    <ele>150.72000000000003</ele>
   </trkpt>
   <trkpt lat="38.37576011366665" lon="23.440093966699294">
    <ele>150.05</ele>
   </trkpt>
   <trkpt lat="38.375665099457535" lon="23.439037970854468">
    <ele>149.28000000000003</ele>
   </trkpt>
   <trkpt lat="38.375570075776125" lon="23.43798197778327">
    <ele>148.65</ele>
   </trkpt>
   <trkpt lat="38.375475042622476" lon="23.436925987485974">
    <ele>148.00000000000003</ele>
   </trkpt>
   <trkpt lat="38.37538" lon="23.43587">
    <ele>147.27</ele>
   </trkpt>
   <trkpt lat="38.37528302517072" lon="23.434758211436968">
    <ele>146.26</ele>
   </trkpt>
   <trkpt lat="38.375186039841815" lon="23.433646425854345">
    <ele>145.15</ele>
   </trkpt>
   <trkpt lat="38.37508904401334" lon="23.43253464325243">
    <ele>143.87000000000003</ele>
   </trkpt>
   <trkpt lat="38.37499203768538" lon="23.431422863631525">
    <ele>142.88</ele>
   </trkpt>
   <trkpt lat="38.37489502085799" lon="23.43031108699194">
    <ele>142.0</ele>
   </trkpt>
   <trkpt lat="38.37479799353124" lon="23.42919931333398">
    <ele>141.6</ele>
   </trkpt>
   <trkpt lat="38.374700955705194" lon="23.428087542657945">
    <ele>140.84000000000003</ele>
   </trkpt>
   <trkpt lat="38.374603907379914" lon="23.42697577496414">
    <ele>139.34</ele>
   </trkpt>
   <trkpt lat="38.37450684855545" lon="23.425864010252873">
    <ele>138.51000000000002</ele>
   </trkpt>
   <trkpt lat="38.3744097792319" lon="23.42475224852444">
    <ele>137.95000000000002</ele>
   </trkpt>
   <trkpt lat="38.37431269940927" lon="23.42364048977916">
    <ele>137.62</ele>
   </trkpt>
   <trkpt lat="38.37421560908769" lon="23.422528734017323">
    <ele>137.13</ele>
   </trkpt>
   <trkpt lat="38.374118508267216" lon="23.421416981239236">
    <ele>136.56</ele>
   </trkpt>
   <trkpt lat="38.37402139694787" lon="23.420305231445212">
    <ele>135.39000000000001</ele>
   </trkpt>
   <trkpt lat="38.37392427512975" lon="23.419193484635542">
    <ele>134.73000000000002</ele>
   </trkpt>
   <trkpt lat="38.373827142812914" lon="23.418081740810543">
    <ele>134.06</ele>
   </trkpt>
   <trkpt lat="38.37373" lon="23.416970000000003">
    <ele>133.51000000000002</ele>
   </trkpt>
   <trkpt lat="38.37365500275947" lon="23.416164999243257">
    <ele>132.83</ele>
   </trkpt>
   <trkpt lat="38.373580000000004" lon="23.415360000000003">
    <ele>132.22</ele>
   </trkpt>
   <trkpt lat="38.373500002025885" lon="23.414669999270156">
    <ele>131.54000000000002</ele>
   </trkpt>
   <trkpt lat="38.37342" lon="23.413980000000002">
    <ele>131.34</ele>
   </trkpt>
   <trkpt lat="38.373400000000004" lon="23.413500000000003">
    <ele>131.11</ele>
   </trkpt>
   <trkpt lat="38.37346500271821" lon="23.41270000071792">
    <ele>131.38000000000002</ele>
   </trkpt>
   <trkpt lat="38.37353" lon="23.411900000000003">
    <ele>132.15</ele>
   </trkpt>
   <trkpt lat="38.3735" lon="23.41103">
    <ele>132.4</ele>
   </trkpt>
   <trkpt lat="38.37341334251804" lon="23.40998999747687">
    <ele>131.76000000000002</ele>
   </trkpt>
   <trkpt lat="38.373326675848695" lon="23.40894999744492">
    <ele>131.15</ele>
   </trkpt>
   <trkpt lat="38.37324" lon="23.40791">
    <ele>130.69</ele>
   </trkpt>
   <trkpt lat="38.37314835310937" lon="23.406944993897792">
    <ele>131.04000000000002</ele>
   </trkpt>
   <trkpt lat="38.373056698308645" lon="23.405979990240166">
    <ele>130.72</ele>
   </trkpt>
   <trkpt lat="38.37296503559786" lon="23.405014989027308">
    <ele>129.29999999999998</ele>
   </trkpt>
   <trkpt lat="38.37287336497706" lon="23.404049990259427">
    <ele>128.62</ele>
   </trkpt>
   <trkpt lat="38.37278168644632" lon="23.40308499393671">
    <ele>128.06</ele>
   </trkpt>
   <trkpt lat="38.372690000000006" lon="23.402120000000004">
    <ele>127.71000000000002</ele>
   </trkpt>
   <trkpt lat="38.37264500167793" lon="23.401489999499844">
    <ele>127.4</ele>
   </trkpt>
   <trkpt lat="38.372600000000006" lon="23.40086">
    <ele>127.05000000000003</ele>
   </trkpt>
   <trkpt lat="38.372510004647104" lon="23.399814998806807">
    <ele>126.56</ele>
   </trkpt>
   <trkpt lat="38.372420000000005" lon="23.398770000000003">
    <ele>126.12</ele>
   </trkpt>
   <trkpt lat="38.372420000000005" lon="23.39833">
    <ele>125.74000000000001</ele>
   </trkpt>
   <trkpt lat="38.372490000000006" lon="23.397920000000003">
    <ele>125.74000000000001</ele>
   </trkpt>
   <trkpt lat="38.372580000000006" lon="23.397630000000003">
    <ele>125.38000000000001</ele>
   </trkpt>
   <trkpt lat="38.372990003164176" lon="23.39676500492996">
    <ele>125.0</ele>
   </trkpt>
   <trkpt lat="38.373400000000004" lon="23.3959">
    <ele>125.01</ele>
   </trkpt>
   <trkpt lat="38.373540000000006" lon="23.39545">
    <ele>125.26</ele>
   </trkpt>
   <trkpt lat="38.373650000000005" lon="23.394920000000003">
    <ele>125.24000000000001</ele>
   </trkpt>
   <trkpt lat="38.373720000000006" lon="23.39442">
    <ele>125.18</ele>
   </trkpt>
   <trkpt lat="38.373740000000005" lon="23.39382">
    <ele>124.96000000000001</ele>
   </trkpt>
   <trkpt lat="38.37373" lon="23.39346">
    <ele>124.74</ele>
   </trkpt>
   <trkpt lat="38.37368" lon="23.39301">
    <ele>124.65</ele>
   </trkpt>
   <trkpt lat="38.373560000000005" lon="23.39252">
    <ele>124.35000000000001</ele>
   </trkpt>
   <trkpt lat="38.37325500309856" lon="23.391664996378765">
    <ele>123.97000000000001</ele>
   </trkpt>
   <trkpt lat="38.37295" lon="23.390810000000002">
    <ele>123.86000000000001</ele>
   </trkpt>
   <trkpt lat="38.37268333736744" lon="23.390119994888554">
    <ele>123.54</ele>
   </trkpt>
   <trkpt lat="38.37241667069079" lon="23.38942999486276">
    <ele>123.49000000000001</ele>
   </trkpt>
   <trkpt lat="38.372150000000005" lon="23.388740000000002">
    <ele>123.69000000000001</ele>
   </trkpt>
   <trkpt lat="38.371790000000004" lon="23.38774">
    <ele>123.45</ele>
   </trkpt>
   <trkpt lat="38.371480000000005" lon="23.386920000000003">
    <ele>123.03000000000002</ele>
   </trkpt>
   <trkpt lat="38.371390000000005" lon="23.3866">
    <ele>122.78000000000002</ele>
   </trkpt>
   <trkpt lat="38.371300000000005" lon="23.385990000000003">
    <ele>122.42000000000002</ele>
   </trkpt>
   <trkpt lat="38.37125" lon="23.38521">
    <ele>121.95000000000002</ele>
   </trkpt>
   <trkpt lat="38.37125" lon="23.38494">
    <ele>121.85000000000001</ele>
   </trkpt>
   <trkpt lat="38.371280000000006" lon="23.38475">
    <ele>121.85000000000001</ele>
   </trkpt>
   <trkpt lat="38.371390000000005" lon="23.38446">
    <ele>121.71000000000001</ele>
   </trkpt>
   <trkpt lat="38.37144" lon="23.384390000000003">
    <ele>121.71000000000001</ele>
   </trkpt>
   <trkpt lat="38.37156" lon="23.384290000000004">
    <ele>121.71000000000001</ele>
   </trkpt>
   <trkpt lat="38.37173000000001" lon="23.384230000000002">
    <ele>121.9</ele>
   </trkpt>
   <trkpt lat="38.37223" lon="23.384210000000003">
    <ele>122.01</ele>
   </trkpt>
   <trkpt lat="38.372730000000004" lon="23.384230000000002">
    <ele>122.17000000000002</ele>
   </trkpt>
   <trkpt lat="38.37279" lon="23.38425">
    <ele>122.17000000000002</ele>
   </trkpt>
   <trkpt lat="38.373090000000005" lon="23.384420000000002">
    <ele>122.65</ele>
   </trkpt>
   <trkpt lat="38.373160000000006" lon="23.384430000000002">
    <ele>122.65</ele>
   </trkpt>
   <trkpt lat="38.37321" lon="23.384400000000003">
    <ele>122.69</ele>
   </trkpt>
   <trkpt lat="38.373270000000005" lon="23.384330000000002">
    <ele>122.69</ele>
   </trkpt>
   <trkpt lat="38.37332" lon="23.38416">
    <ele>122.9</ele>
   </trkpt>
   <trkpt lat="38.373340000000006" lon="23.38407">
    <ele>122.9</ele>
   </trkpt>
   <trkpt lat="38.37332" lon="23.383840000000003">
    <ele>122.83000000000001</ele>
   </trkpt>
   <trkpt lat="38.373290000000004" lon="23.383740000000003">
    <ele>122.82000000000001</ele>
   </trkpt>
   <trkpt lat="38.37319" lon="23.3836">
    <ele>122.64000000000001</ele>
   </trkpt>
   <trkpt lat="38.37308" lon="23.383580000000002">
    <ele>122.64000000000001</ele>
   </trkpt>
   <trkpt lat="38.372780000000006" lon="23.383770000000002">
    <ele>122.04</ele>
   </trkpt>
   <trkpt lat="38.37266" lon="23.38381">
    <ele>121.95000000000002</ele>
   </trkpt>
   <trkpt lat="38.3725" lon="23.38381">
    <ele>121.87</ele>
   </trkpt>
   <trkpt lat="38.37225" lon="23.383650000000003">
    <ele>121.86000000000001</ele>
   </trkpt>
   <trkpt lat="38.37172000081895" lon="23.383184996507058">
    <ele>121.98</ele>
   </trkpt>
   <trkpt lat="38.371190000000006" lon="23.382720000000003">
    <ele>122.60000000000001</ele>
   </trkpt>
   <trkpt lat="38.37111" lon="23.382600000000004">
    <ele>122.65</ele>
   </trkpt>
   <trkpt lat="38.371030000000005" lon="23.382420000000003">
    <ele>122.72000000000001</ele>
   </trkpt>
   <trkpt lat="38.370990000000006" lon="23.382170000000002">
    <ele>122.7</ele>
   </trkpt>
   <trkpt lat="38.37089448326296" lon="23.381101099818203">
    <ele>122.24000000000001</ele>
   </trkpt>
   <trkpt lat="38.370798956821105" lon="23.38003220245831">
    <ele>121.70000000000002</ele>
   </trkpt>
   <trkpt lat="38.37070342067447" lon="23.378963307920575">
    <ele>121.37</ele>
   </trkpt>
   <trkpt lat="38.37060787482312" lon="23.377894416205276">
    <ele>120.9</ele>
   </trkpt>
   <trkpt lat="38.370512319267114" lon="23.376825527312686">
    <ele>120.46000000000001</ele>
   </trkpt>
   <trkpt lat="38.37041675400652" lon="23.37575664124306">
    <ele>120.10000000000001</ele>
   </trkpt>
   <trkpt lat="38.37032117904139" lon="23.37468775799669">
    <ele>119.70000000000002</ele>
   </trkpt>
   <trkpt lat="38.37022559437178" lon="23.373618877573826">
    <ele>119.37</ele>
   </trkpt>
   <trkpt lat="38.37013" lon="23.37255">
    <ele>118.70000000000002</ele>
   </trkpt>
   <trkpt lat="38.37006" lon="23.371650000000002">
    <ele>118.61</ele>
   </trkpt>
   <trkpt lat="38.36977" lon="23.37168">
    <ele>118.4</ele>
   </trkpt>
   <trkpt lat="38.369710000000005" lon="23.371650000000002">
    <ele>118.16000000000001</ele>
   </trkpt>
   <trkpt lat="38.36968" lon="23.37159">
    <ele>118.16000000000001</ele>
   </trkpt>
   <trkpt lat="38.369580068201145" lon="23.370478551470423">
    <ele>118.16000000000001</ele>
   </trkpt>
   <trkpt lat="38.36948012590956" lon="23.369367106010557">
    <ele>117.83</ele>
   </trkpt>
   <trkpt lat="38.36938017312534" lon="23.368255663620708">
    <ele>117.48000000000002</ele>
   </trkpt>
   <trkpt lat="38.36928020984854" lon="23.36714422430117">
    <ele>116.7</ele>
   </trkpt>
   <trkpt lat="38.369180236079245" lon="23.36603278805226">
    <ele>116.32000000000001</ele>
   </trkpt>
   <trkpt lat="38.3690802518175" lon="23.36492135487427">
    <ele>116.14</ele>
   </trkpt>
   <trkpt lat="38.36898025706338" lon="23.3638099247675">
    <ele>116.47</ele>
   </trkpt>
   <trkpt lat="38.36888025181695" lon="23.362698497732264">
    <ele>116.95</ele>
   </trkpt>
   <trkpt lat="38.36878023607827" lon="23.361587073768863">
    <ele>116.96000000000001</ele>
   </trkpt>
   <trkpt lat="38.36868020984742" lon="23.36047565287759">
    <ele>116.24000000000001</ele>
   </trkpt>
   <trkpt lat="38.368580173124464" lon="23.359364235058756">
    <ele>115.83000000000001</ele>
   </trkpt>
   <trkpt lat="38.36848012590945" lon="23.35825282031266">
    <ele>115.02000000000001</ele>
   </trkpt>
   <trkpt lat="38.36838006820248" lon="23.35714140863961">
    <ele>115.07000000000001</ele>
   </trkpt>
   <trkpt lat="38.368280000000006" lon="23.35603">
    <ele>115.05000000000001</ele>
   </trkpt>
   <trkpt lat="38.368181498092625" lon="23.354907837276834">
    <ele>114.54</ele>
   </trkpt>
   <trkpt lat="38.36808298548937" lon="23.353785677608478">
    <ele>114.33000000000001</ele>
   </trkpt>
   <trkpt lat="38.36798446219035" lon="23.352663520995243">
    <ele>114.02000000000001</ele>
   </trkpt>
   <trkpt lat="38.36788592819559" lon="23.35154136743744">
    <ele>113.78</ele>
   </trkpt>
   <trkpt lat="38.36778738350519" lon="23.35041921693539">
    <ele>113.53</ele>
   </trkpt>
   <trkpt lat="38.36768882811918" lon="23.349297069489396">
    <ele>113.30000000000001</ele>
   </trkpt>
   <trkpt lat="38.36759026203766" lon="23.34817492509977">
    <ele>113.16000000000001</ele>
   </trkpt>
   <trkpt lat="38.36749168526068" lon="23.347052783766827">
    <ele>112.97000000000001</ele>
   </trkpt>
   <trkpt lat="38.36739309778831" lon="23.345930645490885">
    <ele>112.85000000000001</ele>
   </trkpt>
   <trkpt lat="38.36729449962062" lon="23.344808510272248">
    <ele>112.66000000000001</ele>
   </trkpt>
   <trkpt lat="38.36719589075767" lon="23.343686378111236">
    <ele>112.48</ele>
   </trkpt>
   <trkpt lat="38.36709727119955" lon="23.34256424900816">
    <ele>112.36000000000001</ele>
   </trkpt>
   <trkpt lat="38.366998640946285" lon="23.341442122963326">
    <ele>112.25</ele>
   </trkpt>
   <trkpt lat="38.3669" lon="23.340320000000002">
    <ele>112.11000000000001</ele>
   </trkpt>
   <trkpt lat="38.36680000936363" lon="23.33926999709054">
    <ele>112.11000000000001</ele>
   </trkpt>
   <trkpt lat="38.36670000936285" lon="23.33821999708248">
    <ele>111.96000000000001</ele>
   </trkpt>
   <trkpt lat="38.366600000000005" lon="23.33717">
    <ele>111.79</ele>
   </trkpt>
   <trkpt lat="38.36650404889203" lon="23.336038986499474">
    <ele>111.48</ele>
   </trkpt>
   <trkpt lat="38.366408086918966" lon="23.334907975997954">
    <ele>110.98</ele>
   </trkpt>
   <trkpt lat="38.366312114080884" lon="23.333776968495744">
    <ele>110.62</ele>
   </trkpt>
   <trkpt lat="38.36621613037783" lon="23.33264596399318">
    <ele>110.29</ele>
   </trkpt>
   <trkpt lat="38.36612013580988" lon="23.331514962490573">
    <ele>110.15</ele>
   </trkpt>
   <trkpt lat="38.36602413037709" lon="23.330383963988254">
    <ele>110.07000000000001</ele>
   </trkpt>
   <trkpt lat="38.36592811407956" lon="23.32925296848654">
    <ele>109.89000000000001</ele>
   </trkpt>
   <trkpt lat="38.365832086917315" lon="23.328121975985756">
    <ele>109.89000000000001</ele>
   </trkpt>
   <trkpt lat="38.36573604889045" lon="23.326990986486212">
    <ele>109.66000000000001</ele>
   </trkpt>
   <trkpt lat="38.365640000000006" lon="23.325860000000002">
    <ele>109.34</ele>
   </trkpt>
   <trkpt lat="38.365660000000005" lon="23.32551">
    <ele>109.33000000000001</ele>
   </trkpt>
   <trkpt lat="38.36571" lon="23.32531">
    <ele>109.31</ele>
   </trkpt>
   <trkpt lat="38.36578" lon="23.325170000000004">
    <ele>109.24</ele>
   </trkpt>
   <trkpt lat="38.365880000000004" lon="23.32505">
    <ele>109.08000000000001</ele>
   </trkpt>
   <trkpt lat="38.365990000000004" lon="23.32496">
    <ele>109.08000000000001</ele>
   </trkpt>
   <trkpt lat="38.366170000000004" lon="23.324890000000003">
    <ele>108.95</ele>
   </trkpt>
   <trkpt lat="38.36668" lon="23.324820000000003">
    <ele>108.81</ele>
   </trkpt>
   <trkpt lat="38.36681" lon="23.32479">
    <ele>108.76</ele>
   </trkpt>
   <trkpt lat="38.36693" lon="23.324730000000002">
    <ele>108.76</ele>
   </trkpt>
   <trkpt lat="38.367110000000004" lon="23.32459">
    <ele>108.59</ele>
   </trkpt>
   <trkpt lat="38.36735" lon="23.32449">
    <ele>108.59</ele>
   </trkpt>
   <trkpt lat="38.367560000000005" lon="23.324510000000004">
    <ele>108.59</ele>
   </trkpt>
   <trkpt lat="38.36804" lon="23.324720000000003">
    <ele>108.61000000000001</ele>
   </trkpt>
   <trkpt lat="38.368120000000005" lon="23.324740000000002">
    <ele>108.67</ele>
   </trkpt>
   <trkpt lat="38.368190000000006" lon="23.324730000000002">
    <ele>108.67</ele>
   </trkpt>
   <trkpt lat="38.36829" lon="23.324640000000002">
    <ele>108.68</ele>
   </trkpt>
   <trkpt lat="38.368390000000005" lon="23.3245">
    <ele>108.6</ele>
   </trkpt>
   <trkpt lat="38.36845" lon="23.32432">
    <ele>108.6</ele>
   </trkpt>
   <trkpt lat="38.368430000000004" lon="23.32431">
    <ele>108.65</ele>
   </trkpt>
   <trkpt lat="38.36775000035726" lon="23.3240749978344">
    <ele>110.22000000000001</ele>
   </trkpt>
   <trkpt lat="38.367070000000005" lon="23.32384">
    <ele>112.25</ele>
   </trkpt>
   <trkpt lat="38.36695" lon="23.32374">
    <ele>112.32000000000001</ele>
   </trkpt>
   <trkpt lat="38.366600000000005" lon="23.323620000000002">
    <ele>112.94000000000001</ele>
   </trkpt>
   <trkpt lat="38.3663" lon="23.32355">
    <ele>114.54</ele>
   </trkpt>
   <trkpt lat="38.365990000000004" lon="23.32344">
    <ele>115.80000000000001</ele>
   </trkpt>
   <trkpt lat="38.36569" lon="23.323410000000003">
    <ele>116.64</ele>
   </trkpt>
   <trkpt lat="38.365480000000005" lon="23.32345">
    <ele>116.9</ele>
   </trkpt>
   <trkpt lat="38.36531" lon="23.323480000000004">
    <ele>116.97</ele>
   </trkpt>
   <trkpt lat="38.36515" lon="23.323480000000004">
    <ele>116.94000000000001</ele>
   </trkpt>
   <trkpt lat="38.364990000000006" lon="23.32345">
    <ele>116.83</ele>
   </trkpt>
   <trkpt lat="38.364830000000005" lon="23.323400000000003">
    <ele>116.64</ele>
   </trkpt>
   <trkpt lat="38.36441000000001" lon="23.323130000000003">
    <ele>115.56</ele>
   </trkpt>
   <trkpt lat="38.36404" lon="23.323010000000004">
    <ele>114.18</ele>
   </trkpt>
   <trkpt lat="38.363850000000006" lon="23.32298">
    <ele>113.44000000000001</ele>
   </trkpt>
   <trkpt lat="38.363620000000004" lon="23.3229">
    <ele>113.38000000000001</ele>
   </trkpt>
   <trkpt lat="38.363260000000004" lon="23.322840000000003">
    <ele>111.86000000000001</ele>
   </trkpt>
   <trkpt lat="38.36314" lon="23.322860000000002">
    <ele>111.29</ele>
   </trkpt>
   <trkpt lat="38.363080000000004" lon="23.322850000000003">
    <ele>111.29</ele>
   </trkpt>
   <trkpt lat="38.36219250029576" lon="23.32269749439084">
    <ele>109.78</ele>
   </trkpt>
   <trkpt lat="38.361305000393976" lon="23.322544992521202">
    <ele>110.00000000000001</ele>
   </trkpt>
   <trkpt lat="38.36041750029468" lon="23.32239249439087">
    <ele>110.04</ele>
   </trkpt>
   <trkpt lat="38.35953000000001" lon="23.32224">
    <ele>110.24000000000001</ele>
   </trkpt>
   <trkpt lat="38.358723334072685" lon="23.32205498969646">
    <ele>110.83000000000001</ele>
   </trkpt>
   <trkpt lat="38.35791666785467" lon="23.321869983515775">
    <ele>111.26</ele>
   </trkpt>
   <trkpt lat="38.35711000134596" lon="23.321684981457736">
    <ele>111.63000000000001</ele>
   </trkpt>
   <trkpt lat="38.35630333454657" lon="23.321499983522127">
    <ele>112.03</ele>
   </trkpt>
   <trkpt lat="38.35549666745653" lon="23.32131498970875">
    <ele>112.72000000000001</ele>
   </trkpt>
   <trkpt lat="38.354690000000005" lon="23.32113">
    <ele>113.28</ele>
   </trkpt>
   <trkpt lat="38.35386500005782" lon="23.32092999769412">
    <ele>113.53</ele>
   </trkpt>
   <trkpt lat="38.35304" lon="23.32073">
    <ele>113.96000000000001</ele>
   </trkpt>
   <trkpt lat="38.35244" lon="23.320680000000003">
    <ele>114.39</ele>
   </trkpt>
   <trkpt lat="38.35215" lon="23.320670000000003">
    <ele>114.79</ele>
   </trkpt>
   <trkpt lat="38.35152" lon="23.320690000000003">
    <ele>115.13000000000001</ele>
   </trkpt>
   <trkpt lat="38.35114" lon="23.320760000000003">
    <ele>115.38000000000001</ele>
   </trkpt>
   <trkpt lat="38.35074" lon="23.32084">
    <ele>115.95</ele>
   </trkpt>
   <trkpt lat="38.34996" lon="23.321060000000003">
    <ele>116.81</ele>
   </trkpt>
   <trkpt lat="38.34922250067436" lon="23.32128500686481">
    <ele>117.4</ele>
   </trkpt>
   <trkpt lat="38.34848500091876" lon="23.321510009146948">
    <ele>118.14</ele>
   </trkpt>
   <trkpt lat="38.34774750073323" lon="23.321735006846634">
    <ele>119.21000000000001</ele>
   </trkpt>
   <trkpt lat="38.347010000000004" lon="23.32196">
    <ele>119.76</ele>
   </trkpt>
   <trkpt lat="38.346470000251166" lon="23.32211500111282">
    <ele>120.63000000000001</ele>
   </trkpt>
   <trkpt lat="38.34593" lon="23.322270000000003">
    <ele>121.22</ele>
   </trkpt>
   <trkpt lat="38.34520666706714" lon="23.322496671205073">
    <ele>122.89000000000001</ele>
   </trkpt>
   <trkpt lat="38.344483333697944" lon="23.322723337882902">
    <ele>123.92000000000002</ele>
   </trkpt>
   <trkpt lat="38.34376" lon="23.322950000000002">
    <ele>124.83000000000001</ele>
   </trkpt>
   <trkpt lat="38.343305000030206" lon="23.323080000828455">
    <ele>125.73</ele>
   </trkpt>
   <trkpt lat="38.342850000000006" lon="23.323210000000003">
    <ele>126.85000000000002</ele>
   </trkpt>
   <trkpt lat="38.34198000000001" lon="23.323400000000003">
    <ele>128.03</ele>
   </trkpt>
   <trkpt lat="38.34131" lon="23.323430000000002">
    <ele>128.69</ele>
   </trkpt>
   <trkpt lat="38.34103" lon="23.323500000000003">
    <ele>129.4</ele>
   </trkpt>
   <trkpt lat="38.340920000000004" lon="23.323480000000004">
    <ele>130.04000000000002</ele>
   </trkpt>
   <trkpt lat="38.34082" lon="23.323430000000002">
    <ele>130.04000000000002</ele>
   </trkpt>
   <trkpt lat="38.340790000000005" lon="23.323390000000003">
    <ele>130.26000000000002</ele>
   </trkpt>
   <trkpt lat="38.340720000000005" lon="23.32335">
    <ele>130.81</ele>
   </trkpt>
   <trkpt lat="38.34064" lon="23.32337">
    <ele>130.81</ele>
   </trkpt>
   <trkpt lat="38.340590000000006" lon="23.32344">
    <ele>131.46</ele>
   </trkpt>
   <trkpt lat="38.34057" lon="23.323520000000002">
    <ele>131.68</ele>
   </trkpt>
   <trkpt lat="38.34044" lon="23.323670000000003">
    <ele>132.14000000000001</ele>
   </trkpt>
   <trkpt lat="38.340340000000005" lon="23.32373">
    <ele>132.62</ele>
   </trkpt>
   <trkpt lat="38.339759999942345" lon="23.32384000090134">
    <ele>133.51000000000002</ele>
   </trkpt>
   <trkpt lat="38.339180000000006" lon="23.323950000000004">
    <ele>135.38</ele>
   </trkpt>
   <trkpt lat="38.33867" lon="23.3241">
    <ele>136.5</ele>
   </trkpt>
   <trkpt lat="38.33796333397504" lon="23.32438333887651">
    <ele>138.35</ele>
   </trkpt>
   <trkpt lat="38.33725666726835" lon="23.324666672225796">
    <ele>140.51000000000002</ele>
   </trkpt>
   <trkpt lat="38.33655" lon="23.32495">
    <ele>142.4</ele>
   </trkpt>
   <trkpt lat="38.33625" lon="23.325090000000003">
    <ele>142.83</ele>
   </trkpt>
   <trkpt lat="38.33594" lon="23.325280000000003">
    <ele>144.89000000000001</ele>
   </trkpt>
   <trkpt lat="38.33560000000001" lon="23.32553">
    <ele>146.09000000000003</ele>
   </trkpt>
   <trkpt lat="38.33499500118514" lon="23.326090004811252">
    <ele>148.34</ele>
   </trkpt>
   <trkpt lat="38.334390000000006" lon="23.32665">
    <ele>148.47000000000003</ele>
   </trkpt>
   <trkpt lat="38.33388" lon="23.3272">
    <ele>145.86</ele>
   </trkpt>
   <trkpt lat="38.333336668980174" lon="23.327716674370254">
    <ele>147.50000000000003</ele>
   </trkpt>
   <trkpt lat="38.33279333569358" lon="23.328233340992373">
    <ele>153.45</ele>
   </trkpt>
   <trkpt lat="38.33225" lon="23.328750000000003">
    <ele>158.22</ele>
   </trkpt>
   <trkpt lat="38.33213000000001" lon="23.328830000000004">
    <ele>158.85999999999999</ele>
   </trkpt>
   <trkpt lat="38.33167" lon="23.329130000000003">
    <ele>160.60000000000002</ele>
   </trkpt>
   <trkpt lat="38.33115" lon="23.32944">
    <ele>163.4</ele>
   </trkpt>
   <trkpt lat="38.33039000064575" lon="23.32984500427426">
    <ele>165.4</ele>
   </trkpt>
   <trkpt lat="38.32963" lon="23.330250000000003">
    <ele>167.78</ele>
   </trkpt>
   <trkpt lat="38.329170000000005" lon="23.330450000000003">
    <ele>169.07000000000002</ele>
   </trkpt>
   <trkpt lat="38.329060000000005" lon="23.33049">
    <ele>169.63</ele>
   </trkpt>
   <trkpt lat="38.328770000000006" lon="23.33048">
    <ele>171.02</ele>
   </trkpt>
   <trkpt lat="38.328500000000005" lon="23.330360000000002">
    <ele>172.05</ele>
   </trkpt>
   <trkpt lat="38.32815" lon="23.329700000000003">
    <ele>173.92000000000002</ele>
   </trkpt>
   <trkpt lat="38.327690000000004" lon="23.328750000000003">
    <ele>176.18</ele>
   </trkpt>
   <trkpt lat="38.32726" lon="23.327920000000002">
    <ele>176.52</ele>
   </trkpt>
   <trkpt lat="38.3269" lon="23.327330000000003">
    <ele>176.09000000000003</ele>
   </trkpt>
   <trkpt lat="38.326496670785914" lon="23.326633325576726">
    <ele>175.26000000000002</ele>
   </trkpt>
   <trkpt lat="38.32609333745076" lon="23.32593665890699">
    <ele>174.5</ele>
   </trkpt>
   <trkpt lat="38.32569" lon="23.32524">
    <ele>173.56</ele>
   </trkpt>
   <trkpt lat="38.325500000000005" lon="23.32503">
    <ele>172.5</ele>
   </trkpt>
   <trkpt lat="38.32536" lon="23.324920000000002">
    <ele>172.20000000000002</ele>
   </trkpt>
   <trkpt lat="38.324760000000005" lon="23.324550000000002">
    <ele>171.5</ele>
   </trkpt>
   <trkpt lat="38.32471" lon="23.32449">
    <ele>171.5</ele>
   </trkpt>
   <trkpt lat="38.324580000000005" lon="23.32431">
    <ele>171.5</ele>
   </trkpt>
   <trkpt lat="38.32448" lon="23.32411">
    <ele>171.46</ele>
   </trkpt>
   <trkpt lat="38.32448" lon="23.32374">
    <ele>171.64000000000001</ele>
   </trkpt>
   <trkpt lat="38.32443000000001" lon="23.323670000000003">
    <ele>171.8</ele>
   </trkpt>
   <trkpt lat="38.32437" lon="23.323670000000003">
    <ele>172.1</ele>
   </trkpt>
   <trkpt lat="38.32419" lon="23.323620000000002">
    <ele>172.90000000000003</ele>
   </trkpt>
   <trkpt lat="38.32406" lon="23.32364">
    <ele>173.12000000000003</ele>
   </trkpt>
   <trkpt lat="38.32336500011171" lon="23.323685000424778">
    <ele>173.79000000000002</ele>
   </trkpt>
   <trkpt lat="38.32267" lon="23.32373">
    <ele>174.91</ele>
   </trkpt>
   <trkpt lat="38.32233" lon="23.32373">
    <ele>175.45000000000002</ele>
   </trkpt>
   <trkpt lat="38.32209" lon="23.32372">
    <ele>175.64000000000001</ele>
   </trkpt>
   <trkpt lat="38.32166" lon="23.323590000000003">
    <ele>177.98000000000002</ele>
   </trkpt>
   <trkpt lat="38.321180000000005" lon="23.323410000000003">
    <ele>180.19000000000003</ele>
   </trkpt>
   <trkpt lat="38.320910000000005" lon="23.32328">
    <ele>183.61</ele>
   </trkpt>
   <trkpt lat="38.32056" lon="23.32306">
    <ele>185.48</ele>
   </trkpt>
   <trkpt lat="38.32032" lon="23.32297">
    <ele>187.54000000000002</ele>
   </trkpt>
   <trkpt lat="38.31985" lon="23.322850000000003">
    <ele>191.93</ele>
   </trkpt>
   <trkpt lat="38.319390000000006" lon="23.32289">
    <ele>195.33</ele>
   </trkpt>
   <trkpt lat="38.319160000000004" lon="23.322950000000002">
    <ele>197.86</ele>
   </trkpt>
   <trkpt lat="38.31840666674206" lon="23.323030001660257">
    <ele>204.79000000000002</ele>
   </trkpt>
   <trkpt lat="38.317653333429774" lon="23.323110001657994">
    <ele>210.14000000000001</ele>
   </trkpt>
   <trkpt lat="38.316900000000004" lon="23.32319">
    <ele>212.50000000000003</ele>
   </trkpt>
   <trkpt lat="38.31685" lon="23.322200000000002">
    <ele>208.39000000000001</ele>
   </trkpt>
   <trkpt lat="38.316860000000005" lon="23.321990000000003">
    <ele>205.94</ele>
   </trkpt>
   <trkpt lat="38.3168" lon="23.32175">
    <ele>203.29000000000002</ele>
   </trkpt>
   <trkpt lat="38.316770000000005" lon="23.3215">
    <ele>202.39000000000001</ele>
   </trkpt>
   <trkpt lat="38.3164" lon="23.321520000000003">
    <ele>202.89000000000001</ele>
   </trkpt>
   <trkpt lat="38.31642" lon="23.32137">
    <ele>202.87</ele>
   </trkpt>
   <trkpt lat="38.3164" lon="23.32081">
    <ele>199.60000000000002</ele>
   </trkpt>
   <trkpt lat="38.31645" lon="23.32062">
    <ele>199.63000000000002</ele>
   </trkpt>
   <trkpt lat="38.316480000000006" lon="23.320570000000004">
    <ele>199.52</ele>
   </trkpt>
   <trkpt lat="38.31651" lon="23.32056">
    <ele>199.4</ele>
   </trkpt>
   <trkpt lat="38.316570000000006" lon="23.320510000000002">
    <ele>199.4</ele>
   </trkpt>
   <trkpt lat="38.31658" lon="23.320420000000002">
    <ele>200.14000000000001</ele>
   </trkpt>
   <trkpt lat="38.31656" lon="23.32037">
    <ele>200.08</ele>
   </trkpt>
   <trkpt lat="38.316390000000006" lon="23.32028">
    <ele>201.18000000000004</ele>
   </trkpt>
   <trkpt lat="38.31636" lon="23.320230000000002">
    <ele>201.55</ele>
   </trkpt>
   <trkpt lat="38.316340000000004" lon="23.32016">
    <ele>202.34</ele>
   </trkpt>
   <trkpt lat="38.316320000000005" lon="23.319550000000003">
    <ele>205.8</ele>
   </trkpt>
   <trkpt lat="38.316320000000005" lon="23.31857">
    <ele>212.74</ele>
   </trkpt>
   <trkpt lat="38.31622" lon="23.31801">
    <ele>215.37</ele>
   </trkpt>
   <trkpt lat="38.316680000000005" lon="23.317800000000002">
    <ele>215.86</ele>
   </trkpt>
   <trkpt lat="38.316750000000006" lon="23.317800000000002">
    <ele>215.86</ele>
   </trkpt>
   <trkpt lat="38.316970000000005" lon="23.31792">
    <ele>217.45</ele>
   </trkpt>
   <trkpt lat="38.31711000000001" lon="23.317950000000003">
    <ele>218.50000000000003</ele>
   </trkpt>
   <trkpt lat="38.31776999982459" lon="23.317945000046848">
    <ele>223.23000000000002</ele>
   </trkpt>
   <trkpt lat="38.318430000000006" lon="23.317940000000004">
    <ele>218.37</ele>
   </trkpt>
   <trkpt lat="38.31908666658756" lon="23.317949999817635">
    <ele>213.33</ele>
   </trkpt>
   <trkpt lat="38.319743333174266" lon="23.317959999816413">
    <ele>209.97000000000003</ele>
   </trkpt>
   <trkpt lat="38.32040000000001" lon="23.317970000000003">
    <ele>208.05</ele>
   </trkpt>
   <trkpt lat="38.32040000278532" lon="23.3171600003192">
    <ele>210.99</ele>
   </trkpt>
   <trkpt lat="38.32040000000001" lon="23.316350000000003">
    <ele>207.0</ele>
   </trkpt>
   <trkpt lat="38.32121" lon="23.31634">
    <ele>197.35000000000002</ele>
   </trkpt>
   <trkpt lat="38.321220000000004" lon="23.31547">
    <ele>189.4</ele>
   </trkpt>
   <trkpt lat="38.321400000000004" lon="23.31548">
    <ele>186.06</ele>
   </trkpt>
   <trkpt lat="38.32157" lon="23.31537">
    <ele>182.01</ele>
   </trkpt>
   <trkpt lat="38.32164" lon="23.31537">
    <ele>182.01</ele>
   </trkpt>
   <trkpt lat="38.32175" lon="23.315410000000004">
    <ele>180.56000000000003</ele>
   </trkpt>
   <trkpt lat="38.32189" lon="23.315530000000003">
    <ele>177.16</ele>
   </trkpt>
   <trkpt lat="38.321920000000006" lon="23.315520000000003">
    <ele>177.16</ele>
   </trkpt>
   <trkpt lat="38.321940000000005" lon="23.31547">
    <ele>173.92000000000002</ele>
   </trkpt>
   <trkpt lat="38.321940000000005" lon="23.31512">
    <ele>170.51000000000002</ele>
   </trkpt>
   <trkpt lat="38.32197" lon="23.314960000000003">
    <ele>169.37</ele>
   </trkpt>
   <trkpt lat="38.32222" lon="23.31518">
    <ele>168.10000000000002</ele>
   </trkpt>
   <trkpt lat="38.32238" lon="23.31529">
    <ele>167.79000000000002</ele>
   </trkpt>
   <trkpt lat="38.32244" lon="23.315350000000002">
    <ele>167.08</ele>
   </trkpt>
   <trkpt lat="38.322540000000004" lon="23.31539">
    <ele>167.08</ele>
   </trkpt>
   <trkpt lat="38.32273" lon="23.315430000000003">
    <ele>165.13000000000002</ele>
   </trkpt>
   <trkpt lat="38.32298" lon="23.315440000000002">
    <ele>165.13000000000002</ele>
   </trkpt>
   <trkpt lat="38.323440000000005" lon="23.31537">
    <ele>164.05</ele>
   </trkpt>
   <trkpt lat="38.324040000000004" lon="23.315140000000003">
    <ele>163.09</ele>
   </trkpt>
   <trkpt lat="38.324310000000004" lon="23.315220000000004">
    <ele>162.33</ele>
   </trkpt>
   <trkpt lat="38.32443000000001" lon="23.315230000000003">
    <ele>161.61</ele>
   </trkpt>
   <trkpt lat="38.324495001832865" lon="23.314570000758696">
    <ele>160.57999999999998</ele>
   </trkpt>
   <trkpt lat="38.324560000000005" lon="23.313910000000003">
    <ele>160.89000000000001</ele>
   </trkpt>
   <trkpt lat="38.324690000000004" lon="23.313460000000003">
    <ele>161.54000000000002</ele>
   </trkpt>
   <trkpt lat="38.324780000000004" lon="23.312980000000003">
    <ele>162.51000000000002</ele>
   </trkpt>
   <trkpt lat="38.3248" lon="23.31258">
    <ele>162.35000000000002</ele>
   </trkpt>
   <trkpt lat="38.32490500128272" lon="23.312020001070614">
    <ele>161.79999999999998</ele>
   </trkpt>
   <trkpt lat="38.325010000000006" lon="23.31146">
    <ele>160.18</ele>
   </trkpt>
   <trkpt lat="38.325100000000006" lon="23.310740000000003">
    <ele>159.20000000000002</ele>
   </trkpt>
   <trkpt lat="38.325140000000005" lon="23.310180000000003">
    <ele>158.68</ele>
   </trkpt>
   <trkpt lat="38.32527001052804" lon="23.30906667062992">
    <ele>158.33</ele>
   </trkpt>
   <trkpt lat="38.32540001053161" lon="23.30795333726612">
    <ele>157.42</ele>
   </trkpt>
   <trkpt lat="38.32553" lon="23.30684">
    <ele>156.83</ele>
   </trkpt>
   <trkpt lat="38.32566000145017" lon="23.306260000942103">
    <ele>156.60000000000002</ele>
   </trkpt>
   <trkpt lat="38.325790000000005" lon="23.305680000000002">
    <ele>156.48000000000002</ele>
   </trkpt>
   <trkpt lat="38.32598" lon="23.304740000000002">
    <ele>155.88000000000002</ele>
   </trkpt>
   <trkpt lat="38.326040000000006" lon="23.30405">
    <ele>155.52</ele>
   </trkpt>
   <trkpt lat="38.326170000000005" lon="23.30326">
    <ele>154.62</ele>
   </trkpt>
   <trkpt lat="38.32623" lon="23.30281">
    <ele>153.71</ele>
   </trkpt>
   <trkpt lat="38.326250003793874" lon="23.301865000139266">
    <ele>151.65</ele>
   </trkpt>
   <trkpt lat="38.32627" lon="23.30092">
    <ele>149.6</ele>
   </trkpt>
   <trkpt lat="38.3263100014632" lon="23.300335000172357">
    <ele>148.36</ele>
   </trkpt>
   <trkpt lat="38.326350000000005" lon="23.299750000000003">
    <ele>147.01</ele>
   </trkpt>
   <trkpt lat="38.326375002753245" lon="23.2989450002111">
    <ele>145.69</ele>
   </trkpt>
   <trkpt lat="38.32640000000001" lon="23.298140000000004">
    <ele>144.32</ele>
   </trkpt>
   <trkpt lat="38.32645" lon="23.298060000000003">
    <ele>144.06000000000003</ele>
   </trkpt>
   <trkpt lat="38.32658" lon="23.29802">
    <ele>143.59000000000003</ele>
   </trkpt>
   <trkpt lat="38.326510000000006" lon="23.29736">
    <ele>142.01000000000002</ele>
   </trkpt>
   <trkpt lat="38.32647" lon="23.29644">
    <ele>140.76000000000002</ele>
   </trkpt>
   <trkpt lat="38.326440002578764" lon="23.29565999956851">
    <ele>140.24</ele>
   </trkpt>
   <trkpt lat="38.32641" lon="23.294880000000003">
    <ele>140.13</ele>
   </trkpt>
   <trkpt lat="38.32640000000001" lon="23.294120000000003">
    <ele>140.0</ele>
   </trkpt>
   <trkpt lat="38.32641" lon="23.293920000000004">
    <ele>140.0</ele>
   </trkpt>
   <trkpt lat="38.326590004308585" lon="23.29291500238108">
    <ele>139.86</ele>
   </trkpt>
   <trkpt lat="38.32677" lon="23.29191">
    <ele>141.1</ele>
   </trkpt>
   <trkpt lat="38.3269166764468" lon="23.290836671024">
    <ele>141.15</ele>
   </trkpt>
   <trkpt lat="38.32706334311168" lon="23.289763337703924">
    <ele>140.99</ele>
   </trkpt>
   <trkpt lat="38.32721" lon="23.288690000000003">
    <ele>139.52</ele>
   </trkpt>
   <trkpt lat="38.32728" lon="23.287850000000002">
    <ele>137.39000000000001</ele>
   </trkpt>
   <trkpt lat="38.327325005517864" lon="23.286710000697305">
    <ele>135.61</ele>
   </trkpt>
   <trkpt lat="38.32737" lon="23.285570000000003">
    <ele>134.39000000000001</ele>
   </trkpt>
   <trkpt lat="38.32737000163197" lon="23.28494999976317">
    <ele>133.83</ele>
   </trkpt>
   <trkpt lat="38.32737" lon="23.28433">
    <ele>133.28</ele>
   </trkpt>
   <trkpt lat="38.32735" lon="23.28385">
    <ele>132.87</ele>
   </trkpt>
   <trkpt lat="38.327245005480336" lon="23.282714998476557">
    <ele>131.55</ele>
   </trkpt>
   <trkpt lat="38.32714" lon="23.28158">
    <ele>130.33</ele>
   </trkpt>
   <trkpt lat="38.327116672995196" lon="23.28071666610424">
    <ele>130.18</ele>
   </trkpt>
   <trkpt lat="38.32709333966168" lon="23.27985333276427">
    <ele>130.63000000000002</ele>
   </trkpt>
   <trkpt lat="38.327070000000006" lon="23.27899">
    <ele>130.79000000000002</ele>
   </trkpt>
   <trkpt lat="38.32706" lon="23.27793">
    <ele>130.9</ele>
   </trkpt>
   <trkpt lat="38.32708251107617" lon="23.276997500823057">
    <ele>131.21</ele>
   </trkpt>
   <trkpt lat="38.32710501476896" lon="23.27606500106696">
    <ele>131.8</ele>
   </trkpt>
   <trkpt lat="38.32712751107837" lon="23.275132500731896">
    <ele>132.63</ele>
   </trkpt>
   <trkpt lat="38.32715" lon="23.2742">
    <ele>133.45000000000002</ele>
   </trkpt>
   <trkpt lat="38.32715667214663" lon="23.273396666771802">
    <ele>134.15</ele>
   </trkpt>
   <trkpt lat="38.327163338813655" lon="23.272593333395758">
    <ele>134.71</ele>
   </trkpt>
   <trkpt lat="38.32717" lon="23.271790000000003">
    <ele>135.42000000000002</ele>
   </trkpt>
   <trkpt lat="38.32719" lon="23.271440000000002">
    <ele>134.97</ele>
   </trkpt>
   <trkpt lat="38.327290000000005" lon="23.27079">
    <ele>134.42000000000002</ele>
   </trkpt>
   <trkpt lat="38.32749000287051" lon="23.269960002515358">
    <ele>133.57000000000002</ele>
   </trkpt>
   <trkpt lat="38.327690000000004" lon="23.26913">
    <ele>132.85000000000002</ele>
   </trkpt>
   <trkpt lat="38.32795670285452" lon="23.26809780816253">
    <ele>132.13</ele>
   </trkpt>
   <trkpt lat="38.328223396662445" lon="23.26706560872851">
    <ele>130.94</ele>
   </trkpt>
   <trkpt lat="38.32849008142363" lon="23.266033401698078">
    <ele>130.32000000000002</ele>
   </trkpt>
   <trkpt lat="38.328756757137924" lon="23.265001187071356">
    <ele>129.81</ele>
   </trkpt>
   <trkpt lat="38.32902342380516" lon="23.263968964848463">
    <ele>128.82000000000002</ele>
   </trkpt>
   <trkpt lat="38.3292900814252" lon="23.26293673502955">
    <ele>128.28</ele>
   </trkpt>
   <trkpt lat="38.329556729997876" lon="23.261904497614733">
    <ele>127.01</ele>
   </trkpt>
   <trkpt lat="38.32982336952304" lon="23.26087225260414">
    <ele>125.7</ele>
   </trkpt>
   <trkpt lat="38.330090000000006" lon="23.25984">
    <ele>124.61000000000001</ele>
   </trkpt>
   <trkpt lat="38.330322510040986" lon="23.258952508508482">
    <ele>124.16000000000001</ele>
   </trkpt>
   <trkpt lat="38.33055501339389" lon="23.258065011322252">
    <ele>123.10000000000001</ele>
   </trkpt>
   <trkpt lat="38.33078751005863" lon="23.25717750844139">
    <ele>122.48</ele>
   </trkpt>
   <trkpt lat="38.33102" lon="23.256290000000003">
    <ele>121.96000000000001</ele>
   </trkpt>
   <trkpt lat="38.331262511680386" lon="23.25533250960002">
    <ele>121.31000000000002</ele>
   </trkpt>
   <trkpt lat="38.33150501557602" lon="23.254375012791677">
    <ele>120.58</ele>
   </trkpt>
   <trkpt lat="38.33174751168679" lon="23.253417509575073">
    <ele>119.66000000000001</ele>
   </trkpt>
   <trkpt lat="38.331990000000005" lon="23.252460000000003">
    <ele>119.12</ele>
   </trkpt>
   <trkpt lat="38.33222670702028" lon="23.25137002848168">
    <ele>118.08</ele>
   </trkpt>
   <trkpt lat="38.33246340395245" lon="23.250280049842715">
    <ele>117.34000000000002</ele>
   </trkpt>
   <trkpt lat="38.33270009079638" lon="23.249190064083308">
    <ele>116.57000000000001</ele>
   </trkpt>
   <trkpt lat="38.3329367675519" lon="23.24810007120366">
    <ele>115.56</ele>
   </trkpt>
   <trkpt lat="38.33317343421886" lon="23.24701007120396">
    <ele>114.41000000000001</ele>
   </trkpt>
   <trkpt lat="38.333410090797116" lon="23.245920064084412">
    <ele>113.30000000000001</ele>
   </trkpt>
   <trkpt lat="38.33364673728652" lon="23.244830049845202">
    <ele>112.2</ele>
   </trkpt>
   <trkpt lat="38.3338833736869" lon="23.24374002848654">
    <ele>111.67</ele>
   </trkpt>
   <trkpt lat="38.334120000000006" lon="23.24265">
    <ele>110.65</ele>
   </trkpt>
   <trkpt lat="38.33435835718895" lon="23.24159001741926">
    <ele>110.02000000000001</ele>
   </trkpt>
   <trkpt lat="38.33459670483709" lon="23.240530027864978">
    <ele>109.57000000000001</ele>
   </trkpt>
   <trkpt lat="38.3348350429443" lon="23.239470031337326">
    <ele>109.42</ele>
   </trkpt>
   <trkpt lat="38.33507337151043" lon="23.238410027836483">
    <ele>108.86000000000001</ele>
   </trkpt>
   <trkpt lat="38.33531169053535" lon="23.237350017362616">
    <ele>108.44000000000001</ele>
   </trkpt>
   <trkpt lat="38.335550000000005" lon="23.23629">
    <ele>108.36000000000001</ele>
   </trkpt>
   <trkpt lat="38.3357612798706" lon="23.2352875204539">
    <ele>107.85000000000001</ele>
   </trkpt>
   <trkpt lat="38.3359725512074" lon="23.23428503506149">
    <ele>106.65</ele>
   </trkpt>
   <trkpt lat="38.33618381401027" lon="23.23328254382293">
    <ele>106.23</ele>
   </trkpt>
   <trkpt lat="38.336395068279124" lon="23.23228004673838">
    <ele>105.38000000000001</ele>
   </trkpt>
   <trkpt lat="38.336606314013835" lon="23.23127754380799">
    <ele>104.51</ele>
   </trkpt>
   <trkpt lat="38.336817551214274" lon="23.230275035031926">
    <ele>103.88000000000001</ele>
   </trkpt>
   <trkpt lat="38.33702877988034" lon="23.229272520410348">
    <ele>103.22</ele>
   </trkpt>
   <trkpt lat="38.33724" lon="23.228270000000002">
    <ele>102.47</ele>
   </trkpt>
   <trkpt lat="38.3374610397563" lon="23.22725002800249">
    <ele>102.03</ele>
   </trkpt>
   <trkpt lat="38.33768207067825" lon="23.2262300497815">
    <ele>101.08</ele>
   </trkpt>
   <trkpt lat="38.337903092765735" lon="23.22521006533719">
    <ele>100.52000000000001</ele>
   </trkpt>
   <trkpt lat="38.33812410601863" lon="23.22419007466972">
    <ele>99.91000000000001</ele>
   </trkpt>
   <trkpt lat="38.338345110436805" lon="23.22317007777926">
    <ele>99.55000000000001</ele>
   </trkpt>
   <trkpt lat="38.33856610602017" lon="23.22215007466596">
    <ele>99.17</ele>
   </trkpt>
   <trkpt lat="38.33878709276854" lon="23.22113006532999">
    <ele>98.73</ele>
   </trkpt>
   <trkpt lat="38.33900807068184" lon="23.220110049771513">
    <ele>98.39</ele>
   </trkpt>
   <trkpt lat="38.33922903975992" lon="23.219090027990678">
    <ele>97.82000000000001</ele>
   </trkpt>
   <trkpt lat="38.33945000000001" lon="23.21807">
    <ele>97.65</ele>
   </trkpt>
   <trkpt lat="38.33955" lon="23.218090000000004">
    <ele>97.52000000000001</ele>
   </trkpt>
   <trkpt lat="38.339768016785264" lon="23.217096011942857">
    <ele>96.94000000000001</ele>
   </trkpt>
   <trkpt lat="38.3399860251804" lon="23.216102017903218">
    <ele>96.48</ele>
   </trkpt>
   <trkpt lat="38.340204025185315" lon="23.215108017881242">
    <ele>96.08000000000001</ele>
   </trkpt>
   <trkpt lat="38.340422016799856" lon="23.21411401187706">
    <ele>95.76</ele>
   </trkpt>
   <trkpt lat="38.34064" lon="23.213120000000004">
    <ele>95.31</ele>
   </trkpt>
   <trkpt lat="38.340830000000004" lon="23.212040000000002">
    <ele>94.9</ele>
   </trkpt>
   <trkpt lat="38.34095000000001" lon="23.211190000000002">
    <ele>94.44000000000001</ele>
   </trkpt>
   <trkpt lat="38.34106401981083" lon="23.21011000679077">
    <ele>94.07</ele>
   </trkpt>
   <trkpt lat="38.341178029716716" lon="23.209030010181998">
    <ele>93.55000000000001</ele>
   </trkpt>
   <trkpt lat="38.341292029717614" lon="23.207950010173946">
    <ele>93.44000000000001</ele>
   </trkpt>
   <trkpt lat="38.34140601981343" lon="23.206870006766888">
    <ele>93.19000000000001</ele>
   </trkpt>
   <trkpt lat="38.34152" lon="23.20579">
    <ele>93.00000000000001</ele>
   </trkpt>
   <trkpt lat="38.34154" lon="23.20567">
    <ele>92.99</ele>
   </trkpt>
   <trkpt lat="38.34165" lon="23.20542">
    <ele>92.83000000000001</ele>
   </trkpt>
   <trkpt lat="38.341660000000005" lon="23.205240000000003">
    <ele>92.66000000000001</ele>
   </trkpt>
   <trkpt lat="38.341620000000006" lon="23.20512">
    <ele>92.59</ele>
   </trkpt>
   <trkpt lat="38.341620000000006" lon="23.20495">
    <ele>92.58000000000001</ele>
   </trkpt>
   <trkpt lat="38.341730000000005" lon="23.204040000000003">
    <ele>92.46000000000001</ele>
   </trkpt>
   <trkpt lat="38.34174" lon="23.203750000000003">
    <ele>92.46000000000001</ele>
   </trkpt>
   <trkpt lat="38.341860000000004" lon="23.202820000000003">
    <ele>92.49</ele>
   </trkpt>
   <trkpt lat="38.34197667744648" lon="23.201693336960258">
    <ele>92.44000000000001</ele>
   </trkpt>
   <trkpt lat="38.3420933441134" lon="23.20056667029129">
    <ele>92.47000000000001</ele>
   </trkpt>
   <trkpt lat="38.34221" lon="23.199440000000003">
    <ele>93.11000000000001</ele>
   </trkpt>
   <trkpt lat="38.34207" lon="23.19938">
    <ele>93.17</ele>
   </trkpt>
   <trkpt lat="38.342175013253794" lon="23.19836000442459">
    <ele>93.38000000000001</ele>
   </trkpt>
   <trkpt lat="38.342280017672515" lon="23.197340005891984">
    <ele>93.39</ele>
   </trkpt>
   <trkpt lat="38.34238501325611" lon="23.19632000440241">
    <ele>93.41000000000001</ele>
   </trkpt>
   <trkpt lat="38.342490000000005" lon="23.195300000000003">
    <ele>93.33000000000001</ele>
   </trkpt>
   <trkpt lat="38.342596674121666" lon="23.194363336052113">
    <ele>93.55000000000001</ele>
   </trkpt>
   <trkpt lat="38.34270334079287" lon="23.193426669345612">
    <ele>93.19000000000001</ele>
   </trkpt>
   <trkpt lat="38.34281" lon="23.192490000000003">
    <ele>93.23</ele>
   </trkpt>
   <trkpt lat="38.34297" lon="23.19141">
    <ele>93.00000000000001</ele>
   </trkpt>
   <trkpt lat="38.34310500244441" lon="23.19065000146203">
    <ele>92.86000000000001</ele>
   </trkpt>
   <trkpt lat="38.34324" lon="23.189890000000002">
    <ele>92.61000000000001</ele>
   </trkpt>
   <trkpt lat="38.34344003937644" lon="23.188813357116228">
    <ele>91.97000000000001</ele>
   </trkpt>
   <trkpt lat="38.34364006890909" lon="23.187736708286067">
    <ele>91.86000000000001</ele>
   </trkpt>
   <trkpt lat="38.34384008859781" lon="23.186660053509748">
    <ele>91.7</ele>
   </trkpt>
   <trkpt lat="38.34404009844251" lon="23.185583392787475">
    <ele>91.42</ele>
   </trkpt>
   <trkpt lat="38.344240098443045" lon="23.184506726119476">
    <ele>90.85000000000001</ele>
   </trkpt>
   <trkpt lat="38.344440088599285" lon="23.18343005350596">
    <ele>90.71000000000001</ele>
   </trkpt>
   <trkpt lat="38.34464006891111" lon="23.182353374947144">
    <ele>90.56</ele>
   </trkpt>
   <trkpt lat="38.34484003937841" lon="23.181276690443248">
    <ele>90.45</ele>
   </trkpt>
   <trkpt lat="38.345040000000004" lon="23.180200000000003">
    <ele>90.42000000000002</ele>
   </trkpt>
   <trkpt lat="38.345240000000004" lon="23.179360000000003">
    <ele>90.53000000000002</ele>
   </trkpt>
   <trkpt lat="38.345490000000005" lon="23.17856">
    <ele>90.24</ele>
   </trkpt>
   <trkpt lat="38.3458628764281" lon="23.177690026867808">
    <ele>89.94</ele>
   </trkpt>
   <trkpt lat="38.34623574642871" lon="23.17682004477821">
    <ele>89.96000000000001</ele>
   </trkpt>
   <trkpt lat="38.34660861000167" lon="23.175950053731153">
    <ele>90.23</ele>
   </trkpt>
   <trkpt lat="38.34698146714684" lon="23.175080053726575">
    <ele>90.39000000000001</ele>
   </trkpt>
   <trkpt lat="38.34735431786407" lon="23.17421004476441">
    <ele>90.85000000000001</ele>
   </trkpt>
   <trkpt lat="38.34772716215319" lon="23.17334002684462">
    <ele>91.33000000000001</ele>
   </trkpt>
   <trkpt lat="38.3481" lon="23.17247">
    <ele>91.85</ele>
   </trkpt>
   <trkpt lat="38.3484066711527" lon="23.171743339483424">
    <ele>92.12</ele>
   </trkpt>
   <trkpt lat="38.348713337821046" lon="23.17101667281288">
    <ele>92.37</ele>
   </trkpt>
   <trkpt lat="38.34902" lon="23.17029">
    <ele>92.94000000000001</ele>
   </trkpt>
   <trkpt lat="38.3494" lon="23.169430000000002">
    <ele>93.09</ele>
   </trkpt>
   <trkpt lat="38.34978401363651" lon="23.168534019002703">
    <ele>93.72000000000001</ele>
   </trkpt>
   <trkpt lat="38.35016802045526" lon="23.167638028503344">
    <ele>93.81</ele>
   </trkpt>
   <trkpt lat="38.35055202045609" lon="23.166742028501858">
    <ele>93.61000000000001</ele>
   </trkpt>
   <trkpt lat="38.35093601363883" lon="23.16584601899818">
    <ele>93.07000000000001</ele>
   </trkpt>
   <trkpt lat="38.35132" lon="23.16495">
    <ele>92.72000000000001</ele>
   </trkpt>
   <trkpt lat="38.351780000000005" lon="23.163990000000002">
    <ele>91.97000000000001</ele>
   </trkpt>
   <trkpt lat="38.35219145184062" lon="23.163034318300397">
    <ele>91.43</ele>
   </trkpt>
   <trkpt lat="38.35260289592448" lon="23.162078625740484">
    <ele>90.91</ele>
   </trkpt>
   <trkpt lat="38.35301433225139" lon="23.16112292232018">
    <ele>90.91</ele>
   </trkpt>
   <trkpt lat="38.35342576082117" lon="23.16016720803942">
    <ele>90.82000000000001</ele>
   </trkpt>
   <trkpt lat="38.35383718163358" lon="23.159211482898108">
    <ele>90.61000000000001</ele>
   </trkpt>
   <trkpt lat="38.35424859468846" lon="23.158255746896174">
    <ele>90.93</ele>
   </trkpt>
   <trkpt lat="38.35466" lon="23.157300000000003">
    <ele>91.09</ele>
   </trkpt>
   <trkpt lat="38.35464" lon="23.157290000000003">
    <ele>91.07000000000001</ele>
   </trkpt>
   <trkpt lat="38.35523500259489" lon="23.157742488834163">
    <ele>90.46000000000001</ele>
   </trkpt>
   <trkpt lat="38.355830003450855" lon="23.158194985105165">
    <ele>91.02</ele>
   </trkpt>
   <trkpt lat="38.35642500256784" lon="23.158647488813273">
    <ele>91.34</ele>
   </trkpt>
   <trkpt lat="38.357020000000006" lon="23.159100000000002">
    <ele>91.7</ele>
   </trkpt>
   <trkpt lat="38.357310000000005" lon="23.1594">
    <ele>91.9</ele>
   </trkpt>
   <trkpt lat="38.357745000926236" lon="23.159884997004923">
    <ele>92.21000000000001</ele>
   </trkpt>
   <trkpt lat="38.358180000000004" lon="23.16037">
    <ele>92.46000000000001</ele>
   </trkpt>
   <trkpt lat="38.3584" lon="23.160670000000003">
    <ele>92.76</ele>
   </trkpt>
   <trkpt lat="38.358865003246876" lon="23.161544994371546">
    <ele>93.4</ele>
   </trkpt>
   <trkpt lat="38.35933" lon="23.16242">
    <ele>93.24</ele>
   </trkpt>
   <trkpt lat="38.35956" lon="23.162740000000003">
    <ele>93.4</ele>
   </trkpt>
   <trkpt lat="38.360005001071514" lon="23.16320499730181">
    <ele>94.69000000000001</ele>
   </trkpt>
   <trkpt lat="38.36045" lon="23.163670000000003">
    <ele>95.59</ele>
   </trkpt>
   <trkpt lat="38.360690000000005" lon="23.163860000000003">
    <ele>96.34</ele>
   </trkpt>
   <trkpt lat="38.36137000065498" lon="23.16426999611311">
    <ele>97.9</ele>
   </trkpt>
   <trkpt lat="38.36205" lon="23.16468">
    <ele>101.74000000000001</ele>
   </trkpt>
   <trkpt lat="38.36249" lon="23.164980000000003">
    <ele>103.79</ele>
   </trkpt>
   <trkpt lat="38.36291000000001" lon="23.165300000000002">
    <ele>105.78000000000002</ele>
   </trkpt>
   <trkpt lat="38.36319" lon="23.165470000000003">
    <ele>105.72000000000001</ele>
   </trkpt>
   <trkpt lat="38.363760000000006" lon="23.16571">
    <ele>106.60000000000001</ele>
   </trkpt>
   <trkpt lat="38.36419" lon="23.165850000000002">
    <ele>107.59</ele>
   </trkpt>
   <trkpt lat="38.364720000162635" lon="23.166064998412025">
    <ele>109.03000000000002</ele>
   </trkpt>
   <trkpt lat="38.36525" lon="23.16628">
    <ele>108.4</ele>
   </trkpt>
   <trkpt lat="38.36568500007715" lon="23.166434999059575">
    <ele>108.99</ele>
   </trkpt>
   <trkpt lat="38.36612" lon="23.166590000000003">
    <ele>109.69000000000001</ele>
   </trkpt>
   <trkpt lat="38.36663" lon="23.16681">
    <ele>111.71000000000001</ele>
   </trkpt>
   <trkpt lat="38.36684" lon="23.166880000000003">
    <ele>112.31</ele>
   </trkpt>
   <trkpt lat="38.3676" lon="23.166960000000003">
    <ele>113.97000000000001</ele>
   </trkpt>
   <trkpt lat="38.368050000000004" lon="23.167040000000004">
    <ele>114.83000000000001</ele>
   </trkpt>
   <trkpt lat="38.36847" lon="23.167160000000003">
    <ele>115.86</ele>
   </trkpt>
   <trkpt lat="38.36926000018199" lon="23.167344997989073">
    <ele>117.57000000000001</ele>
   </trkpt>
   <trkpt lat="38.370050000000006" lon="23.167530000000003">
    <ele>119.44</ele>
   </trkpt>
   <trkpt lat="38.370200000000004" lon="23.167530000000003">
    <ele>119.70000000000002</ele>
   </trkpt>
   <trkpt lat="38.37108500030017" lon="23.16737500568797">
    <ele>119.17000000000002</ele>
   </trkpt>
   <trkpt lat="38.371970000396274" lon="23.167220007584792">
    <ele>117.88000000000001</ele>
   </trkpt>
   <trkpt lat="38.372855000288304" lon="23.167065005690255">
    <ele>116.75</ele>
   </trkpt>
   <trkpt lat="38.373740000000005" lon="23.16691">
    <ele>115.39</ele>
   </trkpt>
   <trkpt lat="38.374100000000006" lon="23.166880000000003">
    <ele>115.2</ele>
   </trkpt>
   <trkpt lat="38.37422" lon="23.16691">
    <ele>115.05000000000001</ele>
   </trkpt>
   <trkpt lat="38.374320000000004" lon="23.166970000000003">
    <ele>115.02000000000001</ele>
   </trkpt>
   <trkpt lat="38.374460000000006" lon="23.166990000000002">
    <ele>115.02000000000001</ele>
   </trkpt>
   <trkpt lat="38.37487" lon="23.166960000000003">
    <ele>113.39</ele>
   </trkpt>
   <trkpt lat="38.37536" lon="23.16703">
    <ele>112.36000000000001</ele>
   </trkpt>
   <trkpt lat="38.37566" lon="23.167040000000004">
    <ele>112.19000000000001</ele>
   </trkpt>
   <trkpt lat="38.376336666743434" lon="23.167169997555487">
    <ele>110.27000000000001</ele>
   </trkpt>
   <trkpt lat="38.37701333334331" lon="23.16729999754262">
    <ele>108.79</ele>
   </trkpt>
   <trkpt lat="38.37769" lon="23.167430000000003">
    <ele>107.46000000000001</ele>
   </trkpt>
   <trkpt lat="38.378219999909355" lon="23.16747499966191">
    <ele>106.04</ele>
   </trkpt>
   <trkpt lat="38.378750000000004" lon="23.167520000000003">
    <ele>104.69</ele>
   </trkpt>
   <trkpt lat="38.37917" lon="23.16767">
    <ele>104.14000000000001</ele>
   </trkpt>
   <trkpt lat="38.379540000000006" lon="23.167740000000002">
    <ele>103.28000000000002</ele>
   </trkpt>
   <trkpt lat="38.37986" lon="23.167830000000002">
    <ele>102.92000000000002</ele>
   </trkpt>
   <trkpt lat="38.38035" lon="23.16803">
    <ele>102.9</ele>
   </trkpt>
   <trkpt lat="38.381002501473766" lon="23.16837249072077">
    <ele>104.82000000000001</ele>
   </trkpt>
   <trkpt lat="38.381655001951074" lon="23.168714987620202">
    <ele>107.48</ele>
   </trkpt>
   <trkpt lat="38.38230750143192" lon="23.16905749069853">
    <ele>111.75000000000001</ele>
   </trkpt>
   <trkpt lat="38.382960000000004" lon="23.169400000000003">
    <ele>114.03</ele>
   </trkpt>
   <trkpt lat="38.38351" lon="23.169610000000002">
    <ele>113.24000000000001</ele>
   </trkpt>
   <trkpt lat="38.38419000282182" lon="23.170079986748856">
    <ele>110.61000000000001</ele>
   </trkpt>
   <trkpt lat="38.38487000376717" lon="23.17054998233481">
    <ele>108.47000000000001</ele>
   </trkpt>
   <trkpt lat="38.38555000283596" lon="23.171019986758218">
    <ele>106.60000000000001</ele>
   </trkpt>
   <trkpt lat="38.386230000000005" lon="23.171490000000002">
    <ele>104.88000000000001</ele>
   </trkpt>
   <trkpt lat="38.386500000000005" lon="23.17171">
    <ele>104.79</ele>
   </trkpt>
   <trkpt lat="38.38671" lon="23.171960000000002">
    <ele>104.57000000000001</ele>
   </trkpt>
   <trkpt lat="38.386900000000004" lon="23.172240000000002">
    <ele>104.52</ele>
   </trkpt>
   <trkpt lat="38.3872" lon="23.17256">
    <ele>104.27000000000001</ele>
   </trkpt>
   <trkpt lat="38.38739" lon="23.17273">
    <ele>104.20000000000002</ele>
   </trkpt>
   <trkpt lat="38.38765" lon="23.172880000000003">
    <ele>103.46000000000001</ele>
   </trkpt>
   <trkpt lat="38.38778000000001" lon="23.173000000000002">
    <ele>103.19</ele>
   </trkpt>
   <trkpt lat="38.387840000000004" lon="23.1731">
    <ele>103.18</ele>
   </trkpt>
   <trkpt lat="38.388290000000005" lon="23.17312">
    <ele>101.69</ele>
   </trkpt>
   <trkpt lat="38.38879000010524" lon="23.173100000134138">
    <ele>101.07000000000001</ele>
   </trkpt>
   <trkpt lat="38.38929" lon="23.173080000000002">
    <ele>99.7</ele>
   </trkpt>
   <trkpt lat="38.390060000038744" lon="23.17313249832319">
    <ele>98.31</ele>
   </trkpt>
   <trkpt lat="38.39083000005407" lon="23.173184997764388">
    <ele>97.49000000000001</ele>
   </trkpt>
   <trkpt lat="38.391600000046" lon="23.173237498323637">
    <ele>96.7</ele>
   </trkpt>
   <trkpt lat="38.39237" lon="23.17329">
    <ele>96.11</ele>
   </trkpt>
   <trkpt lat="38.39324999997031" lon="23.173369999021197">
    <ele>94.99000000000001</ele>
   </trkpt>
   <trkpt lat="38.394130000000004" lon="23.173450000000003">
    <ele>94.58000000000001</ele>
   </trkpt>
   <trkpt lat="38.394905714348106" lon="23.17349571134343">
    <ele>94.97000000000001</ele>
   </trkpt>
   <trkpt lat="38.395681428678444" lon="23.173541423667718">
    <ele>95.80000000000001</ele>
   </trkpt>
   <trkpt lat="38.39645714299104" lon="23.173587136972916">
    <ele>95.58000000000001</ele>
   </trkpt>
   <trkpt lat="38.39723285728589" lon="23.17363285125907">
    <ele>95.03</ele>
   </trkpt>
   <trkpt lat="38.398008571562976" lon="23.17367856652623">
    <ele>94.78</ele>
   </trkpt>
   <trkpt lat="38.39878428582231" lon="23.173724282774444">
    <ele>94.97000000000001</ele>
   </trkpt>
   <trkpt lat="38.39956" lon="23.17377">
    <ele>94.48</ele>
   </trkpt>
   <trkpt lat="38.40014000013138" lon="23.1738349994912">
    <ele>94.08000000000001</ele>
   </trkpt>
   <trkpt lat="38.40072" lon="23.173900000000003">
    <ele>95.45</ele>
   </trkpt>
   <trkpt lat="38.40072500314209" lon="23.17304000002266">
    <ele>95.66000000000001</ele>
   </trkpt>
   <trkpt lat="38.40073" lon="23.17218">
    <ele>96.25</ele>
   </trkpt>
   <trkpt lat="38.40075" lon="23.172">
    <ele>96.42</ele>
   </trkpt>
   <trkpt lat="38.400940000000006" lon="23.17106">
    <ele>96.82000000000001</ele>
   </trkpt>
   <trkpt lat="38.40104" lon="23.170700000000004">
    <ele>96.95</ele>
   </trkpt>
   <trkpt lat="38.40129" lon="23.169990000000002">
    <ele>97.11</ele>
   </trkpt>
   <trkpt lat="38.40166" lon="23.169230000000002">
    <ele>96.91000000000001</ele>
   </trkpt>
   <trkpt lat="38.401990000000005" lon="23.16863">
    <ele>97.43</ele>
   </trkpt>
   <trkpt lat="38.402300000000004" lon="23.16823">
    <ele>97.68</ele>
   </trkpt>
   <trkpt lat="38.402570000000004" lon="23.167930000000002">
    <ele>97.7</ele>
   </trkpt>
   <trkpt lat="38.403020000000005" lon="23.16748">
    <ele>98.4</ele>
   </trkpt>
   <trkpt lat="38.403310000000005" lon="23.167250000000003">
    <ele>98.61</ele>
   </trkpt>
   <trkpt lat="38.404030000000006" lon="23.16683">
    <ele>99.67</ele>
   </trkpt>
   <trkpt lat="38.40433" lon="23.166610000000002">
    <ele>99.56</ele>
   </trkpt>
   <trkpt lat="38.40446" lon="23.16644">
    <ele>99.46000000000001</ele>
   </trkpt>
   <trkpt lat="38.40453" lon="23.16617">
    <ele>99.13000000000001</ele>
   </trkpt>
   <trkpt lat="38.40458" lon="23.16552">
    <ele>100.82000000000001</ele>
   </trkpt>
   <trkpt lat="38.40457" lon="23.16512">
    <ele>102.51</ele>
   </trkpt>
   <trkpt lat="38.40453" lon="23.16488">
    <ele>102.79</ele>
   </trkpt>
   <trkpt lat="38.40447" lon="23.16465">
    <ele>102.8</ele>
   </trkpt>
   <trkpt lat="38.404360000000004" lon="23.16429">
    <ele>102.45000000000002</ele>
   </trkpt>
   <trkpt lat="38.4041" lon="23.16362">
    <ele>100.93</ele>
   </trkpt>
   <trkpt lat="38.404030000000006" lon="23.16337">
    <ele>100.47</ele>
   </trkpt>
   <trkpt lat="38.404" lon="23.163200000000003">
    <ele>99.94000000000001</ele>
   </trkpt>
   <trkpt lat="38.40404" lon="23.162910000000004">
    <ele>98.30000000000001</ele>
   </trkpt>
   <trkpt lat="38.404355003909416" lon="23.161955004056054">
    <ele>96.53</ele>
   </trkpt>
   <trkpt lat="38.40467" lon="23.161">
    <ele>96.68</ele>
   </trkpt>
   <trkpt lat="38.404740000000004" lon="23.16091">
    <ele>96.73</ele>
   </trkpt>
   <trkpt lat="38.40487" lon="23.160850000000003">
    <ele>96.71000000000001</ele>
   </trkpt>
   <trkpt lat="38.404970000000006" lon="23.160850000000003">
    <ele>96.56</ele>
   </trkpt>
   <trkpt lat="38.405680000000004" lon="23.16102">
    <ele>96.80000000000001</ele>
   </trkpt>
   <trkpt lat="38.406180000000006" lon="23.1613">
    <ele>96.55000000000001</ele>
   </trkpt>
   <trkpt lat="38.406510000000004" lon="23.16159">
    <ele>96.5</ele>
   </trkpt>
   <trkpt lat="38.406980000000004" lon="23.161830000000002">
    <ele>96.60000000000001</ele>
   </trkpt>
   <trkpt lat="38.40711" lon="23.16193">
    <ele>96.58000000000001</ele>
   </trkpt>
   <trkpt lat="38.40742" lon="23.162280000000003">
    <ele>96.54</ele>
   </trkpt>
   <trkpt lat="38.40748" lon="23.16232">
    <ele>96.54</ele>
   </trkpt>
   <trkpt lat="38.407540000000004" lon="23.16232">
    <ele>96.48</ele>
   </trkpt>
   <trkpt lat="38.407650000000004" lon="23.162270000000003">
    <ele>96.48</ele>
   </trkpt>
   <trkpt lat="38.408260001510264" lon="23.161675005016185">
    <ele>96.68</ele>
   </trkpt>
   <trkpt lat="38.40887" lon="23.161080000000002">
    <ele>96.83000000000001</ele>
   </trkpt>
   <trkpt lat="38.40914500125768" lon="23.16160999810709">
    <ele>97.56</ele>
   </trkpt>
   <trkpt lat="38.409420000000004" lon="23.16214">
    <ele>98.77000000000001</ele>
   </trkpt>
   <trkpt lat="38.40948" lon="23.162290000000002">
    <ele>98.77000000000001</ele>
   </trkpt>
   <trkpt lat="38.409530000000004" lon="23.162490000000002">
    <ele>99.01000000000002</ele>
   </trkpt>
   <trkpt lat="38.409620000000004" lon="23.16319">
    <ele>97.93</ele>
   </trkpt>
   <trkpt lat="38.409800000000004" lon="23.16375">
    <ele>97.18</ele>
   </trkpt>
   <trkpt lat="38.40995" lon="23.16403">
    <ele>96.99000000000001</ele>
   </trkpt>
   <trkpt lat="38.410450000000004" lon="23.164820000000002">
    <ele>96.82000000000001</ele>
   </trkpt>
   <trkpt lat="38.41076000111751" lon="23.165334997775258">
    <ele>96.73</ele>
   </trkpt>
   <trkpt lat="38.41107" lon="23.165850000000002">
    <ele>96.84</ele>
   </trkpt>
   <trkpt lat="38.411190000000005" lon="23.166140000000002">
    <ele>96.95</ele>
   </trkpt>
   <trkpt lat="38.411300000000004" lon="23.166510000000002">
    <ele>97.19000000000001</ele>
   </trkpt>
   <trkpt lat="38.4114" lon="23.167050000000003">
    <ele>97.19000000000001</ele>
   </trkpt>
   <trkpt lat="38.41154500320469" lon="23.167919998188495">
    <ele>97.28</ele>
   </trkpt>
   <trkpt lat="38.41169" lon="23.16879">
    <ele>97.54</ele>
   </trkpt>
   <trkpt lat="38.411860000000004" lon="23.169680000000003">
    <ele>97.58000000000001</ele>
   </trkpt>
   <trkpt lat="38.411930000000005" lon="23.169970000000003">
    <ele>97.53</ele>
   </trkpt>
   <trkpt lat="38.41205" lon="23.170250000000003">
    <ele>97.53</ele>
   </trkpt>
   <trkpt lat="38.41219" lon="23.17051">
    <ele>97.56</ele>
   </trkpt>
   <trkpt lat="38.412530000000004" lon="23.17094">
    <ele>97.36</ele>
   </trkpt>
   <trkpt lat="38.41272" lon="23.171090000000003">
    <ele>97.34</ele>
   </trkpt>
   <trkpt lat="38.41348" lon="23.17162">
    <ele>97.21000000000001</ele>
   </trkpt>
   <trkpt lat="38.41423000122617" lon="23.172114994983982">
    <ele>97.13000000000001</ele>
   </trkpt>
   <trkpt lat="38.41498" lon="23.172610000000002">
    <ele>97.24000000000001</ele>
   </trkpt>
   <trkpt lat="38.41555" lon="23.17294">
    <ele>97.12</ele>
   </trkpt>
   <trkpt lat="38.41617" lon="23.173340000000003">
    <ele>97.10000000000001</ele>
   </trkpt>
   <trkpt lat="38.416470000000004" lon="23.17348">
    <ele>97.13000000000001</ele>
   </trkpt>
   <trkpt lat="38.417" lon="23.173630000000003">
    <ele>97.16000000000001</ele>
   </trkpt>
   <trkpt lat="38.41743" lon="23.17367">
    <ele>97.32000000000001</ele>
   </trkpt>
   <trkpt lat="38.41828" lon="23.17366">
    <ele>96.97000000000001</ele>
   </trkpt>
   <trkpt lat="38.41890666666803" lon="23.173613334144257">
    <ele>96.92</ele>
   </trkpt>
   <trkpt lat="38.41953333331755" lon="23.17356666747888">
    <ele>96.78</ele>
   </trkpt>
   <trkpt lat="38.42016" lon="23.173520000000003">
    <ele>96.68</ele>
   </trkpt>
   <trkpt lat="38.42085499989703" lon="23.173480000391173">
    <ele>96.57000000000001</ele>
   </trkpt>
   <trkpt lat="38.42155" lon="23.173440000000003">
    <ele>96.58000000000001</ele>
   </trkpt>
   <trkpt lat="38.42228000004456" lon="23.173415000251225">
    <ele>96.56</ele>
   </trkpt>
   <trkpt lat="38.423010000000005" lon="23.17339">
    <ele>96.35000000000001</ele>
   </trkpt>
   <trkpt lat="38.423860000000005" lon="23.173330000000004">
    <ele>96.41000000000001</ele>
   </trkpt>
   <trkpt lat="38.424200000000006" lon="23.173340000000003">
    <ele>96.39</ele>
   </trkpt>
   <trkpt lat="38.424490000000006" lon="23.17339">
    <ele>96.56</ele>
   </trkpt>
   <trkpt lat="38.42481" lon="23.173520000000003">
    <ele>96.58000000000001</ele>
   </trkpt>
   <trkpt lat="38.42502" lon="23.17366">
    <ele>96.56</ele>
   </trkpt>
   <trkpt lat="38.42535" lon="23.17395">
    <ele>96.65</ele>
   </trkpt>
   <trkpt lat="38.42555" lon="23.174220000000002">
    <ele>96.65</ele>
   </trkpt>
   <trkpt lat="38.425740000000005" lon="23.174650000000003">
    <ele>97.16000000000001</ele>
   </trkpt>
   <trkpt lat="38.42595" lon="23.175250000000002">
    <ele>97.43</ele>
   </trkpt>
   <trkpt lat="38.426195002861476" lon="23.176069997233242">
    <ele>97.76</ele>
   </trkpt>
   <trkpt lat="38.42644000000001" lon="23.17689">
    <ele>97.95</ele>
   </trkpt>
   <trkpt lat="38.42658" lon="23.17743">
    <ele>97.99000000000001</ele>
   </trkpt>
   <trkpt lat="38.426775003501284" lon="23.17833999746226">
    <ele>98.23</ele>
   </trkpt>
   <trkpt lat="38.426970000000004" lon="23.179250000000003">
    <ele>98.38000000000001</ele>
   </trkpt>
   <trkpt lat="38.427110000000006" lon="23.179720000000003">
    <ele>98.45</ele>
   </trkpt>
   <trkpt lat="38.42727" lon="23.180090000000003">
    <ele>98.68</ele>
   </trkpt>
   <trkpt lat="38.42752" lon="23.180470000000003">
    <ele>98.66000000000001</ele>
   </trkpt>
   <trkpt lat="38.42813500266604" lon="23.181279992941633">
    <ele>99.13000000000001</ele>
   </trkpt>
   <trkpt lat="38.42875" lon="23.182090000000002">
    <ele>99.51</ele>
   </trkpt>
   <trkpt lat="38.42930000946806" lon="23.18295248026969">
    <ele>99.72</ele>
   </trkpt>
   <trkpt lat="38.4298500126145" lon="23.183814973677475">
    <ele>99.88000000000001</ele>
   </trkpt>
   <trkpt lat="38.430400009439126" lon="23.184677480223666">
    <ele>99.62000000000002</ele>
   </trkpt>
   <trkpt lat="38.43095" lon="23.185540000000003">
    <ele>99.35000000000001</ele>
   </trkpt>
   <trkpt lat="38.43117" lon="23.185920000000003">
    <ele>100.09</ele>
   </trkpt>
   <trkpt lat="38.431540000000005" lon="23.185650000000003">
    <ele>98.08000000000001</ele>
   </trkpt>
   <trkpt lat="38.4322650017661" lon="23.185005006477763">
    <ele>96.03</ele>
   </trkpt>
   <trkpt lat="38.432990000000004" lon="23.18436">
    <ele>96.17</ele>
   </trkpt>
   <trkpt lat="38.43332" lon="23.1841">
    <ele>96.26</ele>
   </trkpt>
   <trkpt lat="38.43341" lon="23.184050000000003">
    <ele>96.26</ele>
   </trkpt>
   <trkpt lat="38.433640000000004" lon="23.183980000000002">
    <ele>95.87</ele>
   </trkpt>
   <trkpt lat="38.43451000004714" lon="23.183810002063268">
    <ele>95.82000000000001</ele>
   </trkpt>
   <trkpt lat="38.43538" lon="23.18364">
    <ele>95.81</ele>
   </trkpt>
   <trkpt lat="38.43617999999514" lon="23.18350500150983">
    <ele>95.49000000000001</ele>
   </trkpt>
   <trkpt lat="38.436980000000005" lon="23.183370000000004">
    <ele>95.42</ele>
   </trkpt>
   <trkpt lat="38.43784000016334" lon="23.183195002077984">
    <ele>95.48</ele>
   </trkpt>
   <trkpt lat="38.438700000000004" lon="23.183020000000003">
    <ele>95.47000000000001</ele>
   </trkpt>
   <trkpt lat="38.43918000001977" lon="23.182910000738683">
    <ele>95.83000000000001</ele>
   </trkpt>
   <trkpt lat="38.43966" lon="23.1828">
    <ele>95.96000000000001</ele>
   </trkpt>
   <trkpt lat="38.439800000000005" lon="23.182730000000003">
    <ele>96.07000000000001</ele>
   </trkpt>
   <trkpt lat="38.44004" lon="23.18267">
    <ele>96.19000000000001</ele>
   </trkpt>
   <trkpt lat="38.44058000013715" lon="23.182475001467594">
    <ele>96.42</ele>
   </trkpt>
   <trkpt lat="38.441120000000005" lon="23.182280000000002">
    <ele>96.58000000000001</ele>
   </trkpt>
   <trkpt lat="38.44188000053128" lon="23.181965003271234">
    <ele>96.57000000000001</ele>
   </trkpt>
   <trkpt lat="38.442640000000004" lon="23.18165">
    <ele>96.94000000000001</ele>
   </trkpt>
   <trkpt lat="38.443130000000004" lon="23.181510000000003">
    <ele>97.06</ele>
   </trkpt>
   <trkpt lat="38.44390500003963" lon="23.18132000206806">
    <ele>97.30000000000001</ele>
   </trkpt>
   <trkpt lat="38.444680000000005" lon="23.181130000000003">
    <ele>96.69000000000001</ele>
   </trkpt>
   <trkpt lat="38.44505" lon="23.180930000000004">
    <ele>95.91000000000001</ele>
   </trkpt>
   <trkpt lat="38.445525000274806" lon="23.18070000148955">
    <ele>95.51</ele>
   </trkpt>
   <trkpt lat="38.446000000000005" lon="23.180470000000003">
    <ele>94.77000000000001</ele>
   </trkpt>
   <trkpt lat="38.4465" lon="23.180320000000002">
    <ele>94.62</ele>
   </trkpt>
   <trkpt lat="38.44689" lon="23.18014">
    <ele>94.25000000000001</ele>
   </trkpt>
   <trkpt lat="38.44718" lon="23.179940000000002">
    <ele>94.17</ele>
   </trkpt>
   <trkpt lat="38.447900000000004" lon="23.1795">
    <ele>93.99000000000001</ele>
   </trkpt>
   <trkpt lat="38.44840000000001" lon="23.17913">
    <ele>94.12</ele>
   </trkpt>
   <trkpt lat="38.44863" lon="23.178890000000003">
    <ele>94.60000000000001</ele>
   </trkpt>
   <trkpt lat="38.448710000000005" lon="23.178890000000003">
    <ele>94.95</ele>
   </trkpt>
   <trkpt lat="38.448890000000006" lon="23.178970000000003">
    <ele>95.17</ele>
   </trkpt>
   <trkpt lat="38.449250000000006" lon="23.17864">
    <ele>95.30000000000001</ele>
   </trkpt>
   <trkpt lat="38.44977" lon="23.178440000000002">
    <ele>95.94000000000001</ele>
   </trkpt>
   <trkpt lat="38.44995" lon="23.178400000000003">
    <ele>95.91000000000001</ele>
   </trkpt>
   <trkpt lat="38.450210000000006" lon="23.17838">
    <ele>96.07000000000001</ele>
   </trkpt>
   <trkpt lat="38.450540000000004" lon="23.178310000000003">
    <ele>96.31</ele>
   </trkpt>
   <trkpt lat="38.451176666955774" lon="23.178106670274758">
    <ele>96.98</ele>
   </trkpt>
   <trkpt lat="38.45181333356015" lon="23.17790333696137">
    <ele>97.44000000000001</ele>
   </trkpt>
   <trkpt lat="38.452450000000006" lon="23.1777">
    <ele>98.28</ele>
   </trkpt>
   <trkpt lat="38.452650000000006" lon="23.17761">
    <ele>98.9</ele>
   </trkpt>
   <trkpt lat="38.45289003029471" lon="23.1765200217581">
    <ele>98.36</ele>
   </trkpt>
   <trkpt lat="38.453130050491204" lon="23.17543003626423">
    <ele>97.88000000000001</ele>
   </trkpt>
   <trkpt lat="38.453370060589315" lon="23.1743400435186">
    <ele>96.89</ele>
   </trkpt>
   <trkpt lat="38.45361006058893" lon="23.17325004352139">
    <ele>96.17</ele>
   </trkpt>
   <trkpt lat="38.45385005048987" lon="23.172160036272796">
    <ele>96.35000000000001</ele>
   </trkpt>
   <trkpt lat="38.45409003029199" lon="23.171070021773016">
    <ele>96.23</ele>
   </trkpt>
   <trkpt lat="38.454330000000006" lon="23.169980000000002">
    <ele>96.14</ele>
   </trkpt>
   <trkpt lat="38.45449" lon="23.169340000000002">
    <ele>96.14</ele>
   </trkpt>
   <trkpt lat="38.4547" lon="23.168640000000003">
    <ele>96.84</ele>
   </trkpt>
   <trkpt lat="38.45495667168802" lon="23.16787000553337">
    <ele>97.03</ele>
   </trkpt>
   <trkpt lat="38.45521333833648" lon="23.16710000558807">
    <ele>97.2</ele>
   </trkpt>
   <trkpt lat="38.455470000000005" lon="23.166330000000002">
    <ele>97.03</ele>
   </trkpt>
   <trkpt lat="38.45557" lon="23.16609">
    <ele>97.03</ele>
   </trkpt>
   <trkpt lat="38.45571" lon="23.165820000000004">
    <ele>97.0</ele>
   </trkpt>
   <trkpt lat="38.45588" lon="23.165550000000003">
    <ele>96.93</ele>
   </trkpt>
   <trkpt lat="38.456140000000005" lon="23.165190000000003">
    <ele>96.98</ele>
   </trkpt>
   <trkpt lat="38.45642" lon="23.16487">
    <ele>97.01</ele>
   </trkpt>
   <trkpt lat="38.45694" lon="23.164440000000003">
    <ele>97.2</ele>
   </trkpt>
   <trkpt lat="38.457390000000004" lon="23.16418">
    <ele>97.2</ele>
   </trkpt>
   <trkpt lat="38.45758" lon="23.1641">
    <ele>97.2</ele>
   </trkpt>
   <trkpt lat="38.458090000000006" lon="23.16394">
    <ele>97.11</ele>
   </trkpt>
   <trkpt lat="38.45879" lon="23.163870000000003">
    <ele>97.21000000000001</ele>
   </trkpt>
   <trkpt lat="38.459364999815875" lon="23.163775000794015">
    <ele>97.10000000000001</ele>
   </trkpt>
   <trkpt lat="38.45994" lon="23.163680000000003">
    <ele>96.91000000000001</ele>
   </trkpt>
   <trkpt lat="38.460710000000006" lon="23.16363">
    <ele>96.29</ele>
   </trkpt>
   <trkpt lat="38.46116999999449" lon="23.163625000031946">
    <ele>96.21000000000001</ele>
   </trkpt>
   <trkpt lat="38.46163000000001" lon="23.16362">
    <ele>96.07000000000001</ele>
   </trkpt>
   <trkpt lat="38.462210000000006" lon="23.16364">
    <ele>95.96000000000001</ele>
   </trkpt>
   <trkpt lat="38.462990000000005" lon="23.163610000000002">
    <ele>95.74000000000001</ele>
   </trkpt>
   <trkpt lat="38.463732500029444" lon="23.163624999537273">
    <ele>95.74000000000001</ele>
   </trkpt>
   <trkpt lat="38.46447500005697" lon="23.163639999383378">
    <ele>95.69000000000001</ele>
   </trkpt>
   <trkpt lat="38.46521750008258" lon="23.16365499953833">
    <ele>96.04</ele>
   </trkpt>
   <trkpt lat="38.46596" lon="23.163670000000003">
    <ele>96.27000000000001</ele>
   </trkpt>
   <trkpt lat="38.466803333334724" lon="23.163671666452267">
    <ele>96.45</ele>
   </trkpt>
   <trkpt lat="38.46764666666943" lon="23.163673332943507">
    <ele>96.66000000000001</ele>
   </trkpt>
   <trkpt lat="38.4684900000041" lon="23.163674999473727">
    <ele>96.19000000000001</ele>
   </trkpt>
   <trkpt lat="38.46933333333876" lon="23.163676666042925">
    <ele>96.08000000000001</ele>
   </trkpt>
   <trkpt lat="38.470176666673396" lon="23.163678332651102">
    <ele>96.06</ele>
   </trkpt>
   <trkpt lat="38.471020000008004" lon="23.163679999298267">
    <ele>96.31</ele>
   </trkpt>
   <trkpt lat="38.47186333334258" lon="23.163681665984416">
    <ele>96.92</ele>
   </trkpt>
   <trkpt lat="38.472706666677134" lon="23.163683332709557">
    <ele>97.10000000000001</ele>
   </trkpt>
   <trkpt lat="38.47355000001168" lon="23.16368499947368">
    <ele>96.74000000000001</ele>
   </trkpt>
   <trkpt lat="38.47439333334619" lon="23.163686666276803">
    <ele>96.5</ele>
   </trkpt>
   <trkpt lat="38.47523666668068" lon="23.16368833311892">
    <ele>96.7</ele>
   </trkpt>
   <trkpt lat="38.47608" lon="23.163690000000003">
    <ele>97.17</ele>
   </trkpt>
   <trkpt lat="38.47655500015849" lon="23.163685000031283">
    <ele>97.07000000000001</ele>
   </trkpt>
   <trkpt lat="38.477030000000006" lon="23.163680000000003">
    <ele>96.99000000000001</ele>
   </trkpt>
   <trkpt lat="38.477500000000006" lon="23.163570000000004">
    <ele>96.62</ele>
   </trkpt>
   <trkpt lat="38.477700000000006" lon="23.16355">
    <ele>96.5</ele>
   </trkpt>
   <trkpt lat="38.47833500012957" lon="23.163554999956972">
    <ele>96.49000000000001</ele>
   </trkpt>
   <trkpt lat="38.478970000000004" lon="23.16356">
    <ele>96.76</ele>
   </trkpt>
   <trkpt lat="38.479350000000004" lon="23.16365">
    <ele>97.01</ele>
   </trkpt>
   <trkpt lat="38.479580000000006" lon="23.163670000000003">
    <ele>97.09</ele>
   </trkpt>
   <trkpt lat="38.48011" lon="23.163670000000003">
    <ele>97.17</ele>
   </trkpt>
   <trkpt lat="38.48053" lon="23.16362">
    <ele>97.19000000000001</ele>
   </trkpt>
   <trkpt lat="38.48133249999616" lon="23.16362">
    <ele>96.86</ele>
   </trkpt>
   <trkpt lat="38.482134999992326" lon="23.16362">
    <ele>96.77000000000001</ele>
   </trkpt>
   <trkpt lat="38.48293749998848" lon="23.16362">
    <ele>97.33000000000001</ele>
   </trkpt>
   <trkpt lat="38.483740000000004" lon="23.16362">
    <ele>97.45</ele>
   </trkpt>
   <trkpt lat="38.48451666669938" lon="23.163653332615894">
    <ele>97.79</ele>
   </trkpt>
   <trkpt lat="38.48529333338929" lon="23.163686665950216">
    <ele>97.98</ele>
   </trkpt>
   <trkpt lat="38.486070000000005" lon="23.16372">
    <ele>98.30000000000001</ele>
   </trkpt>
   <trkpt lat="38.486230000000006" lon="23.163700000000002">
    <ele>98.44000000000001</ele>
   </trkpt>
   <trkpt lat="38.4864" lon="23.16365">
    <ele>98.46000000000001</ele>
   </trkpt>
   <trkpt lat="38.48666" lon="23.163510000000002">
    <ele>98.46000000000001</ele>
   </trkpt>
   <trkpt lat="38.48693" lon="23.16328">
    <ele>98.47</ele>
   </trkpt>
   <trkpt lat="38.487030000000004" lon="23.16316">
    <ele>98.47</ele>
   </trkpt>
   <trkpt lat="38.487230000000004" lon="23.162840000000003">
    <ele>98.27000000000001</ele>
   </trkpt>
   <trkpt lat="38.487320000000004" lon="23.162640000000003">
    <ele>98.27000000000001</ele>
   </trkpt>
   <trkpt lat="38.48751" lon="23.162010000000002">
    <ele>98.24000000000001</ele>
   </trkpt>
   <trkpt lat="38.48756" lon="23.161900000000003">
    <ele>98.24000000000001</ele>
   </trkpt>
   <trkpt lat="38.48769" lon="23.161720000000003">
    <ele>98.12</ele>
   </trkpt>
   <trkpt lat="38.487770000000005" lon="23.161640000000002">
    <ele>98.12</ele>
   </trkpt>
   <trkpt lat="38.487860000000005" lon="23.16157">
    <ele>98.12</ele>
   </trkpt>
   <trkpt lat="38.48816" lon="23.161420000000003">
    <ele>98.25</ele>
   </trkpt>
   <trkpt lat="38.488240000000005" lon="23.161360000000002">
    <ele>98.25</ele>
   </trkpt>
   <trkpt lat="38.488330000000005" lon="23.1612">
    <ele>98.34</ele>
   </trkpt>
   <trkpt lat="38.48839" lon="23.16102">
    <ele>98.32000000000001</ele>
   </trkpt>
   <trkpt lat="38.48845" lon="23.160690000000002">
    <ele>98.22</ele>
   </trkpt>
   <trkpt lat="38.48848" lon="23.160600000000002">
    <ele>98.18</ele>
   </trkpt>
   <trkpt lat="38.488530000000004" lon="23.16052">
    <ele>98.18</ele>
   </trkpt>
   <trkpt lat="38.48861" lon="23.16044">
    <ele>97.53</ele>
   </trkpt>
   <trkpt lat="38.4887" lon="23.16045">
    <ele>97.48</ele>
   </trkpt>
   <trkpt lat="38.48877" lon="23.16052">
    <ele>97.65</ele>
   </trkpt>
   <trkpt lat="38.488780000000006" lon="23.160570000000003">
    <ele>97.73</ele>
   </trkpt>
   <trkpt lat="38.48886" lon="23.16064">
    <ele>97.85000000000001</ele>
   </trkpt>
   <trkpt lat="38.488910000000004" lon="23.16064">
    <ele>97.85000000000001</ele>
   </trkpt>
   <trkpt lat="38.488960000000006" lon="23.16063">
    <ele>98.18</ele>
   </trkpt>
   <trkpt lat="38.489140000000006" lon="23.16052">
    <ele>98.31</ele>
   </trkpt>
   <trkpt lat="38.489320000000006" lon="23.160490000000003">
    <ele>98.16000000000001</ele>
   </trkpt>
   <trkpt lat="38.48973" lon="23.160500000000003">
    <ele>98.14</ele>
   </trkpt>
   <trkpt lat="38.49006" lon="23.16056">
    <ele>98.25</ele>
   </trkpt>
   <trkpt lat="38.490170000000006" lon="23.160610000000002">
    <ele>98.42</ele>
   </trkpt>
   <trkpt lat="38.490390000000005" lon="23.160770000000003">
    <ele>98.23</ele>
   </trkpt>
   <trkpt lat="38.490550000000006" lon="23.161">
    <ele>98.23</ele>
   </trkpt>
   <trkpt lat="38.490930000000006" lon="23.161790000000003">
    <ele>97.08000000000001</ele>
   </trkpt>
   <trkpt lat="38.49116" lon="23.162170000000003">
    <ele>96.42</ele>
   </trkpt>
   <trkpt lat="38.49132" lon="23.162370000000003">
    <ele>96.37</ele>
   </trkpt>
   <trkpt lat="38.491960000000006" lon="23.16309">
    <ele>97.19000000000001</ele>
   </trkpt>
   <trkpt lat="38.492020000000004" lon="23.163110000000003">
    <ele>97.21000000000001</ele>
   </trkpt>
   <trkpt lat="38.49213" lon="23.16309">
    <ele>97.21000000000001</ele>
   </trkpt>
   <trkpt lat="38.49231" lon="23.162940000000003">
    <ele>97.51</ele>
   </trkpt>
   <trkpt lat="38.492380000000004" lon="23.162910000000004">
    <ele>97.51</ele>
   </trkpt>
   <trkpt lat="38.49269" lon="23.162920000000003">
    <ele>98.51</ele>
   </trkpt>
   <trkpt lat="38.49316" lon="23.163200000000003">
    <ele>99.12</ele>
   </trkpt>
   <trkpt lat="38.493410000000004" lon="23.163310000000003">
    <ele>98.97</ele>
   </trkpt>
   <trkpt lat="38.493730000000006" lon="23.16337">
    <ele>98.93</ele>
   </trkpt>
   <trkpt lat="38.49457666672311" lon="23.163399999296605">
    <ele>98.87</ele>
   </trkpt>
   <trkpt lat="38.49542333343855" lon="23.163429999298323">
    <ele>98.82000000000001</ele>
   </trkpt>
   <trkpt lat="38.49627" lon="23.16346">
    <ele>99.18</ele>
   </trkpt>
   <trkpt lat="38.49642" lon="23.163480000000003">
    <ele>99.38000000000001</ele>
   </trkpt>
   <trkpt lat="38.49663" lon="23.16364">
    <ele>99.37000000000002</ele>
   </trkpt>
   <trkpt lat="38.4968" lon="23.163690000000003">
    <ele>99.09</ele>
   </trkpt>
   <trkpt lat="38.497440000022024" lon="23.16369333327422">
    <ele>99.07000000000001</ele>
   </trkpt>
   <trkpt lat="38.498080000043934" lon="23.163696666607667">
    <ele>99.24000000000001</ele>
   </trkpt>
   <trkpt lat="38.498720000000006" lon="23.163700000000002">
    <ele>99.52000000000001</ele>
   </trkpt>
   <trkpt lat="38.49960250000235" lon="23.163702499785597">
    <ele>99.59</ele>
   </trkpt>
   <trkpt lat="38.50048500000463" lon="23.163704999632444">
    <ele>99.65</ele>
   </trkpt>
   <trkpt lat="38.501367500006864" lon="23.163707499540553">
    <ele>99.63000000000001</ele>
   </trkpt>
   <trkpt lat="38.50225000000904" lon="23.16370999950992">
    <ele>99.68</ele>
   </trkpt>
   <trkpt lat="38.50313250001117" lon="23.16371249954055">
    <ele>99.81</ele>
   </trkpt>
   <trkpt lat="38.50401500001324" lon="23.163714999632443">
    <ele>100.0</ele>
   </trkpt>
   <trkpt lat="38.50489750001526" lon="23.16371749978561">
    <ele>100.08</ele>
   </trkpt>
   <trkpt lat="38.50578" lon="23.16372">
    <ele>100.23000000000002</ele>
   </trkpt>
   <trkpt lat="38.506370000000004" lon="23.163760000000003">
    <ele>100.33</ele>
   </trkpt>
   <trkpt lat="38.50703" lon="23.163860000000003">
    <ele>100.59000000000002</ele>
   </trkpt>
   <trkpt lat="38.507670000000005" lon="23.16401">
    <ele>100.97</ele>
   </trkpt>
   <trkpt lat="38.508500000000005" lon="23.164240000000003">
    <ele>101.20000000000002</ele>
   </trkpt>
   <trkpt lat="38.509359170624656" lon="23.16453079515985">
    <ele>101.82000000000001</ele>
   </trkpt>
   <trkpt lat="38.5102183405302" lon="23.164821597259223">
    <ele>101.20000000000002</ele>
   </trkpt>
   <trkpt lat="38.511077509716614" lon="23.165112406298498">
    <ele>100.65</ele>
   </trkpt>
   <trkpt lat="38.51193667818386" lon="23.165403222278044">
    <ele>100.83</ele>
   </trkpt>
   <trkpt lat="38.51279584593187" lon="23.165694045198233">
    <ele>101.08</ele>
   </trkpt>
   <trkpt lat="38.51365501296063" lon="23.16598487505944">
    <ele>101.54</ele>
   </trkpt>
   <trkpt lat="38.5145141792701" lon="23.166275711862042">
    <ele>101.75</ele>
   </trkpt>
   <trkpt lat="38.51537334486023" lon="23.166566555606412">
    <ele>102.04</ele>
   </trkpt>
   <trkpt lat="38.51623250973099" lon="23.166857406292916">
    <ele>102.26</ele>
   </trkpt>
   <trkpt lat="38.517091673882334" lon="23.167148263921938">
    <ele>102.55</ele>
   </trkpt>
   <trkpt lat="38.51795083731422" lon="23.167439128493847">
    <ele>102.57000000000001</ele>
   </trkpt>
   <trkpt lat="38.51881" lon="23.167730000000002">
    <ele>103.15</ele>
   </trkpt>
   <trkpt lat="38.51966000166369" lon="23.168009983466174">
    <ele>103.59000000000002</ele>
   </trkpt>
   <trkpt lat="38.5205100026607" lon="23.168289973544994">
    <ele>104.16</ele>
   </trkpt>
   <trkpt lat="38.52136000299099" lon="23.168569970236813">
    <ele>104.83</ele>
   </trkpt>
   <trkpt lat="38.52221000265453" lon="23.16884997354199">
    <ele>106.06000000000002</ele>
   </trkpt>
   <trkpt lat="38.5230600016513" lon="23.16912998346088">
    <ele>107.01</ele>
   </trkpt>
   <trkpt lat="38.52391" lon="23.169410000000003">
    <ele>107.95</ele>
   </trkpt>
   <trkpt lat="38.52435500009072" lon="23.169539999201678">
    <ele>108.23</ele>
   </trkpt>
   <trkpt lat="38.524800000000006" lon="23.169670000000004">
    <ele>108.68</ele>
   </trkpt>
   <trkpt lat="38.525450000000006" lon="23.16991">
    <ele>108.93</ele>
   </trkpt>
   <trkpt lat="38.52617500030245" lon="23.17014999760113">
    <ele>109.18</ele>
   </trkpt>
   <trkpt lat="38.526900000000005" lon="23.17039">
    <ele>110.79</ele>
   </trkpt>
   <trkpt lat="38.527430000073544" lon="23.170544998850026">
    <ele>112.31</ele>
   </trkpt>
   <trkpt lat="38.52796" lon="23.170700000000004">
    <ele>113.0</ele>
   </trkpt>
   <trkpt lat="38.52844" lon="23.17077">
    <ele>112.04</ele>
   </trkpt>
   <trkpt lat="38.5291" lon="23.170800000000003">
    <ele>111.55000000000001</ele>
   </trkpt>
   <trkpt lat="38.529740000000004" lon="23.17076">
    <ele>112.59</ele>
   </trkpt>
   <trkpt lat="38.530523333337015" lon="23.17068666826736">
    <ele>113.42</ele>
   </trkpt>
   <trkpt lat="38.531306666628275" lon="23.170613334937993">
    <ele>114.53</ele>
   </trkpt>
   <trkpt lat="38.532090000000004" lon="23.170540000000003">
    <ele>115.44000000000001</ele>
   </trkpt>
   <trkpt lat="38.53269999995493" lon="23.170495000385497">
    <ele>116.15</ele>
   </trkpt>
   <trkpt lat="38.53331" lon="23.170450000000002">
    <ele>116.76</ele>
   </trkpt>
   <trkpt lat="38.53377000012229" lon="23.17040000030756">
    <ele>117.59000000000002</ele>
   </trkpt>
   <trkpt lat="38.53423" lon="23.170350000000003">
    <ele>118.29</ele>
   </trkpt>
   <trkpt lat="38.53427000000001" lon="23.17038">
    <ele>118.29</ele>
   </trkpt>
   <trkpt lat="38.53432" lon="23.170460000000002">
    <ele>118.03</ele>
   </trkpt>
   <trkpt lat="38.53437" lon="23.17106">
    <ele>118.20000000000002</ele>
   </trkpt>
   <trkpt lat="38.535218000115485" lon="23.170976003961165">
    <ele>126.96000000000001</ele>
   </trkpt>
   <trkpt lat="38.53606600017093" lon="23.170892005942083">
    <ele>132.77</ele>
   </trkpt>
   <trkpt lat="38.5369140001664" lon="23.17080800594264">
    <ele>137.75</ele>
   </trkpt>
   <trkpt lat="38.537762000101836" lon="23.170724003962736">
    <ele>144.09000000000003</ele>
   </trkpt>
   <trkpt lat="38.538610000000006" lon="23.170640000000002">
    <ele>147.20000000000002</ele>
   </trkpt>
   <trkpt lat="38.539120000000004" lon="23.170540000000003">
    <ele>148.39000000000001</ele>
   </trkpt>
   <trkpt lat="38.53949" lon="23.170420000000004">
    <ele>148.82</ele>
   </trkpt>
   <trkpt lat="38.53983" lon="23.170270000000002">
    <ele>150.04</ele>
   </trkpt>
   <trkpt lat="38.540200000000006" lon="23.170080000000002">
    <ele>151.05</ele>
   </trkpt>
   <trkpt lat="38.54078333472647" lon="23.169673339939127">
    <ele>152.95</ele>
   </trkpt>
   <trkpt lat="38.54136666804628" lon="23.16926667328197">
    <ele>155.58</ele>
   </trkpt>
   <trkpt lat="38.54195" lon="23.168860000000002">
    <ele>159.44000000000003</ele>
   </trkpt>
   <trkpt lat="38.542260000000006" lon="23.168680000000002">
    <ele>161.34</ele>
   </trkpt>
   <trkpt lat="38.542570000000005" lon="23.168550000000003">
    <ele>164.67000000000002</ele>
   </trkpt>
   <trkpt lat="38.54299" lon="23.168480000000002">
    <ele>167.10000000000002</ele>
   </trkpt>
   <trkpt lat="38.543330000000005" lon="23.168470000000003">
    <ele>168.53</ele>
   </trkpt>
   <trkpt lat="38.543670000000006" lon="23.1685">
    <ele>169.55</ele>
   </trkpt>
   <trkpt lat="38.54393" lon="23.168590000000002">
    <ele>169.9</ele>
   </trkpt>
   <trkpt lat="38.54424" lon="23.168730000000004">
    <ele>170.14000000000001</ele>
   </trkpt>
   <trkpt lat="38.54453" lon="23.168920000000004">
    <ele>170.28</ele>
   </trkpt>
   <trkpt lat="38.544830000000005" lon="23.16919">
    <ele>170.8</ele>
   </trkpt>
   <trkpt lat="38.545010000000005" lon="23.169420000000002">
    <ele>171.37</ele>
   </trkpt>
   <trkpt lat="38.5452" lon="23.169710000000002">
    <ele>172.21</ele>
   </trkpt>
   <trkpt lat="38.545390000000005" lon="23.170090000000002">
    <ele>173.84000000000003</ele>
   </trkpt>
   <trkpt lat="38.54569000447989" lon="23.170813327369114">
    <ele>176.89000000000001</ele>
   </trkpt>
   <trkpt lat="38.54599000450932" lon="23.171536660773327">
    <ele>178.61</ele>
   </trkpt>
   <trkpt lat="38.546290000000006" lon="23.17226">
    <ele>181.69000000000003</ele>
   </trkpt>
   <trkpt lat="38.54661" lon="23.17293">
    <ele>185.4</ele>
   </trkpt>
   <trkpt lat="38.546800000000005" lon="23.173260000000003">
    <ele>186.31</ele>
   </trkpt>
   <trkpt lat="38.54703000000001" lon="23.173560000000002">
    <ele>186.31</ele>
   </trkpt>
   <trkpt lat="38.54744" lon="23.17398">
    <ele>190.04000000000002</ele>
   </trkpt>
   <trkpt lat="38.547940000000004" lon="23.174310000000002">
    <ele>192.18</ele>
   </trkpt>
   <trkpt lat="38.54827" lon="23.174480000000003">
    <ele>194.5</ele>
   </trkpt>
   <trkpt lat="38.5484" lon="23.17452">
    <ele>194.5</ele>
   </trkpt>
   <trkpt lat="38.54876" lon="23.174590000000002">
    <ele>196.31</ele>
   </trkpt>
   <trkpt lat="38.549200000000006" lon="23.17462">
    <ele>198.43</ele>
   </trkpt>
   <trkpt lat="38.549870000000006" lon="23.174560000000003">
    <ele>200.62</ele>
   </trkpt>
   <trkpt lat="38.55052000002416" lon="23.1744550009529">
    <ele>203.46000000000004</ele>
   </trkpt>
   <trkpt lat="38.551170000000006" lon="23.17435">
    <ele>206.63</ele>
   </trkpt>
   <trkpt lat="38.55178" lon="23.174270000000003">
    <ele>209.17000000000002</ele>
   </trkpt>
   <trkpt lat="38.552290000000006" lon="23.174270000000003">
    <ele>209.95000000000002</ele>
   </trkpt>
   <trkpt lat="38.552710000000005" lon="23.17434">
    <ele>209.95000000000002</ele>
   </trkpt>
   <trkpt lat="38.552980000000005" lon="23.17444">
    <ele>214.71</ele>
   </trkpt>
   <trkpt lat="38.55328" lon="23.17463">
    <ele>214.71</ele>
   </trkpt>
   <trkpt lat="38.55351" lon="23.17482">
    <ele>215.85000000000002</ele>
   </trkpt>
   <trkpt lat="38.55386" lon="23.175310000000003">
    <ele>217.17000000000002</ele>
   </trkpt>
   <trkpt lat="38.554030000000004" lon="23.175620000000002">
    <ele>219.14000000000001</ele>
   </trkpt>
   <trkpt lat="38.55416" lon="23.17594">
    <ele>221.34</ele>
   </trkpt>
   <trkpt lat="38.55455168829312" lon="23.176948305875207">
    <ele>230.59</ele>
   </trkpt>
   <trkpt lat="38.55494336793755" lon="23.17795662273773">
    <ele>235.99000000000004</ele>
   </trkpt>
   <trkpt lat="38.555335038933045" lon="23.178964950587602">
    <ele>238.48000000000002</ele>
   </trkpt>
   <trkpt lat="38.555726701279426" lon="23.179973289424858">
    <ele>237.68000000000004</ele>
   </trkpt>
   <trkpt lat="38.556118354976455" lon="23.180981639249513">
    <ele>238.5</ele>
   </trkpt>
   <trkpt lat="38.55651" lon="23.181990000000003">
    <ele>242.01000000000002</ele>
   </trkpt>
   <trkpt lat="38.556580000000004" lon="23.182250000000003">
    <ele>243.89000000000001</ele>
   </trkpt>
   <trkpt lat="38.55662" lon="23.1825">
    <ele>246.06000000000003</ele>
   </trkpt>
   <trkpt lat="38.556685002600624" lon="23.18327999944874">
    <ele>249.3</ele>
   </trkpt>
   <trkpt lat="38.55675" lon="23.184060000000002">
    <ele>251.71000000000004</ele>
   </trkpt>
   <trkpt lat="38.556740000000005" lon="23.18429">
    <ele>252.13000000000002</ele>
   </trkpt>
   <trkpt lat="38.55662" lon="23.184990000000003">
    <ele>251.38000000000005</ele>
   </trkpt>
   <trkpt lat="38.556630000000006" lon="23.185190000000002">
    <ele>250.99000000000004</ele>
   </trkpt>
   <trkpt lat="38.55669" lon="23.185380000000002">
    <ele>249.96</ele>
   </trkpt>
   <trkpt lat="38.55709" lon="23.186100000000003">
    <ele>248.49</ele>
   </trkpt>
   <trkpt lat="38.55716" lon="23.186200000000003">
    <ele>248.49</ele>
   </trkpt>
   <trkpt lat="38.55733" lon="23.186310000000002">
    <ele>248.27</ele>
   </trkpt>
   <trkpt lat="38.557520000000004" lon="23.18637">
    <ele>248.27</ele>
   </trkpt>
   <trkpt lat="38.55778" lon="23.186420000000002">
    <ele>248.21</ele>
   </trkpt>
   <trkpt lat="38.55791" lon="23.186470000000003">
    <ele>248.01</ele>
   </trkpt>
   <trkpt lat="38.558150000000005" lon="23.186590000000002">
    <ele>247.8</ele>
   </trkpt>
   <trkpt lat="38.558310000000006" lon="23.18671">
    <ele>247.66000000000003</ele>
   </trkpt>
   <trkpt lat="38.55875" lon="23.18721">
    <ele>248.64000000000001</ele>
   </trkpt>
   <trkpt lat="38.55937" lon="23.188000000000002">
    <ele>251.13000000000002</ele>
   </trkpt>
   <trkpt lat="38.55986" lon="23.188530000000004">
    <ele>251.93000000000004</ele>
   </trkpt>
   <trkpt lat="38.56016" lon="23.18881">
    <ele>252.64000000000001</ele>
   </trkpt>
   <trkpt lat="38.560610000000004" lon="23.18915">
    <ele>253.38</ele>
   </trkpt>
   <trkpt lat="38.56092" lon="23.18935">
    <ele>254.26999999999998</ele>
   </trkpt>
   <trkpt lat="38.561550000000004" lon="23.18973">
    <ele>255.46</ele>
   </trkpt>
   <trkpt lat="38.562075000326125" lon="23.189984998161346">
    <ele>256.40000000000003</ele>
   </trkpt>
   <trkpt lat="38.5626" lon="23.190240000000003">
    <ele>259.09000000000003</ele>
   </trkpt>
   <trkpt lat="38.56345" lon="23.190530000000003">
    <ele>259.93</ele>
   </trkpt>
   <trkpt lat="38.56403666680674" lon="23.190686664090443">
    <ele>260.07</ele>
   </trkpt>
   <trkpt lat="38.56462333340468" lon="23.190843330738723">
    <ele>260.73</ele>
   </trkpt>
   <trkpt lat="38.56521" lon="23.191000000000003">
    <ele>261.57</ele>
   </trkpt>
   <trkpt lat="38.56573499985455" lon="23.191159998753566">
    <ele>263.09000000000003</ele>
   </trkpt>
   <trkpt lat="38.56626" lon="23.19132">
    <ele>265.41</ele>
   </trkpt>
   <trkpt lat="38.56642" lon="23.1914">
    <ele>266.02000000000004</ele>
   </trkpt>
   <trkpt lat="38.566610000000004" lon="23.191540000000003">
    <ele>266.40000000000003</ele>
   </trkpt>
   <trkpt lat="38.5668" lon="23.191650000000003">
    <ele>267.49</ele>
   </trkpt>
   <trkpt lat="38.56764000057619" lon="23.19200999580228">
    <ele>271.31</ele>
   </trkpt>
   <trkpt lat="38.56848" lon="23.19237">
    <ele>274.2</ele>
   </trkpt>
   <trkpt lat="38.56889" lon="23.192570000000003">
    <ele>278.64</ele>
   </trkpt>
   <trkpt lat="38.569120000000005" lon="23.19274">
    <ele>280.28000000000003</ele>
   </trkpt>
   <trkpt lat="38.56931" lon="23.192940000000004">
    <ele>285.48</ele>
   </trkpt>
   <trkpt lat="38.56964" lon="23.1934">
    <ele>290.7</ele>
   </trkpt>
   <trkpt lat="38.57009000099779" lon="23.19385999721884">
    <ele>294.18</ele>
   </trkpt>
   <trkpt lat="38.57054" lon="23.19432">
    <ele>294.48</ele>
   </trkpt>
   <trkpt lat="38.57086" lon="23.194760000000002">
    <ele>294.37</ele>
   </trkpt>
   <trkpt lat="38.57113500089379" lon="23.195219998228715">
    <ele>294.19</ele>
   </trkpt>
   <trkpt lat="38.57141" lon="23.195680000000003">
    <ele>294.57</ele>
   </trkpt>
   <trkpt lat="38.571630000000006" lon="23.196080000000002">
    <ele>295.77000000000004</ele>
   </trkpt>
   <trkpt lat="38.57189" lon="23.196700000000003">
    <ele>299.22</ele>
   </trkpt>
   <trkpt lat="38.5722" lon="23.19751">
    <ele>303.57</ele>
   </trkpt>
   <trkpt lat="38.5724" lon="23.198150000000002">
    <ele>304.9</ele>
   </trkpt>
   <trkpt lat="38.57256500153517" lon="23.19874999863558">
    <ele>304.75</ele>
   </trkpt>
   <trkpt lat="38.57273" lon="23.199350000000003">
    <ele>303.32000000000005</ele>
   </trkpt>
   <trkpt lat="38.572750000000006" lon="23.19958">
    <ele>301.88000000000005</ele>
   </trkpt>
   <trkpt lat="38.57274" lon="23.199820000000003">
    <ele>301.04</ele>
   </trkpt>
   <trkpt lat="38.572700000000005" lon="23.200000000000003">
    <ele>300.12</ele>
   </trkpt>
   <trkpt lat="38.57262" lon="23.20023">
    <ele>298.38000000000005</ele>
   </trkpt>
   <trkpt lat="38.57249" lon="23.20041">
    <ele>297.6</ele>
   </trkpt>
   <trkpt lat="38.572140000000005" lon="23.200730000000004">
    <ele>293.34999999999997</ele>
   </trkpt>
   <trkpt lat="38.572" lon="23.2009">
    <ele>292.52</ele>
   </trkpt>
   <trkpt lat="38.571960000000004" lon="23.201050000000002">
    <ele>292.21000000000004</ele>
   </trkpt>
   <trkpt lat="38.57198" lon="23.201230000000002">
    <ele>292.1</ele>
   </trkpt>
   <trkpt lat="38.57202" lon="23.201320000000003">
    <ele>292.1</ele>
   </trkpt>
   <trkpt lat="38.57209" lon="23.201400000000003">
    <ele>292.6</ele>
   </trkpt>
   <trkpt lat="38.5722" lon="23.20145">
    <ele>292.97</ele>
   </trkpt>
   <trkpt lat="38.57238" lon="23.201110000000003">
    <ele>294.71000000000004</ele>
   </trkpt>
   <trkpt lat="38.572590000000005" lon="23.200750000000003">
    <ele>296.17</ele>
   </trkpt>
   <trkpt lat="38.57293000000001" lon="23.20031">
    <ele>296.65000000000003</ele>
   </trkpt>
   <trkpt lat="38.57358500122034" lon="23.199795004623045">
    <ele>296.78000000000003</ele>
   </trkpt>
   <trkpt lat="38.57424" lon="23.19928">
    <ele>297.52</ele>
   </trkpt>
   <trkpt lat="38.574360000000006" lon="23.199150000000003">
    <ele>298.52</ele>
   </trkpt>
   <trkpt lat="38.57455" lon="23.19883">
    <ele>299.03000000000003</ele>
   </trkpt>
   <trkpt lat="38.57476000152058" lon="23.198255001368473">
    <ele>299.09000000000003</ele>
   </trkpt>
   <trkpt lat="38.57497" lon="23.197680000000002">
    <ele>298.97</ele>
   </trkpt>
   <trkpt lat="38.57556" lon="23.19798">
    <ele>298.77000000000004</ele>
   </trkpt>
   <trkpt lat="38.57591" lon="23.198200000000003">
    <ele>297.96</ele>
   </trkpt>
   <trkpt lat="38.57618" lon="23.198420000000002">
    <ele>297.72</ele>
   </trkpt>
   <trkpt lat="38.57640000000001" lon="23.198690000000003">
    <ele>297.2</ele>
   </trkpt>
   <trkpt lat="38.57656" lon="23.198980000000002">
    <ele>296.8</ele>
   </trkpt>
   <trkpt lat="38.576620000000005" lon="23.199170000000002">
    <ele>296.8</ele>
   </trkpt>
   <trkpt lat="38.576730000000005" lon="23.19966">
    <ele>296.02</ele>
   </trkpt>
   <trkpt lat="38.576750000000004" lon="23.200470000000003">
    <ele>295.87</ele>
   </trkpt>
   <trkpt lat="38.57674500268819" lon="23.20126500013785">
    <ele>297.01000000000005</ele>
   </trkpt>
   <trkpt lat="38.57674" lon="23.202060000000003">
    <ele>298.94000000000005</ele>
   </trkpt>
   <trkpt lat="38.57676" lon="23.20239">
    <ele>300.83000000000004</ele>
   </trkpt>
   <trkpt lat="38.57686" lon="23.202810000000003">
    <ele>301.6</ele>
   </trkpt>
   <trkpt lat="38.57699" lon="23.20315">
    <ele>302.06000000000006</ele>
   </trkpt>
   <trkpt lat="38.577130000000004" lon="23.203400000000002">
    <ele>302.13</ele>
   </trkpt>
   <trkpt lat="38.57728" lon="23.2036">
    <ele>301.98</ele>
   </trkpt>
   <trkpt lat="38.57759" lon="23.20391">
    <ele>301.33000000000004</ele>
   </trkpt>
   <trkpt lat="38.57775" lon="23.204020000000003">
    <ele>300.77000000000004</ele>
   </trkpt>
   <trkpt lat="38.57809" lon="23.20418">
    <ele>299.50000000000006</ele>
   </trkpt>
   <trkpt lat="38.578340000000004" lon="23.204230000000003">
    <ele>297.96</ele>
   </trkpt>
   <trkpt lat="38.579112500049774" lon="23.20429749782135">
    <ele>293.2</ele>
   </trkpt>
   <trkpt lat="38.579885000060784" lon="23.2043649970946">
    <ele>286.56000000000006</ele>
   </trkpt>
   <trkpt lat="38.58065750003303" lon="23.204432497819813">
    <ele>278.1</ele>
   </trkpt>
   <trkpt lat="38.581430000000005" lon="23.204500000000003">
    <ele>272.22</ele>
   </trkpt>
   <trkpt lat="38.581790000000005" lon="23.20445">
    <ele>269.54</ele>
   </trkpt>
   <trkpt lat="38.58198" lon="23.204390000000004">
    <ele>269.54</ele>
   </trkpt>
   <trkpt lat="38.581990000000005" lon="23.204390000000004">
    <ele>269.46000000000004</ele>
   </trkpt>
   <trkpt lat="38.58218" lon="23.204320000000003">
    <ele>269.46000000000004</ele>
   </trkpt>
   <trkpt lat="38.5824" lon="23.2042">
    <ele>265.96000000000004</ele>
   </trkpt>
   <trkpt lat="38.582600000000006" lon="23.204060000000002">
    <ele>262.52000000000004</ele>
   </trkpt>
   <trkpt lat="38.582910000000005" lon="23.203760000000003">
    <ele>260.67</ele>
   </trkpt>
   <trkpt lat="38.58328" lon="23.203310000000002">
    <ele>256.38</ele>
   </trkpt>
   <trkpt lat="38.583846669776285" lon="23.202706676174962">
    <ele>250.03000000000003</ele>
   </trkpt>
   <trkpt lat="38.58441333645536" lon="23.202103342828558">
    <ele>245.17000000000002</ele>
   </trkpt>
   <trkpt lat="38.58498" lon="23.201500000000003">
    <ele>238.98000000000002</ele>
   </trkpt>
   <trkpt lat="38.58534" lon="23.201140000000002">
    <ele>235.01000000000002</ele>
   </trkpt>
   <trkpt lat="38.58549" lon="23.20101">
    <ele>233.64000000000001</ele>
   </trkpt>
   <trkpt lat="38.58581" lon="23.20082">
    <ele>231.04000000000002</ele>
   </trkpt>
   <trkpt lat="38.585950000000004" lon="23.200770000000002">
    <ele>230.33</ele>
   </trkpt>
   <trkpt lat="38.58615" lon="23.200730000000004">
    <ele>229.73000000000002</ele>
   </trkpt>
   <trkpt lat="38.58679500010851" lon="23.20069500030878">
    <ele>229.23000000000002</ele>
   </trkpt>
   <trkpt lat="38.58744" lon="23.200660000000003">
    <ele>229.09</ele>
   </trkpt>
   <trkpt lat="38.58756" lon="23.200640000000003">
    <ele>229.09</ele>
   </trkpt>
   <trkpt lat="38.587920000000004" lon="23.200460000000003">
    <ele>229.15</ele>
   </trkpt>
   <trkpt lat="38.588210000000004" lon="23.20023">
    <ele>229.03</ele>
   </trkpt>
   <trkpt lat="38.58858000081763" lon="23.199840001829948">
    <ele>228.98000000000002</ele>
   </trkpt>
   <trkpt lat="38.588950000000004" lon="23.199450000000002">
    <ele>228.81</ele>
   </trkpt>
   <trkpt lat="38.589310000000005" lon="23.199170000000002">
    <ele>228.67000000000002</ele>
   </trkpt>
   <trkpt lat="38.59001000000001" lon="23.19883">
    <ele>228.34</ele>
   </trkpt>
   <trkpt lat="38.590230000000005" lon="23.198680000000003">
    <ele>228.01000000000002</ele>
   </trkpt>
   <trkpt lat="38.59055" lon="23.19836">
    <ele>226.8</ele>
   </trkpt>
   <trkpt lat="38.59067" lon="23.198210000000003">
    <ele>226.8</ele>
   </trkpt>
   <trkpt lat="38.590790000000005" lon="23.19799">
    <ele>225.96</ele>
   </trkpt>
   <trkpt lat="38.591145002853644" lon="23.197165004177197">
    <ele>223.64000000000001</ele>
   </trkpt>
   <trkpt lat="38.5915" lon="23.196340000000003">
    <ele>221.3</ele>
   </trkpt>
   <trkpt lat="38.59165" lon="23.195960000000003">
    <ele>221.00000000000003</ele>
   </trkpt>
   <trkpt lat="38.591820000000006" lon="23.19545">
    <ele>221.29000000000002</ele>
   </trkpt>
   <trkpt lat="38.59188" lon="23.19519">
    <ele>221.75000000000003</ele>
   </trkpt>
   <trkpt lat="38.591980002737486" lon="23.194390000998034">
    <ele>223.10000000000002</ele>
   </trkpt>
   <trkpt lat="38.59208" lon="23.19359">
    <ele>223.79000000000002</ele>
   </trkpt>
   <trkpt lat="38.59216" lon="23.19321">
    <ele>224.43</ele>
   </trkpt>
   <trkpt lat="38.592270000000006" lon="23.192850000000004">
    <ele>224.99</ele>
   </trkpt>
   <trkpt lat="38.592420000000004" lon="23.192480000000003">
    <ele>225.48000000000002</ele>
   </trkpt>
   <trkpt lat="38.592560000000006" lon="23.192190000000004">
    <ele>226.36</ele>
   </trkpt>
   <trkpt lat="38.59290500159994" lon="23.19157000304337">
    <ele>228.42000000000002</ele>
   </trkpt>
   <trkpt lat="38.593250000000005" lon="23.19095">
    <ele>230.56</ele>
   </trkpt>
   <trkpt lat="38.59351" lon="23.190540000000002">
    <ele>233.31</ele>
   </trkpt>
   <trkpt lat="38.593650000000004" lon="23.19039">
    <ele>233.31</ele>
   </trkpt>
   <trkpt lat="38.594010000000004" lon="23.190150000000003">
    <ele>235.5</ele>
   </trkpt>
   <trkpt lat="38.59418" lon="23.190080000000002">
    <ele>236.10000000000002</ele>
   </trkpt>
   <trkpt lat="38.594480000000004" lon="23.19">
    <ele>236.67000000000002</ele>
   </trkpt>
   <trkpt lat="38.594640000000005" lon="23.19003">
    <ele>237.11</ele>
   </trkpt>
   <trkpt lat="38.59478" lon="23.19002">
    <ele>237.35000000000002</ele>
   </trkpt>
   <trkpt lat="38.594800000000006" lon="23.189490000000003">
    <ele>237.73000000000002</ele>
   </trkpt>
   <trkpt lat="38.594820000000006" lon="23.189390000000003">
    <ele>237.73000000000002</ele>
   </trkpt>
   <trkpt lat="38.594930000000005" lon="23.189190000000004">
    <ele>238.06000000000003</ele>
   </trkpt>
   <trkpt lat="38.595000000000006" lon="23.189120000000003">
    <ele>238.46000000000004</ele>
   </trkpt>
   <trkpt lat="38.59507" lon="23.18908">
    <ele>238.46000000000004</ele>
   </trkpt>
   <trkpt lat="38.59519" lon="23.189040000000002">
    <ele>238.94</ele>
   </trkpt>
   <trkpt lat="38.5959" lon="23.1889">
    <ele>241.81000000000003</ele>
   </trkpt>
   <trkpt lat="38.596160000000005" lon="23.18879">
    <ele>242.98000000000002</ele>
   </trkpt>
   <trkpt lat="38.59630000000001" lon="23.18869">
    <ele>243.31000000000003</ele>
   </trkpt>
   <trkpt lat="38.596520000000005" lon="23.188390000000002">
    <ele>243.43</ele>
   </trkpt>
   <trkpt lat="38.59662" lon="23.18813">
    <ele>243.1</ele>
   </trkpt>
   <trkpt lat="38.59684000251358" lon="23.18736500226267">
    <ele>240.31000000000003</ele>
   </trkpt>
   <trkpt lat="38.597060000000006" lon="23.186600000000002">
    <ele>236.37000000000003</ele>
   </trkpt>
   <trkpt lat="38.59718" lon="23.186000000000003">
    <ele>233.24000000000004</ele>
   </trkpt>
   <trkpt lat="38.597235002692976" lon="23.185205000553715">
    <ele>230.99000000000004</ele>
   </trkpt>
   <trkpt lat="38.59729" lon="23.184410000000003">
    <ele>230.18</ele>
   </trkpt>
   <trkpt lat="38.59730000174641" lon="23.183769999855667">
    <ele>230.34</ele>
   </trkpt>
   <trkpt lat="38.59731" lon="23.183130000000002">
    <ele>230.62</ele>
   </trkpt>
   <trkpt lat="38.597370000000005" lon="23.18258">
    <ele>230.98000000000002</ele>
   </trkpt>
   <trkpt lat="38.597480000000004" lon="23.18205">
    <ele>231.27000000000004</ele>
   </trkpt>
   <trkpt lat="38.597736674120384" lon="23.181113340076354">
    <ele>231.07000000000002</ele>
   </trkpt>
   <trkpt lat="38.59799334077496" lon="23.180176673453992">
    <ele>230.96</ele>
   </trkpt>
   <trkpt lat="38.59825" lon="23.179240000000004">
    <ele>230.79000000000002</ele>
   </trkpt>
   <trkpt lat="38.59839" lon="23.17856">
    <ele>230.09</ele>
   </trkpt>
   <trkpt lat="38.598420000000004" lon="23.178420000000003">
    <ele>229.56</ele>
   </trkpt>
   <trkpt lat="38.59848500478276" lon="23.177360000927095">
    <ele>226.10000000000002</ele>
   </trkpt>
   <trkpt lat="38.59855" lon="23.1763">
    <ele>221.36</ele>
   </trkpt>
   <trkpt lat="38.598580000000005" lon="23.17612">
    <ele>220.42</ele>
   </trkpt>
   <trkpt lat="38.59877" lon="23.175590000000003">
    <ele>216.84</ele>
   </trkpt>
   <trkpt lat="38.59886" lon="23.175400000000003">
    <ele>216.84</ele>
   </trkpt>
   <trkpt lat="38.59921000000001" lon="23.174950000000003">
    <ele>212.32</ele>
   </trkpt>
   <trkpt lat="38.599450000000004" lon="23.174740000000003">
    <ele>210.67000000000002</ele>
   </trkpt>
   <trkpt lat="38.59962" lon="23.17463">
    <ele>210.67000000000002</ele>
   </trkpt>
   <trkpt lat="38.59996" lon="23.17451">
    <ele>207.20000000000002</ele>
   </trkpt>
   <trkpt lat="38.600150000000006" lon="23.174480000000003">
    <ele>206.35</ele>
   </trkpt>
   <trkpt lat="38.600530000000006" lon="23.17451">
    <ele>204.40000000000003</ele>
   </trkpt>
   <trkpt lat="38.600750000000005" lon="23.174550000000004">
    <ele>202.88</ele>
   </trkpt>
   <trkpt lat="38.60103" lon="23.174670000000003">
    <ele>199.76000000000002</ele>
   </trkpt>
   <trkpt lat="38.60118000000001" lon="23.174760000000003">
    <ele>199.76000000000002</ele>
   </trkpt>
   <trkpt lat="38.601530000000004" lon="23.17507">
    <ele>196.11</ele>
   </trkpt>
   <trkpt lat="38.602043337421044" lon="23.17576332341072">
    <ele>190.98000000000002</ele>
   </trkpt>
   <trkpt lat="38.602556670751326" lon="23.176456656739788">
    <ele>186.00000000000003</ele>
   </trkpt>
   <trkpt lat="38.60307" lon="23.17715">
    <ele>182.62</ele>
   </trkpt>
   <trkpt lat="38.603460000000005" lon="23.177500000000002">
    <ele>179.41</ele>
   </trkpt>
   <trkpt lat="38.60372" lon="23.177650000000003">
    <ele>177.66</ele>
   </trkpt>
   <trkpt lat="38.6042700001798" lon="23.177919997866656">
    <ele>174.85</ele>
   </trkpt>
   <trkpt lat="38.604820000000004" lon="23.17819">
    <ele>172.02</ele>
   </trkpt>
   <trkpt lat="38.60513" lon="23.17827">
    <ele>170.27</ele>
   </trkpt>
   <trkpt lat="38.60539" lon="23.17828">
    <ele>168.39000000000001</ele>
   </trkpt>
   <trkpt lat="38.606030000000004" lon="23.178220000000003">
    <ele>164.34</ele>
   </trkpt>
   <trkpt lat="38.60661" lon="23.17819">
    <ele>159.95000000000002</ele>
   </trkpt>
   <trkpt lat="38.60685" lon="23.178220000000003">
    <ele>159.95000000000002</ele>
   </trkpt>
   <trkpt lat="38.60701" lon="23.17826">
    <ele>157.67</ele>
   </trkpt>
   <trkpt lat="38.607220000000005" lon="23.17836">
    <ele>156.12</ele>
   </trkpt>
   <trkpt lat="38.607440000000004" lon="23.178490000000004">
    <ele>154.93</ele>
   </trkpt>
   <trkpt lat="38.607940000000006" lon="23.178960000000004">
    <ele>151.31</ele>
   </trkpt>
   <trkpt lat="38.60821" lon="23.179270000000002">
    <ele>149.41000000000003</ele>
   </trkpt>
   <trkpt lat="38.60859000000001" lon="23.179620000000003">
    <ele>146.97000000000003</ele>
   </trkpt>
   <trkpt lat="38.60908500016157" lon="23.179874998181457">
    <ele>144.98000000000002</ele>
   </trkpt>
   <trkpt lat="38.60958" lon="23.180130000000002">
    <ele>143.93</ele>
   </trkpt>
   <trkpt lat="38.609680000000004" lon="23.17986">
    <ele>142.41</ele>
   </trkpt>
   <trkpt lat="38.60967" lon="23.179660000000002">
    <ele>141.64000000000001</ele>
   </trkpt>
   <trkpt lat="38.609640000000006" lon="23.179540000000003">
    <ele>141.05</ele>
   </trkpt>
   <trkpt lat="38.60924" lon="23.178780000000003">
    <ele>135.18</ele>
   </trkpt>
   <trkpt lat="38.60913" lon="23.178490000000004">
    <ele>132.48000000000002</ele>
   </trkpt>
   <trkpt lat="38.60893500235218" lon="23.177744997938756">
    <ele>129.29000000000002</ele>
   </trkpt>
   <trkpt lat="38.608740000000004" lon="23.177000000000003">
    <ele>125.87</ele>
   </trkpt>
   <trkpt lat="38.60859000000001" lon="23.17669">
    <ele>124.53000000000002</ele>
   </trkpt>
   <trkpt lat="38.60833" lon="23.17632">
    <ele>123.15</ele>
   </trkpt>
   <trkpt lat="38.608290000000004" lon="23.176190000000002">
    <ele>122.61000000000001</ele>
   </trkpt>
   <trkpt lat="38.608270000000005" lon="23.17593">
    <ele>121.08</ele>
   </trkpt>
   <trkpt lat="38.60835" lon="23.175410000000003">
    <ele>117.94</ele>
   </trkpt>
   <trkpt lat="38.60833" lon="23.17517">
    <ele>115.54</ele>
   </trkpt>
   <trkpt lat="38.608290000000004" lon="23.175060000000002">
    <ele>115.54</ele>
   </trkpt>
   <trkpt lat="38.608000000000004" lon="23.174650000000003">
    <ele>110.68</ele>
   </trkpt>
   <trkpt lat="38.60795" lon="23.17452">
    <ele>110.68</ele>
   </trkpt>
   <trkpt lat="38.607910000000004" lon="23.17432">
    <ele>110.68</ele>
   </trkpt>
   <trkpt lat="38.60792" lon="23.174190000000003">
    <ele>108.79</ele>
   </trkpt>
   <trkpt lat="38.60799" lon="23.17396">
    <ele>108.79</ele>
   </trkpt>
   <trkpt lat="38.60822" lon="23.17359">
    <ele>106.13</ele>
   </trkpt>
   <trkpt lat="38.608250000000005" lon="23.17349">
    <ele>104.89000000000001</ele>
   </trkpt>
   <trkpt lat="38.608250000000005" lon="23.17282">
    <ele>101.91000000000001</ele>
   </trkpt>
   <trkpt lat="38.60820000241698" lon="23.172064999344435">
    <ele>97.41000000000001</ele>
   </trkpt>
   <trkpt lat="38.60815" lon="23.171310000000002">
    <ele>92.72000000000001</ele>
   </trkpt>
   <trkpt lat="38.608230000000006" lon="23.170640000000002">
    <ele>90.18</ele>
   </trkpt>
   <trkpt lat="38.6083" lon="23.17041">
    <ele>88.87</ele>
   </trkpt>
   <trkpt lat="38.608740000000004" lon="23.16983">
    <ele>85.98</ele>
   </trkpt>
   <trkpt lat="38.609100000000005" lon="23.169410000000003">
    <ele>84.39</ele>
   </trkpt>
   <trkpt lat="38.60927" lon="23.16916">
    <ele>82.57000000000001</ele>
   </trkpt>
   <trkpt lat="38.609350000000006" lon="23.168830000000003">
    <ele>81.95</ele>
   </trkpt>
   <trkpt lat="38.609460000000006" lon="23.16833">
    <ele>78.14</ele>
   </trkpt>
   <trkpt lat="38.609500000000004" lon="23.16822">
    <ele>78.14</ele>
   </trkpt>
   <trkpt lat="38.6099" lon="23.167510000000004">
    <ele>74.79</ele>
   </trkpt>
   <trkpt lat="38.61001" lon="23.167330000000003">
    <ele>74.79</ele>
   </trkpt>
   <trkpt lat="38.61034" lon="23.16728">
    <ele>72.91</ele>
   </trkpt>
   <trkpt lat="38.61061" lon="23.167270000000002">
    <ele>72.19</ele>
   </trkpt>
   <trkpt lat="38.61119" lon="23.16738">
    <ele>69.56</ele>
   </trkpt>
   <trkpt lat="38.61166" lon="23.167550000000002">
    <ele>68.13000000000001</ele>
   </trkpt>
   <trkpt lat="38.611810000000006" lon="23.167640000000002">
    <ele>67.85000000000001</ele>
   </trkpt>
   <trkpt lat="38.611830000000005" lon="23.16759">
    <ele>67.93</ele>
   </trkpt>
   <trkpt lat="38.61198" lon="23.16749">
    <ele>68.35000000000001</ele>
   </trkpt>
   <trkpt lat="38.61211" lon="23.167340000000003">
    <ele>68.7</ele>
   </trkpt>
   <trkpt lat="38.61216" lon="23.16712">
    <ele>68.81</ele>
   </trkpt>
   <trkpt lat="38.612190000000005" lon="23.16672">
    <ele>67.92</ele>
   </trkpt>
   <trkpt lat="38.6122" lon="23.166010000000004">
    <ele>64.83</ele>
   </trkpt>
   <trkpt lat="38.612380004626196" lon="23.16496500274218">
    <ele>59.35000000000001</ele>
   </trkpt>
   <trkpt lat="38.61256" lon="23.16392">
    <ele>51.980000000000004</ele>
   </trkpt>
   <trkpt lat="38.612610000000004" lon="23.163500000000003">
    <ele>49.330000000000005</ele>
   </trkpt>
   <trkpt lat="38.61262" lon="23.163220000000003">
    <ele>48.260000000000005</ele>
   </trkpt>
   <trkpt lat="38.612700000000004" lon="23.16278">
    <ele>46.74</ele>
   </trkpt>
   <trkpt lat="38.61293000241213" lon="23.162020002587738">
    <ele>44.32000000000001</ele>
   </trkpt>
   <trkpt lat="38.61316" lon="23.161260000000002">
    <ele>40.59</ele>
   </trkpt>
   <trkpt lat="38.61343500482658" lon="23.160195004082325">
    <ele>38.330000000000005</ele>
   </trkpt>
   <trkpt lat="38.613710000000005" lon="23.15913">
    <ele>36.24</ele>
   </trkpt>
   <trkpt lat="38.61394001763685" lon="23.158112013068138">
    <ele>32.07</ele>
   </trkpt>
   <trkpt lat="38.614170026454" lon="23.15709401960826">
    <ele>30.0</ele>
   </trkpt>
   <trkpt lat="38.614400026451314" lon="23.15607601962052">
    <ele>29.05</ele>
   </trkpt>
   <trkpt lat="38.61463001762869" lon="23.155058013105087">
    <ele>28.3</ele>
   </trkpt>
   <trkpt lat="38.61486" lon="23.154040000000002">
    <ele>27.470000000000002</ele>
   </trkpt>
   <trkpt lat="38.615" lon="23.153100000000002">
    <ele>28.76</ele>
   </trkpt>
   <trkpt lat="38.615080000000006" lon="23.15265">
    <ele>29.09</ele>
   </trkpt>
   <trkpt lat="38.61538" lon="23.151750000000003">
    <ele>28.28</ele>
   </trkpt>
   <trkpt lat="38.61555500177701" lon="23.151125001114984">
    <ele>28.53</ele>
   </trkpt>
   <trkpt lat="38.615730000000006" lon="23.1505">
    <ele>29.17</ele>
   </trkpt>
   <trkpt lat="38.61599667641377" lon="23.14943000794343">
    <ele>29.970000000000002</ele>
   </trkpt>
   <trkpt lat="38.616263343083524" lon="23.148360007931213">
    <ele>30.860000000000003</ele>
   </trkpt>
   <trkpt lat="38.616530000000004" lon="23.14729">
    <ele>31.05</ele>
   </trkpt>
   <trkpt lat="38.616620000000005" lon="23.14675">
    <ele>30.840000000000003</ele>
   </trkpt>
   <trkpt lat="38.616695003371206" lon="23.145860000925193">
    <ele>30.340000000000003</ele>
   </trkpt>
   <trkpt lat="38.61677" lon="23.14497">
    <ele>30.250000000000004</ele>
   </trkpt>
   <trkpt lat="38.61683" lon="23.144640000000003">
    <ele>30.0</ele>
   </trkpt>
   <trkpt lat="38.61701500274837" lon="23.143830002280207">
    <ele>29.84</ele>
   </trkpt>
   <trkpt lat="38.617200000000004" lon="23.143020000000003">
    <ele>29.310000000000002</ele>
   </trkpt>
   <trkpt lat="38.61745000362946" lon="23.142100003104897">
    <ele>28.59</ele>
   </trkpt>
   <trkpt lat="38.617700000000006" lon="23.141180000000002">
    <ele>28.0</ele>
   </trkpt>
   <trkpt lat="38.61783500150998" lon="23.14058000122704">
    <ele>27.82</ele>
   </trkpt>
   <trkpt lat="38.61797" lon="23.13998">
    <ele>27.91</ele>
   </trkpt>
   <trkpt lat="38.618187325676026" lon="23.138864579242508">
    <ele>25.640000000000004</ele>
   </trkpt>
   <trkpt lat="38.618404640762925" lon="23.137749151725888">
    <ele>24.89</ele>
   </trkpt>
   <trkpt lat="38.61862194526051" lon="23.13663371745037">
    <ele>23.64</ele>
   </trkpt>
   <trkpt lat="38.61883923916865" lon="23.135518276416185">
    <ele>22.28</ele>
   </trkpt>
   <trkpt lat="38.619056522487206" lon="23.134402828623575">
    <ele>22.250000000000004</ele>
   </trkpt>
   <trkpt lat="38.619273795216024" lon="23.13328737407278">
    <ele>23.41</ele>
   </trkpt>
   <trkpt lat="38.61949105735496" lon="23.13217191276403">
    <ele>25.18</ele>
   </trkpt>
   <trkpt lat="38.61970830890386" lon="23.13105644469756">
    <ele>26.560000000000002</ele>
   </trkpt>
   <trkpt lat="38.61992554986258" lon="23.12994096987361">
    <ele>28.25</ele>
   </trkpt>
   <trkpt lat="38.620142780230985" lon="23.128825488292414">
    <ele>27.92</ele>
   </trkpt>
   <trkpt lat="38.620360000000005" lon="23.12771">
    <ele>26.230000000000004</ele>
   </trkpt>
   <trkpt lat="38.62053751128388" lon="23.12677000696236">
    <ele>24.48</ele>
   </trkpt>
   <trkpt lat="38.62071501504737" lon="23.12583000927176">
    <ele>22.580000000000002</ele>
   </trkpt>
   <trkpt lat="38.62089251129036" lon="23.124890006928347">
    <ele>21.85</ele>
   </trkpt>
   <trkpt lat="38.62107" lon="23.12395">
    <ele>20.85</ele>
   </trkpt>
   <trkpt lat="38.62126703984734" lon="23.122930025218103">
    <ele>20.630000000000003</ele>
   </trkpt>
   <trkpt lat="38.62146407084002" lon="23.121910044831747">
    <ele>19.78</ele>
   </trkpt>
   <trkpt lat="38.621661092977895" lon="23.12089005884112">
    <ele>18.81</ele>
   </trkpt>
   <trkpt lat="38.62185810626087" lon="23.119870067246403">
    <ele>18.26</ele>
   </trkpt>
   <trkpt lat="38.62205511068883" lon="23.118850070047774">
    <ele>17.26</ele>
   </trkpt>
   <trkpt lat="38.62225210626167" lon="23.117830067245418">
    <ele>16.57</ele>
   </trkpt>
   <trkpt lat="38.62244909297927" lon="23.11681005883952">
    <ele>15.250000000000002</ele>
   </trkpt>
   <trkpt lat="38.62264607084152" lon="23.115790044830252">
    <ele>12.520000000000001</ele>
   </trkpt>
   <trkpt lat="38.62284303984832" lon="23.114770025217805">
    <ele>11.49</ele>
   </trkpt>
   <trkpt lat="38.62304" lon="23.113750000000003">
    <ele>8.71</ele>
   </trkpt>
   <trkpt lat="38.62324500427148" lon="23.112750002781535">
    <ele>6.960000000000001</ele>
   </trkpt>
   <trkpt lat="38.623450000000005" lon="23.11175">
    <ele>5.68</ele>
   </trkpt>
   <trkpt lat="38.62362667176466" lon="23.110976670442728">
    <ele>3.72</ele>
   </trkpt>
   <trkpt lat="38.623803338439174" lon="23.110203337075134">
    <ele>3.2</ele>
   </trkpt>
   <trkpt lat="38.62398" lon="23.109430000000003">
    <ele>3.58</ele>
   </trkpt>
   <trkpt lat="38.62411334026051" lon="23.10852667014939">
    <ele>4.08</ele>
   </trkpt>
   <trkpt lat="38.62424667357562" lon="23.107623336939547">
    <ele>4.57</ele>
   </trkpt>
   <trkpt lat="38.62438" lon="23.106720000000003">
    <ele>5.12</ele>
   </trkpt>
   <trkpt lat="38.624480000000005" lon="23.1062">
    <ele>5.36</ele>
   </trkpt>
   <trkpt lat="38.624750000000006" lon="23.10525">
    <ele>5.33</ele>
   </trkpt>
   <trkpt lat="38.624990000000004" lon="23.10462">
    <ele>5.050000000000001</ele>
   </trkpt>
   <trkpt lat="38.62523" lon="23.10406">
    <ele>4.47</ele>
   </trkpt>
   <trkpt lat="38.62547" lon="23.10359">
    <ele>4.050000000000001</ele>
   </trkpt>
   <trkpt lat="38.62595575678155" lon="23.102713648608287">
    <ele>3.41</ele>
   </trkpt>
   <trkpt lat="38.626441507026215" lon="23.10183728534336">
    <ele>2.91</ele>
   </trkpt>
   <trkpt lat="38.62692725073381" lon="23.100960910205004">
    <ele>3.41</ele>
   </trkpt>
   <trkpt lat="38.6274129879041" lon="23.100084523193015">
    <ele>4.12</ele>
   </trkpt>
   <trkpt lat="38.62789871853693" lon="23.099208124307186">
    <ele>4.9</ele>
   </trkpt>
   <trkpt lat="38.628384442632075" lon="23.098331713547314">
    <ele>5.78</ele>
   </trkpt>
   <trkpt lat="38.62887016018934" lon="23.097455290913178">
    <ele>6.750000000000001</ele>
   </trkpt>
   <trkpt lat="38.62935587120851" lon="23.096578856404584">
    <ele>7.5600000000000005</ele>
   </trkpt>
   <trkpt lat="38.6298415756894" lon="23.095702410021325">
    <ele>8.76</ele>
   </trkpt>
   <trkpt lat="38.63032727363178" lon="23.09482595176318">
    <ele>9.47</ele>
   </trkpt>
   <trkpt lat="38.630812965035474" lon="23.093949481629956">
    <ele>10.4</ele>
   </trkpt>
   <trkpt lat="38.631298649900266" lon="23.09307299962144">
    <ele>10.74</ele>
   </trkpt>
   <trkpt lat="38.63178432822597" lon="23.092196505737423">
    <ele>10.42</ele>
   </trkpt>
   <trkpt lat="38.632270000000005" lon="23.091320000000003">
    <ele>10.17</ele>
   </trkpt>
   <trkpt lat="38.632640004005374" lon="23.09063667366348">
    <ele>9.82</ele>
   </trkpt>
   <trkpt lat="38.63301000403616" lon="23.089953340273382">
    <ele>9.4</ele>
   </trkpt>
   <trkpt lat="38.63338" lon="23.089270000000003">
    <ele>8.77</ele>
   </trkpt>
   <trkpt lat="38.63388000336217" lon="23.088385006121865">
    <ele>7.55</ele>
   </trkpt>
   <trkpt lat="38.63438" lon="23.087500000000002">
    <ele>7.16</ele>
   </trkpt>
   <trkpt lat="38.634780000000006" lon="23.08689">
    <ele>6.470000000000001</ele>
   </trkpt>
   <trkpt lat="38.635110000000005" lon="23.086460000000002">
    <ele>6.2</ele>
   </trkpt>
   <trkpt lat="38.63553" lon="23.085970000000003">
    <ele>6.23</ele>
   </trkpt>
   <trkpt lat="38.63593" lon="23.08557">
    <ele>6.5600000000000005</ele>
   </trkpt>
   <trkpt lat="38.63649" lon="23.08507">
    <ele>6.620000000000001</ele>
   </trkpt>
   <trkpt lat="38.636970000000005" lon="23.08471">
    <ele>6.24</ele>
   </trkpt>
   <trkpt lat="38.637475000286685" lon="23.0844100021709">
    <ele>6.08</ele>
   </trkpt>
   <trkpt lat="38.637980000000006" lon="23.084110000000003">
    <ele>6.0600000000000005</ele>
   </trkpt>
   <trkpt lat="38.63828" lon="23.08389">
    <ele>6.17</ele>
   </trkpt>
   <trkpt lat="38.63882000030017" lon="23.083625001995927">
    <ele>5.880000000000001</ele>
   </trkpt>
   <trkpt lat="38.63936" lon="23.083360000000003">
    <ele>5.61</ele>
   </trkpt>
   <trkpt lat="38.64008666798392" lon="23.082970007896403">
    <ele>5.25</ele>
   </trkpt>
   <trkpt lat="38.640813334673126" lon="23.082580007884438">
    <ele>5.24</ele>
   </trkpt>
   <trkpt lat="38.641540000000006" lon="23.08219">
    <ele>5.47</ele>
   </trkpt>
   <trkpt lat="38.642345011635136" lon="23.081731495540435">
    <ele>5.3</ele>
   </trkpt>
   <trkpt lat="38.643150021480636" lon="23.08127298077995">
    <ele>5.15</ele>
   </trkpt>
   <trkpt lat="38.643955029536436" lon="23.080814455718038">
    <ele>4.3500000000000005</ele>
   </trkpt>
   <trkpt lat="38.644760035802435" lon="23.080355920354194">
    <ele>4.04</ele>
   </trkpt>
   <trkpt lat="38.64556504027853" lon="23.07989737468791">
    <ele>3.74</ele>
   </trkpt>
   <trkpt lat="38.64637004296464" lon="23.079438818718685">
    <ele>4.07</ele>
   </trkpt>
   <trkpt lat="38.64717504386068" lon="23.078980252446012">
    <ele>4.79</ele>
   </trkpt>
   <trkpt lat="38.647980042966545" lon="23.07852167586939">
    <ele>5.280000000000001</ele>
   </trkpt>
   <trkpt lat="38.64878504028215" lon="23.078063088988298">
    <ele>5.0600000000000005</ele>
   </trkpt>
   <trkpt lat="38.64959003580739" lon="23.07760449180225">
    <ele>4.540000000000001</ele>
   </trkpt>
   <trkpt lat="38.65039502954219" lon="23.077145884310728">
    <ele>4.5</ele>
   </trkpt>
   <trkpt lat="38.65120002148647" lon="23.076687266513233">
    <ele>5.17</ele>
   </trkpt>
   <trkpt lat="38.6520050116401" lon="23.07622863840925">
    <ele>5.5</ele>
   </trkpt>
   <trkpt lat="38.65281" lon="23.075770000000002">
    <ele>5.050000000000001</ele>
   </trkpt>
   <trkpt lat="38.65347000071583" lon="23.075375003608304">
    <ele>4.930000000000001</ele>
   </trkpt>
   <trkpt lat="38.65413" lon="23.074980000000004">
    <ele>5.07</ele>
   </trkpt>
   <trkpt lat="38.65491000153694" lon="23.074560009127833">
    <ele>5.050000000000001</ele>
   </trkpt>
   <trkpt lat="38.655690001572125" lon="23.074140009109044">
    <ele>5.2</ele>
   </trkpt>
   <trkpt lat="38.656470000000006" lon="23.07372">
    <ele>5.3</ele>
   </trkpt>
   <trkpt lat="38.65677" lon="23.07353">
    <ele>5.2700000000000005</ele>
   </trkpt>
   <trkpt lat="38.657450000000004" lon="23.07306">
    <ele>5.220000000000001</ele>
   </trkpt>
   <trkpt lat="38.657630000000005" lon="23.0729">
    <ele>5.220000000000001</ele>
   </trkpt>
   <trkpt lat="38.65778" lon="23.072660000000003">
    <ele>5.17</ele>
   </trkpt>
   <trkpt lat="38.65785" lon="23.072450000000003">
    <ele>5.17</ele>
   </trkpt>
   <trkpt lat="38.65787" lon="23.07224">
    <ele>5.17</ele>
   </trkpt>
   <trkpt lat="38.65786000000001" lon="23.072090000000003">
    <ele>4.86</ele>
   </trkpt>
   <trkpt lat="38.657720000000005" lon="23.07137">
    <ele>4.760000000000001</ele>
   </trkpt>
   <trkpt lat="38.657720000000005" lon="23.07111">
    <ele>4.580000000000001</ele>
   </trkpt>
   <trkpt lat="38.657790000000006" lon="23.070880000000002">
    <ele>4.45</ele>
   </trkpt>
   <trkpt lat="38.65791" lon="23.070670000000003">
    <ele>4.45</ele>
   </trkpt>
   <trkpt lat="38.657990000000005" lon="23.070590000000003">
    <ele>4.410000000000001</ele>
   </trkpt>
   <trkpt lat="38.65816" lon="23.070490000000003">
    <ele>4.410000000000001</ele>
   </trkpt>
   <trkpt lat="38.65836" lon="23.070420000000002">
    <ele>4.38</ele>
   </trkpt>
   <trkpt lat="38.658640000000005" lon="23.07037">
    <ele>4.38</ele>
   </trkpt>
   <trkpt lat="38.65878" lon="23.070390000000003">
    <ele>4.430000000000001</ele>
   </trkpt>
   <trkpt lat="38.65885" lon="23.07043">
    <ele>4.430000000000001</ele>
   </trkpt>
   <trkpt lat="38.658970000000004" lon="23.07054">
    <ele>4.51</ele>
   </trkpt>
   <trkpt lat="38.659020000000005" lon="23.070610000000002">
    <ele>4.61</ele>
   </trkpt>
   <trkpt lat="38.65928" lon="23.07138">
    <ele>5.2700000000000005</ele>
   </trkpt>
   <trkpt lat="38.65939" lon="23.071510000000004">
    <ele>5.2700000000000005</ele>
   </trkpt>
   <trkpt lat="38.659560000000006" lon="23.071640000000002">
    <ele>5.2700000000000005</ele>
   </trkpt>
   <trkpt lat="38.65963" lon="23.07167">
    <ele>5.47</ele>
   </trkpt>
   <trkpt lat="38.65975" lon="23.07169">
    <ele>5.47</ele>
   </trkpt>
   <trkpt lat="38.659870000000005" lon="23.07168">
    <ele>5.47</ele>
   </trkpt>
   <trkpt lat="38.66013" lon="23.07159">
    <ele>5.55</ele>
   </trkpt>
   <trkpt lat="38.6608200005445" lon="23.071205003757566">
    <ele>5.670000000000001</ele>
   </trkpt>
   <trkpt lat="38.66151" lon="23.07082">
    <ele>5.47</ele>
   </trkpt>
   <trkpt lat="38.66230500107921" lon="23.070340005269202">
    <ele>5.540000000000001</ele>
   </trkpt>
   <trkpt lat="38.6631" lon="23.069860000000002">
    <ele>5.800000000000001</ele>
   </trkpt>
   <trkpt lat="38.66383833708746" lon="23.069440021652973">
    <ele>5.66</ele>
   </trkpt>
   <trkpt lat="38.66457667267318" lon="23.06902003464538">
    <ele>5.32</ele>
   </trkpt>
   <trkpt lat="38.665315006757055" lon="23.06860003897685">
    <ele>5.620000000000001</ele>
   </trkpt>
   <trkpt lat="38.66605333933904" lon="23.068180034646982">
    <ele>5.69</ele>
   </trkpt>
   <trkpt lat="38.66679167041905" lon="23.067760021655403">
    <ele>5.59</ele>
   </trkpt>
   <trkpt lat="38.667530000000006" lon="23.06734">
    <ele>5.6000000000000005</ele>
   </trkpt>
   <trkpt lat="38.667640000000006" lon="23.06726">
    <ele>5.49</ele>
   </trkpt>
   <trkpt lat="38.66774" lon="23.06716">
    <ele>5.49</ele>
   </trkpt>
   <trkpt lat="38.667840000000005" lon="23.067020000000003">
    <ele>5.4</ele>
   </trkpt>
   <trkpt lat="38.66801" lon="23.066640000000003">
    <ele>5.630000000000001</ele>
   </trkpt>
   <trkpt lat="38.66805" lon="23.06642">
    <ele>5.53</ele>
   </trkpt>
   <trkpt lat="38.66808" lon="23.066100000000002">
    <ele>5.4</ele>
   </trkpt>
   <trkpt lat="38.66811000224317" lon="23.06537500017123">
    <ele>5.51</ele>
   </trkpt>
   <trkpt lat="38.66814" lon="23.06465">
    <ele>5.630000000000001</ele>
   </trkpt>
   <trkpt lat="38.66821" lon="23.06428">
    <ele>5.800000000000001</ele>
   </trkpt>
   <trkpt lat="38.668260000000004" lon="23.064130000000002">
    <ele>5.800000000000001</ele>
   </trkpt>
   <trkpt lat="38.668330000000005" lon="23.064000000000004">
    <ele>5.87</ele>
   </trkpt>
   <trkpt lat="38.66852" lon="23.06378">
    <ele>5.970000000000001</ele>
   </trkpt>
   <trkpt lat="38.668730000000004" lon="23.063650000000003">
    <ele>6.19</ele>
   </trkpt>
   <trkpt lat="38.669560000000004" lon="23.063570000000002">
    <ele>8.46</ele>
   </trkpt>
   <trkpt lat="38.66970334190318" lon="23.062566670694412">
    <ele>9.07</ele>
   </trkpt>
   <trkpt lat="38.669846675235064" lon="23.061563337371325">
    <ele>9.58</ele>
   </trkpt>
   <trkpt lat="38.669990000000006" lon="23.060560000000002">
    <ele>10.24</ele>
   </trkpt>
   <trkpt lat="38.67008333940103" lon="23.059716668756188">
    <ele>10.51</ele>
   </trkpt>
   <trkpt lat="38.67017667274647" lon="23.058873335313475">
    <ele>10.92</ele>
   </trkpt>
   <trkpt lat="38.67027" lon="23.058030000000002">
    <ele>11.420000000000002</ele>
   </trkpt>
   <trkpt lat="38.670280000000005" lon="23.057620000000004">
    <ele>11.91</ele>
   </trkpt>
   <trkpt lat="38.67024" lon="23.05732">
    <ele>12.24</ele>
   </trkpt>
   <trkpt lat="38.67016" lon="23.05692">
    <ele>12.24</ele>
   </trkpt>
   <trkpt lat="38.66998500175892" lon="23.056284998601306">
    <ele>13.030000000000001</ele>
   </trkpt>
   <trkpt lat="38.669810000000005" lon="23.055650000000004">
    <ele>13.580000000000002</ele>
   </trkpt>
   <trkpt lat="38.669520000000006" lon="23.054710000000004">
    <ele>14.020000000000001</ele>
   </trkpt>
   <trkpt lat="38.66927000200691" lon="23.05401999753555">
    <ele>14.88</ele>
   </trkpt>
   <trkpt lat="38.66902" lon="23.053330000000003">
    <ele>15.55</ele>
   </trkpt>
   <trkpt lat="38.66866" lon="23.052410000000002">
    <ele>16.05</ele>
   </trkpt>
   <trkpt lat="38.668350000000004" lon="23.05141">
    <ele>16.98</ele>
   </trkpt>
   <trkpt lat="38.668110003556" lon="23.050494996901563">
    <ele>17.57</ele>
   </trkpt>
   <trkpt lat="38.66787" lon="23.049580000000002">
    <ele>18.35</ele>
   </trkpt>
   <trkpt lat="38.667820000000006" lon="23.04916">
    <ele>18.8</ele>
   </trkpt>
   <trkpt lat="38.66781" lon="23.048930000000002">
    <ele>18.910000000000004</ele>
   </trkpt>
   <trkpt lat="38.66780250988994" lon="23.048049999685915">
    <ele>19.650000000000002</ele>
   </trkpt>
   <trkpt lat="38.66779501318636" lon="23.047169999556026">
    <ele>20.09</ele>
   </trkpt>
   <trkpt lat="38.667787509889294" lon="23.046289999610494">
    <ele>20.86</ele>
   </trkpt>
   <trkpt lat="38.66778" lon="23.04541">
    <ele>21.87</ele>
   </trkpt>
   <trkpt lat="38.66778667301245" lon="23.04454666687076">
    <ele>22.580000000000002</ele>
   </trkpt>
   <trkpt lat="38.66779333967878" lon="23.043683333580677">
    <ele>23.270000000000003</ele>
   </trkpt>
   <trkpt lat="38.6678" lon="23.042820000000003">
    <ele>24.09</ele>
   </trkpt>
   <trkpt lat="38.66772" lon="23.042070000000002">
    <ele>24.790000000000003</ele>
   </trkpt>
   <trkpt lat="38.66751001543601" lon="23.04111798884438">
    <ele>25.27</ele>
   </trkpt>
   <trkpt lat="38.66730002315534" lon="23.040165983272857">
    <ele>26.680000000000003</ele>
   </trkpt>
   <trkpt lat="38.66709002315806" lon="23.039213983285567">
    <ele>27.57</ele>
   </trkpt>
   <trkpt lat="38.666880015444306" lon="23.03826198888264">
    <ele>28.39</ele>
   </trkpt>
   <trkpt lat="38.66667" lon="23.03731">
    <ele>29.61</ele>
   </trkpt>
   <trkpt lat="38.666525015951684" lon="23.03619249323184">
    <ele>29.990000000000002</ele>
   </trkpt>
   <trkpt lat="38.66638002127065" lon="23.0350749909894">
    <ele>30.88</ele>
   </trkpt>
   <trkpt lat="38.66623501595697" lon="23.033957493272965">
    <ele>32.0</ele>
   </trkpt>
   <trkpt lat="38.666090000000004" lon="23.03284">
    <ele>33.32</ele>
   </trkpt>
   <trkpt lat="38.66597" lon="23.032300000000003">
    <ele>33.67</ele>
   </trkpt>
   <trkpt lat="38.665800002124115" lon="23.031594998360365">
    <ele>34.32</ele>
   </trkpt>
   <trkpt lat="38.66563" lon="23.030890000000003">
    <ele>35.14</ele>
   </trkpt>
   <trkpt lat="38.66538500334824" lon="23.030004997022502">
    <ele>36.08</ele>
   </trkpt>
   <trkpt lat="38.66514" lon="23.029120000000002">
    <ele>36.86000000000001</ele>
   </trkpt>
   <trkpt lat="38.66485" lon="23.02821">
    <ele>37.900000000000006</ele>
   </trkpt>
   <trkpt lat="38.66456667229918" lon="23.027396660231307">
    <ele>38.48</ele>
   </trkpt>
   <trkpt lat="38.664283338966136" lon="23.026583326898887">
    <ele>39.49</ele>
   </trkpt>
   <trkpt lat="38.664" lon="23.02577">
    <ele>40.77</ele>
   </trkpt>
   <trkpt lat="38.663795001806804" lon="23.02511999816525">
    <ele>41.5</ele>
   </trkpt>
   <trkpt lat="38.663590000000006" lon="23.02447">
    <ele>42.43</ele>
   </trkpt>
   <trkpt lat="38.66341000249866" lon="23.023699997956157">
    <ele>43.04</ele>
   </trkpt>
   <trkpt lat="38.663230000000006" lon="23.022930000000002">
    <ele>44.18</ele>
   </trkpt>
   <trkpt lat="38.6631" lon="23.0226">
    <ele>44.52</ele>
   </trkpt>
   <trkpt lat="38.662890000000004" lon="23.02212">
    <ele>44.910000000000004</ele>
   </trkpt>
   <trkpt lat="38.66259500477049" lon="23.021064995769702">
    <ele>46.26</ele>
   </trkpt>
   <trkpt lat="38.6623" lon="23.020010000000003">
    <ele>47.07</ele>
   </trkpt>
   <trkpt lat="38.66205" lon="23.018960000000003">
    <ele>48.800000000000004</ele>
   </trkpt>
   <trkpt lat="38.661920010002994" lon="23.018074995183742">
    <ele>50.04</ele>
   </trkpt>
   <trkpt lat="38.66179001333759" lon="23.01718999358037">
    <ele>50.84</ele>
   </trkpt>
   <trkpt lat="38.661660010003885" lon="23.01630499519003">
    <ele>52.33</ele>
   </trkpt>
   <trkpt lat="38.661530000000006" lon="23.015420000000002">
    <ele>53.83</ele>
   </trkpt>
   <trkpt lat="38.661460000000005" lon="23.015130000000003">
    <ele>54.35</ele>
   </trkpt>
   <trkpt lat="38.6614" lon="23.014960000000002">
    <ele>54.49</ele>
   </trkpt>
   <trkpt lat="38.661060000000006" lon="23.014460000000003">
    <ele>54.81</ele>
   </trkpt>
   <trkpt lat="38.660695000958334" lon="23.01397999752412">
    <ele>55.17</ele>
   </trkpt>
   <trkpt lat="38.66033" lon="23.0135">
    <ele>55.36000000000001</ele>
   </trkpt>
   <trkpt lat="38.65993" lon="23.012870000000003">
    <ele>55.910000000000004</ele>
   </trkpt>
   <trkpt lat="38.65979" lon="23.01257">
    <ele>56.0</ele>
   </trkpt>
   <trkpt lat="38.659740000000006" lon="23.012400000000003">
    <ele>56.2</ele>
   </trkpt>
   <trkpt lat="38.65963000195643" lon="23.011719998881645">
    <ele>56.78</ele>
   </trkpt>
   <trkpt lat="38.65952" lon="23.01104">
    <ele>57.260000000000005</ele>
   </trkpt>
   <trkpt lat="38.659380000000006" lon="23.01037">
    <ele>57.6</ele>
   </trkpt>
   <trkpt lat="38.65914" lon="23.009610000000002">
    <ele>57.89</ele>
   </trkpt>
   <trkpt lat="38.65885" lon="23.008830000000003">
    <ele>58.470000000000006</ele>
   </trkpt>
   <trkpt lat="38.65854" lon="23.008110000000002">
    <ele>59.050000000000004</ele>
   </trkpt>
   <trkpt lat="38.658266671034056" lon="23.007389994383143">
    <ele>59.440000000000005</ele>
   </trkpt>
   <trkpt lat="38.65799333765458" lon="23.00666999426165">
    <ele>60.35000000000001</ele>
   </trkpt>
   <trkpt lat="38.657720000000005" lon="23.005950000000002">
    <ele>60.74</ele>
   </trkpt>
   <trkpt lat="38.657205003192715" lon="23.005084993793446">
    <ele>60.83</ele>
   </trkpt>
   <trkpt lat="38.656690000000005" lon="23.00422">
    <ele>61.99</ele>
   </trkpt>
   <trkpt lat="38.65686" lon="23.00374">
    <ele>63.33000000000001</ele>
   </trkpt>
   <trkpt lat="38.656270000000006" lon="23.00353">
    <ele>64.21000000000001</ele>
   </trkpt>
   <trkpt lat="38.65574" lon="23.002910000000004">
    <ele>65.19000000000001</ele>
   </trkpt>
   <trkpt lat="38.65538500098563" lon="23.00241999752133">
    <ele>65.95</ele>
   </trkpt>
   <trkpt lat="38.655030000000004" lon="23.00193">
    <ele>66.49000000000001</ele>
   </trkpt>
   <trkpt lat="38.65504" lon="23.00194">
    <ele>66.48</ele>
   </trkpt>
   <trkpt lat="38.65467500107892" lon="23.00143999747247">
    <ele>67.84</ele>
   </trkpt>
   <trkpt lat="38.65431" lon="23.000940000000003">
    <ele>70.41</ele>
   </trkpt>
   <trkpt lat="38.654160000000005" lon="23.00082">
    <ele>71.08</ele>
   </trkpt>
   <trkpt lat="38.65402" lon="23.00074">
    <ele>71.91</ele>
   </trkpt>
   <trkpt lat="38.654340000000005" lon="22.99987">
    <ele>73.61000000000001</ele>
   </trkpt>
   <trkpt lat="38.65386000018859" lon="22.99956499782452">
    <ele>79.76</ele>
   </trkpt>
   <trkpt lat="38.653380000000006" lon="22.999260000000003">
    <ele>85.32000000000001</ele>
   </trkpt>
   <trkpt lat="38.65317" lon="22.99911">
    <ele>88.12</ele>
   </trkpt>
   <trkpt lat="38.6529" lon="22.99886">
    <ele>91.19000000000001</ele>
   </trkpt>
   <trkpt lat="38.65276" lon="22.99932">
    <ele>91.05</ele>
   </trkpt>
  </trkseg>
 </trk>
</gpx>
