<?xml version="1.0" encoding="UTF-8"?>
<gpx creator="StravaGPX" version="1.1" xmlns="http://www.topografix.com/GPX/1/1" xmlns:xsi="http://www.w3.org/2001/XMLSchema-instance" xsi:schemaLocation="http://www.topografix.com/GPX/1/1 http://www.topografix.com/GPX/1/1/gpx.xsd">
 <metadata>
  <name>COP31 GR Day 8</name>
  <author>
   <name>Agis Tsakmakis 🇬🇷</name>
   <link href="https://www.strava.com/athletes/74715064"/>
  </author>
  <copyright author="OpenStreetMap contributors">
   <year>2020</year>
   <license>https://www.openstreetmap.org/copyright</license>
  </copyright>
  <link href="https://www.strava.com/routes/3538267034010605186"/>
 </metadata>
 <trk>
  <name>COP31 GR Day 8</name>
  <link href="https://www.strava.com/routes/3538267034010605186"/>
  <type>cycling</type>
  <trkseg>
   <trkpt lat="41.50291" lon="26.533410000000003">
    <ele>45.49</ele>
   </trkpt>
   <trkpt lat="41.503505000147726" lon="26.533439999731588">
    <ele>44.050000000000004</ele>
   </trkpt>
   <trkpt lat="41.5041" lon="26.53347">
    <ele>41.24</ele>
   </trkpt>
   <trkpt lat="41.50413" lon="26.532420000000002">
    <ele>43.27</ele>
   </trkpt>
   <trkpt lat="41.504968750055056" lon="26.532463746032647">
    <ele>42.910000000000004</ele>
   </trkpt>
   <trkpt lat="41.50580750009354" lon="26.532507493198647">
    <ele>42.32</ele>
   </trkpt>
   <trkpt lat="41.50664625011544" lon="26.532551241498073">
    <ele>40.580000000000005</ele>
   </trkpt>
   <trkpt lat="41.50748500012077" lon="26.53259499093099">
    <ele>38.940000000000005</ele>
   </trkpt>
   <trkpt lat="41.50832375010952" lon="26.53263874149745">
    <ele>36.37</ele>
   </trkpt>
   <trkpt lat="41.50916250008168" lon="26.532682493197527">
    <ele>34.230000000000004</ele>
   </trkpt>
   <trkpt lat="41.510001250037256" lon="26.532726246031274">
    <ele>34.1</ele>
   </trkpt>
   <trkpt lat="41.51084" lon="26.532770000000003">
    <ele>34.230000000000004</ele>
   </trkpt>
   <trkpt lat="41.51166000008308" lon="26.532823331985973">
    <ele>35.81</ele>
   </trkpt>
   <trkpt lat="41.51248000014153" lon="26.53287666532308">
    <ele>39.61000000000001</ele>
   </trkpt>
   <trkpt lat="41.5133" lon="26.532930000000004">
    <ele>42.29</ele>
   </trkpt>
   <trkpt lat="41.51333503101115" lon="26.53173333654676">
    <ele>42.31</ele>
   </trkpt>
   <trkpt lat="41.51337004961815" lon="26.53053667179853">
    <ele>41.81000000000001</ele>
   </trkpt>
   <trkpt lat="41.51340505582096" lon="26.52934000575576">
    <ele>43.010000000000005</ele>
   </trkpt>
   <trkpt lat="41.51344004961954" lon="26.528143338418907">
    <ele>44.01</ele>
   </trkpt>
   <trkpt lat="41.513475031013876" lon="26.526946669788426">
    <ele>45.980000000000004</ele>
   </trkpt>
   <trkpt lat="41.513510000000004" lon="26.525750000000002">
    <ele>46.690000000000005</ele>
   </trkpt>
   <trkpt lat="41.51355" lon="26.525570000000002">
    <ele>46.690000000000005</ele>
   </trkpt>
   <trkpt lat="41.51359" lon="26.525470000000002">
    <ele>46.690000000000005</ele>
   </trkpt>
   <trkpt lat="41.51371" lon="26.525290000000002">
    <ele>46.89</ele>
   </trkpt>
   <trkpt lat="41.513780000000004" lon="26.52522">
    <ele>46.89</ele>
   </trkpt>
   <trkpt lat="41.513940000000005" lon="26.525150000000004">
    <ele>46.89</ele>
   </trkpt>
   <trkpt lat="41.514540000150056" lon="26.524980001568778">
    <ele>46.830000000000005</ele>
   </trkpt>
   <trkpt lat="41.51514" lon="26.524810000000002">
    <ele>46.970000000000006</ele>
   </trkpt>
   <trkpt lat="41.515510000000006" lon="26.52473">
    <ele>47.120000000000005</ele>
   </trkpt>
   <trkpt lat="41.516020000000005" lon="26.52467">
    <ele>46.510000000000005</ele>
   </trkpt>
   <trkpt lat="41.51632" lon="26.524690000000003">
    <ele>46.38</ele>
   </trkpt>
   <trkpt lat="41.51699000000001" lon="26.52476">
    <ele>45.56</ele>
   </trkpt>
   <trkpt lat="41.51769250013358" lon="26.524844997236926">
    <ele>44.63</ele>
   </trkpt>
   <trkpt lat="41.51839500020456" lon="26.52492999631905">
    <ele>44.50000000000001</ele>
   </trkpt>
   <trkpt lat="41.51909750021298" lon="26.525014997246448">
    <ele>44.79</ele>
   </trkpt>
   <trkpt lat="41.519800000000004" lon="26.525100000000002">
    <ele>46.05</ele>
   </trkpt>
   <trkpt lat="41.520105001349" lon="26.52456500232969">
    <ele>46.24</ele>
   </trkpt>
   <trkpt lat="41.520410000000005" lon="26.524030000000003">
    <ele>47.190000000000005</ele>
   </trkpt>
   <trkpt lat="41.52047" lon="26.523960000000002">
    <ele>47.16</ele>
   </trkpt>
   <trkpt lat="41.520520000000005" lon="26.523930000000004">
    <ele>47.16</ele>
   </trkpt>
   <trkpt lat="41.52062" lon="26.523930000000004">
    <ele>47.18000000000001</ele>
   </trkpt>
   <trkpt lat="41.52102" lon="26.524340000000002">
    <ele>47.68000000000001</ele>
   </trkpt>
   <trkpt lat="41.52123" lon="26.524530000000002">
    <ele>47.81</ele>
   </trkpt>
   <trkpt lat="41.521640000000005" lon="26.524770000000004">
    <ele>47.88</ele>
   </trkpt>
   <trkpt lat="41.52188" lon="26.524870000000004">
    <ele>47.75</ele>
   </trkpt>
   <trkpt lat="41.52239000015989" lon="26.52503499871317">
    <ele>46.98</ele>
   </trkpt>
   <trkpt lat="41.5229" lon="26.5252">
    <ele>46.1</ele>
   </trkpt>
   <trkpt lat="41.523520000000005" lon="26.525340000000003">
    <ele>44.67</ele>
   </trkpt>
   <trkpt lat="41.52387" lon="26.525340000000003">
    <ele>42.300000000000004</ele>
   </trkpt>
   <trkpt lat="41.52423" lon="26.525250000000003">
    <ele>41.77</ele>
   </trkpt>
   <trkpt lat="41.52491000018558" lon="26.52506000198861">
    <ele>40.290000000000006</ele>
   </trkpt>
   <trkpt lat="41.52559" lon="26.524870000000004">
    <ele>40.92</ele>
   </trkpt>
   <trkpt lat="41.526325000375216" lon="26.52462000280444">
    <ele>43.04</ele>
   </trkpt>
   <trkpt lat="41.527060000000006" lon="26.52437">
    <ele>44.56</ele>
   </trkpt>
   <trkpt lat="41.52752000009247" lon="26.524230000993086">
    <ele>45.44</ele>
   </trkpt>
   <trkpt lat="41.52798000000001" lon="26.52409">
    <ele>45.84</ele>
   </trkpt>
   <trkpt lat="41.52826" lon="26.524030000000003">
    <ele>45.84</ele>
   </trkpt>
   <trkpt lat="41.528580000000005" lon="26.52399">
    <ele>45.720000000000006</ele>
   </trkpt>
   <trkpt lat="41.52929499987521" lon="26.523989999999998">
    <ele>44.95</ele>
   </trkpt>
   <trkpt lat="41.530010000000004" lon="26.52399">
    <ele>43.870000000000005</ele>
   </trkpt>
   <trkpt lat="41.53074" lon="26.52389">
    <ele>42.120000000000005</ele>
   </trkpt>
   <trkpt lat="41.53108" lon="26.52379">
    <ele>41.82</ele>
   </trkpt>
   <trkpt lat="41.53145000000001" lon="26.52363">
    <ele>41.550000000000004</ele>
   </trkpt>
   <trkpt lat="41.531760000000006" lon="26.523460000000004">
    <ele>41.650000000000006</ele>
   </trkpt>
   <trkpt lat="41.532070000000004" lon="26.52324">
    <ele>41.93</ele>
   </trkpt>
   <trkpt lat="41.532430000000005" lon="26.52295">
    <ele>42.27</ele>
   </trkpt>
   <trkpt lat="41.53315500540389" lon="26.52230502168958">
    <ele>42.9</ele>
   </trkpt>
   <trkpt lat="41.53388000720398" lon="26.52166002892102">
    <ele>43.56</ele>
   </trkpt>
   <trkpt lat="41.534605005400124" lon="26.521015021693703">
    <ele>43.86</ele>
   </trkpt>
   <trkpt lat="41.53533" lon="26.520370000000003">
    <ele>43.83</ele>
   </trkpt>
   <trkpt lat="41.535770000671995" lon="26.519995002497446">
    <ele>43.43</ele>
   </trkpt>
   <trkpt lat="41.536210000000004" lon="26.519620000000003">
    <ele>43.010000000000005</ele>
   </trkpt>
   <trkpt lat="41.53699" lon="26.51912">
    <ele>42.690000000000005</ele>
   </trkpt>
   <trkpt lat="41.537580000000005" lon="26.518870000000003">
    <ele>42.68</ele>
   </trkpt>
   <trkpt lat="41.53828" lon="26.51865">
    <ele>43.18</ele>
   </trkpt>
   <trkpt lat="41.5386" lon="26.518580000000004">
    <ele>43.410000000000004</ele>
   </trkpt>
   <trkpt lat="41.53887" lon="26.51854">
    <ele>43.76</ele>
   </trkpt>
   <trkpt lat="41.539590000000004" lon="26.518500000000003">
    <ele>44.910000000000004</ele>
   </trkpt>
   <trkpt lat="41.54007" lon="26.518520000000002">
    <ele>45.63</ele>
   </trkpt>
   <trkpt lat="41.54062000012616" lon="26.518594999376024">
    <ele>47.99</ele>
   </trkpt>
   <trkpt lat="41.54117" lon="26.518670000000004">
    <ele>50.92000000000001</ele>
   </trkpt>
   <trkpt lat="41.541830000000004" lon="26.518800000000002">
    <ele>52.35000000000001</ele>
   </trkpt>
   <trkpt lat="41.542600000109616" lon="26.518926663645214">
    <ele>55.34</ele>
   </trkpt>
   <trkpt lat="41.54337000008023" lon="26.519053330306992">
    <ele>57.900000000000006</ele>
   </trkpt>
   <trkpt lat="41.544140000000006" lon="26.519180000000002">
    <ele>59.730000000000004</ele>
   </trkpt>
   <trkpt lat="41.54473" lon="26.519240000000003">
    <ele>60.54</ele>
   </trkpt>
   <trkpt lat="41.54518" lon="26.519260000000003">
    <ele>61.17</ele>
   </trkpt>
   <trkpt lat="41.54562000000001" lon="26.519250000000003">
    <ele>61.49</ele>
   </trkpt>
   <trkpt lat="41.546480000088" lon="26.519190001592204">
    <ele>61.58</ele>
   </trkpt>
   <trkpt lat="41.54734000014482" lon="26.51913000158827">
    <ele>61.470000000000006</ele>
   </trkpt>
   <trkpt lat="41.5482" lon="26.519070000000003">
    <ele>60.99</ele>
   </trkpt>
   <trkpt lat="41.54865000015986" lon="26.5190100003984">
    <ele>60.71000000000001</ele>
   </trkpt>
   <trkpt lat="41.5491" lon="26.518950000000004">
    <ele>60.09</ele>
   </trkpt>
   <trkpt lat="41.54939" lon="26.518890000000003">
    <ele>59.68</ele>
   </trkpt>
   <trkpt lat="41.54986500015364" lon="26.51875500097069">
    <ele>58.660000000000004</ele>
   </trkpt>
   <trkpt lat="41.550340000000006" lon="26.518620000000002">
    <ele>57.440000000000005</ele>
   </trkpt>
   <trkpt lat="41.55087" lon="26.518430000000002">
    <ele>56.45</ele>
   </trkpt>
   <trkpt lat="41.55122" lon="26.51828">
    <ele>55.470000000000006</ele>
   </trkpt>
   <trkpt lat="41.551570000000005" lon="26.51808">
    <ele>53.970000000000006</ele>
   </trkpt>
   <trkpt lat="41.55232" lon="26.517560000000003">
    <ele>51.22</ele>
   </trkpt>
   <trkpt lat="41.55275" lon="26.517200000000003">
    <ele>49.86</ele>
   </trkpt>
   <trkpt lat="41.5533" lon="26.51659">
    <ele>47.95</ele>
   </trkpt>
   <trkpt lat="41.553720000000006" lon="26.516040000000004">
    <ele>46.540000000000006</ele>
   </trkpt>
   <trkpt lat="41.554260000000006" lon="26.51519">
    <ele>45.76</ele>
   </trkpt>
   <trkpt lat="41.554660000000005" lon="26.51433">
    <ele>45.18000000000001</ele>
   </trkpt>
   <trkpt lat="41.55497000271115" lon="26.51352000422701">
    <ele>44.730000000000004</ele>
   </trkpt>
   <trkpt lat="41.55528" lon="26.512710000000002">
    <ele>44.52</ele>
   </trkpt>
   <trkpt lat="41.55554000155665" lon="26.512105002500945">
    <ele>44.02</ele>
   </trkpt>
   <trkpt lat="41.555800000000005" lon="26.5115">
    <ele>43.78000000000001</ele>
   </trkpt>
   <trkpt lat="41.556000000000004" lon="26.51113">
    <ele>43.61</ele>
   </trkpt>
   <trkpt lat="41.55646" lon="26.51037">
    <ele>42.86</ele>
   </trkpt>
   <trkpt lat="41.556960000000004" lon="26.509700000000002">
    <ele>42.440000000000005</ele>
   </trkpt>
   <trkpt lat="41.557210000000005" lon="26.509410000000003">
    <ele>42.150000000000006</ele>
   </trkpt>
   <trkpt lat="41.55787333705976" lon="26.508750013595304">
    <ele>41.09</ele>
   </trkpt>
   <trkpt lat="41.55853667034569" lon="26.508090013642708">
    <ele>40.68</ele>
   </trkpt>
   <trkpt lat="41.559200000000004" lon="26.507430000000003">
    <ele>40.18</ele>
   </trkpt>
   <trkpt lat="41.55977" lon="26.5069">
    <ele>40.24</ele>
   </trkpt>
   <trkpt lat="41.56013" lon="26.506600000000002">
    <ele>40.71</ele>
   </trkpt>
   <trkpt lat="41.560390000000005" lon="26.506410000000002">
    <ele>40.93</ele>
   </trkpt>
   <trkpt lat="41.56085500030688" lon="26.50618000161655">
    <ele>41.93</ele>
   </trkpt>
   <trkpt lat="41.56132" lon="26.505950000000002">
    <ele>42.96</ele>
   </trkpt>
   <trkpt lat="41.56161" lon="26.505840000000003">
    <ele>43.480000000000004</ele>
   </trkpt>
   <trkpt lat="41.56221" lon="26.505650000000003">
    <ele>44.92</ele>
   </trkpt>
   <trkpt lat="41.562780000000004" lon="26.505550000000003">
    <ele>45.39000000000001</ele>
   </trkpt>
   <trkpt lat="41.56335000000001" lon="26.5055">
    <ele>46.2</ele>
   </trkpt>
   <trkpt lat="41.563930000000006" lon="26.50552">
    <ele>47.36000000000001</ele>
   </trkpt>
   <trkpt lat="41.564310000000006" lon="26.505580000000002">
    <ele>47.93000000000001</ele>
   </trkpt>
   <trkpt lat="41.564800000000005" lon="26.50569">
    <ele>48.620000000000005</ele>
   </trkpt>
   <trkpt lat="41.565450000000006" lon="26.505860000000002">
    <ele>50.46</ele>
   </trkpt>
   <trkpt lat="41.56608000000001" lon="26.50599">
    <ele>51.45</ele>
   </trkpt>
   <trkpt lat="41.56645" lon="26.506020000000003">
    <ele>51.980000000000004</ele>
   </trkpt>
   <trkpt lat="41.567150000000005" lon="26.506010000000003">
    <ele>53.470000000000006</ele>
   </trkpt>
   <trkpt lat="41.56772" lon="26.505930000000003">
    <ele>54.160000000000004</ele>
   </trkpt>
   <trkpt lat="41.568090000000005" lon="26.505840000000003">
    <ele>55.27</ele>
   </trkpt>
   <trkpt lat="41.56879" lon="26.5056">
    <ele>55.980000000000004</ele>
   </trkpt>
   <trkpt lat="41.56909" lon="26.505470000000003">
    <ele>56.25</ele>
   </trkpt>
   <trkpt lat="41.569770000000005" lon="26.505070000000003">
    <ele>56.81</ele>
   </trkpt>
   <trkpt lat="41.57047333505259" lon="26.50461667657747">
    <ele>57.010000000000005</ele>
   </trkpt>
   <trkpt lat="41.571176668324625" lon="26.50416334328381">
    <ele>57.56</ele>
   </trkpt>
   <trkpt lat="41.57188" lon="26.50371">
    <ele>58.64</ele>
   </trkpt>
   <trkpt lat="41.57252500219479" lon="26.503295012459574">
    <ele>60.800000000000004</ele>
   </trkpt>
   <trkpt lat="41.57317000289743" lon="26.50288001663164">
    <ele>63.12000000000001</ele>
   </trkpt>
   <trkpt lat="41.573815002107864" lon="26.50246501251588">
    <ele>65.18</ele>
   </trkpt>
   <trkpt lat="41.57446" lon="26.50205">
    <ele>68.02000000000001</ele>
   </trkpt>
   <trkpt lat="41.57484" lon="26.501780000000004">
    <ele>69.10000000000001</ele>
   </trkpt>
   <trkpt lat="41.57551" lon="26.501240000000003">
    <ele>70.31000000000002</ele>
   </trkpt>
   <trkpt lat="41.57620667007019" lon="26.500613346851456">
    <ele>71.62</ele>
   </trkpt>
   <trkpt lat="41.57690333673786" lon="26.49998668018413">
    <ele>72.73</ele>
   </trkpt>
   <trkpt lat="41.577600000000004" lon="26.499360000000003">
    <ele>73.91</ele>
   </trkpt>
   <trkpt lat="41.578250000000004" lon="26.498810000000002">
    <ele>74.14000000000001</ele>
   </trkpt>
   <trkpt lat="41.578540000000004" lon="26.498590000000004">
    <ele>74.2</ele>
   </trkpt>
   <trkpt lat="41.579345003308774" lon="26.498085018888307">
    <ele>73.68</ele>
   </trkpt>
   <trkpt lat="41.580150004407976" lon="26.49758002518721">
    <ele>73.23</ele>
   </trkpt>
   <trkpt lat="41.580955003297504" lon="26.497075018896084">
    <ele>73.59</ele>
   </trkpt>
   <trkpt lat="41.58176" lon="26.496570000000002">
    <ele>75.00000000000001</ele>
   </trkpt>
   <trkpt lat="41.58232" lon="26.496260000000003">
    <ele>75.42</ele>
   </trkpt>
   <trkpt lat="41.5827" lon="26.496080000000003">
    <ele>75.37</ele>
   </trkpt>
   <trkpt lat="41.58332" lon="26.49583">
    <ele>75.18</ele>
   </trkpt>
   <trkpt lat="41.58380500034704" lon="26.495660001199145">
    <ele>74.84</ele>
   </trkpt>
   <trkpt lat="41.58429" lon="26.495490000000004">
    <ele>74.62</ele>
   </trkpt>
   <trkpt lat="41.58466000000001" lon="26.495320000000003">
    <ele>73.76</ele>
   </trkpt>
   <trkpt lat="41.58491" lon="26.49519">
    <ele>73.31</ele>
   </trkpt>
   <trkpt lat="41.5854" lon="26.4949">
    <ele>72.34</ele>
   </trkpt>
   <trkpt lat="41.58587" lon="26.49454">
    <ele>71.95</ele>
   </trkpt>
   <trkpt lat="41.586200000000005" lon="26.49424">
    <ele>71.48</ele>
   </trkpt>
   <trkpt lat="41.586560000000006" lon="26.49388">
    <ele>71.37</ele>
   </trkpt>
   <trkpt lat="41.58682" lon="26.493570000000002">
    <ele>71.45</ele>
   </trkpt>
   <trkpt lat="41.587300000000006" lon="26.49292">
    <ele>72.38</ele>
   </trkpt>
   <trkpt lat="41.58779000219997" lon="26.49220000553209">
    <ele>73.55</ele>
   </trkpt>
   <trkpt lat="41.588280000000005" lon="26.491480000000003">
    <ele>74.56</ele>
   </trkpt>
   <trkpt lat="41.58888" lon="26.49069">
    <ele>75.44000000000001</ele>
   </trkpt>
   <trkpt lat="41.589180000000006" lon="26.49032">
    <ele>75.74</ele>
   </trkpt>
   <trkpt lat="41.589540000544815" lon="26.489960002024183">
    <ele>75.81</ele>
   </trkpt>
   <trkpt lat="41.5899" lon="26.489600000000003">
    <ele>75.79</ele>
   </trkpt>
   <trkpt lat="41.59049500122023" lon="26.489075004815845">
    <ele>75.54</ele>
   </trkpt>
   <trkpt lat="41.59109" lon="26.488550000000004">
    <ele>75.26</ele>
   </trkpt>
   <trkpt lat="41.59156" lon="26.48804">
    <ele>75.07000000000001</ele>
   </trkpt>
   <trkpt lat="41.592060000000004" lon="26.487370000000002">
    <ele>75.29</ele>
   </trkpt>
   <trkpt lat="41.592400000000005" lon="26.48684">
    <ele>76.49</ele>
   </trkpt>
   <trkpt lat="41.592840002163165" lon="26.486125004957778">
    <ele>78.25</ele>
   </trkpt>
   <trkpt lat="41.59328" lon="26.48541">
    <ele>78.97000000000001</ele>
   </trkpt>
   <trkpt lat="41.593680000000006" lon="26.484890000000004">
    <ele>78.95</ele>
   </trkpt>
   <trkpt lat="41.59396" lon="26.48457">
    <ele>78.74000000000001</ele>
   </trkpt>
   <trkpt lat="41.594620000000006" lon="26.483900000000002">
    <ele>77.35</ele>
   </trkpt>
   <trkpt lat="41.59516" lon="26.483480000000004">
    <ele>75.15</ele>
   </trkpt>
   <trkpt lat="41.59546" lon="26.483300000000003">
    <ele>73.92</ele>
   </trkpt>
   <trkpt lat="41.59617333664875" lon="26.48290835498176">
    <ele>71.56000000000002</ele>
   </trkpt>
   <trkpt lat="41.59688667196835" lon="26.482516701306352">
    <ele>70.15</ele>
   </trkpt>
   <trkpt lat="41.59760000595877" lon="26.48212503897338">
    <ele>70.33</ele>
   </trkpt>
   <trkpt lat="41.59831333861991" lon="26.48173336798245">
    <ele>70.74000000000001</ele>
   </trkpt>
   <trkpt lat="41.599026669951755" lon="26.48134168833317">
    <ele>70.92000000000002</ele>
   </trkpt>
   <trkpt lat="41.599740000000004" lon="26.480950000000004">
    <ele>70.61</ele>
   </trkpt>
   <trkpt lat="41.600345000241596" lon="26.480640002995823">
    <ele>69.97</ele>
   </trkpt>
   <trkpt lat="41.600950000000005" lon="26.480330000000002">
    <ele>69.05</ele>
   </trkpt>
   <trkpt lat="41.60168" lon="26.48007">
    <ele>67.28</ele>
   </trkpt>
   <trkpt lat="41.60213000003363" lon="26.479985000592322">
    <ele>66.60000000000001</ele>
   </trkpt>
   <trkpt lat="41.60258" lon="26.4799">
    <ele>64.86</ele>
   </trkpt>
   <trkpt lat="41.60327" lon="26.47981">
    <ele>63.72</ele>
   </trkpt>
   <trkpt lat="41.60414000004484" lon="26.479753334860337">
    <ele>62.150000000000006</ele>
   </trkpt>
   <trkpt lat="41.60501000006186" lon="26.479696668192595">
    <ele>61.230000000000004</ele>
   </trkpt>
   <trkpt lat="41.605880000000006" lon="26.479640000000003">
    <ele>60.870000000000005</ele>
   </trkpt>
   <trkpt lat="41.6067375000452" lon="26.47956250309311">
    <ele>60.50000000000001</ele>
   </trkpt>
   <trkpt lat="41.60759500003835" lon="26.479485004126207">
    <ele>59.9</ele>
   </trkpt>
   <trkpt lat="41.60845249997945" lon="26.479407503099175">
    <ele>59.550000000000004</ele>
   </trkpt>
   <trkpt lat="41.60931" lon="26.47933">
    <ele>59.120000000000005</ele>
   </trkpt>
   <trkpt lat="41.610063333405584" lon="26.479286667675513">
    <ele>58.97</ele>
   </trkpt>
   <trkpt lat="41.610816666794896" lon="26.479243334338978">
    <ele>58.60000000000001</ele>
   </trkpt>
   <trkpt lat="41.61157" lon="26.479200000000002">
    <ele>58.43</ele>
   </trkpt>
   <trkpt lat="41.61230500002765" lon="26.479167501110343">
    <ele>58.18</ele>
   </trkpt>
   <trkpt lat="41.613040000046134" lon="26.47913500148007">
    <ele>57.84</ele>
   </trkpt>
   <trkpt lat="41.61377500005548" lon="26.479102501109153">
    <ele>57.42</ele>
   </trkpt>
   <trkpt lat="41.61451" lon="26.479070000000004">
    <ele>57.24</ele>
   </trkpt>
   <trkpt lat="41.615" lon="26.479080000000003">
    <ele>57.07</ele>
   </trkpt>
   <trkpt lat="41.61545" lon="26.47913">
    <ele>56.660000000000004</ele>
   </trkpt>
   <trkpt lat="41.61598" lon="26.47923">
    <ele>56.21</ele>
   </trkpt>
   <trkpt lat="41.61643" lon="26.479350000000004">
    <ele>55.980000000000004</ele>
   </trkpt>
   <trkpt lat="41.61706" lon="26.4796">
    <ele>55.6</ele>
   </trkpt>
   <trkpt lat="41.61751000022539" lon="26.4797299991369">
    <ele>55.53</ele>
   </trkpt>
   <trkpt lat="41.617960000000004" lon="26.479860000000002">
    <ele>55.53</ele>
   </trkpt>
   <trkpt lat="41.618390000000005" lon="26.479930000000003">
    <ele>55.440000000000005</ele>
   </trkpt>
   <trkpt lat="41.618840000000006" lon="26.479960000000002">
    <ele>55.470000000000006</ele>
   </trkpt>
   <trkpt lat="41.619460000000004" lon="26.479960000000002">
    <ele>55.790000000000006</ele>
   </trkpt>
   <trkpt lat="41.620140000000006" lon="26.479870000000002">
    <ele>55.980000000000004</ele>
   </trkpt>
   <trkpt lat="41.620850000000004" lon="26.479720000000004">
    <ele>56.21</ele>
   </trkpt>
   <trkpt lat="41.62173000028608" lon="26.47950500291308">
    <ele>56.77000000000001</ele>
   </trkpt>
   <trkpt lat="41.62261" lon="26.479290000000002">
    <ele>57.09</ele>
   </trkpt>
   <trkpt lat="41.623490000000004" lon="26.479110000000002">
    <ele>56.830000000000005</ele>
   </trkpt>
   <trkpt lat="41.623990000000006" lon="26.47906">
    <ele>56.45</ele>
   </trkpt>
   <trkpt lat="41.624480000000005" lon="26.47904">
    <ele>56.13</ele>
   </trkpt>
   <trkpt lat="41.6253750000291" lon="26.479064999653712">
    <ele>54.57000000000001</ele>
   </trkpt>
   <trkpt lat="41.626270000000005" lon="26.479090000000003">
    <ele>53.300000000000004</ele>
   </trkpt>
   <trkpt lat="41.62666" lon="26.479070000000004">
    <ele>53.09</ele>
   </trkpt>
   <trkpt lat="41.627300000000005" lon="26.478990000000003">
    <ele>52.53000000000001</ele>
   </trkpt>
   <trkpt lat="41.62753" lon="26.47894">
    <ele>52.190000000000005</ele>
   </trkpt>
   <trkpt lat="41.62832" lon="26.478690000000004">
    <ele>52.160000000000004</ele>
   </trkpt>
   <trkpt lat="41.62865" lon="26.47856">
    <ele>52.32000000000001</ele>
   </trkpt>
   <trkpt lat="41.62924" lon="26.478240000000003">
    <ele>52.34</ele>
   </trkpt>
   <trkpt lat="41.62979000000001" lon="26.47783">
    <ele>51.77</ele>
   </trkpt>
   <trkpt lat="41.630120000000005" lon="26.477660000000004">
    <ele>49.07</ele>
   </trkpt>
   <trkpt lat="41.630210000000005" lon="26.47764">
    <ele>47.870000000000005</ele>
   </trkpt>
   <trkpt lat="41.63029" lon="26.477660000000004">
    <ele>47.870000000000005</ele>
   </trkpt>
   <trkpt lat="41.6304" lon="26.47773">
    <ele>50.38</ele>
   </trkpt>
   <trkpt lat="41.630660000000006" lon="26.478060000000003">
    <ele>51.97</ele>
   </trkpt>
   <trkpt lat="41.63121" lon="26.478900000000003">
    <ele>50.79</ele>
   </trkpt>
   <trkpt lat="41.63134" lon="26.47905">
    <ele>50.79</ele>
   </trkpt>
   <trkpt lat="41.631620000000005" lon="26.47924">
    <ele>50.440000000000005</ele>
   </trkpt>
   <trkpt lat="41.632340000000006" lon="26.479260000000004">
    <ele>50.52</ele>
   </trkpt>
   <trkpt lat="41.632960000000004" lon="26.479190000000003">
    <ele>50.52</ele>
   </trkpt>
   <trkpt lat="41.63324" lon="26.47912">
    <ele>50.67000000000001</ele>
   </trkpt>
   <trkpt lat="41.63376" lon="26.47895">
    <ele>50.72</ele>
   </trkpt>
   <trkpt lat="41.634260000202346" lon="26.478770001374002">
    <ele>50.47</ele>
   </trkpt>
   <trkpt lat="41.63476" lon="26.47859">
    <ele>50.07</ele>
   </trkpt>
   <trkpt lat="41.635200000000005" lon="26.478450000000002">
    <ele>49.93</ele>
   </trkpt>
   <trkpt lat="41.63590000000001" lon="26.47831">
    <ele>49.46</ele>
   </trkpt>
   <trkpt lat="41.63647500011" lon="26.47821500083583">
    <ele>49.32</ele>
   </trkpt>
   <trkpt lat="41.63705" lon="26.47812">
    <ele>49.0</ele>
   </trkpt>
   <trkpt lat="41.637420000000006" lon="26.47803">
    <ele>48.720000000000006</ele>
   </trkpt>
   <trkpt lat="41.637840000000004" lon="26.4779">
    <ele>48.300000000000004</ele>
   </trkpt>
   <trkpt lat="41.63812" lon="26.477800000000002">
    <ele>48.13</ele>
   </trkpt>
   <trkpt lat="41.638933334372645" lon="26.477443342363696">
    <ele>47.75</ele>
   </trkpt>
   <trkpt lat="41.639746667642825" lon="26.47708667572489">
    <ele>47.59</ele>
   </trkpt>
   <trkpt lat="41.64056" lon="26.476730000000003">
    <ele>47.43000000000001</ele>
   </trkpt>
   <trkpt lat="41.640950000000004" lon="26.47662">
    <ele>47.07</ele>
   </trkpt>
   <trkpt lat="41.641420000000004" lon="26.476450000000003">
    <ele>47.150000000000006</ele>
   </trkpt>
   <trkpt lat="41.64197" lon="26.476170000000003">
    <ele>47.00000000000001</ele>
   </trkpt>
   <trkpt lat="41.642320000000005" lon="26.47595">
    <ele>46.900000000000006</ele>
   </trkpt>
   <trkpt lat="41.64247" lon="26.47575">
    <ele>46.89</ele>
   </trkpt>
   <trkpt lat="41.642540000000004" lon="26.475600000000004">
    <ele>47.00000000000001</ele>
   </trkpt>
   <trkpt lat="41.642770000000006" lon="26.474520000000002">
    <ele>46.74</ele>
   </trkpt>
   <trkpt lat="41.642860000000006" lon="26.47417">
    <ele>46.62</ele>
   </trkpt>
   <trkpt lat="41.64294" lon="26.474040000000002">
    <ele>46.43000000000001</ele>
   </trkpt>
   <trkpt lat="41.643080000000005" lon="26.47396">
    <ele>46.14</ele>
   </trkpt>
   <trkpt lat="41.64316" lon="26.47396">
    <ele>46.14</ele>
   </trkpt>
   <trkpt lat="41.643840000000004" lon="26.474220000000003">
    <ele>44.550000000000004</ele>
   </trkpt>
   <trkpt lat="41.644450000362426" lon="26.474504997306724">
    <ele>43.57</ele>
   </trkpt>
   <trkpt lat="41.64506" lon="26.474790000000002">
    <ele>43.440000000000005</ele>
   </trkpt>
   <trkpt lat="41.6452" lon="26.474800000000002">
    <ele>43.800000000000004</ele>
   </trkpt>
   <trkpt lat="41.64522" lon="26.474860000000003">
    <ele>43.800000000000004</ele>
   </trkpt>
   <trkpt lat="41.645270000000004" lon="26.474880000000002">
    <ele>43.77</ele>
   </trkpt>
   <trkpt lat="41.645320000000005" lon="26.474850000000004">
    <ele>43.77</ele>
   </trkpt>
   <trkpt lat="41.64575000000001" lon="26.475220000000004">
    <ele>43.53000000000001</ele>
   </trkpt>
   <trkpt lat="41.6458" lon="26.475330000000003">
    <ele>43.71000000000001</ele>
   </trkpt>
   <trkpt lat="41.64578" lon="26.475540000000002">
    <ele>43.75</ele>
   </trkpt>
   <trkpt lat="41.646240000000006" lon="26.476540000000004">
    <ele>43.730000000000004</ele>
   </trkpt>
   <trkpt lat="41.64658" lon="26.477220000000003">
    <ele>43.61</ele>
   </trkpt>
   <trkpt lat="41.64668" lon="26.477390000000003">
    <ele>43.43</ele>
   </trkpt>
   <trkpt lat="41.646860000000004" lon="26.477610000000002">
    <ele>43.35000000000001</ele>
   </trkpt>
   <trkpt lat="41.647110000000005" lon="26.477860000000003">
    <ele>43.34</ele>
   </trkpt>
   <trkpt lat="41.64734000000001" lon="26.478170000000002">
    <ele>43.28000000000001</ele>
   </trkpt>
   <trkpt lat="41.64766500133283" lon="26.478744996922572">
    <ele>43.09</ele>
   </trkpt>
   <trkpt lat="41.64799" lon="26.47932">
    <ele>42.68</ele>
   </trkpt>
   <trkpt lat="41.64847000482834" lon="26.480066655534724">
    <ele>42.18</ele>
   </trkpt>
   <trkpt lat="41.64895000482479" lon="26.480813322195715">
    <ele>41.980000000000004</ele>
   </trkpt>
   <trkpt lat="41.64943" lon="26.48156">
    <ele>42.260000000000005</ele>
   </trkpt>
   <trkpt lat="41.64960000000001" lon="26.481620000000003">
    <ele>42.35</ele>
   </trkpt>
   <trkpt lat="41.649660000000004" lon="26.48167">
    <ele>42.35</ele>
   </trkpt>
   <trkpt lat="41.64974" lon="26.481890000000003">
    <ele>41.82</ele>
   </trkpt>
   <trkpt lat="41.64978000000001" lon="26.482170000000004">
    <ele>41.75</ele>
   </trkpt>
   <trkpt lat="41.650316672678834" lon="26.483003319438385">
    <ele>41.410000000000004</ele>
   </trkpt>
   <trkpt lat="41.65085333933897" lon="26.483836652761358">
    <ele>41.43</ele>
   </trkpt>
   <trkpt lat="41.651390000000006" lon="26.48467">
    <ele>41.43</ele>
   </trkpt>
   <trkpt lat="41.65156" lon="26.484910000000003">
    <ele>41.43</ele>
   </trkpt>
   <trkpt lat="41.652043336894224" lon="26.48554999041006">
    <ele>41.24</ele>
   </trkpt>
   <trkpt lat="41.65252667023844" lon="26.486189990424347">
    <ele>41.18</ele>
   </trkpt>
   <trkpt lat="41.65301" lon="26.48683">
    <ele>41.11</ele>
   </trkpt>
   <trkpt lat="41.653310000000005" lon="26.487280000000002">
    <ele>41.06</ele>
   </trkpt>
   <trkpt lat="41.653560000000006" lon="26.48785">
    <ele>41.550000000000004</ele>
   </trkpt>
   <trkpt lat="41.65382" lon="26.488660000000003">
    <ele>41.45</ele>
   </trkpt>
   <trkpt lat="41.65404500266621" lon="26.48944999710559">
    <ele>41.99000000000001</ele>
   </trkpt>
   <trkpt lat="41.654270000000004" lon="26.490240000000004">
    <ele>42.49000000000001</ele>
   </trkpt>
   <trkpt lat="41.65431" lon="26.490550000000002">
    <ele>42.5</ele>
   </trkpt>
   <trkpt lat="41.654300000000006" lon="26.49067">
    <ele>42.5</ele>
   </trkpt>
   <trkpt lat="41.65424" lon="26.49086">
    <ele>42.67000000000001</ele>
   </trkpt>
   <trkpt lat="41.65424" lon="26.49095">
    <ele>42.67000000000001</ele>
   </trkpt>
   <trkpt lat="41.65433" lon="26.491280000000003">
    <ele>42.690000000000005</ele>
   </trkpt>
   <trkpt lat="41.6544" lon="26.49142">
    <ele>42.81</ele>
   </trkpt>
   <trkpt lat="41.65449" lon="26.49153">
    <ele>42.81</ele>
   </trkpt>
   <trkpt lat="41.654610000000005" lon="26.49162">
    <ele>42.800000000000004</ele>
   </trkpt>
   <trkpt lat="41.654810000000005" lon="26.4917">
    <ele>42.620000000000005</ele>
   </trkpt>
   <trkpt lat="41.65487" lon="26.491750000000003">
    <ele>42.63</ele>
   </trkpt>
   <trkpt lat="41.65510000181339" lon="26.49240999742984">
    <ele>42.52</ele>
   </trkpt>
   <trkpt lat="41.655330000000006" lon="26.493070000000003">
    <ele>42.7</ele>
   </trkpt>
   <trkpt lat="41.6555250015294" lon="26.493669998088937">
    <ele>42.89</ele>
   </trkpt>
   <trkpt lat="41.65572" lon="26.494270000000004">
    <ele>43.010000000000005</ele>
   </trkpt>
   <trkpt lat="41.656040000000004" lon="26.494940000000003">
    <ele>43.31</ele>
   </trkpt>
   <trkpt lat="41.65636000000001" lon="26.495440000000002">
    <ele>43.31</ele>
   </trkpt>
   <trkpt lat="41.65675500124036" lon="26.495974996718765">
    <ele>43.35000000000001</ele>
   </trkpt>
   <trkpt lat="41.65715" lon="26.49651">
    <ele>43.38</ele>
   </trkpt>
   <trkpt lat="41.657320000000006" lon="26.49677">
    <ele>43.36</ele>
   </trkpt>
   <trkpt lat="41.657590000000006" lon="26.497290000000003">
    <ele>43.260000000000005</ele>
   </trkpt>
   <trkpt lat="41.657810000000005" lon="26.49782">
    <ele>42.82</ele>
   </trkpt>
   <trkpt lat="41.658150014677815" lon="26.498882483174974">
    <ele>42.25</ele>
   </trkpt>
   <trkpt lat="41.65849001957124" lon="26.499944977568745">
    <ele>41.85</ele>
   </trkpt>
   <trkpt lat="41.65883001468004" lon="26.501007483181244">
    <ele>41.77</ele>
   </trkpt>
   <trkpt lat="41.65917" lon="26.502070000000003">
    <ele>41.63</ele>
   </trkpt>
   <trkpt lat="41.65941500271312" lon="26.502864996891542">
    <ele>41.57</ele>
   </trkpt>
   <trkpt lat="41.65966" lon="26.503660000000004">
    <ele>41.49</ele>
   </trkpt>
   <trkpt lat="41.65983000000001" lon="26.504330000000003">
    <ele>41.470000000000006</ele>
   </trkpt>
   <trkpt lat="41.659980000000004" lon="26.505270000000003">
    <ele>41.620000000000005</ele>
   </trkpt>
   <trkpt lat="41.660030000000006" lon="26.505810000000004">
    <ele>41.760000000000005</ele>
   </trkpt>
   <trkpt lat="41.66004" lon="26.506490000000003">
    <ele>42.06</ele>
   </trkpt>
   <trkpt lat="41.660036690178586" lon="26.507531666914733">
    <ele>42.21</ele>
   </trkpt>
   <trkpt lat="41.660033370952426" lon="26.508573333722232">
    <ele>42.480000000000004</ele>
   </trkpt>
   <trkpt lat="41.66003004232152" lon="26.509615000422198">
    <ele>42.620000000000005</ele>
   </trkpt>
   <trkpt lat="41.66002670428588" lon="26.51065666701433">
    <ele>42.59</ele>
   </trkpt>
   <trkpt lat="41.66002335684551" lon="26.51169833349832">
    <ele>42.06</ele>
   </trkpt>
   <trkpt lat="41.66002" lon="26.51274">
    <ele>41.010000000000005</ele>
   </trkpt>
   <trkpt lat="41.660000000000004" lon="26.51378">
    <ele>40.42</ele>
   </trkpt>
   <trkpt lat="41.6599" lon="26.51395">
    <ele>40.42</ele>
   </trkpt>
   <trkpt lat="41.65988" lon="26.514020000000002">
    <ele>40.42</ele>
   </trkpt>
   <trkpt lat="41.6599" lon="26.514180000000003">
    <ele>40.190000000000005</ele>
   </trkpt>
   <trkpt lat="41.659960000000005" lon="26.51432">
    <ele>40.190000000000005</ele>
   </trkpt>
   <trkpt lat="41.660030000000006" lon="26.514390000000002">
    <ele>40.190000000000005</ele>
   </trkpt>
   <trkpt lat="41.660070000000005" lon="26.514460000000003">
    <ele>39.970000000000006</ele>
   </trkpt>
   <trkpt lat="41.66028" lon="26.51525">
    <ele>40.35</ele>
   </trkpt>
   <trkpt lat="41.66039000000001" lon="26.515570000000004">
    <ele>40.900000000000006</ele>
   </trkpt>
   <trkpt lat="41.66053" lon="26.51592">
    <ele>41.27</ele>
   </trkpt>
   <trkpt lat="41.66071" lon="26.516270000000002">
    <ele>42.11</ele>
   </trkpt>
   <trkpt lat="41.66109" lon="26.516900000000003">
    <ele>42.96</ele>
   </trkpt>
   <trkpt lat="41.66171753417295" lon="26.517746575908664">
    <ele>43.38</ele>
   </trkpt>
   <trkpt lat="41.6623450621339" lon="26.51859316831757">
    <ele>42.63</ele>
   </trkpt>
   <trkpt lat="41.66297258388256" lon="26.51943977722723">
    <ele>41.18</ele>
   </trkpt>
   <trkpt lat="41.663600099418694" lon="26.52028640263819">
    <ele>40.080000000000005</ele>
   </trkpt>
   <trkpt lat="41.66422760874206" lon="26.521133044550954">
    <ele>38.98</ele>
   </trkpt>
   <trkpt lat="41.66485511185236" lon="26.52197970296605">
    <ele>37.57000000000001</ele>
   </trkpt>
   <trkpt lat="41.66548260874936" lon="26.522826377883995">
    <ele>36.24</ele>
   </trkpt>
   <trkpt lat="41.6661100994328" lon="26.52367306930532">
    <ele>35.17</ele>
   </trkpt>
   <trkpt lat="41.66673758390243" lon="26.52451977723054">
    <ele>34.29</ele>
   </trkpt>
   <trkpt lat="41.66736506215798" lon="26.525366501660187">
    <ele>33.22</ele>
   </trkpt>
   <trkpt lat="41.66799253419918" lon="26.52621324259477">
    <ele>33.370000000000005</ele>
   </trkpt>
   <trkpt lat="41.668620000000004" lon="26.527060000000002">
    <ele>33.45</ele>
   </trkpt>
   <trkpt lat="41.66918126828052" lon="26.527836202627636">
    <ele>33.550000000000004</ele>
   </trkpt>
   <trkpt lat="41.66974253133873" lon="26.528612418789894">
    <ele>33.7</ele>
   </trkpt>
   <trkpt lat="41.67030378917441" lon="26.529388648487156">
    <ele>33.68</ele>
   </trkpt>
   <trkpt lat="41.670865041787415" lon="26.5301648917198">
    <ele>33.74</ele>
   </trkpt>
   <trkpt lat="41.6714262891775" lon="26.5309411484882">
    <ele>33.830000000000005</ele>
   </trkpt>
   <trkpt lat="41.67198753134451" lon="26.53171741879273">
    <ele>33.99</ele>
   </trkpt>
   <trkpt lat="41.67254876828821" lon="26.532493702633776">
    <ele>34.58</ele>
   </trkpt>
   <trkpt lat="41.67311" lon="26.53327">
    <ele>34.92</ele>
   </trkpt>
   <trkpt lat="41.673320000000004" lon="26.533640000000002">
    <ele>36.78</ele>
   </trkpt>
   <trkpt lat="41.6738" lon="26.5343">
    <ele>38.98</ele>
   </trkpt>
   <trkpt lat="41.674310000000006" lon="26.535050000000002">
    <ele>36.63</ele>
   </trkpt>
   <trkpt lat="41.67469000239697" lon="26.53579499558495">
    <ele>36.84</ele>
   </trkpt>
   <trkpt lat="41.675070000000005" lon="26.536540000000002">
    <ele>38.35</ele>
   </trkpt>
   <trkpt lat="41.67526" lon="26.536710000000003">
    <ele>38.53</ele>
   </trkpt>
   <trkpt lat="41.67591" lon="26.536970000000004">
    <ele>38.73</ele>
   </trkpt>
   <trkpt lat="41.676190000000005" lon="26.53723">
    <ele>38.96</ele>
   </trkpt>
   <trkpt lat="41.67638" lon="26.537470000000003">
    <ele>39.74</ele>
   </trkpt>
   <trkpt lat="41.676790000000004" lon="26.538120000000003">
    <ele>40.68</ele>
   </trkpt>
   <trkpt lat="41.67696" lon="26.53853">
    <ele>40.68</ele>
   </trkpt>
   <trkpt lat="41.67707" lon="26.538950000000003">
    <ele>41.06</ele>
   </trkpt>
   <trkpt lat="41.67714" lon="26.539520000000003">
    <ele>42.09</ele>
   </trkpt>
   <trkpt lat="41.67718" lon="26.540260000000004">
    <ele>42.39</ele>
   </trkpt>
   <trkpt lat="41.67722334171282" lon="26.541243331963837">
    <ele>42.2</ele>
   </trkpt>
   <trkpt lat="41.67726667504417" lon="26.54222666525197">
    <ele>42.14</ele>
   </trkpt>
   <trkpt lat="41.677310000000006" lon="26.543210000000002">
    <ele>41.510000000000005</ele>
   </trkpt>
   <trkpt lat="41.6773" lon="26.543650000000003">
    <ele>41.510000000000005</ele>
   </trkpt>
   <trkpt lat="41.67716" lon="26.544390000000003">
    <ele>40.980000000000004</ele>
   </trkpt>
   <trkpt lat="41.67698" lon="26.544680000000003">
    <ele>40.690000000000005</ele>
   </trkpt>
   <trkpt lat="41.67689" lon="26.544710000000002">
    <ele>40.78</ele>
   </trkpt>
   <trkpt lat="41.67683" lon="26.54482">
    <ele>40.870000000000005</ele>
   </trkpt>
   <trkpt lat="41.67691000000001" lon="26.545700000000004">
    <ele>41.72</ele>
   </trkpt>
   <trkpt lat="41.676970000000004" lon="26.54679">
    <ele>42.230000000000004</ele>
   </trkpt>
   <trkpt lat="41.676970000000004" lon="26.547690000000003">
    <ele>43.42</ele>
   </trkpt>
   <trkpt lat="41.67694000587372" lon="26.548513334159654">
    <ele>44.370000000000005</ele>
   </trkpt>
   <trkpt lat="41.67691000587157" lon="26.54933666755182">
    <ele>46.160000000000004</ele>
   </trkpt>
   <trkpt lat="41.676880000000004" lon="26.55016">
    <ele>47.839999999999996</ele>
   </trkpt>
   <trkpt lat="41.67689" lon="26.551000000000002">
    <ele>50.25</ele>
   </trkpt>
   <trkpt lat="41.676860000000005" lon="26.5511">
    <ele>50.25</ele>
   </trkpt>
   <trkpt lat="41.676860000000005" lon="26.552000000000003">
    <ele>52.02</ele>
   </trkpt>
   <trkpt lat="41.67690000665818" lon="26.552876665498662">
    <ele>54.52</ele>
   </trkpt>
   <trkpt lat="41.676940006654604" lon="26.553753332087123">
    <ele>57.81000000000001</ele>
   </trkpt>
   <trkpt lat="41.67698" lon="26.554630000000003">
    <ele>59.81</ele>
   </trkpt>
   <trkpt lat="41.677000001639705" lon="26.555244999823415">
    <ele>61.63</ele>
   </trkpt>
   <trkpt lat="41.677020000000006" lon="26.555860000000003">
    <ele>62.00000000000001</ele>
   </trkpt>
   <trkpt lat="41.67699" lon="26.55591">
    <ele>62.00000000000001</ele>
   </trkpt>
   <trkpt lat="41.67631" lon="26.556680000000004">
    <ele>62.06</ele>
   </trkpt>
   <trkpt lat="41.67579000118381" lon="26.55721500438074">
    <ele>62.51000000000001</ele>
   </trkpt>
   <trkpt lat="41.675270000000005" lon="26.557750000000002">
    <ele>62.480000000000004</ele>
   </trkpt>
   <trkpt lat="41.67499" lon="26.558090000000004">
    <ele>62.58000000000001</ele>
   </trkpt>
   <trkpt lat="41.67472" lon="26.558490000000003">
    <ele>62.76000000000001</ele>
   </trkpt>
   <trkpt lat="41.6744000012859" lon="26.559030002647344">
    <ele>63.25</ele>
   </trkpt>
   <trkpt lat="41.674080000000004" lon="26.55957">
    <ele>63.51000000000001</ele>
   </trkpt>
   <trkpt lat="41.67355430533197" lon="26.560438613991987">
    <ele>64.34</ele>
   </trkpt>
   <trkpt lat="41.67302860412419" lon="26.561307213795846">
    <ele>63.36</ele>
   </trkpt>
   <trkpt lat="41.67250289637692" lon="26.56217579941189">
    <ele>60.60000000000001</ele>
   </trkpt>
   <trkpt lat="41.67197718209038" lon="26.563044370840437">
    <ele>54.98</ele>
   </trkpt>
   <trkpt lat="41.671451461264795" lon="26.56391292808181">
    <ele>50.31000000000001</ele>
   </trkpt>
   <trkpt lat="41.67092573390039" lon="26.564781471136317">
    <ele>48.260000000000005</ele>
   </trkpt>
   <trkpt lat="41.6704" lon="26.56565">
    <ele>48.21</ele>
   </trkpt>
   <trkpt lat="41.67029" lon="26.56585">
    <ele>48.010000000000005</ele>
   </trkpt>
   <trkpt lat="41.67006000000001" lon="26.566380000000002">
    <ele>47.540000000000006</ele>
   </trkpt>
   <trkpt lat="41.66979500190109" lon="26.567035002593098">
    <ele>46.95</ele>
   </trkpt>
   <trkpt lat="41.66953" lon="26.567690000000002">
    <ele>46.68000000000001</ele>
   </trkpt>
   <trkpt lat="41.66933" lon="26.568240000000003">
    <ele>46.06</ele>
   </trkpt>
   <trkpt lat="41.66928" lon="26.568340000000003">
    <ele>46.06</ele>
   </trkpt>
   <trkpt lat="41.669200000000004" lon="26.56858">
    <ele>45.94</ele>
   </trkpt>
   <trkpt lat="41.668950001225696" lon="26.569110002040535">
    <ele>45.57000000000001</ele>
   </trkpt>
   <trkpt lat="41.6687" lon="26.569640000000003">
    <ele>45.53</ele>
   </trkpt>
   <trkpt lat="41.66819" lon="26.57063">
    <ele>44.79</ele>
   </trkpt>
   <trkpt lat="41.66767" lon="26.571430000000003">
    <ele>44.26</ele>
   </trkpt>
   <trkpt lat="41.66711" lon="26.572190000000003">
    <ele>43.940000000000005</ele>
   </trkpt>
   <trkpt lat="41.666790000000006" lon="26.572550000000003">
    <ele>43.65</ele>
   </trkpt>
   <trkpt lat="41.66667" lon="26.57279">
    <ele>43.56</ele>
   </trkpt>
   <trkpt lat="41.666520000000006" lon="26.573040000000002">
    <ele>43.56</ele>
   </trkpt>
   <trkpt lat="41.666195000714026" lon="26.573465002235256">
    <ele>43.9</ele>
   </trkpt>
   <trkpt lat="41.665870000000005" lon="26.573890000000002">
    <ele>43.980000000000004</ele>
   </trkpt>
   <trkpt lat="41.66523366563776" lon="26.57471189939905">
    <ele>43.93</ele>
   </trkpt>
   <trkpt lat="41.6645973254205" lon="26.57553378255232">
    <ele>43.65</ele>
   </trkpt>
   <trkpt lat="41.66396097934849" lon="26.57635564946035">
    <ele>43.39</ele>
   </trkpt>
   <trkpt lat="41.66332462742197" lon="26.577177500123685">
    <ele>43.06</ele>
   </trkpt>
   <trkpt lat="41.66268826964118" lon="26.577999334542845">
    <ele>42.82</ele>
   </trkpt>
   <trkpt lat="41.662051906006376" lon="26.57882115271838">
    <ele>42.74</ele>
   </trkpt>
   <trkpt lat="41.661415536517815" lon="26.57964295465081">
    <ele>42.440000000000005</ele>
   </trkpt>
   <trkpt lat="41.66077916117572" lon="26.580464740340684">
    <ele>42.07</ele>
   </trkpt>
   <trkpt lat="41.66014277998035" lon="26.58128650978852">
    <ele>41.81000000000001</ele>
   </trkpt>
   <trkpt lat="41.65950639293195" lon="26.58210826299487">
    <ele>41.510000000000005</ele>
   </trkpt>
   <trkpt lat="41.65887" lon="26.58293">
    <ele>41.190000000000005</ele>
   </trkpt>
   <trkpt lat="41.658280000000005" lon="26.583640000000003">
    <ele>40.970000000000006</ele>
   </trkpt>
   <trkpt lat="41.6582" lon="26.583720000000003">
    <ele>40.93</ele>
   </trkpt>
   <trkpt lat="41.65771" lon="26.584380000000003">
    <ele>40.75</ele>
   </trkpt>
   <trkpt lat="41.657056672247464" lon="26.585186683105622">
    <ele>40.39</ele>
   </trkpt>
   <trkpt lat="41.6564033388549" lon="26.58599334984513">
    <ele>39.830000000000005</ele>
   </trkpt>
   <trkpt lat="41.655750000000005" lon="26.586800000000004">
    <ele>39.67</ele>
   </trkpt>
   <trkpt lat="41.65536" lon="26.587310000000002">
    <ele>39.800000000000004</ele>
   </trkpt>
   <trkpt lat="41.654735012579366" lon="26.58807170360947">
    <ele>39.96</ele>
   </trkpt>
   <trkpt lat="41.65411002013017" lon="26.58883339243693">
    <ele>40.57</ele>
   </trkpt>
   <trkpt lat="41.65348502265263" lon="26.589595066482882">
    <ele>41.080000000000005</ele>
   </trkpt>
   <trkpt lat="41.652860020146946" lon="26.590356725747824">
    <ele>41.580000000000005</ele>
   </trkpt>
   <trkpt lat="41.65223501261333" lon="26.59111837023224">
    <ele>41.95</ele>
   </trkpt>
   <trkpt lat="41.651610000000005" lon="26.591880000000003">
    <ele>42.28</ele>
   </trkpt>
   <trkpt lat="41.650980000000004" lon="26.59261">
    <ele>42.64</ele>
   </trkpt>
   <trkpt lat="41.6505" lon="26.593020000000003">
    <ele>42.910000000000004</ele>
   </trkpt>
   <trkpt lat="41.650420000000004" lon="26.593040000000002">
    <ele>42.910000000000004</ele>
   </trkpt>
   <trkpt lat="41.650360000000006" lon="26.59308">
    <ele>42.79</ele>
   </trkpt>
   <trkpt lat="41.65005" lon="26.59373">
    <ele>42.95</ele>
   </trkpt>
   <trkpt lat="41.64981" lon="26.594070000000002">
    <ele>43.2</ele>
   </trkpt>
   <trkpt lat="41.64945500089778" lon="26.594515002402527">
    <ele>43.38</ele>
   </trkpt>
   <trkpt lat="41.649100000000004" lon="26.594960000000004">
    <ele>43.370000000000005</ele>
   </trkpt>
   <trkpt lat="41.648452680006386" lon="26.595748037232866">
    <ele>43.31</ele>
   </trkpt>
   <trkpt lat="41.647805354630655" lon="26.59653605862972">
    <ele>43.440000000000005</ele>
   </trkpt>
   <trkpt lat="41.647158023873025" lon="26.59732406419112">
    <ele>43.15</ele>
   </trkpt>
   <trkpt lat="41.646510687733745" lon="26.5981120539176">
    <ele>43.010000000000005</ele>
   </trkpt>
   <trkpt lat="41.645863346213034" lon="26.598900027809712">
    <ele>42.86</ele>
   </trkpt>
   <trkpt lat="41.64521599931114" lon="26.59968798586801">
    <ele>42.52</ele>
   </trkpt>
   <trkpt lat="41.64456864702827" lon="26.60047592809303">
    <ele>42.29</ele>
   </trkpt>
   <trkpt lat="41.64392128936467" lon="26.601263854485325">
    <ele>42.260000000000005</ele>
   </trkpt>
   <trkpt lat="41.64327392632055" lon="26.60205176504544">
    <ele>42.14</ele>
   </trkpt>
   <trkpt lat="41.642626557896186" lon="26.60283965977392">
    <ele>42.150000000000006</ele>
   </trkpt>
   <trkpt lat="41.64197918409175" lon="26.603627538671326">
    <ele>41.84</ele>
   </trkpt>
   <trkpt lat="41.641331804907516" lon="26.604415401738184">
    <ele>41.75</ele>
   </trkpt>
   <trkpt lat="41.6406844203437" lon="26.605203248975048">
    <ele>42.0</ele>
   </trkpt>
   <trkpt lat="41.64003703040052" lon="26.60599108038247">
    <ele>42.120000000000005</ele>
   </trkpt>
   <trkpt lat="41.63938963507823" lon="26.606778895960993">
    <ele>42.52</ele>
   </trkpt>
   <trkpt lat="41.63874223437705" lon="26.60756669571116">
    <ele>42.800000000000004</ele>
   </trkpt>
   <trkpt lat="41.6380948282972" lon="26.608354479633523">
    <ele>43.190000000000005</ele>
   </trkpt>
   <trkpt lat="41.63744741683894" lon="26.60914224772863">
    <ele>43.5</ele>
   </trkpt>
   <trkpt lat="41.6368" lon="26.609930000000002">
    <ele>43.79</ele>
   </trkpt>
   <trkpt lat="41.636272505486545" lon="26.61058001596682">
    <ele>43.9</ele>
   </trkpt>
   <trkpt lat="41.63574500731138" lon="26.611230021293764">
    <ele>44.43000000000001</ele>
   </trkpt>
   <trkpt lat="41.635217505474586" lon="26.61188001598113">
    <ele>44.79</ele>
   </trkpt>
   <trkpt lat="41.634690000000006" lon="26.612530000000003">
    <ele>45.07000000000001</ele>
   </trkpt>
   <trkpt lat="41.634176670701926" lon="26.613213344232832">
    <ele>45.44</ele>
   </trkpt>
   <trkpt lat="41.63366333735703" lon="26.613896677581412">
    <ele>45.78</ele>
   </trkpt>
   <trkpt lat="41.63315" lon="26.614580000000004">
    <ele>45.63</ele>
   </trkpt>
   <trkpt lat="41.63283500077262" lon="26.615020002242787">
    <ele>45.63</ele>
   </trkpt>
   <trkpt lat="41.63252000000001" lon="26.615460000000002">
    <ele>45.8</ele>
   </trkpt>
   <trkpt lat="41.63215" lon="26.616010000000003">
    <ele>45.550000000000004</ele>
   </trkpt>
   <trkpt lat="41.631600000000006" lon="26.616740000000004">
    <ele>45.540000000000006</ele>
   </trkpt>
   <trkpt lat="41.63106667133756" lon="26.617473345453515">
    <ele>45.45</ele>
   </trkpt>
   <trkpt lat="41.630533338014445" lon="26.61820667877261">
    <ele>45.4</ele>
   </trkpt>
   <trkpt lat="41.63" lon="26.618940000000002">
    <ele>45.2</ele>
   </trkpt>
   <trkpt lat="41.6295750016805" lon="26.619545003854046">
    <ele>44.59</ele>
   </trkpt>
   <trkpt lat="41.62915" lon="26.620150000000002">
    <ele>44.36</ele>
   </trkpt>
   <trkpt lat="41.6285200030156" lon="26.62099000826439">
    <ele>43.74</ele>
   </trkpt>
   <trkpt lat="41.62789" lon="26.621830000000003">
    <ele>43.17000000000001</ele>
   </trkpt>
   <trkpt lat="41.62737667063389" lon="26.62250667744322">
    <ele>43.17000000000001</ele>
   </trkpt>
   <trkpt lat="41.62686333729963" lon="26.623183344110952">
    <ele>43.43</ele>
   </trkpt>
   <trkpt lat="41.62635" lon="26.62386">
    <ele>43.58</ele>
   </trkpt>
   <trkpt lat="41.62581333810144" lon="26.624603345735924">
    <ele>43.96000000000001</ele>
   </trkpt>
   <trkpt lat="41.62527667141434" lon="26.625346679097365">
    <ele>44.480000000000004</ele>
   </trkpt>
   <trkpt lat="41.62474" lon="26.62609">
    <ele>44.68000000000001</ele>
   </trkpt>
   <trkpt lat="41.62425" lon="26.626800000000003">
    <ele>45.12</ele>
   </trkpt>
   <trkpt lat="41.62370500246554" lon="26.627555006387553">
    <ele>45.49</ele>
   </trkpt>
   <trkpt lat="41.623160000000006" lon="26.628310000000003">
    <ele>45.980000000000004</ele>
   </trkpt>
   <trkpt lat="41.62270000332262" lon="26.628926675428595">
    <ele>46.59</ele>
   </trkpt>
   <trkpt lat="41.62224000334968" lon="26.629543342058877">
    <ele>47.080000000000005</ele>
   </trkpt>
   <trkpt lat="41.62178" lon="26.630160000000004">
    <ele>47.38</ele>
   </trkpt>
   <trkpt lat="41.621395001354365" lon="26.630720003349886">
    <ele>47.89</ele>
   </trkpt>
   <trkpt lat="41.621010000000005" lon="26.631280000000004">
    <ele>48.11000000000001</ele>
   </trkpt>
   <trkpt lat="41.620453768810755" lon="26.632067547547436">
    <ele>48.71</ele>
   </trkpt>
   <trkpt lat="41.619897532246654" lon="26.632855081509057">
    <ele>49.61</ele>
   </trkpt>
   <trkpt lat="41.61934129030794" lon="26.633642601885242">
    <ele>50.06000000000001</ele>
   </trkpt>
   <trkpt lat="41.618785042994794" lon="26.634430108676344">
    <ele>50.230000000000004</ele>
   </trkpt>
   <trkpt lat="41.618228790307406" lon="26.63521760188275">
    <ele>50.52</ele>
   </trkpt>
   <trkpt lat="41.61767253224599" lon="26.636005081504813">
    <ele>51.410000000000004</ele>
   </trkpt>
   <trkpt lat="41.61711626881074" lon="26.636792547542914">
    <ele>52.0</ele>
   </trkpt>
   <trkpt lat="41.61656000000001" lon="26.637580000000003">
    <ele>52.47</ele>
   </trkpt>
   <trkpt lat="41.6159925190539" lon="26.638372548804014">
    <ele>53.25000000000001</ele>
   </trkpt>
   <trkpt lat="41.61542503266456" lon="26.639165083661606">
    <ele>53.85</ele>
   </trkpt>
   <trkpt lat="41.61485754083223" lon="26.639957604573183">
    <ele>55.05</ele>
   </trkpt>
   <trkpt lat="41.614290043557105" lon="26.640750111539123">
    <ele>58.910000000000004</ele>
   </trkpt>
   <trkpt lat="41.61372254083938" lon="26.64154260455982">
    <ele>62.88</ele>
   </trkpt>
   <trkpt lat="41.61315503267927" lon="26.642335083635665">
    <ele>66.96000000000001</ele>
   </trkpt>
   <trkpt lat="41.61258751907698" lon="26.643127548767037">
    <ele>70.85000000000001</ele>
   </trkpt>
   <trkpt lat="41.61202" lon="26.64392">
    <ele>76.39</ele>
   </trkpt>
   <trkpt lat="41.61167000136817" lon="26.644480003023396">
    <ele>78.33000000000001</ele>
   </trkpt>
   <trkpt lat="41.611320000000006" lon="26.64504">
    <ele>79.77000000000001</ele>
   </trkpt>
   <trkpt lat="41.61084" lon="26.64589">
    <ele>79.42999999999999</ele>
   </trkpt>
   <trkpt lat="41.61063" lon="26.64629">
    <ele>78.55000000000001</ele>
   </trkpt>
   <trkpt lat="41.61037000134976" lon="26.64684000213405">
    <ele>77.34</ele>
   </trkpt>
   <trkpt lat="41.610110000000006" lon="26.64739">
    <ele>75.07000000000001</ele>
   </trkpt>
   <trkpt lat="41.60978000248648" lon="26.648150003924858">
    <ele>73.94</ele>
   </trkpt>
   <trkpt lat="41.60945" lon="26.64891">
    <ele>74.23</ele>
   </trkpt>
   <trkpt lat="41.60897000000001" lon="26.649870000000004">
    <ele>76.12</ele>
   </trkpt>
   <trkpt lat="41.6086" lon="26.650930000000002">
    <ele>81.30000000000001</ele>
   </trkpt>
   <trkpt lat="41.608325002146856" lon="26.65163000292326">
    <ele>83.94</ele>
   </trkpt>
   <trkpt lat="41.608050000000006" lon="26.652330000000003">
    <ele>87.41</ele>
   </trkpt>
   <trkpt lat="41.60771250838332" lon="26.653132512564895">
    <ele>90.23</ele>
   </trkpt>
   <trkpt lat="41.60737501118585" lon="26.6539350167337">
    <ele>92.6</ele>
   </trkpt>
   <trkpt lat="41.60703750840775" lon="26.654737512506472">
    <ele>93.46</ele>
   </trkpt>
   <trkpt lat="41.606700000000004" lon="26.655540000000002">
    <ele>92.86000000000001</ele>
   </trkpt>
   <trkpt lat="41.60633333853381" lon="26.65631334208487">
    <ele>90.44</ele>
   </trkpt>
   <trkpt lat="41.60596667188521" lon="26.657086675379976">
    <ele>87.54</ele>
   </trkpt>
   <trkpt lat="41.6056" lon="26.657860000000003">
    <ele>83.0</ele>
   </trkpt>
   <trkpt lat="41.60510500431874" lon="26.658860007700035">
    <ele>79.77000000000001</ele>
   </trkpt>
   <trkpt lat="41.60461" lon="26.659860000000002">
    <ele>79.15</ele>
   </trkpt>
   <trkpt lat="41.60465000000001" lon="26.65999">
    <ele>78.92999999999999</ele>
   </trkpt>
   <trkpt lat="41.60473" lon="26.66006">
    <ele>78.89</ele>
   </trkpt>
   <trkpt lat="41.60483000000001" lon="26.660090000000004">
    <ele>78.62</ele>
   </trkpt>
   <trkpt lat="41.605340000000005" lon="26.66046">
    <ele>78.03</ele>
   </trkpt>
   <trkpt lat="41.60609667009785" lon="26.661089985216332">
    <ele>78.21</ele>
   </trkpt>
   <trkpt lat="41.606853336756444" lon="26.661719985209338">
    <ele>78.51</ele>
   </trkpt>
   <trkpt lat="41.60761" lon="26.662350000000004">
    <ele>79.03</ele>
   </trkpt>
   <trkpt lat="41.60821500119189" lon="26.662869995141083">
    <ele>79.42</ele>
   </trkpt>
   <trkpt lat="41.60882" lon="26.663390000000003">
    <ele>79.26</ele>
   </trkpt>
   <trkpt lat="41.60941500139657" lon="26.663929995140382">
    <ele>78.75</ele>
   </trkpt>
   <trkpt lat="41.61001" lon="26.66447">
    <ele>78.36000000000001</ele>
   </trkpt>
   <trkpt lat="41.61072" lon="26.665160000000004">
    <ele>77.9</ele>
   </trkpt>
   <trkpt lat="41.611280001719045" lon="26.665774994749285">
    <ele>77.28</ele>
   </trkpt>
   <trkpt lat="41.61184" lon="26.666390000000003">
    <ele>76.9</ele>
   </trkpt>
   <trkpt lat="41.61228333600337" lon="26.666936659251512">
    <ele>76.33000000000001</ele>
   </trkpt>
   <trkpt lat="41.612726669417086" lon="26.66748332601721">
    <ele>75.76</ele>
   </trkpt>
   <trkpt lat="41.613170000000004" lon="26.66803">
    <ele>75.39000000000001</ele>
   </trkpt>
   <trkpt lat="41.61372000231848" lon="26.66875499387214">
    <ele>75.18</ele>
   </trkpt>
   <trkpt lat="41.614270000000005" lon="26.669480000000004">
    <ele>75.66</ele>
   </trkpt>
   <trkpt lat="41.61485667995033" lon="26.67026329769531">
    <ele>76.12</ele>
   </trkpt>
   <trkpt lat="41.61544335458362" lon="26.671046609640122">
    <ele>76.53</ele>
   </trkpt>
   <trkpt lat="41.61603002389967" lon="26.671829935834854">
    <ele>76.82</ele>
   </trkpt>
   <trkpt lat="41.61661668789825" lon="26.67261327627994">
    <ele>76.78</ele>
   </trkpt>
   <trkpt lat="41.617203346579174" lon="26.6733966309758">
    <ele>76.13</ele>
   </trkpt>
   <trkpt lat="41.61779000000001" lon="26.674180000000003">
    <ele>75.82000000000001</ele>
   </trkpt>
   <trkpt lat="41.61835000000001" lon="26.674870000000002">
    <ele>75.43</ele>
   </trkpt>
   <trkpt lat="41.61870500105809" lon="26.675364997270187">
    <ele>75.05</ele>
   </trkpt>
   <trkpt lat="41.619060000000005" lon="26.675860000000004">
    <ele>74.68</ele>
   </trkpt>
   <trkpt lat="41.6195" lon="26.676510000000004">
    <ele>74.07000000000001</ele>
   </trkpt>
   <trkpt lat="41.61972" lon="26.676890000000004">
    <ele>73.77</ele>
   </trkpt>
   <trkpt lat="41.62035000250281" lon="26.677649992575393">
    <ele>71.86</ele>
   </trkpt>
   <trkpt lat="41.62098" lon="26.678410000000003">
    <ele>70.57000000000001</ele>
   </trkpt>
   <trkpt lat="41.62135000000001" lon="26.678880000000003">
    <ele>69.70000000000002</ele>
   </trkpt>
   <trkpt lat="41.621590000000005" lon="26.679260000000003">
    <ele>69.18</ele>
   </trkpt>
   <trkpt lat="41.62189" lon="26.679620000000003">
    <ele>68.69</ele>
   </trkpt>
   <trkpt lat="41.622451678467286" lon="26.680358301164446">
    <ele>67.76</ele>
   </trkpt>
   <trkpt lat="41.62301335221072" lon="26.681096615190906">
    <ele>67.01</ele>
   </trkpt>
   <trkpt lat="41.62357502123011" lon="26.681834942079735">
    <ele>66.80000000000001</ele>
   </trkpt>
   <trkpt lat="41.6241366855253" lon="26.682573281831324">
    <ele>67.2</ele>
   </trkpt>
   <trkpt lat="41.62469834509612" lon="26.683311634446028">
    <ele>67.99000000000001</ele>
   </trkpt>
   <trkpt lat="41.625260000000004" lon="26.684050000000003">
    <ele>68.63000000000001</ele>
   </trkpt>
   <trkpt lat="41.62563500124098" lon="26.684569997071726">
    <ele>69.3</ele>
   </trkpt>
   <trkpt lat="41.62601" lon="26.685090000000002">
    <ele>69.56</ele>
   </trkpt>
   <trkpt lat="41.626360001344004" lon="26.685624997254337">
    <ele>70.27</ele>
   </trkpt>
   <trkpt lat="41.62671" lon="26.68616">
    <ele>71.24000000000001</ele>
   </trkpt>
   <trkpt lat="41.6272" lon="26.68702">
    <ele>74.55</ele>
   </trkpt>
   <trkpt lat="41.627620002519315" lon="26.68778999489252">
    <ele>77.5</ele>
   </trkpt>
   <trkpt lat="41.628040000000006" lon="26.688560000000003">
    <ele>82.06</ele>
   </trkpt>
   <trkpt lat="41.62838333745795" lon="26.689249992647937">
    <ele>86.3</ele>
   </trkpt>
   <trkpt lat="41.62872667078991" lon="26.689939992645108">
    <ele>89.95</ele>
   </trkpt>
   <trkpt lat="41.629070000000006" lon="26.690630000000002">
    <ele>95.30000000000001</ele>
   </trkpt>
   <trkpt lat="41.62935" lon="26.691340000000004">
    <ele>100.52000000000001</ele>
   </trkpt>
   <trkpt lat="41.6296333392422" lon="26.692166659360755">
    <ele>103.64000000000001</ele>
   </trkpt>
   <trkpt lat="41.629916672562054" lon="26.69299332598802">
    <ele>107.00000000000001</ele>
   </trkpt>
   <trkpt lat="41.6302" lon="26.693820000000002">
    <ele>109.84</ele>
   </trkpt>
   <trkpt lat="41.630430000000004" lon="26.69461">
    <ele>111.92</ele>
   </trkpt>
   <trkpt lat="41.63062" lon="26.69536">
    <ele>112.97000000000001</ele>
   </trkpt>
   <trkpt lat="41.63081501399255" lon="26.696397490583703">
    <ele>113.26</ele>
   </trkpt>
   <trkpt lat="41.63101001865671" lon="26.69743498744443">
    <ele>112.88000000000001</ele>
   </trkpt>
   <trkpt lat="41.6312050139923" lon="26.698472490581974">
    <ele>112.27000000000001</ele>
   </trkpt>
   <trkpt lat="41.631400000000006" lon="26.699510000000004">
    <ele>111.29</ele>
   </trkpt>
   <trkpt lat="41.6315500033155" lon="26.70038499795168">
    <ele>110.47000000000001</ele>
   </trkpt>
   <trkpt lat="41.6317" lon="26.70126">
    <ele>108.87</ele>
   </trkpt>
   <trkpt lat="41.63182667291945" lon="26.70210999660122">
    <ele>107.73</ele>
   </trkpt>
   <trkpt lat="41.63195333957746" lon="26.702959996543">
    <ele>106.71000000000001</ele>
   </trkpt>
   <trkpt lat="41.63208" lon="26.70381">
    <ele>105.55</ele>
   </trkpt>
   <trkpt lat="41.63221001551569" lon="26.7047559923999">
    <ele>104.06000000000002</ele>
   </trkpt>
   <trkpt lat="41.63234002327577" lon="26.705701988615765">
    <ele>103.06000000000002</ele>
   </trkpt>
   <trkpt lat="41.632470023280156" lon="26.706647988647415">
    <ele>103.26</ele>
   </trkpt>
   <trkpt lat="41.6326000155288" lon="26.707593992494644">
    <ele>105.12</ele>
   </trkpt>
   <trkpt lat="41.63273" lon="26.708540000000003">
    <ele>107.36000000000001</ele>
   </trkpt>
   <trkpt lat="41.63291" lon="26.709640000000004">
    <ele>108.79</ele>
   </trkpt>
   <trkpt lat="41.6330400082052" lon="26.710613329368385">
    <ele>111.97000000000001</ele>
   </trkpt>
   <trkpt lat="41.63317000820003" lon="26.71158666266291">
    <ele>113.56</ele>
   </trkpt>
   <trkpt lat="41.633300000000006" lon="26.712560000000003">
    <ele>115.59</ele>
   </trkpt>
   <trkpt lat="41.633370000000006" lon="26.713540000000002">
    <ele>116.73000000000002</ele>
   </trkpt>
   <trkpt lat="41.63339000294208" lon="26.714364999445717">
    <ele>118.06000000000002</ele>
   </trkpt>
   <trkpt lat="41.633410000000005" lon="26.715190000000003">
    <ele>118.54</ele>
   </trkpt>
   <trkpt lat="41.63339667634367" lon="26.71624666706323">
    <ele>118.78</ele>
   </trkpt>
   <trkpt lat="41.63338334301085" lon="26.717303333689465">
    <ele>118.60000000000001</ele>
   </trkpt>
   <trkpt lat="41.633370000000006" lon="26.71836">
    <ele>117.53</ele>
   </trkpt>
   <trkpt lat="41.633370000000006" lon="26.719430000000003">
    <ele>114.58000000000001</ele>
   </trkpt>
   <trkpt lat="41.633485005874064" lon="26.72059499784953">
    <ele>111.06</ele>
   </trkpt>
   <trkpt lat="41.6336" lon="26.721760000000003">
    <ele>109.64000000000001</ele>
   </trkpt>
   <trkpt lat="41.6337633444634" lon="26.722893327578987">
    <ele>108.4</ele>
   </trkpt>
   <trkpt lat="41.633926677795245" lon="26.724026660901846">
    <ele>109.14000000000001</ele>
   </trkpt>
   <trkpt lat="41.63409" lon="26.725160000000002">
    <ele>110.89</ele>
   </trkpt>
   <trkpt lat="41.6342" lon="26.726280000000003">
    <ele>112.08000000000001</ele>
   </trkpt>
   <trkpt lat="41.63433401768087" lon="26.727289991597477">
    <ele>112.61000000000001</ele>
   </trkpt>
   <trkpt lat="41.634468026521176" lon="26.7282999873948">
    <ele>112.65</ele>
   </trkpt>
   <trkpt lat="41.63460202652082" lon="26.72930998739173">
    <ele>112.09</ele>
   </trkpt>
   <trkpt lat="41.634736017679714" lon="26.730319991588026">
    <ele>111.26</ele>
   </trkpt>
   <trkpt lat="41.63487000000001" lon="26.731330000000003">
    <ele>109.46000000000001</ele>
   </trkpt>
   <trkpt lat="41.63497000605574" lon="26.732166663979108">
    <ele>108.91000000000001</ele>
   </trkpt>
   <trkpt lat="41.63507000604482" lon="26.733003330554432">
    <ele>107.86000000000001</ele>
   </trkpt>
   <trkpt lat="41.63517" lon="26.73384">
    <ele>107.21000000000001</ele>
   </trkpt>
   <trkpt lat="41.63531602229053" lon="26.734973989733014">
    <ele>106.87</ele>
   </trkpt>
   <trkpt lat="41.63546203343644" lon="26.736107984604033">
    <ele>108.03000000000002</ele>
   </trkpt>
   <trkpt lat="41.63560803343764" lon="26.737241984612712">
    <ele>110.7</ele>
   </trkpt>
   <trkpt lat="41.63575402229397" lon="26.738375989758715">
    <ele>112.64</ele>
   </trkpt>
   <trkpt lat="41.63590000000001" lon="26.739510000000003">
    <ele>114.55000000000001</ele>
   </trkpt>
   <trkpt lat="41.635955001976086" lon="26.74018499944531">
    <ele>115.34</ele>
   </trkpt>
   <trkpt lat="41.636010000000006" lon="26.74086">
    <ele>115.67</ele>
   </trkpt>
   <trkpt lat="41.63608000185822" lon="26.741519999006368">
    <ele>116.18</ele>
   </trkpt>
   <trkpt lat="41.63615" lon="26.74218">
    <ele>116.46000000000001</ele>
   </trkpt>
   <trkpt lat="41.63629334083324" lon="26.74310999589086">
    <ele>116.23000000000002</ele>
   </trkpt>
   <trkpt lat="41.636436674170824" lon="26.744039995918254">
    <ele>115.77000000000001</ele>
   </trkpt>
   <trkpt lat="41.63658" lon="26.744970000000002">
    <ele>115.13000000000001</ele>
   </trkpt>
   <trkpt lat="41.63670251186045" lon="26.745924994587774">
    <ele>114.15000000000002</ele>
   </trkpt>
   <trkpt lat="41.63682501581683" lon="26.74687999280607">
    <ele>112.37</ele>
   </trkpt>
   <trkpt lat="41.636947511869074" lon="26.74783499465468">
    <ele>109.17</ele>
   </trkpt>
   <trkpt lat="41.63707" lon="26.748790000000003">
    <ele>106.89000000000001</ele>
   </trkpt>
   <trkpt lat="41.637163339494236" lon="26.74963333086476">
    <ele>104.18</ele>
   </trkpt>
   <trkpt lat="41.637256672824705" lon="26.750476664172165">
    <ele>100.72</ele>
   </trkpt>
   <trkpt lat="41.637350000000005" lon="26.751320000000003">
    <ele>98.55000000000001</ele>
   </trkpt>
   <trkpt lat="41.63738500305703" lon="26.752159999530416">
    <ele>96.86</ele>
   </trkpt>
   <trkpt lat="41.637420000000006" lon="26.753000000000004">
    <ele>95.96000000000001</ele>
   </trkpt>
   <trkpt lat="41.63743" lon="26.753840000000004">
    <ele>96.66000000000001</ele>
   </trkpt>
   <trkpt lat="41.63741" lon="26.754890000000003">
    <ele>97.32000000000001</ele>
   </trkpt>
   <trkpt lat="41.637350000000005" lon="26.75607">
    <ele>98.17</ele>
   </trkpt>
   <trkpt lat="41.637237824425036" lon="26.75723001615845">
    <ele>98.82000000000001</ele>
   </trkpt>
   <trkpt lat="41.63712563718798" lon="26.758390028278626">
    <ele>99.92</ele>
   </trkpt>
   <trkpt lat="41.63701343828898" lon="26.759550036360146">
    <ele>101.93</ele>
   </trkpt>
   <trkpt lat="41.636901227728096" lon="26.760710040402614">
    <ele>105.87</ele>
   </trkpt>
   <trkpt lat="41.63678900550542" lon="26.76187004040564">
    <ele>109.64000000000001</ele>
   </trkpt>
   <trkpt lat="41.636676771621026" lon="26.763030036368836">
    <ele>113.19000000000001</ele>
   </trkpt>
   <trkpt lat="41.636564526075034" lon="26.76419002829181">
    <ele>114.98</ele>
   </trkpt>
   <trkpt lat="41.63645226886749" lon="26.765350016174178">
    <ele>116.25</ele>
   </trkpt>
   <trkpt lat="41.636340000000004" lon="26.766510000000004">
    <ele>117.24000000000001</ele>
   </trkpt>
   <trkpt lat="41.63622333979241" lon="26.7673733364626">
    <ele>117.72</ele>
   </trkpt>
   <trkpt lat="41.636106673125205" lon="26.768236669799773">
    <ele>117.79</ele>
   </trkpt>
   <trkpt lat="41.63599000000001" lon="26.7691">
    <ele>117.68</ele>
   </trkpt>
   <trkpt lat="41.63593000942829" lon="26.770143335373998">
    <ele>116.67</ele>
   </trkpt>
   <trkpt lat="41.63587000942264" lon="26.77118666880562">
    <ele>115.22</ele>
   </trkpt>
   <trkpt lat="41.635810000000006" lon="26.77223">
    <ele>113.62</ele>
   </trkpt>
   <trkpt lat="41.63571751186064" lon="26.773185004065596">
    <ele>112.38000000000001</ele>
   </trkpt>
   <trkpt lat="41.63562501581711" lon="26.77414000539026">
    <ele>111.30000000000001</ele>
   </trkpt>
   <trkpt lat="41.63553251186949" lon="26.77509500397379">
    <ele>110.95</ele>
   </trkpt>
   <trkpt lat="41.63544" lon="26.77605">
    <ele>111.49000000000001</ele>
   </trkpt>
   <trkpt lat="41.635360007121164" lon="26.77695666895268">
    <ele>113.08000000000001</ele>
   </trkpt>
   <trkpt lat="41.635280007118034" lon="26.777863335654747">
    <ele>115.93</ele>
   </trkpt>
   <trkpt lat="41.635200000000005" lon="26.77877">
    <ele>117.09000000000002</ele>
   </trkpt>
   <trkpt lat="41.635180000000005" lon="26.77945">
    <ele>118.53</ele>
   </trkpt>
   <trkpt lat="41.635200000000005" lon="26.780140000000003">
    <ele>119.33</ele>
   </trkpt>
   <trkpt lat="41.63528" lon="26.781160000000003">
    <ele>122.47000000000001</ele>
   </trkpt>
   <trkpt lat="41.635450000000006" lon="26.782230000000002">
    <ele>124.56</ele>
   </trkpt>
   <trkpt lat="41.6357" lon="26.78328">
    <ele>126.94</ele>
   </trkpt>
   <trkpt lat="41.63591" lon="26.78396">
    <ele>128.32999999999998</ele>
   </trkpt>
   <trkpt lat="41.636300000000006" lon="26.784950000000002">
    <ele>130.0</ele>
   </trkpt>
   <trkpt lat="41.63663500244852" lon="26.78569999612639">
    <ele>130.79000000000002</ele>
   </trkpt>
   <trkpt lat="41.636970000000005" lon="26.786450000000002">
    <ele>131.08</ele>
   </trkpt>
   <trkpt lat="41.63734000266152" lon="26.78724499526999">
    <ele>130.95000000000002</ele>
   </trkpt>
   <trkpt lat="41.637710000000006" lon="26.788040000000002">
    <ele>130.31</ele>
   </trkpt>
   <trkpt lat="41.6380500027392" lon="26.788849995479257">
    <ele>129.91</ele>
   </trkpt>
   <trkpt lat="41.63839" lon="26.78966">
    <ele>129.16</ele>
   </trkpt>
   <trkpt lat="41.6387666755388" lon="26.79067332141497">
    <ele>128.86</ele>
   </trkpt>
   <trkpt lat="41.639143342178386" lon="26.791686654675264">
    <ele>129.0</ele>
   </trkpt>
   <trkpt lat="41.639520000000005" lon="26.792700000000004">
    <ele>128.96</ele>
   </trkpt>
   <trkpt lat="41.63971781804603" lon="26.793777751312746">
    <ele>128.10999999999999</ele>
   </trkpt>
   <trkpt lat="41.63991562602522" lon="26.79485550924192">
    <ele>126.82000000000001</ele>
   </trkpt>
   <trkpt lat="41.64011342393746" lon="26.795933273787277">
    <ele>125.13000000000001</ele>
   </trkpt>
   <trkpt lat="41.64031121178259" lon="26.797011044948565">
    <ele>121.55</ele>
   </trkpt>
   <trkpt lat="41.6405089895605" lon="26.798088822725536">
    <ele>118.4</ele>
   </trkpt>
   <trkpt lat="41.64070675727107" lon="26.799166607117943">
    <ele>115.52000000000001</ele>
   </trkpt>
   <trkpt lat="41.64090451491414" lon="26.80024439812553">
    <ele>113.12</ele>
   </trkpt>
   <trkpt lat="41.641102262489596" lon="26.801322195748043">
    <ele>111.47000000000001</ele>
   </trkpt>
   <trkpt lat="41.6413" lon="26.802400000000002">
    <ele>111.10000000000001</ele>
   </trkpt>
   <trkpt lat="41.64144601817435" lon="26.803423990711963">
    <ele>111.63000000000001</ele>
   </trkpt>
   <trkpt lat="41.64159202726106" lon="26.804447986064435">
    <ele>112.39</ele>
   </trkpt>
   <trkpt lat="41.64173802726009" lon="26.805471986057178">
    <ele>112.85000000000001</ele>
   </trkpt>
   <trkpt lat="41.64188401817132" lon="26.806495990689946">
    <ele>113.46000000000001</ele>
   </trkpt>
   <trkpt lat="41.642030000000005" lon="26.807520000000004">
    <ele>114.18</ele>
   </trkpt>
   <trkpt lat="41.64206667415985" lon="26.808449998872874">
    <ele>114.96000000000001</ele>
   </trkpt>
   <trkpt lat="41.64210334082382" lon="26.809379998804236">
    <ele>116.15</ele>
   </trkpt>
   <trkpt lat="41.642140000000005" lon="26.81031">
    <ele>118.10000000000001</ele>
   </trkpt>
   <trkpt lat="41.64211402413568" lon="26.811490001884465">
    <ele>120.85000000000001</ele>
   </trkpt>
   <trkpt lat="41.642088036203695" lon="26.81267000281736">
    <ele>122.64000000000001</ele>
   </trkpt>
   <trkpt lat="41.64206203620411" lon="26.813850002798247">
    <ele>123.68</ele>
   </trkpt>
   <trkpt lat="41.64203602413693" lon="26.815030001826692">
    <ele>124.2</ele>
   </trkpt>
   <trkpt lat="41.642010000000006" lon="26.81621">
    <ele>123.9</ele>
   </trkpt>
   <trkpt lat="41.64197500335173" lon="26.81709000057953">
    <ele>123.09</ele>
   </trkpt>
   <trkpt lat="41.641940000000005" lon="26.817970000000003">
    <ele>121.87</ele>
   </trkpt>
   <trkpt lat="41.64189002174366" lon="26.819090003465412">
    <ele>119.85000000000001</ele>
   </trkpt>
   <trkpt lat="41.64184003261568" lon="26.820210005193303">
    <ele>115.71000000000001</ele>
   </trkpt>
   <trkpt lat="41.64179003261611" lon="26.821330005183306">
    <ele>113.53</ele>
   </trkpt>
   <trkpt lat="41.64174002174499" lon="26.82245000343504">
    <ele>110.59</ele>
   </trkpt>
   <trkpt lat="41.641690000000004" lon="26.823570000000004">
    <ele>109.93</ele>
   </trkpt>
   <trkpt lat="41.6416600172683" lon="26.82472250157916">
    <ele>111.26</ele>
   </trkpt>
   <trkpt lat="41.641630023024916" lon="26.82587500208562">
    <ele>114.23</ele>
   </trkpt>
   <trkpt lat="41.64160001726986" lon="26.827027501518987">
    <ele>118.33</ele>
   </trkpt>
   <trkpt lat="41.64157" lon="26.828180000000003">
    <ele>123.06000000000002</ele>
   </trkpt>
   <trkpt lat="41.641580000000005" lon="26.828940000000003">
    <ele>125.76</ele>
   </trkpt>
   <trkpt lat="41.641695749012754" lon="26.83009570182565">
    <ele>129.24</ele>
   </trkpt>
   <trkpt lat="41.64181148644973" lon="26.831251407802945">
    <ele>131.5</ele>
   </trkpt>
   <trkpt lat="41.64192721231086" lon="26.832407117931517">
    <ele>133.26000000000002</ele>
   </trkpt>
   <trkpt lat="41.64204292659605" lon="26.83356283221098">
    <ele>134.46</ele>
   </trkpt>
   <trkpt lat="41.64215862930521" lon="26.83471855064095">
    <ele>135.01000000000002</ele>
   </trkpt>
   <trkpt lat="41.642274320438254" lon="26.835874273221044">
    <ele>136.17000000000002</ele>
   </trkpt>
   <trkpt lat="41.642390000000006" lon="26.837030000000002">
    <ele>136.86</ele>
   </trkpt>
   <trkpt lat="41.64252001087368" lon="26.838149995498696">
    <ele>137.57</ele>
   </trkpt>
   <trkpt lat="41.64265001087579" lon="26.83926999551668">
    <ele>137.46</ele>
   </trkpt>
   <trkpt lat="41.64278" lon="26.840390000000003">
    <ele>137.31</ele>
   </trkpt>
   <trkpt lat="41.642930006214776" lon="26.841236662736243">
    <ele>136.47</ele>
   </trkpt>
   <trkpt lat="41.64308000621682" lon="26.842083329414415">
    <ele>135.5</ele>
   </trkpt>
   <trkpt lat="41.64323" lon="26.842930000000003">
    <ele>135.09</ele>
   </trkpt>
   <trkpt lat="41.64334" lon="26.84381">
    <ele>134.21</ele>
   </trkpt>
   <trkpt lat="41.643395001848994" lon="26.844459999659303">
    <ele>133.9</ele>
   </trkpt>
   <trkpt lat="41.64345" lon="26.845110000000002">
    <ele>133.03</ele>
   </trkpt>
   <trkpt lat="41.6435" lon="26.845380000000002">
    <ele>132.76000000000002</ele>
   </trkpt>
   <trkpt lat="41.643150000000006" lon="26.8455">
    <ele>132.4</ele>
   </trkpt>
   <trkpt lat="41.642920000000004" lon="26.84568">
    <ele>130.28</ele>
   </trkpt>
   <trkpt lat="41.642830000000004" lon="26.845900000000004">
    <ele>128.79000000000002</ele>
   </trkpt>
   <trkpt lat="41.642720000000004" lon="26.84644">
    <ele>125.81</ele>
   </trkpt>
   <trkpt lat="41.642517515093445" lon="26.847517510157655">
    <ele>122.99000000000001</ele>
   </trkpt>
   <trkpt lat="41.64231502012457" lon="26.848595013543335">
    <ele>119.64000000000001</ele>
   </trkpt>
   <trkpt lat="41.64211251509352" lon="26.84967251015679">
    <ele>117.5</ele>
   </trkpt>
   <trkpt lat="41.64191" lon="26.85075">
    <ele>116.81</ele>
   </trkpt>
   <trkpt lat="41.64181000000001" lon="26.851450000000003">
    <ele>116.86</ele>
   </trkpt>
   <trkpt lat="41.6418" lon="26.852010000000003">
    <ele>116.35000000000001</ele>
   </trkpt>
   <trkpt lat="41.641850000000005" lon="26.85256">
    <ele>115.39</ele>
   </trkpt>
   <trkpt lat="41.642010000000006" lon="26.85366">
    <ele>115.29</ele>
   </trkpt>
   <trkpt lat="41.642160000000004" lon="26.85481">
    <ele>111.88000000000001</ele>
   </trkpt>
   <trkpt lat="41.642260002671605" lon="26.85559499879162">
    <ele>109.52000000000001</ele>
   </trkpt>
   <trkpt lat="41.642360000000004" lon="26.85638">
    <ele>108.42</ele>
   </trkpt>
   <trkpt lat="41.64237000000001" lon="26.85659">
    <ele>108.08000000000001</ele>
   </trkpt>
   <trkpt lat="41.64235" lon="26.856890000000003">
    <ele>107.96000000000001</ele>
   </trkpt>
   <trkpt lat="41.642320000000005" lon="26.857020000000002">
    <ele>107.68</ele>
   </trkpt>
   <trkpt lat="41.642210000000006" lon="26.85723">
    <ele>107.68</ele>
   </trkpt>
   <trkpt lat="41.641760000000005" lon="26.85797">
    <ele>107.16</ele>
   </trkpt>
   <trkpt lat="41.641540000000006" lon="26.858380000000004">
    <ele>107.39000000000001</ele>
   </trkpt>
   <trkpt lat="41.641380000000005" lon="26.858780000000003">
    <ele>107.59</ele>
   </trkpt>
   <trkpt lat="41.64134000000001" lon="26.858960000000003">
    <ele>107.51</ele>
   </trkpt>
   <trkpt lat="41.641380000000005" lon="26.859350000000003">
    <ele>106.98</ele>
   </trkpt>
   <trkpt lat="41.64159" lon="26.860020000000002">
    <ele>103.63000000000001</ele>
   </trkpt>
   <trkpt lat="41.64195" lon="26.860950000000003">
    <ele>100.59000000000002</ele>
   </trkpt>
   <trkpt lat="41.64211" lon="26.86175">
    <ele>100.02000000000001</ele>
   </trkpt>
   <trkpt lat="41.64217501058648" lon="26.86265249723789">
    <ele>100.30000000000001</ele>
   </trkpt>
   <trkpt lat="41.64224001411384" lon="26.863554996296696">
    <ele>100.38000000000001</ele>
   </trkpt>
   <trkpt lat="41.64230501058206" lon="26.86445749717625">
    <ele>100.61</ele>
   </trkpt>
   <trkpt lat="41.64237000000001" lon="26.865360000000003">
    <ele>100.37000000000002</ele>
   </trkpt>
   <trkpt lat="41.642450000000004" lon="26.86576">
    <ele>100.02000000000001</ele>
   </trkpt>
   <trkpt lat="41.642540000000004" lon="26.866030000000002">
    <ele>99.95</ele>
   </trkpt>
   <trkpt lat="41.6428" lon="26.866750000000003">
    <ele>100.07000000000001</ele>
   </trkpt>
   <trkpt lat="41.64317500403758" lon="26.86771499438964">
    <ele>100.12000000000002</ele>
   </trkpt>
   <trkpt lat="41.643550000000005" lon="26.86868">
    <ele>99.75</ele>
   </trkpt>
   <trkpt lat="41.64388000361666" lon="26.869589995417126">
    <ele>100.59000000000002</ele>
   </trkpt>
   <trkpt lat="41.64421" lon="26.870500000000003">
    <ele>101.75</ele>
   </trkpt>
   <trkpt lat="41.6445716867719" lon="26.871463306291385">
    <ele>103.85000000000001</ele>
   </trkpt>
   <trkpt lat="41.64493336550123" lon="26.87242662339755">
    <ele>106.87</ele>
   </trkpt>
   <trkpt lat="41.645295036187775" lon="26.873389951318515">
    <ele>109.96</ele>
   </trkpt>
   <trkpt lat="41.64565669883137" lon="26.874353290054305">
    <ele>113.65</ele>
   </trkpt>
   <trkpt lat="41.6460183534318" lon="26.875316639604932">
    <ele>119.12</ele>
   </trkpt>
   <trkpt lat="41.64638" lon="26.87628">
    <ele>123.56000000000002</ele>
   </trkpt>
   <trkpt lat="41.64654" lon="26.87665">
    <ele>125.49000000000001</ele>
   </trkpt>
   <trkpt lat="41.646770000000004" lon="26.877060000000004">
    <ele>127.30000000000003</ele>
   </trkpt>
   <trkpt lat="41.647090000000006" lon="26.87742">
    <ele>129.84</ele>
   </trkpt>
   <trkpt lat="41.64759" lon="26.877840000000003">
    <ele>133.08</ele>
   </trkpt>
   <trkpt lat="41.647850000000005" lon="26.878020000000003">
    <ele>134.69</ele>
   </trkpt>
   <trkpt lat="41.648520000000005" lon="26.87843">
    <ele>137.78</ele>
   </trkpt>
   <trkpt lat="41.648680000000006" lon="26.87855">
    <ele>138.62</ele>
   </trkpt>
   <trkpt lat="41.64882" lon="26.878690000000002">
    <ele>139.0</ele>
   </trkpt>
   <trkpt lat="41.64894" lon="26.878980000000002">
    <ele>139.18</ele>
   </trkpt>
   <trkpt lat="41.649100000000004" lon="26.879970000000004">
    <ele>139.59</ele>
   </trkpt>
   <trkpt lat="41.64917602471206" lon="26.881163994366357">
    <ele>140.83</ele>
   </trkpt>
   <trkpt lat="41.64925203706819" lon="26.882357991550556">
    <ele>141.63</ele>
   </trkpt>
   <trkpt lat="41.649328037068315" lon="26.883551991552146">
    <ele>142.59000000000003</ele>
   </trkpt>
   <trkpt lat="41.6494040247124" lon="26.884745994370686">
    <ele>142.54</ele>
   </trkpt>
   <trkpt lat="41.649480000000004" lon="26.88594">
    <ele>141.61</ele>
   </trkpt>
   <trkpt lat="41.64954" lon="26.88669">
    <ele>141.13</ele>
   </trkpt>
   <trkpt lat="41.649660000000004" lon="26.88764">
    <ele>139.93</ele>
   </trkpt>
   <trkpt lat="41.649840000000005" lon="26.888520000000003">
    <ele>138.77</ele>
   </trkpt>
   <trkpt lat="41.649980001495564" lon="26.889119998419606">
    <ele>138.76000000000002</ele>
   </trkpt>
   <trkpt lat="41.65012" lon="26.88972">
    <ele>138.44</ele>
   </trkpt>
   <trkpt lat="41.65041500397795" lon="26.890679995552265">
    <ele>138.68</ele>
   </trkpt>
   <trkpt lat="41.650710000000004" lon="26.891640000000002">
    <ele>139.18</ele>
   </trkpt>
   <trkpt lat="41.650880001799074" lon="26.89227999840158">
    <ele>140.14000000000001</ele>
   </trkpt>
   <trkpt lat="41.651050000000005" lon="26.892920000000004">
    <ele>141.35</ele>
   </trkpt>
   <trkpt lat="41.65132277341055" lon="26.893951774500994">
    <ele>142.67000000000002</ele>
   </trkpt>
   <trkpt lat="41.65159553759436" lon="26.894983557739902">
    <ele>144.39000000000001</ele>
   </trkpt>
   <trkpt lat="41.651868292551306" lon="26.896015349716578">
    <ele>145.48</ele>
   </trkpt>
   <trkpt lat="41.65214103828122" lon="26.89704715043089">
    <ele>146.8</ele>
   </trkpt>
   <trkpt lat="41.652413774783916" lon="26.898078959882696">
    <ele>147.21</ele>
   </trkpt>
   <trkpt lat="41.65268650205924" lon="26.899110778071865">
    <ele>147.13</ele>
   </trkpt>
   <trkpt lat="41.65295922010701" lon="26.900142604998255">
    <ele>146.15</ele>
   </trkpt>
   <trkpt lat="41.65323192892708" lon="26.90117444066173">
    <ele>145.59000000000003</ele>
   </trkpt>
   <trkpt lat="41.653504628519265" lon="26.902206285062153">
    <ele>144.94</ele>
   </trkpt>
   <trkpt lat="41.653777318883414" lon="26.903238138199377">
    <ele>144.39000000000001</ele>
   </trkpt>
   <trkpt lat="41.654050000000005" lon="26.904270000000004">
    <ele>144.71</ele>
   </trkpt>
   <trkpt lat="41.654345005317964" lon="26.905379994835425">
    <ele>145.01</ele>
   </trkpt>
   <trkpt lat="41.65464" lon="26.90649">
    <ele>145.49</ele>
   </trkpt>
   <trkpt lat="41.65490667773914" lon="26.907619990665644">
    <ele>145.32</ele>
   </trkpt>
   <trkpt lat="41.65517334441118" lon="26.908749990688257">
    <ele>144.61</ele>
   </trkpt>
   <trkpt lat="41.655440000000006" lon="26.90988">
    <ele>142.54</ele>
   </trkpt>
   <trkpt lat="41.65570501117331" lon="26.910807488513914">
    <ele>139.89000000000001</ele>
   </trkpt>
   <trkpt lat="41.65597001489067" lon="26.911734984660235">
    <ele>138.25</ele>
   </trkpt>
   <trkpt lat="41.65623501115197" lon="26.912662488438883">
    <ele>133.87</ele>
   </trkpt>
   <trkpt lat="41.6565" lon="26.913590000000003">
    <ele>131.49</ele>
   </trkpt>
   <trkpt lat="41.65669000275902" lon="26.914379997895605">
    <ele>129.36</ele>
   </trkpt>
   <trkpt lat="41.65688" lon="26.915170000000003">
    <ele>127.16000000000003</ele>
   </trkpt>
   <trkpt lat="41.657000001683336" lon="26.91579499878602">
    <ele>125.32000000000001</ele>
   </trkpt>
   <trkpt lat="41.657120000000006" lon="26.916420000000002">
    <ele>123.58000000000001</ele>
   </trkpt>
   <trkpt lat="41.657284023731016" lon="26.917589988094736">
    <ele>119.59000000000002</ele>
   </trkpt>
   <trkpt lat="41.65744803559752" lon="26.91875998214871">
    <ele>114.66000000000001</ele>
   </trkpt>
   <trkpt lat="41.65761203559939" lon="26.91992998216156">
    <ele>109.89000000000001</ele>
   </trkpt>
   <trkpt lat="41.65777602373651" lon="26.921099988132912">
    <ele>104.08</ele>
   </trkpt>
   <trkpt lat="41.65794" lon="26.92227">
    <ele>101.0</ele>
   </trkpt>
   <trkpt lat="41.65806000218801" lon="26.922979998697183">
    <ele>99.51</ele>
   </trkpt>
   <trkpt lat="41.65818" lon="26.92369">
    <ele>99.15</ele>
   </trkpt>
   <trkpt lat="41.658345001611856" lon="26.924299998434545">
    <ele>99.63000000000001</ele>
   </trkpt>
   <trkpt lat="41.65851000000001" lon="26.92491">
    <ele>99.61</ele>
   </trkpt>
   <trkpt lat="41.65879750998589" lon="26.925787488171572">
    <ele>97.73</ele>
   </trkpt>
   <trkpt lat="41.65908501329796" lon="26.92666498417801">
    <ele>96.28</ele>
   </trkpt>
   <trkpt lat="41.65937250993611" lon="26.927542488019284">
    <ele>96.93</ele>
   </trkpt>
   <trkpt lat="41.65966" lon="26.928420000000003">
    <ele>99.35000000000001</ele>
   </trkpt>
   <trkpt lat="41.659985005072166" lon="26.929499994607074">
    <ele>101.82000000000001</ele>
   </trkpt>
   <trkpt lat="41.66031" lon="26.930580000000003">
    <ele>104.59</ele>
   </trkpt>
   <trkpt lat="41.660430000000005" lon="26.930950000000003">
    <ele>105.67000000000002</ele>
   </trkpt>
   <trkpt lat="41.66073000295689" lon="26.931779996054143">
    <ele>108.04</ele>
   </trkpt>
   <trkpt lat="41.661030000000004" lon="26.932610000000004">
    <ele>110.34</ele>
   </trkpt>
   <trkpt lat="41.66133000000001" lon="26.93362">
    <ele>112.29</ele>
   </trkpt>
   <trkpt lat="41.6616" lon="26.93475">
    <ele>115.02000000000001</ele>
   </trkpt>
   <trkpt lat="41.661826694253534" lon="26.935878313473413">
    <ele>117.86</ele>
   </trkpt>
   <trkpt lat="41.662053377472496" lon="26.93700663489098">
    <ele>120.20000000000002</ele>
   </trkpt>
   <trkpt lat="41.662280049656744" lon="26.938134964252434">
    <ele>123.04</ele>
   </trkpt>
   <trkpt lat="41.6625067108061" lon="26.93926330155751">
    <ele>125.18</ele>
   </trkpt>
   <trkpt lat="41.662733360920406" lon="26.94039164680595">
    <ele>127.39</ele>
   </trkpt>
   <trkpt lat="41.662960000000005" lon="26.94152">
    <ele>128.89000000000001</ele>
   </trkpt>
   <trkpt lat="41.66315801768586" lon="26.942529987589488">
    <ele>130.37</ele>
   </trkpt>
   <trkpt lat="41.66335602653016" lon="26.943539981390792">
    <ele>131.37</ele>
   </trkpt>
   <trkpt lat="41.66355402653277" lon="26.944549981403718">
    <ele>132.25</ele>
   </trkpt>
   <trkpt lat="41.663752017693575" lon="26.945559987628066">
    <ele>132.86</ele>
   </trkpt>
   <trkpt lat="41.66395000000001" lon="26.94657">
    <ele>133.02</ele>
   </trkpt>
   <trkpt lat="41.664170000000006" lon="26.9476">
    <ele>132.91</ele>
   </trkpt>
   <trkpt lat="41.664350010864716" lon="26.94871999368904">
    <ele>132.54000000000002</ele>
   </trkpt>
   <trkpt lat="41.66453001085691" lon="26.94983999364029">
    <ele>131.72</ele>
   </trkpt>
   <trkpt lat="41.66471000000001" lon="26.950960000000002">
    <ele>130.78</ele>
   </trkpt>
   <trkpt lat="41.664890005893255" lon="26.951783328810844">
    <ele>129.87</ele>
   </trkpt>
   <trkpt lat="41.66507000591097" lon="26.952606662225175">
    <ele>128.77</ele>
   </trkpt>
   <trkpt lat="41.66525" lon="26.95343">
    <ele>128.04000000000002</ele>
   </trkpt>
   <trkpt lat="41.66545225996092" lon="26.954473307110828">
    <ele>127.26</ele>
   </trkpt>
   <trkpt lat="41.66565451048718" lon="26.955516620776393">
    <ele>126.63000000000002</ele>
   </trkpt>
   <trkpt lat="41.665856751578666" lon="26.956559940996474">
    <ele>126.10000000000001</ele>
   </trkpt>
   <trkpt lat="41.66605898323527" lon="26.95760326777086">
    <ele>125.17</ele>
   </trkpt>
   <trkpt lat="41.66626120545683" lon="26.95864660109933">
    <ele>124.35000000000001</ele>
   </trkpt>
   <trkpt lat="41.666463418243225" lon="26.95968994098166">
    <ele>123.55000000000001</ele>
   </trkpt>
   <trkpt lat="41.666665621594355" lon="26.960733287417643">
    <ele>122.91</ele>
   </trkpt>
   <trkpt lat="41.66686781551007" lon="26.961776640407045">
    <ele>121.70000000000002</ele>
   </trkpt>
   <trkpt lat="41.66707" lon="26.96282">
    <ele>120.21000000000001</ele>
   </trkpt>
   <trkpt lat="41.66727001875072" lon="26.963859987081502">
    <ele>117.46000000000001</ele>
   </trkpt>
   <trkpt lat="41.66747002812667" lon="26.964899980624896">
    <ele>114.95</ele>
   </trkpt>
   <trkpt lat="41.66767002812771" lon="26.96593998062996">
    <ele>111.97000000000001</ele>
   </trkpt>
   <trkpt lat="41.66787001875375" lon="26.966979987096476">
    <ele>109.99000000000001</ele>
   </trkpt>
   <trkpt lat="41.66807" lon="26.968020000000003">
    <ele>108.13</ele>
   </trkpt>
   <trkpt lat="41.66818000207873" lon="26.96870999891753">
    <ele>107.57000000000001</ele>
   </trkpt>
   <trkpt lat="41.668290000000006" lon="26.969400000000004">
    <ele>107.56</ele>
   </trkpt>
   <trkpt lat="41.66836000000001" lon="26.970340000000004">
    <ele>108.98</ele>
   </trkpt>
   <trkpt lat="41.66839" lon="26.971210000000003">
    <ele>111.60000000000001</ele>
   </trkpt>
   <trkpt lat="41.668393342889274" lon="26.972259999826537">
    <ele>113.7</ele>
   </trkpt>
   <trkpt lat="41.6683966762224" lon="26.973309999761952">
    <ele>115.48</ele>
   </trkpt>
   <trkpt lat="41.668400000000005" lon="26.97436">
    <ele>118.28</ele>
   </trkpt>
   <trkpt lat="41.66845667598236" lon="26.97539666485462">
    <ele>120.37</ele>
   </trkpt>
   <trkpt lat="41.668513342649746" lon="26.976433331534363">
    <ele>122.08000000000001</ele>
   </trkpt>
   <trkpt lat="41.66857" lon="26.977470000000004">
    <ele>125.0</ele>
   </trkpt>
   <trkpt lat="41.66859500218941" lon="26.978179999858327">
    <ele>126.39</ele>
   </trkpt>
   <trkpt lat="41.668620000000004" lon="26.978890000000003">
    <ele>127.59</ele>
   </trkpt>
   <trkpt lat="41.66865500170293" lon="26.979514999838926">
    <ele>128.53</ele>
   </trkpt>
   <trkpt lat="41.668690000000005" lon="26.980140000000002">
    <ele>129.04999999999998</ele>
   </trkpt>
   <trkpt lat="41.66879251197936" lon="26.981099995387602">
    <ele>129.29000000000002</ele>
   </trkpt>
   <trkpt lat="41.668895015970605" lon="26.982059993832383">
    <ele>129.17000000000002</ele>
   </trkpt>
   <trkpt lat="41.66899751197368" lon="26.98301999533413">
    <ele>128.16000000000003</ele>
   </trkpt>
   <trkpt lat="41.6691" lon="26.983980000000003">
    <ele>126.95</ele>
   </trkpt>
   <trkpt lat="41.66924335669418" lon="26.98501832176271">
    <ele>125.48</ele>
   </trkpt>
   <trkpt lat="41.66938670404353" lon="26.98605664814961">
    <ele>123.29</ele>
   </trkpt>
   <trkpt lat="41.669530042047974" lon="26.987094979160464">
    <ele>121.3</ele>
   </trkpt>
   <trkpt lat="41.66967337070741" lon="26.98813331479499">
    <ele>119.23000000000002</ele>
   </trkpt>
   <trkpt lat="41.66981669002175" lon="26.989171655052946">
    <ele>116.58</ele>
   </trkpt>
   <trkpt lat="41.66996" lon="26.99021">
    <ele>115.34</ele>
   </trkpt>
   <trkpt lat="41.67011601918676" lon="26.991261989812706">
    <ele>114.69000000000001</ele>
   </trkpt>
   <trkpt lat="41.67027202878098" lon="26.99231398472447">
    <ele>115.92</ele>
   </trkpt>
   <trkpt lat="41.6704280287826" lon="26.993365984735036">
    <ele>118.46000000000001</ele>
   </trkpt>
   <trkpt lat="41.67058401919152" lon="26.99441798984414">
    <ele>121.67000000000002</ele>
   </trkpt>
   <trkpt lat="41.67074" lon="26.99547">
    <ele>124.94000000000001</ele>
   </trkpt>
   <trkpt lat="41.67096501523716" lon="26.99655248865747">
    <ele>127.91000000000003</ele>
   </trkpt>
   <trkpt lat="41.67119002031751" lon="26.997634984882456">
    <ele>130.4</ele>
   </trkpt>
   <trkpt lat="41.671415015240854" lon="26.99871748867472">
    <ele>132.82000000000002</ele>
   </trkpt>
   <trkpt lat="41.671640000000004" lon="26.9998">
    <ele>134.3</ele>
   </trkpt>
   <trkpt lat="41.67191001385983" lon="27.00083248700488">
    <ele>137.54000000000002</ele>
   </trkpt>
   <trkpt lat="41.67218001847942" lon="27.001864982671503">
    <ele>138.01000000000002</ele>
   </trkpt>
   <trkpt lat="41.67245001385862" lon="27.002897486999736">
    <ele>137.39000000000001</ele>
   </trkpt>
   <trkpt lat="41.672720000000005" lon="27.00393">
    <ele>135.76000000000002</ele>
   </trkpt>
   <trkpt lat="41.67291500281759" lon="27.004734997598838">
    <ele>134.94</ele>
   </trkpt>
   <trkpt lat="41.67311" lon="27.005540000000003">
    <ele>134.06</ele>
   </trkpt>
   <trkpt lat="41.673275002823694" lon="27.00634499801057">
    <ele>133.32000000000002</ele>
   </trkpt>
   <trkpt lat="41.67344000000001" lon="27.007150000000003">
    <ele>133.81</ele>
   </trkpt>
   <trkpt lat="41.673620005366615" lon="27.00825999706098">
    <ele>135.87</ele>
   </trkpt>
   <trkpt lat="41.6738" lon="27.00937">
    <ele>137.53</ele>
   </trkpt>
   <trkpt lat="41.673904024302935" lon="27.010553992355568">
    <ele>139.72</ele>
   </trkpt>
   <trkpt lat="41.67400803645486" lon="27.011737988537885">
    <ele>142.11</ele>
   </trkpt>
   <trkpt lat="41.674112036455654" lon="27.012921988546527">
    <ele>144.52</ele>
   </trkpt>
   <trkpt lat="41.67421602430527" lon="27.01410599238108">
    <ele>146.41</ele>
   </trkpt>
   <trkpt lat="41.67432" lon="27.015290000000004">
    <ele>147.4</ele>
   </trkpt>
   <trkpt lat="41.674383344467344" lon="27.016423331113046">
    <ele>147.55</ele>
   </trkpt>
   <trkpt lat="41.674446677801264" lon="27.017556664456606">
    <ele>147.29</ele>
   </trkpt>
   <trkpt lat="41.674510000000005" lon="27.018690000000003">
    <ele>146.26</ele>
   </trkpt>
   <trkpt lat="41.67461000612817" lon="27.01952999749139">
    <ele>145.44</ele>
   </trkpt>
   <trkpt lat="41.67471000614027" lon="27.02036999759298">
    <ele>144.55</ele>
   </trkpt>
   <trkpt lat="41.67481" lon="27.021210000000004">
    <ele>142.22</ele>
   </trkpt>
   <trkpt lat="41.674870000000006" lon="27.02201">
    <ele>140.79</ele>
   </trkpt>
   <trkpt lat="41.67496667427405" lon="27.022946663878493">
    <ele>138.20000000000002</ele>
   </trkpt>
   <trkpt lat="41.675063340943346" lon="27.023883330570605">
    <ele>135.13</ele>
   </trkpt>
   <trkpt lat="41.675160000000005" lon="27.024820000000002">
    <ele>132.07000000000002</ele>
   </trkpt>
   <trkpt lat="41.675285001905124" lon="27.025484998647457">
    <ele>129.87</ele>
   </trkpt>
   <trkpt lat="41.67541000000001" lon="27.02615">
    <ele>127.56</ele>
   </trkpt>
   <trkpt lat="41.67557000253782" lon="27.02691499810524">
    <ele>126.49000000000002</ele>
   </trkpt>
   <trkpt lat="41.67573" lon="27.027680000000004">
    <ele>125.48</ele>
   </trkpt>
   <trkpt lat="41.6759466722384" lon="27.02848332784279">
    <ele>125.23</ele>
   </trkpt>
   <trkpt lat="41.67616333888303" lon="27.02928666109429">
    <ele>125.7</ele>
   </trkpt>
   <trkpt lat="41.67638" lon="27.03009">
    <ele>126.26</ele>
   </trkpt>
   <trkpt lat="41.6766300105871" lon="27.030992489471895">
    <ele>126.63000000000002</ele>
   </trkpt>
   <trkpt lat="41.6768800141142" lon="27.03189498595525">
    <ele>127.15</ele>
   </trkpt>
   <trkpt lat="41.67713001058114" lon="27.032797489449987">
    <ele>128.15</ele>
   </trkpt>
   <trkpt lat="41.67738000000001" lon="27.033700000000003">
    <ele>130.79000000000002</ele>
   </trkpt>
   <trkpt lat="41.67759334055129" lon="27.034613327223852">
    <ele>132.32000000000002</ele>
   </trkpt>
   <trkpt lat="41.67780667387195" lon="27.0355266605028">
    <ele>134.94</ele>
   </trkpt>
   <trkpt lat="41.678020000000004" lon="27.036440000000002">
    <ele>137.1</ele>
   </trkpt>
   <trkpt lat="41.678296673937936" lon="27.037356658744468">
    <ele>139.1</ele>
   </trkpt>
   <trkpt lat="41.67857334059237" lon="27.038273325370458">
    <ele>140.37000000000003</ele>
   </trkpt>
   <trkpt lat="41.678850000000004" lon="27.03919">
    <ele>140.95000000000002</ele>
   </trkpt>
   <trkpt lat="41.67896802316796" lon="27.040345991531943">
    <ele>141.28</ele>
   </trkpt>
   <trkpt lat="41.679086034752586" lon="27.041501987303725">
    <ele>140.74</ele>
   </trkpt>
   <trkpt lat="41.679204034753774" lon="27.042657987314964">
    <ele>139.73000000000002</ele>
   </trkpt>
   <trkpt lat="41.679322023171466" lon="27.04381399156528">
    <ele>138.06</ele>
   </trkpt>
   <trkpt lat="41.67944000000001" lon="27.044970000000003">
    <ele>136.65</ele>
   </trkpt>
   <trkpt lat="41.679552513724865" lon="27.045997494590903">
    <ele>136.95000000000002</ele>
   </trkpt>
   <trkpt lat="41.67966501829836" lon="27.04702499277453">
    <ele>138.66</ele>
   </trkpt>
   <trkpt lat="41.67977751372048" lon="27.048052494550635">
    <ele>141.57</ele>
   </trkpt>
   <trkpt lat="41.67989" lon="27.049080000000004">
    <ele>143.41</ele>
   </trkpt>
   <trkpt lat="41.68002000436186" lon="27.050084997848845">
    <ele>145.56000000000003</ele>
   </trkpt>
   <trkpt lat="41.680150000000005" lon="27.051090000000002">
    <ele>147.39000000000001</ele>
   </trkpt>
   <trkpt lat="41.68029000000001" lon="27.05195">
    <ele>148.55</ele>
   </trkpt>
   <trkpt lat="41.68053602074456" lon="27.05304398325353">
    <ele>150.12</ele>
   </trkpt>
   <trkpt lat="41.68078203111502" lon="27.054137974871697">
    <ele>150.72000000000003</ele>
   </trkpt>
   <trkpt lat="41.68102803111124" lon="27.055231974854287">
    <ele>150.92</ele>
   </trkpt>
   <trkpt lat="41.68127402073301" lon="27.056325983201077">
    <ele>151.04</ele>
   </trkpt>
   <trkpt lat="41.681520000000006" lon="27.05742">
    <ele>149.23</ele>
   </trkpt>
   <trkpt lat="41.681787511063845" lon="27.05834248849139">
    <ele>146.99</ele>
   </trkpt>
   <trkpt lat="41.682055014751136" lon="27.059264984652685">
    <ele>145.53000000000003</ele>
   </trkpt>
   <trkpt lat="41.68232251106177" lon="27.06018748848381">
    <ele>142.86</ele>
   </trkpt>
   <trkpt lat="41.682590000000005" lon="27.061110000000003">
    <ele>137.75</ele>
   </trkpt>
   <trkpt lat="41.682851454426604" lon="27.06210711854586">
    <ele>133.64000000000001</ele>
   </trkpt>
   <trkpt lat="41.6831129002348" lon="27.06310424519471">
    <ele>130.95000000000002</ele>
   </trkpt>
   <trkpt lat="41.68337433742444" lon="27.064101379946408">
    <ele>126.48</ele>
   </trkpt>
   <trkpt lat="41.683635765995405" lon="27.06509852280084">
    <ele>122.01</ele>
   </trkpt>
   <trkpt lat="41.683897185947494" lon="27.066095673757875">
    <ele>116.80000000000001</ele>
   </trkpt>
   <trkpt lat="41.684158597280614" lon="27.067092832817384">
    <ele>113.79000000000002</ele>
   </trkpt>
   <trkpt lat="41.68442" lon="27.06809">
    <ele>110.46</ele>
   </trkpt>
   <trkpt lat="41.68459500387286" lon="27.069034997442458">
    <ele>107.28000000000002</ele>
   </trkpt>
   <trkpt lat="41.68477" lon="27.06998">
    <ele>104.73</ele>
   </trkpt>
   <trkpt lat="41.68486000157417" lon="27.07058999888535">
    <ele>103.44</ele>
   </trkpt>
   <trkpt lat="41.68495" lon="27.0712">
    <ele>101.97</ele>
   </trkpt>
   <trkpt lat="41.68496500298584" lon="27.0720299998098">
    <ele>100.64</ele>
   </trkpt>
   <trkpt lat="41.68498" lon="27.072860000000002">
    <ele>100.83</ele>
   </trkpt>
   <trkpt lat="41.684960000000004" lon="27.073610000000002">
    <ele>100.85000000000001</ele>
   </trkpt>
   <trkpt lat="41.68491500252257" lon="27.074375000770907">
    <ele>101.47</ele>
   </trkpt>
   <trkpt lat="41.684870000000004" lon="27.07514">
    <ele>102.17</ele>
   </trkpt>
   <trkpt lat="41.684810002090536" lon="27.075840001040007">
    <ele>102.8</ele>
   </trkpt>
   <trkpt lat="41.68475" lon="27.07654">
    <ele>103.49000000000001</ele>
   </trkpt>
   <trkpt lat="41.68461667348387" lon="27.077426670325455">
    <ele>103.94</ele>
   </trkpt>
   <trkpt lat="41.68448334015293" lon="27.078313336976198">
    <ele>104.96000000000001</ele>
   </trkpt>
   <trkpt lat="41.68435" lon="27.079200000000004">
    <ele>105.54</ele>
   </trkpt>
   <trkpt lat="41.684120005037876" lon="27.08027500370598">
    <ele>106.12</ele>
   </trkpt>
   <trkpt lat="41.683890000000005" lon="27.08135">
    <ele>106.4</ele>
   </trkpt>
   <trkpt lat="41.68369000217481" lon="27.082060002242454">
    <ele>106.69</ele>
   </trkpt>
   <trkpt lat="41.683490000000006" lon="27.082770000000004">
    <ele>106.87</ele>
   </trkpt>
   <trkpt lat="41.683310002492874" lon="27.083535002325174">
    <ele>107.38</ele>
   </trkpt>
   <trkpt lat="41.683130000000006" lon="27.084300000000002">
    <ele>107.08000000000001</ele>
   </trkpt>
   <trkpt lat="41.68286835829517" lon="27.085373355172116">
    <ele>106.95</ele>
   </trkpt>
   <trkpt lat="41.682606706603835" lon="27.08644670161523">
    <ele>107.65</ele>
   </trkpt>
   <trkpt lat="41.682345044926194" lon="27.087520039329156">
    <ele>109.54</ele>
   </trkpt>
   <trkpt lat="41.68208337326241" lon="27.08859336831371">
    <ele>111.98</ele>
   </trkpt>
   <trkpt lat="41.681821691612654" lon="27.08966668856872">
    <ele>114.36</ele>
   </trkpt>
   <trkpt lat="41.681560000000005" lon="27.090740000000004">
    <ele>119.53000000000002</ele>
   </trkpt>
   <trkpt lat="41.68128334415448" lon="27.091856676218615">
    <ele>124.86000000000001</ele>
   </trkpt>
   <trkpt lat="41.681006677500136" lon="27.092973342835325">
    <ele>130.02</ele>
   </trkpt>
   <trkpt lat="41.680730000000004" lon="27.09409">
    <ele>135.67000000000002</ele>
   </trkpt>
   <trkpt lat="41.68057" lon="27.094920000000002">
    <ele>137.59</ele>
   </trkpt>
   <trkpt lat="41.680490000000006" lon="27.0956">
    <ele>139.76000000000002</ele>
   </trkpt>
   <trkpt lat="41.68041" lon="27.096580000000003">
    <ele>143.38</ele>
   </trkpt>
   <trkpt lat="41.68034500505517" lon="27.097660001092123">
    <ele>146.22000000000003</ele>
   </trkpt>
   <trkpt lat="41.68028" lon="27.098740000000003">
    <ele>148.96</ele>
   </trkpt>
   <trkpt lat="41.68019" lon="27.09991">
    <ele>152.98</ele>
   </trkpt>
   <trkpt lat="41.6801900025364" lon="27.10067500026392">
    <ele>155.33</ele>
   </trkpt>
   <trkpt lat="41.68019" lon="27.101440000000004">
    <ele>157.89</ele>
   </trkpt>
   <trkpt lat="41.680220000000006" lon="27.101950000000002">
    <ele>159.44000000000003</ele>
   </trkpt>
   <trkpt lat="41.68032" lon="27.102800000000002">
    <ele>161.54000000000002</ele>
   </trkpt>
   <trkpt lat="41.68045" lon="27.10357">
    <ele>163.07000000000002</ele>
   </trkpt>
   <trkpt lat="41.68061" lon="27.104360000000003">
    <ele>164.12</ele>
   </trkpt>
   <trkpt lat="41.68085000000001" lon="27.105240000000002">
    <ele>165.11</ele>
   </trkpt>
   <trkpt lat="41.681090000000005" lon="27.10591">
    <ele>165.60000000000002</ele>
   </trkpt>
   <trkpt lat="41.68137801474081" lon="27.10683198350534">
    <ele>166.37</ele>
   </trkpt>
   <trkpt lat="41.681666022113156" lon="27.10775397526383">
    <ele>167.18</ele>
   </trkpt>
   <trkpt lat="41.68195402211689" lon="27.108675975275403">
    <ele>168.21000000000004</ele>
   </trkpt>
   <trkpt lat="41.68224201475189" lon="27.10959798354001">
    <ele>169.42000000000002</ele>
   </trkpt>
   <trkpt lat="41.68253" lon="27.11052">
    <ele>170.47</ele>
   </trkpt>
   <trkpt lat="41.6827350013832" lon="27.11107999828153">
    <ele>170.61</ele>
   </trkpt>
   <trkpt lat="41.68294" lon="27.11164">
    <ele>170.78</ele>
   </trkpt>
   <trkpt lat="41.68326500206531" lon="27.112314996778785">
    <ele>170.79000000000002</ele>
   </trkpt>
   <trkpt lat="41.68359" lon="27.112990000000003">
    <ele>170.3</ele>
   </trkpt>
   <trkpt lat="41.684123352684146" lon="27.113934960831948">
    <ele>169.25</ele>
   </trkpt>
   <trkpt lat="41.68465669762785" lon="27.114879937329807">
    <ele>168.85</ele>
   </trkpt>
   <trkpt lat="41.6851900348308" lon="27.115824929493897">
    <ele>169.64000000000001</ele>
   </trkpt>
   <trkpt lat="41.68572336429277" lon="27.11676993732456">
    <ele>170.89000000000001</ele>
   </trkpt>
   <trkpt lat="41.68625668601345" lon="27.117714960822102">
    <ele>171.98000000000002</ele>
   </trkpt>
   <trkpt lat="41.68679" lon="27.118660000000002">
    <ele>172.87000000000003</ele>
   </trkpt>
   <trkpt lat="41.687285004000785" lon="27.11961999262621">
    <ele>173.68</ele>
   </trkpt>
   <trkpt lat="41.687780000000004" lon="27.120580000000004">
    <ele>174.66</ele>
   </trkpt>
   <trkpt lat="41.68815500189296" lon="27.12124499608166">
    <ele>175.03</ele>
   </trkpt>
   <trkpt lat="41.68853" lon="27.121910000000003">
    <ele>175.53000000000003</ele>
   </trkpt>
   <trkpt lat="41.68869" lon="27.122230000000002">
    <ele>175.95000000000002</ele>
   </trkpt>
   <trkpt lat="41.68905" lon="27.123060000000002">
    <ele>176.51000000000002</ele>
   </trkpt>
   <trkpt lat="41.68923" lon="27.123530000000002">
    <ele>177.15</ele>
   </trkpt>
   <trkpt lat="41.689571148855386" lon="27.12457328907696">
    <ele>178.04</ele>
   </trkpt>
   <trkpt lat="41.68991228827549" lon="27.12561658921901">
    <ele>179.09000000000003</ele>
   </trkpt>
   <trkpt lat="41.69025341826009" lon="27.126659900426088">
    <ele>179.84000000000003</ele>
   </trkpt>
   <trkpt lat="41.690594538808966" lon="27.12770322269815">
    <ele>180.85</ele>
   </trkpt>
   <trkpt lat="41.69093564992192" lon="27.12874655603513">
    <ele>181.66000000000003</ele>
   </trkpt>
   <trkpt lat="41.69127675159873" lon="27.129789900436975">
    <ele>182.6</ele>
   </trkpt>
   <trkpt lat="41.691617843839175" lon="27.13083325590363">
    <ele>183.97000000000003</ele>
   </trkpt>
   <trkpt lat="41.69195892664307" lon="27.13187662243504">
    <ele>184.49</ele>
   </trkpt>
   <trkpt lat="41.6923" lon="27.132920000000002">
    <ele>184.96</ele>
   </trkpt>
   <trkpt lat="41.69265004634388" lon="27.13400994661578">
    <ele>185.27</ele>
   </trkpt>
   <trkpt lat="41.69300008238955" lon="27.13509990509427">
    <ele>185.8</ele>
   </trkpt>
   <trkpt lat="41.69335010813677" lon="27.136189875435388">
    <ele>186.12</ele>
   </trkpt>
   <trkpt lat="41.6937001235853" lon="27.137279857639072">
    <ele>186.50000000000003</ele>
   </trkpt>
   <trkpt lat="41.69405012873491" lon="27.13836985170523">
    <ele>186.84</ele>
   </trkpt>
   <trkpt lat="41.694400123585346" lon="27.139459857633813">
    <ele>187.60000000000002</ele>
   </trkpt>
   <trkpt lat="41.69475010813637" lon="27.140549875424725">
    <ele>187.78</ele>
   </trkpt>
   <trkpt lat="41.69510008238773" lon="27.1416399050779">
    <ele>187.09</ele>
   </trkpt>
   <trkpt lat="41.69545004633924" lon="27.142729946593263">
    <ele>186.02</ele>
   </trkpt>
   <trkpt lat="41.695800000000006" lon="27.14382">
    <ele>184.13000000000002</ele>
   </trkpt>
   <trkpt lat="41.69605667324629" lon="27.144689993118266">
    <ele>182.43</ele>
   </trkpt>
   <trkpt lat="41.696313339931315" lon="27.145559993180395">
    <ele>181.13</ele>
   </trkpt>
   <trkpt lat="41.69657" lon="27.146430000000002">
    <ele>180.01</ele>
   </trkpt>
   <trkpt lat="41.69692000837191" lon="27.147413322601892">
    <ele>179.78000000000003</ele>
   </trkpt>
   <trkpt lat="41.69727000836175" lon="27.148396655906495">
    <ele>180.92000000000002</ele>
   </trkpt>
   <trkpt lat="41.69762" lon="27.14938">
    <ele>182.31000000000003</ele>
   </trkpt>
   <trkpt lat="41.69793001198385" lon="27.150339986118272">
    <ele>183.41000000000003</ele>
   </trkpt>
   <trkpt lat="41.69824001597873" lon="27.151299981491565">
    <ele>184.52</ele>
   </trkpt>
   <trkpt lat="41.69855001198451" lon="27.152259986119834">
    <ele>185.71</ele>
   </trkpt>
   <trkpt lat="41.69886" lon="27.15322">
    <ele>186.28000000000003</ele>
   </trkpt>
   <trkpt lat="41.69905500139936" lon="27.15378499833232">
    <ele>186.52</ele>
   </trkpt>
   <trkpt lat="41.699250000000006" lon="27.15435">
    <ele>186.93</ele>
   </trkpt>
   <trkpt lat="41.69953500224862" lon="27.15506999681336">
    <ele>187.34</ele>
   </trkpt>
   <trkpt lat="41.69982" lon="27.155790000000003">
    <ele>187.66000000000003</ele>
   </trkpt>
   <trkpt lat="41.700253341287386" lon="27.15674998698419">
    <ele>188.2</ele>
   </trkpt>
   <trkpt lat="41.700686674585704" lon="27.157709986906386">
    <ele>188.98000000000002</ele>
   </trkpt>
   <trkpt lat="41.70112" lon="27.15867">
    <ele>189.75</ele>
   </trkpt>
   <trkpt lat="41.70151000266974" lon="27.159464995036224">
    <ele>190.47000000000003</ele>
   </trkpt>
   <trkpt lat="41.7019" lon="27.16026">
    <ele>191.23000000000002</ele>
   </trkpt>
   <trkpt lat="41.702360000000006" lon="27.16129">
    <ele>192.02</ele>
   </trkpt>
   <trkpt lat="41.70283002181763" lon="27.16229329666584">
    <ele>192.20000000000002</ele>
   </trkpt>
   <trkpt lat="41.70330003490895" lon="27.163296607999275">
    <ele>192.02</ele>
   </trkpt>
   <trkpt lat="41.70377003927372" lon="27.16429993400049">
    <ele>191.25</ele>
   </trkpt>
   <trkpt lat="41.70424003491165" lon="27.165303274669668">
    <ele>190.84</ele>
   </trkpt>
   <trkpt lat="41.70471002182248" lon="27.166306630006996">
    <ele>190.59</ele>
   </trkpt>
   <trkpt lat="41.705180000000006" lon="27.16731">
    <ele>191.58</ele>
   </trkpt>
   <trkpt lat="41.7055500055969" lon="27.168113324092587">
    <ele>193.19000000000003</ele>
   </trkpt>
   <trkpt lat="41.70592000559936" lon="27.16891665743114">
    <ele>195.48000000000002</ele>
   </trkpt>
   <trkpt lat="41.70629" lon="27.16972">
    <ele>197.46</ele>
   </trkpt>
   <trkpt lat="41.70659000209087" lon="27.170414996750523">
    <ele>198.96</ele>
   </trkpt>
   <trkpt lat="41.70689" lon="27.171110000000002">
    <ele>199.75</ele>
   </trkpt>
   <trkpt lat="41.70726334194847" lon="27.172106655101604">
    <ele>200.55</ele>
   </trkpt>
   <trkpt lat="41.70763667528568" lon="27.17310332177842">
    <ele>201.05</ele>
   </trkpt>
   <trkpt lat="41.70801" lon="27.174100000000003">
    <ele>201.07000000000002</ele>
   </trkpt>
   <trkpt lat="41.708200000000005" lon="27.17451">
    <ele>201.32000000000002</ele>
   </trkpt>
   <trkpt lat="41.708690000000004" lon="27.175430000000002">
    <ele>201.73000000000002</ele>
   </trkpt>
   <trkpt lat="41.70923000399261" lon="27.17638999193231">
    <ele>202.03</ele>
   </trkpt>
   <trkpt lat="41.709770000000006" lon="27.17735">
    <ele>202.06</ele>
   </trkpt>
   <trkpt lat="41.71018" lon="27.178200000000004">
    <ele>201.61</ele>
   </trkpt>
   <trkpt lat="41.71063500439074" lon="27.179204992914606">
    <ele>201.48000000000002</ele>
   </trkpt>
   <trkpt lat="41.711090000000006" lon="27.180210000000002">
    <ele>201.48000000000002</ele>
   </trkpt>
   <trkpt lat="41.71140500313182" lon="27.181054995957957">
    <ele>201.48000000000002</ele>
   </trkpt>
   <trkpt lat="41.71172000000001" lon="27.181900000000002">
    <ele>201.48000000000002</ele>
   </trkpt>
   <trkpt lat="41.71207753180053" lon="27.182923710143918">
    <ele>201.48000000000002</ele>
   </trkpt>
   <trkpt lat="41.71243505451576" lon="27.183947431675694">
    <ele>198.36</ele>
   </trkpt>
   <trkpt lat="41.71279256814547" lon="27.184971164595307">
    <ele>198.36</ele>
   </trkpt>
   <trkpt lat="41.71315007268942" lon="27.18599490890275">
    <ele>198.36</ele>
   </trkpt>
   <trkpt lat="41.713507568147435" lon="27.187018664597986">
    <ele>198.36</ele>
   </trkpt>
   <trkpt lat="41.71386505451927" lon="27.188042431681005">
    <ele>198.36</ele>
   </trkpt>
   <trkpt lat="41.71422253180473" lon="27.189066210151786">
    <ele>198.17000000000002</ele>
   </trkpt>
   <trkpt lat="41.714580000000005" lon="27.19009">
    <ele>197.48000000000002</ele>
   </trkpt>
   <trkpt lat="41.7149033405111" lon="27.190999990840695">
    <ele>197.48000000000002</ele>
   </trkpt>
   <trkpt lat="41.715226673843205" lon="27.19190999083708">
    <ele>197.67000000000002</ele>
   </trkpt>
   <trkpt lat="41.71555" lon="27.19282">
    <ele>198.10000000000002</ele>
   </trkpt>
   <trkpt lat="41.715720000000005" lon="27.193240000000003">
    <ele>197.93</ele>
   </trkpt>
   <trkpt lat="41.715970002609644" lon="27.193999997365836">
    <ele>198.38000000000002</ele>
   </trkpt>
   <trkpt lat="41.71622000000001" lon="27.194760000000002">
    <ele>197.96</ele>
   </trkpt>
   <trkpt lat="41.716530000000006" lon="27.195520000000002">
    <ele>196.29000000000002</ele>
   </trkpt>
   <trkpt lat="41.71676" lon="27.196030000000004">
    <ele>195.25</ele>
   </trkpt>
   <trkpt lat="41.71703000142058" lon="27.19657999791213">
    <ele>194.44000000000003</ele>
   </trkpt>
   <trkpt lat="41.7173" lon="27.19713">
    <ele>193.98000000000002</ele>
   </trkpt>
   <trkpt lat="41.71764" lon="27.19789">
    <ele>193.31</ele>
   </trkpt>
   <trkpt lat="41.718070000000004" lon="27.198900000000002">
    <ele>192.27</ele>
   </trkpt>
   <trkpt lat="41.7182" lon="27.199260000000002">
    <ele>192.45000000000002</ele>
   </trkpt>
   <trkpt lat="41.71828" lon="27.19958">
    <ele>192.35000000000002</ele>
   </trkpt>
   <trkpt lat="41.71831" lon="27.20013">
    <ele>192.25</ele>
   </trkpt>
   <trkpt lat="41.718230000000005" lon="27.201050000000002">
    <ele>192.43</ele>
   </trkpt>
   <trkpt lat="41.71822" lon="27.201340000000002">
    <ele>192.43</ele>
   </trkpt>
   <trkpt lat="41.71826" lon="27.201590000000003">
    <ele>192.48000000000002</ele>
   </trkpt>
   <trkpt lat="41.718410000000006" lon="27.202070000000003">
    <ele>192.42000000000002</ele>
   </trkpt>
   <trkpt lat="41.7187100025124" lon="27.202829996474115">
    <ele>192.57000000000002</ele>
   </trkpt>
   <trkpt lat="41.719010000000004" lon="27.203590000000002">
    <ele>192.29000000000002</ele>
   </trkpt>
   <trkpt lat="41.719400003287696" lon="27.204459994735164">
    <ele>191.78</ele>
   </trkpt>
   <trkpt lat="41.71979" lon="27.205330000000004">
    <ele>191.99</ele>
   </trkpt>
   <trkpt lat="41.72016" lon="27.206020000000002">
    <ele>193.14000000000001</ele>
   </trkpt>
   <trkpt lat="41.720653338933026" lon="27.206826654212858">
    <ele>194.55</ele>
   </trkpt>
   <trkpt lat="41.721146672224776" lon="27.207633320811343">
    <ele>195.61</ele>
   </trkpt>
   <trkpt lat="41.72164" lon="27.208440000000003">
    <ele>196.93</ele>
   </trkpt>
   <trkpt lat="41.72202500177388" lon="27.209089996008338">
    <ele>198.13000000000002</ele>
   </trkpt>
   <trkpt lat="41.72241" lon="27.209740000000004">
    <ele>198.83</ele>
   </trkpt>
   <trkpt lat="41.72282667041054" lon="27.210399991388808">
    <ele>199.67000000000002</ele>
   </trkpt>
   <trkpt lat="41.72324333704466" lon="27.211059991337134">
    <ele>200.74000000000004</ele>
   </trkpt>
   <trkpt lat="41.72366" lon="27.211720000000003">
    <ele>203.15000000000003</ele>
   </trkpt>
   <trkpt lat="41.7241333378098" lon="27.21243665614347">
    <ele>206.61</ele>
   </trkpt>
   <trkpt lat="41.72460667116685" lon="27.213153322845887">
    <ele>206.17000000000002</ele>
   </trkpt>
   <trkpt lat="41.725080000000005" lon="27.213870000000004">
    <ele>206.49</ele>
   </trkpt>
   <trkpt lat="41.725100000000005" lon="27.21395">
    <ele>206.49</ele>
   </trkpt>
   <trkpt lat="41.725150000000006" lon="27.213980000000003">
    <ele>206.31000000000003</ele>
   </trkpt>
   <trkpt lat="41.72551500074509" lon="27.21439499764072">
    <ele>206.20000000000002</ele>
   </trkpt>
   <trkpt lat="41.725880000000004" lon="27.214810000000003">
    <ele>205.54000000000002</ele>
   </trkpt>
   <trkpt lat="41.726545001506004" lon="27.215399993890504">
    <ele>204.54000000000002</ele>
   </trkpt>
   <trkpt lat="41.72721000000001" lon="27.21599">
    <ele>204.63</ele>
   </trkpt>
   <trkpt lat="41.72739000000001" lon="27.21629">
    <ele>204.15000000000003</ele>
   </trkpt>
   <trkpt lat="41.72739000000001" lon="27.216310000000004">
    <ele>204.15000000000003</ele>
   </trkpt>
   <trkpt lat="41.727270000000004" lon="27.216400000000004">
    <ele>204.01000000000002</ele>
   </trkpt>
   <trkpt lat="41.72670000038732" lon="27.216640002071337">
    <ele>202.78</ele>
   </trkpt>
   <trkpt lat="41.726130000000005" lon="27.216880000000003">
    <ele>200.99000000000004</ele>
   </trkpt>
   <trkpt lat="41.725556667337386" lon="27.217150004800473">
    <ele>200.52</ele>
   </trkpt>
   <trkpt lat="41.724983334042726" lon="27.217420004782195">
    <ele>199.31</ele>
   </trkpt>
   <trkpt lat="41.724410000000006" lon="27.21769">
    <ele>198.94</ele>
   </trkpt>
   <trkpt lat="41.724360000000004" lon="27.217760000000002">
    <ele>198.63000000000002</ele>
   </trkpt>
   <trkpt lat="41.72435" lon="27.21787">
    <ele>198.63000000000002</ele>
   </trkpt>
   <trkpt lat="41.724360000000004" lon="27.21796">
    <ele>198.57000000000002</ele>
   </trkpt>
   <trkpt lat="41.7244" lon="27.218030000000002">
    <ele>198.57000000000002</ele>
   </trkpt>
   <trkpt lat="41.72524000070166" lon="27.21843499470058">
    <ele>198.49000000000004</ele>
   </trkpt>
   <trkpt lat="41.72608" lon="27.218840000000004">
    <ele>199.62</ele>
   </trkpt>
   <trkpt lat="41.72625" lon="27.21899">
    <ele>199.98000000000002</ele>
   </trkpt>
   <trkpt lat="41.7265" lon="27.21929">
    <ele>200.92000000000002</ele>
   </trkpt>
   <trkpt lat="41.72665000000001" lon="27.21956">
    <ele>201.74</ele>
   </trkpt>
   <trkpt lat="41.72681" lon="27.219900000000003">
    <ele>202.25</ele>
   </trkpt>
   <trkpt lat="41.72688" lon="27.220190000000002">
    <ele>202.88</ele>
   </trkpt>
   <trkpt lat="41.72703501393082" lon="27.221224992508585">
    <ele>204.15000000000003</ele>
   </trkpt>
   <trkpt lat="41.727190018574476" lon="27.2222599900115">
    <ele>205.29000000000002</ele>
   </trkpt>
   <trkpt lat="41.72734501393088" lon="27.223294992508507">
    <ele>205.64000000000001</ele>
   </trkpt>
   <trkpt lat="41.727500000000006" lon="27.224330000000002">
    <ele>205.16</ele>
   </trkpt>
   <trkpt lat="41.727674598513985" lon="27.225436333570958">
    <ele>205.12000000000003</ele>
   </trkpt>
   <trkpt lat="41.727849186416336" lon="27.226542673155123">
    <ele>205.22</ele>
   </trkpt>
   <trkpt lat="41.728023763706936" lon="27.227649018752196">
    <ele>205.42000000000002</ele>
   </trkpt>
   <trkpt lat="41.72819833038562" lon="27.228755370361885">
    <ele>205.96</ele>
   </trkpt>
   <trkpt lat="41.7283728864523" lon="27.229861727983895">
    <ele>206.04000000000002</ele>
   </trkpt>
   <trkpt lat="41.72854743190687" lon="27.230968091617925">
    <ele>206.21</ele>
   </trkpt>
   <trkpt lat="41.72872196674916" lon="27.232074461263682">
    <ele>206.74</ele>
   </trkpt>
   <trkpt lat="41.72889649097909" lon="27.233180836920873">
    <ele>207.54000000000002</ele>
   </trkpt>
   <trkpt lat="41.72907100459651" lon="27.234287218589202">
    <ele>209.01000000000002</ele>
   </trkpt>
   <trkpt lat="41.72924550760131" lon="27.23539360626836">
    <ele>211.33</ele>
   </trkpt>
   <trkpt lat="41.729420000000005" lon="27.236500000000003">
    <ele>212.34000000000003</ele>
   </trkpt>
   <trkpt lat="41.72954" lon="27.237050000000004">
    <ele>213.65</ele>
   </trkpt>
   <trkpt lat="41.729690000000005" lon="27.237470000000002">
    <ele>214.76</ele>
   </trkpt>
   <trkpt lat="41.73017" lon="27.23842">
    <ele>213.81000000000003</ele>
   </trkpt>
   <trkpt lat="41.730000000000004" lon="27.238670000000003">
    <ele>213.4</ele>
   </trkpt>
   <trkpt lat="41.72973" lon="27.238960000000002">
    <ele>213.22000000000003</ele>
   </trkpt>
   <trkpt lat="41.72907500564971" lon="27.239620020202956">
    <ele>212.61</ele>
   </trkpt>
   <trkpt lat="41.72842000752269" lon="27.240280026947158">
    <ele>212.47000000000003</ele>
   </trkpt>
   <trkpt lat="41.7277650056191" lon="27.240940020233126">
    <ele>212.81000000000003</ele>
   </trkpt>
   <trkpt lat="41.72711" lon="27.241600000000002">
    <ele>213.01</ele>
   </trkpt>
   <trkpt lat="41.72667500074355" lon="27.242015002812746">
    <ele>213.17000000000002</ele>
   </trkpt>
   <trkpt lat="41.726240000000004" lon="27.242430000000002">
    <ele>212.56000000000003</ele>
   </trkpt>
   <trkpt lat="41.72596" lon="27.24265">
    <ele>212.04</ele>
   </trkpt>
   <trkpt lat="41.725445000524964" lon="27.24299000270955">
    <ele>211.09000000000003</ele>
   </trkpt>
   <trkpt lat="41.72493" lon="27.243330000000004">
    <ele>209.90000000000003</ele>
   </trkpt>
   <trkpt lat="41.72420500293921" lon="27.24380501607563">
    <ele>208.64000000000001</ele>
   </trkpt>
   <trkpt lat="41.72348000392225" lon="27.244280021431653">
    <ele>208.55</ele>
   </trkpt>
   <trkpt lat="41.722755002949185" lon="27.24475501606855">
    <ele>208.28000000000003</ele>
   </trkpt>
   <trkpt lat="41.722030000000004" lon="27.245230000000003">
    <ele>207.99</ele>
   </trkpt>
   <trkpt lat="41.721635000371656" lon="27.245520001777432">
    <ele>207.48000000000002</ele>
   </trkpt>
   <trkpt lat="41.72124" lon="27.245810000000002">
    <ele>207.05</ele>
   </trkpt>
   <trkpt lat="41.7205766735697" lon="27.246375029174082">
    <ele>207.11</ele>
   </trkpt>
   <trkpt lat="41.719913344371655" lon="27.246940046683346">
    <ele>207.76000000000002</ele>
   </trkpt>
   <trkpt lat="41.71925001240596" lon="27.247505052528265">
    <ele>208.22</ele>
   </trkpt>
   <trkpt lat="41.71858667767275" lon="27.24807004670929">
    <ele>208.69</ele>
   </trkpt>
   <trkpt lat="41.717923340172156" lon="27.248635029226893">
    <ele>208.27</ele>
   </trkpt>
   <trkpt lat="41.71726" lon="27.249200000000002">
    <ele>206.20000000000002</ele>
   </trkpt>
   <trkpt lat="41.71681" lon="27.24961">
    <ele>203.58</ele>
   </trkpt>
   <trkpt lat="41.716240000000006" lon="27.250230000000002">
    <ele>199.37</ele>
   </trkpt>
   <trkpt lat="41.71567500182734" lon="27.250875005642648">
    <ele>195.31</ele>
   </trkpt>
   <trkpt lat="41.71511" lon="27.251520000000003">
    <ele>191.16000000000003</ele>
   </trkpt>
   <trkpt lat="41.7147" lon="27.252070000000003">
    <ele>186.17</ele>
   </trkpt>
   <trkpt lat="41.71444" lon="27.2525">
    <ele>183.03000000000003</ele>
   </trkpt>
   <trkpt lat="41.714200000000005" lon="27.25298">
    <ele>179.75000000000003</ele>
   </trkpt>
   <trkpt lat="41.713836672680216" lon="27.253813342770098">
    <ele>175.96</ele>
   </trkpt>
   <trkpt lat="41.713473339340005" lon="27.254646676119055">
    <ele>172.51000000000002</ele>
   </trkpt>
   <trkpt lat="41.71311" lon="27.255480000000002">
    <ele>168.29000000000002</ele>
   </trkpt>
   <trkpt lat="41.71298" lon="27.255840000000003">
    <ele>164.4</ele>
   </trkpt>
   <trkpt lat="41.712860000000006" lon="27.256220000000003">
    <ele>162.36</ele>
   </trkpt>
   <trkpt lat="41.7128" lon="27.256490000000003">
    <ele>161.45000000000002</ele>
   </trkpt>
   <trkpt lat="41.7126500035617" lon="27.257395002042333">
    <ele>155.93</ele>
   </trkpt>
   <trkpt lat="41.712500000000006" lon="27.258300000000002">
    <ele>150.17000000000002</ele>
   </trkpt>
   <trkpt lat="41.71231" lon="27.259000000000004">
    <ele>148.15</ele>
   </trkpt>
   <trkpt lat="41.712050000000005" lon="27.25962">
    <ele>147.69000000000003</ele>
   </trkpt>
   <trkpt lat="41.7117" lon="27.26021">
    <ele>148.58</ele>
   </trkpt>
   <trkpt lat="41.711126670997956" lon="27.26091334582684">
    <ele>151.19000000000003</ele>
   </trkpt>
   <trkpt lat="41.71055333770735" lon="27.261616679107554">
    <ele>151.75000000000003</ele>
   </trkpt>
   <trkpt lat="41.70998" lon="27.262320000000003">
    <ele>153.12</ele>
   </trkpt>
   <trkpt lat="41.709480001927396" lon="27.26296500485656">
    <ele>154.98</ele>
   </trkpt>
   <trkpt lat="41.708980000000004" lon="27.263610000000003">
    <ele>157.06</ele>
   </trkpt>
   <trkpt lat="41.708540000000006" lon="27.26434">
    <ele>159.69000000000003</ele>
   </trkpt>
   <trkpt lat="41.70816000000001" lon="27.265200000000004">
    <ele>163.24</ele>
   </trkpt>
   <trkpt lat="41.708040000000004" lon="27.265530000000002">
    <ele>163.98000000000002</ele>
   </trkpt>
   <trkpt lat="41.70785" lon="27.266180000000002">
    <ele>167.46</ele>
   </trkpt>
   <trkpt lat="41.70772" lon="27.26677">
    <ele>169.56</ele>
   </trkpt>
   <trkpt lat="41.70765" lon="27.26723">
    <ele>171.42000000000002</ele>
   </trkpt>
   <trkpt lat="41.7075450119849" lon="27.268190004696713">
    <ele>174.66</ele>
   </trkpt>
   <trkpt lat="41.70744001598033" lon="27.26915000625788">
    <ele>179.59000000000003</ele>
   </trkpt>
   <trkpt lat="41.70733501198634" lon="27.270110004683282">
    <ele>186.46</ele>
   </trkpt>
   <trkpt lat="41.70723" lon="27.27107">
    <ele>191.07000000000002</ele>
   </trkpt>
   <trkpt lat="41.70705" lon="27.27202">
    <ele>196.33</ele>
   </trkpt>
   <trkpt lat="41.706790000000005" lon="27.27296">
    <ele>202.34</ele>
   </trkpt>
   <trkpt lat="41.706500000000005" lon="27.273850000000003">
    <ele>209.07</ele>
   </trkpt>
   <trkpt lat="41.706152508785195" lon="27.27467251336448">
    <ele>213.28000000000003</ele>
   </trkpt>
   <trkpt lat="41.705805011705614" lon="27.275495017837944">
    <ele>217.25000000000003</ele>
   </trkpt>
   <trkpt lat="41.7054575087614" lon="27.27631751342045">
    <ele>220.41000000000003</ele>
   </trkpt>
   <trkpt lat="41.705110000000005" lon="27.277140000000003">
    <ele>222.21</ele>
   </trkpt>
   <trkpt lat="41.70481" lon="27.27783">
    <ele>223.88000000000002</ele>
   </trkpt>
   <trkpt lat="41.70454" lon="27.2784">
    <ele>224.29000000000002</ele>
   </trkpt>
   <trkpt lat="41.70425500158332" lon="27.27898500238786">
    <ele>223.67000000000002</ele>
   </trkpt>
   <trkpt lat="41.703970000000005" lon="27.279570000000003">
    <ele>222.59</ele>
   </trkpt>
   <trkpt lat="41.703536011721376" lon="27.280392022180653">
    <ele>221.11</ele>
   </trkpt>
   <trkpt lat="41.70310201758503" lon="27.28121403326484">
    <ele>219.41000000000003</ele>
   </trkpt>
   <trkpt lat="41.702668017591186" lon="27.282036033252727">
    <ele>217.7</ele>
   </trkpt>
   <trkpt lat="41.70223401173995" lon="27.28285802214448">
    <ele>215.12</ele>
   </trkpt>
   <trkpt lat="41.701800000000006" lon="27.283680000000004">
    <ele>213.18</ele>
   </trkpt>
   <trkpt lat="41.70156" lon="27.284160000000004">
    <ele>211.77</ele>
   </trkpt>
   <trkpt lat="41.7012" lon="27.285000000000004">
    <ele>208.79</ele>
   </trkpt>
   <trkpt lat="41.70091" lon="27.285780000000003">
    <ele>204.99</ele>
   </trkpt>
   <trkpt lat="41.70073" lon="27.286350000000002">
    <ele>203.35</ele>
   </trkpt>
   <trkpt lat="41.700590000000005" lon="27.286870000000004">
    <ele>202.36</ele>
   </trkpt>
   <trkpt lat="41.70031602014637" lon="27.28794801837854">
    <ele>200.54000000000002</ele>
   </trkpt>
   <trkpt lat="41.70004203021857" lon="27.289026027571104">
    <ele>200.51000000000002</ele>
   </trkpt>
   <trkpt lat="41.69976803021681" lon="27.29010402757753">
    <ele>200.4</ele>
   </trkpt>
   <trkpt lat="41.69949402014123" lon="27.29118201839764">
    <ele>200.42000000000002</ele>
   </trkpt>
   <trkpt lat="41.699220000000004" lon="27.292260000000002">
    <ele>199.55</ele>
   </trkpt>
   <trkpt lat="41.698935027919276" lon="27.293395025146335">
    <ele>199.14000000000001</ele>
   </trkpt>
   <trkpt lat="41.6986500446708" lon="27.29453004023338">
    <ele>198.4</ele>
   </trkpt>
   <trkpt lat="41.69836505025482" lon="27.29566504526093">
    <ele>197.81</ele>
   </trkpt>
   <trkpt lat="41.69808004467154" lon="27.296800040228778">
    <ele>196.69</ele>
   </trkpt>
   <trkpt lat="41.69779502792115" lon="27.297935025136724">
    <ele>195.49</ele>
   </trkpt>
   <trkpt lat="41.69751" lon="27.299070000000004">
    <ele>193.99</ele>
   </trkpt>
   <trkpt lat="41.69731" lon="27.300050000000002">
    <ele>192.95000000000002</ele>
   </trkpt>
   <trkpt lat="41.69714500583576" lon="27.301210002951883">
    <ele>190.48000000000002</ele>
   </trkpt>
   <trkpt lat="41.69698" lon="27.302370000000003">
    <ele>187.27</ele>
   </trkpt>
   <trkpt lat="41.69688" lon="27.303480000000004">
    <ele>186.32000000000002</ele>
   </trkpt>
   <trkpt lat="41.69686" lon="27.30394">
    <ele>185.8</ele>
   </trkpt>
   <trkpt lat="41.696830000000006" lon="27.303980000000003">
    <ele>185.8</ele>
   </trkpt>
   <trkpt lat="41.696810000000006" lon="27.304100000000002">
    <ele>185.8</ele>
   </trkpt>
   <trkpt lat="41.69684" lon="27.30421">
    <ele>185.8</ele>
   </trkpt>
   <trkpt lat="41.696870000000004" lon="27.304250000000003">
    <ele>185.8</ele>
   </trkpt>
   <trkpt lat="41.69686" lon="27.304800000000004">
    <ele>185.44000000000003</ele>
   </trkpt>
   <trkpt lat="41.69689" lon="27.305920000000004">
    <ele>186.18</ele>
   </trkpt>
   <trkpt lat="41.6968733566234" lon="27.306956668015605">
    <ele>186.34</ele>
   </trkpt>
   <trkpt lat="41.696856703930735" lon="27.307993335494515">
    <ele>186.87</ele>
   </trkpt>
   <trkpt lat="41.69684004192197" lon="27.309030002436437">
    <ele>187.59</ele>
   </trkpt>
   <trkpt lat="41.69682337059717" lon="27.310066668841063">
    <ele>188.21</ele>
   </trkpt>
   <trkpt lat="41.6968066899563" lon="27.311103334708104">
    <ele>188.50000000000003</ele>
   </trkpt>
   <trkpt lat="41.69679" lon="27.312140000000003">
    <ele>189.27</ele>
   </trkpt>
   <trkpt lat="41.696760000000005" lon="27.312790000000003">
    <ele>189.59</ele>
   </trkpt>
   <trkpt lat="41.696670000000005" lon="27.313930000000003">
    <ele>190.07000000000002</ele>
   </trkpt>
   <trkpt lat="41.69653" lon="27.31491">
    <ele>190.44000000000003</ele>
   </trkpt>
   <trkpt lat="41.696360000000006" lon="27.315810000000003">
    <ele>190.67000000000002</ele>
   </trkpt>
   <trkpt lat="41.696250000000006" lon="27.316270000000003">
    <ele>190.74</ele>
   </trkpt>
   <trkpt lat="41.69603" lon="27.317050000000002">
    <ele>190.92000000000002</ele>
   </trkpt>
   <trkpt lat="41.69586" lon="27.317600000000002">
    <ele>191.05</ele>
   </trkpt>
   <trkpt lat="41.69554" lon="27.31847">
    <ele>191.8</ele>
   </trkpt>
   <trkpt lat="41.69510751365156" lon="27.319495020700312">
    <ele>192.24</ele>
   </trkpt>
   <trkpt lat="41.69467501819538" lon="27.3205200276158">
    <ele>192.20000000000002</ele>
   </trkpt>
   <trkpt lat="41.69424251363175" lon="27.321545020746562">
    <ele>193.02</ele>
   </trkpt>
   <trkpt lat="41.693810000000006" lon="27.322570000000002">
    <ele>194.25</ele>
   </trkpt>
   <trkpt lat="41.69348" lon="27.32345">
    <ele>195.24</ele>
   </trkpt>
   <trkpt lat="41.693310000000004" lon="27.324050000000003">
    <ele>195.94</ele>
   </trkpt>
   <trkpt lat="41.693220000000004" lon="27.324610000000003">
    <ele>196.35000000000002</ele>
   </trkpt>
   <trkpt lat="41.69317" lon="27.32513">
    <ele>196.9</ele>
   </trkpt>
   <trkpt lat="41.69314000000001" lon="27.325720000000004">
    <ele>197.46</ele>
   </trkpt>
   <trkpt lat="41.69317" lon="27.32656">
    <ele>198.02000000000004</ele>
   </trkpt>
   <trkpt lat="41.69321" lon="27.326960000000003">
    <ele>198.57000000000002</ele>
   </trkpt>
   <trkpt lat="41.6933" lon="27.327550000000002">
    <ele>198.78</ele>
   </trkpt>
   <trkpt lat="41.69348" lon="27.32832">
    <ele>198.51000000000002</ele>
   </trkpt>
   <trkpt lat="41.69379000501564" lon="27.329394994842616">
    <ele>198.96</ele>
   </trkpt>
   <trkpt lat="41.694100000000006" lon="27.330470000000002">
    <ele>200.3</ele>
   </trkpt>
   <trkpt lat="41.694190000000006" lon="27.330740000000002">
    <ele>200.83</ele>
   </trkpt>
   <trkpt lat="41.694595003697536" lon="27.33165499439385">
    <ele>202.48000000000002</ele>
   </trkpt>
   <trkpt lat="41.695" lon="27.33257">
    <ele>203.64000000000001</ele>
   </trkpt>
   <trkpt lat="41.695370000000004" lon="27.333650000000002">
    <ele>204.95000000000002</ele>
   </trkpt>
   <trkpt lat="41.69574500460279" lon="27.334684993854335">
    <ele>206.42000000000002</ele>
   </trkpt>
   <trkpt lat="41.69612" lon="27.335720000000002">
    <ele>207.63</ele>
   </trkpt>
   <trkpt lat="41.69633" lon="27.336540000000003">
    <ele>208.19</ele>
   </trkpt>
   <trkpt lat="41.69641" lon="27.337000000000003">
    <ele>208.03000000000003</ele>
   </trkpt>
   <trkpt lat="41.69646500163391" lon="27.3376149994131">
    <ele>208.25</ele>
   </trkpt>
   <trkpt lat="41.69652000000001" lon="27.338230000000003">
    <ele>208.21</ele>
   </trkpt>
   <trkpt lat="41.696560002944985" lon="27.339054999382096">
    <ele>207.82</ele>
   </trkpt>
   <trkpt lat="41.696600000000004" lon="27.33988">
    <ele>207.67000000000002</ele>
   </trkpt>
   <trkpt lat="41.6965833420589" lon="27.340883333913958">
    <ele>207.85</ele>
   </trkpt>
   <trkpt lat="41.69656667539122" lon="27.341886667308042">
    <ele>208.90000000000003</ele>
   </trkpt>
   <trkpt lat="41.69655" lon="27.34289">
    <ele>210.51000000000002</ele>
   </trkpt>
   <trkpt lat="41.69652628969036" lon="27.34403375295216">
    <ele>213.69000000000003</ele>
   </trkpt>
   <trkpt lat="41.6965025680406" lon="27.345177505060807">
    <ele>215.85000000000002</ele>
   </trkpt>
   <trkpt lat="41.69647883505074" lon="27.346321256325545">
    <ele>219.00000000000003</ele>
   </trkpt>
   <trkpt lat="41.696455090720775" lon="27.347465006745974">
    <ele>220.83</ele>
   </trkpt>
   <trkpt lat="41.69643133505077" lon="27.348608756321692">
    <ele>223.89000000000001</ele>
   </trkpt>
   <trkpt lat="41.69640756804071" lon="27.349752505052283">
    <ele>227.09</ele>
   </trkpt>
   <trkpt lat="41.6963837896906" lon="27.35089625293736">
    <ele>231.03</ele>
   </trkpt>
   <trkpt lat="41.696360000000006" lon="27.352040000000002">
    <ele>235.42000000000002</ele>
   </trkpt>
   <trkpt lat="41.69633" lon="27.352290000000004">
    <ele>235.96000000000004</ele>
   </trkpt>
   <trkpt lat="41.69623" lon="27.35282">
    <ele>236.16</ele>
   </trkpt>
   <trkpt lat="41.69605000000001" lon="27.353340000000003">
    <ele>235.91</ele>
   </trkpt>
   <trkpt lat="41.695750000000004" lon="27.353910000000003">
    <ele>235.52</ele>
   </trkpt>
   <trkpt lat="41.69549000000001" lon="27.354260000000004">
    <ele>235.02</ele>
   </trkpt>
   <trkpt lat="41.69511000082084" lon="27.35469000251852">
    <ele>234.24000000000004</ele>
   </trkpt>
   <trkpt lat="41.69473000000001" lon="27.355120000000003">
    <ele>233.5</ele>
   </trkpt>
   <trkpt lat="41.6944" lon="27.35556">
    <ele>232.9</ele>
   </trkpt>
   <trkpt lat="41.69375126622232" lon="27.356291301628424">
    <ele>232.08</ele>
   </trkpt>
   <trkpt lat="41.69310252780877" lon="27.35702258850542">
    <ele>231.10000000000002</ele>
   </trkpt>
   <trkpt lat="41.69245378475952" lon="27.35775386063152">
    <ele>231.04000000000002</ele>
   </trkpt>
   <trkpt lat="41.691805037074786" lon="27.358485118007245">
    <ele>230.83</ele>
   </trkpt>
   <trkpt lat="41.69115628475477" lon="27.359216360633123">
    <ele>228.18</ele>
   </trkpt>
   <trkpt lat="41.690507527799625" lon="27.359947588509694">
    <ele>224.84</ele>
   </trkpt>
   <trkpt lat="41.689858766209625" lon="27.360678801637473">
    <ele>220.60000000000002</ele>
   </trkpt>
   <trkpt lat="41.68921" lon="27.361410000000003">
    <ele>217.66000000000003</ele>
   </trkpt>
   <trkpt lat="41.68864000191091" lon="27.362080005977095">
    <ele>215.68</ele>
   </trkpt>
   <trkpt lat="41.68807" lon="27.362750000000002">
    <ele>213.35</ele>
   </trkpt>
   <trkpt lat="41.68764" lon="27.363310000000002">
    <ele>209.51000000000002</ele>
   </trkpt>
   <trkpt lat="41.687290000000004" lon="27.36379">
    <ele>207.55</ele>
   </trkpt>
   <trkpt lat="41.68713" lon="27.364060000000002">
    <ele>206.26000000000002</ele>
   </trkpt>
   <trkpt lat="41.68708" lon="27.364200000000004">
    <ele>206.26000000000002</ele>
   </trkpt>
   <trkpt lat="41.686980000000005" lon="27.36464">
    <ele>205.57000000000002</ele>
   </trkpt>
   <trkpt lat="41.68694" lon="27.365080000000003">
    <ele>205.78</ele>
   </trkpt>
   <trkpt lat="41.68695" lon="27.365350000000003">
    <ele>206.09000000000003</ele>
   </trkpt>
   <trkpt lat="41.68699" lon="27.365550000000002">
    <ele>206.09000000000003</ele>
   </trkpt>
   <trkpt lat="41.687070000000006" lon="27.365830000000003">
    <ele>204.5</ele>
   </trkpt>
   <trkpt lat="41.68722" lon="27.366110000000003">
    <ele>204.73000000000002</ele>
   </trkpt>
   <trkpt lat="41.6873" lon="27.366220000000002">
    <ele>204.73000000000002</ele>
   </trkpt>
   <trkpt lat="41.68766" lon="27.366640000000004">
    <ele>205.52</ele>
   </trkpt>
   <trkpt lat="41.68805500088128" lon="27.367069997446855">
    <ele>206.34000000000003</ele>
   </trkpt>
   <trkpt lat="41.68845" lon="27.367500000000003">
    <ele>207.24</ele>
   </trkpt>
   <trkpt lat="41.68876" lon="27.367970000000003">
    <ele>208.27</ele>
   </trkpt>
   <trkpt lat="41.68889" lon="27.368380000000002">
    <ele>209.33</ele>
   </trkpt>
   <trkpt lat="41.688950000000006" lon="27.368750000000002">
    <ele>211.17000000000002</ele>
   </trkpt>
   <trkpt lat="41.688970000000005" lon="27.36915">
    <ele>212.07</ele>
   </trkpt>
   <trkpt lat="41.688950000000006" lon="27.369550000000004">
    <ele>213.02</ele>
   </trkpt>
   <trkpt lat="41.68889" lon="27.370240000000003">
    <ele>214.32</ele>
   </trkpt>
   <trkpt lat="41.688770000000005" lon="27.3714">
    <ele>216.76</ele>
   </trkpt>
   <trkpt lat="41.68865" lon="27.372120000000002">
    <ele>219.33</ele>
   </trkpt>
   <trkpt lat="41.688500000000005" lon="27.372840000000004">
    <ele>222.01000000000002</ele>
   </trkpt>
   <trkpt lat="41.68825000977894" lon="27.37390334169205">
    <ele>225.05</ele>
   </trkpt>
   <trkpt lat="41.68800000975665" lon="27.374966675120053">
    <ele>227.4</ele>
   </trkpt>
   <trkpt lat="41.68775" lon="27.376030000000004">
    <ele>228.91000000000003</ele>
   </trkpt>
   <trkpt lat="41.6876" lon="27.37686">
    <ele>228.99</ele>
   </trkpt>
   <trkpt lat="41.68757" lon="27.377380000000002">
    <ele>229.16000000000003</ele>
   </trkpt>
   <trkpt lat="41.68754500358793" lon="27.37829000039808">
    <ele>230.83</ele>
   </trkpt>
   <trkpt lat="41.687520000000006" lon="27.3792">
    <ele>232.86</ele>
   </trkpt>
   <trkpt lat="41.68749628376825" lon="27.38025500273446">
    <ele>234.65000000000003</ele>
   </trkpt>
   <trkpt lat="41.68747255788834" lon="27.381310004690942">
    <ele>238.28</ele>
   </trkpt>
   <trkpt lat="41.68744882236027" lon="27.38236500586914">
    <ele>242.03000000000003</ele>
   </trkpt>
   <trkpt lat="41.68742507718409" lon="27.383420006268725">
    <ele>242.71</ele>
   </trkpt>
   <trkpt lat="41.68740132235978" lon="27.384475005889392">
    <ele>242.03000000000003</ele>
   </trkpt>
   <trkpt lat="41.687377557887366" lon="27.38553000473083">
    <ele>238.92000000000002</ele>
   </trkpt>
   <trkpt lat="41.68735378376688" lon="27.386585002792707">
    <ele>235.61</ele>
   </trkpt>
   <trkpt lat="41.68733" lon="27.38764">
    <ele>233.0</ele>
   </trkpt>
   <trkpt lat="41.6873" lon="27.388180000000002">
    <ele>232.23000000000002</ele>
   </trkpt>
   <trkpt lat="41.68723000000001" lon="27.388640000000002">
    <ele>231.86</ele>
   </trkpt>
   <trkpt lat="41.68712" lon="27.38914">
    <ele>230.82000000000002</ele>
   </trkpt>
   <trkpt lat="41.687020000000004" lon="27.3895">
    <ele>230.12</ele>
   </trkpt>
   <trkpt lat="41.686690011535816" lon="27.390442514543984">
    <ele>228.76000000000002</ele>
   </trkpt>
   <trkpt lat="41.686360015371335" lon="27.391385019419534">
    <ele>227.64000000000001</ele>
   </trkpt>
   <trkpt lat="41.6860300115067" lon="27.392327514626647">
    <ele>226.22000000000003</ele>
   </trkpt>
   <trkpt lat="41.685700000000004" lon="27.39327">
    <ele>223.88000000000002</ele>
   </trkpt>
   <trkpt lat="41.68532717168257" lon="27.39432289375462">
    <ele>222.48000000000002</ele>
   </trkpt>
   <trkpt lat="41.684954333755705" lon="27.39537577530693">
    <ele>223.27</ele>
   </trkpt>
   <trkpt lat="41.68458148621964" lon="27.396428644656933">
    <ele>226.33</ele>
   </trkpt>
   <trkpt lat="41.684208629074625" lon="27.397481501804595">
    <ele>227.88000000000002</ele>
   </trkpt>
   <trkpt lat="41.683835762320875" lon="27.39853434674992">
    <ele>228.51000000000002</ele>
   </trkpt>
   <trkpt lat="41.683462885958626" lon="27.399587179492883">
    <ele>228.45000000000002</ele>
   </trkpt>
   <trkpt lat="41.68309" lon="27.400640000000003">
    <ele>226.94000000000003</ele>
   </trkpt>
   <trkpt lat="41.6828500012995" lon="27.40119000207792">
    <ele>225.98000000000002</ele>
   </trkpt>
   <trkpt lat="41.682610000000004" lon="27.401740000000004">
    <ele>225.21</ele>
   </trkpt>
   <trkpt lat="41.68237500320649" lon="27.402600003137152">
    <ele>225.56</ele>
   </trkpt>
   <trkpt lat="41.682140000000004" lon="27.403460000000003">
    <ele>227.13000000000002</ele>
   </trkpt>
   <trkpt lat="41.682" lon="27.40389">
    <ele>228.47</ele>
   </trkpt>
   <trkpt lat="41.68188000000001" lon="27.404180000000004">
    <ele>228.47</ele>
   </trkpt>
   <trkpt lat="41.68144667412174" lon="27.405106679122305">
    <ele>230.76000000000002</ele>
   </trkpt>
   <trkpt lat="41.68101334079992" lon="27.406033345764143">
    <ele>233.18000000000004</ele>
   </trkpt>
   <trkpt lat="41.680580000000006" lon="27.40696">
    <ele>234.73000000000002</ele>
   </trkpt>
   <trkpt lat="41.68012000787732" lon="27.407913346963795">
    <ele>236.26000000000002</ele>
   </trkpt>
   <trkpt lat="41.67966000787657" lon="27.408866680298473">
    <ele>236.08</ele>
   </trkpt>
   <trkpt lat="41.6792" lon="27.409820000000003">
    <ele>236.20000000000002</ele>
   </trkpt>
   <trkpt lat="41.67864" lon="27.41071">
    <ele>237.51000000000002</ele>
   </trkpt>
   <trkpt lat="41.678243338341375" lon="27.411470009365992">
    <ele>238.0</ele>
   </trkpt>
   <trkpt lat="41.67784667167602" lon="27.41223000936335">
    <ele>238.39000000000001</ele>
   </trkpt>
   <trkpt lat="41.67745" lon="27.41299">
    <ele>238.82000000000002</ele>
   </trkpt>
   <trkpt lat="41.67704430597427" lon="27.41387289055392">
    <ele>239.05</ele>
   </trkpt>
   <trkpt lat="41.67663860519194" lon="27.41475576997707">
    <ele>239.71</ele>
   </trkpt>
   <trkpt lat="41.67623289765321" lon="27.415638638269566">
    <ele>240.15000000000003</ele>
   </trkpt>
   <trkpt lat="41.67582718335826" lon="27.41652149543151">
    <ele>240.86</ele>
   </trkpt>
   <trkpt lat="41.675421462307256" lon="27.41740434146303">
    <ele>240.93000000000004</ele>
   </trkpt>
   <trkpt lat="41.6750157345004" lon="27.418287176364235">
    <ele>241.37000000000003</ele>
   </trkpt>
   <trkpt lat="41.67461" lon="27.41917">
    <ele>240.96</ele>
   </trkpt>
   <trkpt lat="41.67422250805364" lon="27.419957514242327">
    <ele>239.58</ele>
   </trkpt>
   <trkpt lat="41.67383501073168" lon="27.420745019002712">
    <ele>237.74</ele>
   </trkpt>
   <trkpt lat="41.673447508034286" lon="27.42153251428126">
    <ele>235.08</ele>
   </trkpt>
   <trkpt lat="41.67306000000001" lon="27.422320000000003">
    <ele>232.33</ele>
   </trkpt>
   <trkpt lat="41.672740000000005" lon="27.422980000000003">
    <ele>230.82000000000002</ele>
   </trkpt>
   <trkpt lat="41.67242" lon="27.4235">
    <ele>227.64000000000001</ele>
   </trkpt>
   <trkpt lat="41.671800000000005" lon="27.424210000000002">
    <ele>224.44000000000003</ele>
   </trkpt>
   <trkpt lat="41.67123750362876" lon="27.424735013720465">
    <ele>222.19000000000003</ele>
   </trkpt>
   <trkpt lat="41.67067500486835" lon="27.42526001826567">
    <ele>219.84</ele>
   </trkpt>
   <trkpt lat="41.67011250371889" lon="27.42578501363594">
    <ele>218.11</ele>
   </trkpt>
   <trkpt lat="41.66955" lon="27.42631">
    <ele>215.59</ele>
   </trkpt>
   <trkpt lat="41.66906" lon="27.426920000000003">
    <ele>212.18</ele>
   </trkpt>
   <trkpt lat="41.668850000000006" lon="27.427270000000004">
    <ele>210.62000000000003</ele>
   </trkpt>
   <trkpt lat="41.668670000000006" lon="27.42761">
    <ele>209.79</ele>
   </trkpt>
   <trkpt lat="41.6685" lon="27.42798">
    <ele>208.27</ele>
   </trkpt>
   <trkpt lat="41.668310000000005" lon="27.428520000000002">
    <ele>205.65000000000003</ele>
   </trkpt>
   <trkpt lat="41.66812" lon="27.42932">
    <ele>202.71000000000004</ele>
   </trkpt>
   <trkpt lat="41.668020000000006" lon="27.430020000000003">
    <ele>199.78</ele>
   </trkpt>
   <trkpt lat="41.668000000000006" lon="27.43073">
    <ele>196.61</ele>
   </trkpt>
   <trkpt lat="41.668025001828454" lon="27.43137999968004">
    <ele>193.70000000000002</ele>
   </trkpt>
   <trkpt lat="41.66805" lon="27.43203">
    <ele>192.45000000000002</ele>
   </trkpt>
   <trkpt lat="41.668072510826924" lon="27.43294249908858">
    <ele>188.99</ele>
   </trkpt>
   <trkpt lat="41.66809501443666" lon="27.433854998815185">
    <ele>186.61</ele>
   </trkpt>
   <trkpt lat="41.66811751082917" lon="27.434767499179603">
    <ele>185.62</ele>
   </trkpt>
   <trkpt lat="41.66814" lon="27.43568">
    <ele>185.76</ele>
   </trkpt>
   <trkpt lat="41.6681750028455" lon="27.43648999960746">
    <ele>186.71</ele>
   </trkpt>
   <trkpt lat="41.66821" lon="27.437300000000004">
    <ele>186.38000000000002</ele>
   </trkpt>
   <trkpt lat="41.66823667690225" lon="27.438386665781803">
    <ele>189.61</ele>
   </trkpt>
   <trkpt lat="41.6682633435693" lon="27.439473332463997">
    <ele>195.02</ele>
   </trkpt>
   <trkpt lat="41.668290000000006" lon="27.44056">
    <ele>202.20000000000002</ele>
   </trkpt>
   <trkpt lat="41.668330000000005" lon="27.441100000000002">
    <ele>206.40000000000003</ele>
   </trkpt>
   <trkpt lat="41.66841" lon="27.441740000000003">
    <ele>210.62000000000003</ele>
   </trkpt>
   <trkpt lat="41.668490000000006" lon="27.44217">
    <ele>212.56000000000003</ele>
   </trkpt>
   <trkpt lat="41.66861" lon="27.44263">
    <ele>213.78000000000003</ele>
   </trkpt>
   <trkpt lat="41.66897" lon="27.443730000000002">
    <ele>220.26000000000002</ele>
   </trkpt>
   <trkpt lat="41.669180000000004" lon="27.444440000000004">
    <ele>225.06</ele>
   </trkpt>
   <trkpt lat="41.669270000000004" lon="27.444930000000003">
    <ele>225.86</ele>
   </trkpt>
   <trkpt lat="41.66935" lon="27.445520000000002">
    <ele>228.41000000000003</ele>
   </trkpt>
   <trkpt lat="41.669380000000004" lon="27.446180000000002">
    <ele>230.09</ele>
   </trkpt>
   <trkpt lat="41.669340000000005" lon="27.447010000000002">
    <ele>231.75</ele>
   </trkpt>
   <trkpt lat="41.66922" lon="27.44781">
    <ele>232.83</ele>
   </trkpt>
   <trkpt lat="41.66906" lon="27.44846">
    <ele>234.48000000000002</ele>
   </trkpt>
   <trkpt lat="41.66885000126742" lon="27.449010001908235">
    <ele>238.08</ele>
   </trkpt>
   <trkpt lat="41.66864" lon="27.44956">
    <ele>240.38</ele>
   </trkpt>
   <trkpt lat="41.668240007075255" lon="27.450463344553285">
    <ele>244.61</ele>
   </trkpt>
   <trkpt lat="41.66784000707747" lon="27.451366677881435">
    <ele>244.46</ele>
   </trkpt>
   <trkpt lat="41.667440000000006" lon="27.452270000000002">
    <ele>242.25000000000003</ele>
   </trkpt>
   <trkpt lat="41.666940000000004" lon="27.45305">
    <ele>238.90000000000003</ele>
   </trkpt>
   <trkpt lat="41.66657000107365" lon="27.453550002886686">
    <ele>236.04000000000002</ele>
   </trkpt>
   <trkpt lat="41.6662" lon="27.454050000000002">
    <ele>234.16</ele>
   </trkpt>
   <trkpt lat="41.66571000096877" lon="27.45450000334098">
    <ele>232.73000000000002</ele>
   </trkpt>
   <trkpt lat="41.665220000000005" lon="27.454950000000004">
    <ele>230.07000000000002</ele>
   </trkpt>
   <trkpt lat="41.6655" lon="27.45558">
    <ele>227.73000000000002</ele>
   </trkpt>
   <trkpt lat="41.66555" lon="27.455900000000003">
    <ele>226.32000000000002</ele>
   </trkpt>
   <trkpt lat="41.665403342005156" lon="27.45690000452707">
    <ele>223.67000000000002</ele>
   </trkpt>
   <trkpt lat="41.66525667534268" lon="27.45790000449838">
    <ele>219.24</ele>
   </trkpt>
   <trkpt lat="41.665110000000006" lon="27.458900000000003">
    <ele>213.04</ele>
   </trkpt>
   <trkpt lat="41.66499001580893" lon="27.46000250611222">
    <ele>208.16</ele>
   </trkpt>
   <trkpt lat="41.66487002108229" lon="27.461105008115233">
    <ele>210.04</ele>
   </trkpt>
   <trkpt lat="41.66475001582016" lon="27.46220750600871">
    <ele>216.41000000000003</ele>
   </trkpt>
   <trkpt lat="41.66463" lon="27.463310000000003">
    <ele>220.60000000000002</ele>
   </trkpt>
   <trkpt lat="41.66448000181333" lon="27.463955001458046">
    <ele>221.71</ele>
   </trkpt>
   <trkpt lat="41.66433000000001" lon="27.4646">
    <ele>221.61</ele>
   </trkpt>
   <trkpt lat="41.66398" lon="27.46553">
    <ele>219.79000000000002</ele>
   </trkpt>
   <trkpt lat="41.663650004515425" lon="27.4662500073317">
    <ele>218.71</ele>
   </trkpt>
   <trkpt lat="41.663320004537546" lon="27.46697000728333">
    <ele>217.59</ele>
   </trkpt>
   <trkpt lat="41.66299" lon="27.46769">
    <ele>215.43</ele>
   </trkpt>
   <trkpt lat="41.66268" lon="27.468230000000002">
    <ele>219.86</ele>
   </trkpt>
   <trkpt lat="41.66252" lon="27.46862">
    <ele>219.44000000000003</ele>
   </trkpt>
   <trkpt lat="41.66237" lon="27.469050000000003">
    <ele>219.49</ele>
   </trkpt>
   <trkpt lat="41.66225" lon="27.469600000000003">
    <ele>220.06</ele>
   </trkpt>
   <trkpt lat="41.66206000460258" lon="27.47063000301253">
    <ele>220.61</ele>
   </trkpt>
   <trkpt lat="41.66187" lon="27.471660000000004">
    <ele>220.92</ele>
   </trkpt>
   <trkpt lat="41.66175500295803" lon="27.47248500141319">
    <ele>220.83</ele>
   </trkpt>
   <trkpt lat="41.661640000000006" lon="27.47331">
    <ele>218.12</ele>
   </trkpt>
   <trkpt lat="41.66147500481726" lon="27.47436500274344">
    <ele>216.9</ele>
   </trkpt>
   <trkpt lat="41.66131" lon="27.475420000000003">
    <ele>211.74</ele>
   </trkpt>
   <trkpt lat="41.66124000000001" lon="27.47576">
    <ele>209.01000000000002</ele>
   </trkpt>
   <trkpt lat="41.660940000000004" lon="27.476450000000003">
    <ele>205.20000000000002</ele>
   </trkpt>
   <trkpt lat="41.66050251042085" lon="27.47734501822786">
    <ele>203.55</ele>
   </trkpt>
   <trkpt lat="41.660065013898695" lon="27.47824002429479">
    <ele>201.54000000000002</ele>
   </trkpt>
   <trkpt lat="41.65962751043372" lon="27.479135018200964">
    <ele>199.85000000000002</ele>
   </trkpt>
   <trkpt lat="41.65919" lon="27.480030000000003">
    <ele>199.79000000000002</ele>
   </trkpt>
   <trkpt lat="41.65881" lon="27.480760000000004">
    <ele>200.73000000000002</ele>
   </trkpt>
   <trkpt lat="41.65848333743469" lon="27.481453340505258">
    <ele>201.3</ele>
   </trkpt>
   <trkpt lat="41.658156670702844" lon="27.482146673976835">
    <ele>201.43000000000004</ele>
   </trkpt>
   <trkpt lat="41.657830000000004" lon="27.482840000000003">
    <ele>200.64000000000001</ele>
   </trkpt>
   <trkpt lat="41.65741333913381" lon="27.483656677194762">
    <ele>198.97</ele>
   </trkpt>
   <trkpt lat="41.65699667248693" lon="27.4844733438225">
    <ele>195.57000000000002</ele>
   </trkpt>
   <trkpt lat="41.656580000000005" lon="27.485290000000003">
    <ele>193.91000000000003</ele>
   </trkpt>
   <trkpt lat="41.65628" lon="27.485920000000004">
    <ele>194.52</ele>
   </trkpt>
   <trkpt lat="41.65585" lon="27.48674">
    <ele>196.84</ele>
   </trkpt>
   <trkpt lat="41.655465002100954" lon="27.487450004398266">
    <ele>198.32000000000002</ele>
   </trkpt>
   <trkpt lat="41.655080000000005" lon="27.48816">
    <ele>197.83</ele>
   </trkpt>
   <trkpt lat="41.65494" lon="27.488390000000003">
    <ele>197.88000000000002</ele>
   </trkpt>
   <trkpt lat="41.6548" lon="27.488540000000004">
    <ele>198.11</ele>
   </trkpt>
   <trkpt lat="41.654300000000006" lon="27.48899">
    <ele>198.97</ele>
   </trkpt>
   <trkpt lat="41.653600001109425" lon="27.489505005626146">
    <ele>200.99000000000004</ele>
   </trkpt>
   <trkpt lat="41.6529" lon="27.49002">
    <ele>201.66</ele>
   </trkpt>
   <trkpt lat="41.65249500035903" lon="27.490375002396018">
    <ele>201.72</ele>
   </trkpt>
   <trkpt lat="41.65209" lon="27.490730000000003">
    <ele>201.85000000000002</ele>
   </trkpt>
   <trkpt lat="41.651425001866436" lon="27.49138500675464">
    <ele>201.77</ele>
   </trkpt>
   <trkpt lat="41.650760000000005" lon="27.492040000000003">
    <ele>201.73000000000002</ele>
   </trkpt>
   <trkpt lat="41.650280001031916" lon="27.492495003262515">
    <ele>200.47</ele>
   </trkpt>
   <trkpt lat="41.649800000000006" lon="27.492950000000004">
    <ele>199.8</ele>
   </trkpt>
   <trkpt lat="41.64936" lon="27.493290000000002">
    <ele>198.81</ele>
   </trkpt>
   <trkpt lat="41.64913000000001" lon="27.4934">
    <ele>197.99</ele>
   </trkpt>
   <trkpt lat="41.648810000000005" lon="27.49351">
    <ele>197.61</ele>
   </trkpt>
   <trkpt lat="41.64805333362926" lon="27.493713338126366">
    <ele>196.24</ele>
   </trkpt>
   <trkpt lat="41.64729666690016" lon="27.493916671476395">
    <ele>194.72</ele>
   </trkpt>
   <trkpt lat="41.64654" lon="27.494120000000002">
    <ele>193.78</ele>
   </trkpt>
   <trkpt lat="41.646" lon="27.494320000000002">
    <ele>194.13000000000002</ele>
   </trkpt>
   <trkpt lat="41.645830000000004" lon="27.494410000000002">
    <ele>193.85000000000002</ele>
   </trkpt>
   <trkpt lat="41.64521250268357" lon="27.494862512994114">
    <ele>192.56</ele>
   </trkpt>
   <trkpt lat="41.644595003592435" lon="27.4953150173147">
    <ele>191.64000000000001</ele>
   </trkpt>
   <trkpt lat="41.64397750272674" lon="27.49576751296209">
    <ele>190.75</ele>
   </trkpt>
   <trkpt lat="41.64336" lon="27.49622">
    <ele>190.75</ele>
   </trkpt>
   <trkpt lat="41.642593336021314" lon="27.49678001334743">
    <ele>189.15</ele>
   </trkpt>
   <trkpt lat="41.64182666932465" lon="27.49734001336909">
    <ele>187.99</ele>
   </trkpt>
   <trkpt lat="41.64106" lon="27.4979">
    <ele>186.15</ele>
   </trkpt>
   <trkpt lat="41.64047333501053" lon="27.49834334142513">
    <ele>184.62</ele>
   </trkpt>
   <trkpt lat="41.63988666831763" lon="27.49878667477817">
    <ele>182.87</ele>
   </trkpt>
   <trkpt lat="41.639300000000006" lon="27.49923">
    <ele>181.64000000000001</ele>
   </trkpt>
   <trkpt lat="41.63859750339848" lon="27.499742516771164">
    <ele>182.17000000000002</ele>
   </trkpt>
   <trkpt lat="41.63789500452051" lon="27.500255022369053">
    <ele>184.08</ele>
   </trkpt>
   <trkpt lat="41.637192503366194" lon="27.50076751679416">
    <ele>188.07000000000002</ele>
   </trkpt>
   <trkpt lat="41.63649" lon="27.50128">
    <ele>190.25</ele>
   </trkpt>
   <trkpt lat="41.63576500119333" lon="27.501800005833747">
    <ele>190.68</ele>
   </trkpt>
   <trkpt lat="41.635040000000004" lon="27.50232">
    <ele>192.41000000000003</ele>
   </trkpt>
   <trkpt lat="41.63451666811291" lon="27.502720006449863">
    <ele>191.93</ele>
   </trkpt>
   <trkpt lat="41.63399333483915" lon="27.503120006404252">
    <ele>190.61</ele>
   </trkpt>
   <trkpt lat="41.63347" lon="27.50352">
    <ele>189.03</ele>
   </trkpt>
   <trkpt lat="41.63286" lon="27.504030000000004">
    <ele>186.96</ele>
   </trkpt>
   <trkpt lat="41.632505000933726" lon="27.504475002355917">
    <ele>186.43</ele>
   </trkpt>
   <trkpt lat="41.63215" lon="27.504920000000002">
    <ele>186.38000000000002</ele>
   </trkpt>
   <trkpt lat="41.63171000162597" lon="27.505520004005408">
    <ele>186.42</ele>
   </trkpt>
   <trkpt lat="41.63127" lon="27.506120000000003">
    <ele>187.15</ele>
   </trkpt>
   <trkpt lat="41.63078" lon="27.506870000000003">
    <ele>186.50000000000003</ele>
   </trkpt>
   <trkpt lat="41.63034601193577" lon="27.507700022360318">
    <ele>185.69000000000003</ele>
   </trkpt>
   <trkpt lat="41.629912017901056" lon="27.508530033544957">
    <ele>185.09</ele>
   </trkpt>
   <trkpt lat="41.62947801789602" lon="27.509360033554092">
    <ele>184.97000000000003</ele>
   </trkpt>
   <trkpt lat="41.62904401192085" lon="27.510190022387885">
    <ele>185.53000000000003</ele>
   </trkpt>
   <trkpt lat="41.62861" lon="27.511020000000002">
    <ele>185.4</ele>
   </trkpt>
   <trkpt lat="41.628370000000004" lon="27.51152">
    <ele>189.24</ele>
   </trkpt>
   <trkpt lat="41.62801667061806" lon="27.512196674115682">
    <ele>189.26000000000002</ele>
   </trkpt>
   <trkpt lat="41.627663337267975" lon="27.512873340814334">
    <ele>189.70000000000002</ele>
   </trkpt>
   <trkpt lat="41.62731" lon="27.513550000000002">
    <ele>191.57000000000002</ele>
   </trkpt>
   <trkpt lat="41.62688333663334" lon="27.51416667482216">
    <ele>191.46</ele>
   </trkpt>
   <trkpt lat="41.62645666997106" lon="27.514783341482378">
    <ele>188.92</ele>
   </trkpt>
   <trkpt lat="41.62603" lon="27.515400000000003">
    <ele>190.46</ele>
   </trkpt>
   <trkpt lat="41.625510000000006" lon="27.51619">
    <ele>193.97</ele>
   </trkpt>
   <trkpt lat="41.62497167842762" lon="27.516926697414323">
    <ele>196.34</ele>
   </trkpt>
   <trkpt lat="41.624433352151996" lon="27.517663382527285">
    <ele>196.78</ele>
   </trkpt>
   <trkpt lat="41.6238950211733" lon="27.51840005533921">
    <ele>197.58</ele>
   </trkpt>
   <trkpt lat="41.62335668549169" lon="27.51913671585044">
    <ele>198.12</ele>
   </trkpt>
   <trkpt lat="41.622818345107326" lon="27.519873364061286">
    <ele>198.68</ele>
   </trkpt>
   <trkpt lat="41.62228" lon="27.52061">
    <ele>199.15</ele>
   </trkpt>
   <trkpt lat="41.62209" lon="27.520950000000003">
    <ele>198.78</ele>
   </trkpt>
   <trkpt lat="41.62192" lon="27.521340000000002">
    <ele>198.32000000000002</ele>
   </trkpt>
   <trkpt lat="41.621660000000006" lon="27.52222">
    <ele>198.52000000000004</ele>
   </trkpt>
   <trkpt lat="41.621550000000006" lon="27.522740000000002">
    <ele>198.43</ele>
   </trkpt>
   <trkpt lat="41.62149" lon="27.52342">
    <ele>198.21</ele>
   </trkpt>
   <trkpt lat="41.62149" lon="27.523590000000002">
    <ele>198.45000000000002</ele>
   </trkpt>
   <trkpt lat="41.621550000000006" lon="27.524310000000003">
    <ele>200.78</ele>
   </trkpt>
   <trkpt lat="41.62169000626164" lon="27.525159996311764">
    <ele>202.77</ele>
   </trkpt>
   <trkpt lat="41.62183000626207" lon="27.5260099963144">
    <ele>203.47</ele>
   </trkpt>
   <trkpt lat="41.621970000000005" lon="27.526860000000003">
    <ele>204.03</ele>
   </trkpt>
   <trkpt lat="41.622100002083734" lon="27.527559998376333">
    <ele>204.02</ele>
   </trkpt>
   <trkpt lat="41.62223" lon="27.528260000000003">
    <ele>204.47</ele>
   </trkpt>
   <trkpt lat="41.622240000000005" lon="27.528290000000002">
    <ele>204.51000000000002</ele>
   </trkpt>
   <trkpt lat="41.62241" lon="27.52924">
    <ele>206.16</ele>
   </trkpt>
   <trkpt lat="41.62256251022953" lon="27.53012749364914">
    <ele>206.37000000000003</ele>
   </trkpt>
   <trkpt lat="41.622715013633226" lon="27.531014991496285">
    <ele>207.69</ele>
   </trkpt>
   <trkpt lat="41.62286751021104" lon="27.531902493541285">
    <ele>208.01000000000002</ele>
   </trkpt>
   <trkpt lat="41.623020000000004" lon="27.532790000000002">
    <ele>208.95000000000002</ele>
   </trkpt>
   <trkpt lat="41.62313000150136" lon="27.5333749991003">
    <ele>210.35</ele>
   </trkpt>
   <trkpt lat="41.62324" lon="27.533960000000004">
    <ele>212.09000000000003</ele>
   </trkpt>
   <trkpt lat="41.623431872094734" lon="27.535075421361007">
    <ele>215.69000000000003</ele>
   </trkpt>
   <trkpt lat="41.62362373340735" lon="27.536190849360054">
    <ele>219.21</ele>
   </trkpt>
   <trkpt lat="41.6238155839377" lon="27.53730628399687">
    <ele>221.8</ele>
   </trkpt>
   <trkpt lat="41.624007423685654" lon="27.538421725271146">
    <ele>224.44000000000003</ele>
   </trkpt>
   <trkpt lat="41.62419925265107" lon="27.53953717318261">
    <ele>227.10000000000002</ele>
   </trkpt>
   <trkpt lat="41.62439107083383" lon="27.54065262773097">
    <ele>230.77000000000004</ele>
   </trkpt>
   <trkpt lat="41.62458287823378" lon="27.54176808891593">
    <ele>233.91</ele>
   </trkpt>
   <trkpt lat="41.624774674850784" lon="27.542883556737205">
    <ele>235.53</ele>
   </trkpt>
   <trkpt lat="41.6249664606847" lon="27.54399903119451">
    <ele>235.17000000000002</ele>
   </trkpt>
   <trkpt lat="41.62515823573541" lon="27.54511451228755">
    <ele>235.66</ele>
   </trkpt>
   <trkpt lat="41.625350000000005" lon="27.54623">
    <ele>236.09</ele>
   </trkpt>
   <trkpt lat="41.62552000371993" lon="27.547154997628702">
    <ele>236.93000000000004</ele>
   </trkpt>
   <trkpt lat="41.625690000000006" lon="27.548080000000002">
    <ele>237.94</ele>
   </trkpt>
   <trkpt lat="41.62576000000001" lon="27.548520000000003">
    <ele>238.38</ele>
   </trkpt>
   <trkpt lat="41.62583" lon="27.54914">
    <ele>239.25</ele>
   </trkpt>
   <trkpt lat="41.62585000000001" lon="27.549970000000002">
    <ele>240.05</ele>
   </trkpt>
   <trkpt lat="41.625820000000004" lon="27.550480000000004">
    <ele>240.57</ele>
   </trkpt>
   <trkpt lat="41.62574" lon="27.551050000000004">
    <ele>240.92000000000002</ele>
   </trkpt>
   <trkpt lat="41.62557500321906" lon="27.551905001921376">
    <ele>240.90000000000003</ele>
   </trkpt>
   <trkpt lat="41.62541" lon="27.552760000000003">
    <ele>240.84000000000003</ele>
   </trkpt>
   <trkpt lat="41.62521" lon="27.553200000000004">
    <ele>240.68000000000004</ele>
   </trkpt>
   <trkpt lat="41.625060000000005" lon="27.55338">
    <ele>240.50000000000003</ele>
   </trkpt>
   <trkpt lat="41.624860000000005" lon="27.553440000000002">
    <ele>240.45000000000002</ele>
   </trkpt>
   <trkpt lat="41.62456" lon="27.553440000000002">
    <ele>239.79000000000002</ele>
   </trkpt>
   <trkpt lat="41.624590000000005" lon="27.553760000000004">
    <ele>239.69</ele>
   </trkpt>
   <trkpt lat="41.62469000340333" lon="27.55464999836239">
    <ele>239.51000000000002</ele>
   </trkpt>
   <trkpt lat="41.624790000000004" lon="27.55554">
    <ele>239.11</ele>
   </trkpt>
   <trkpt lat="41.62496" lon="27.556220000000003">
    <ele>238.56000000000003</ele>
   </trkpt>
   <trkpt lat="41.625052517868646" lon="27.557392494926788">
    <ele>236.49</ele>
   </trkpt>
   <trkpt lat="41.625145023823514" lon="27.558564993218184">
    <ele>236.54000000000002</ele>
   </trkpt>
   <trkpt lat="41.6252375178645" lon="27.559737494873776">
    <ele>238.20000000000002</ele>
   </trkpt>
   <trkpt lat="41.625330000000005" lon="27.560910000000003">
    <ele>239.01000000000002</ele>
   </trkpt>
   <trkpt lat="41.625310000000006" lon="27.56172">
    <ele>239.37000000000003</ele>
   </trkpt>
   <trkpt lat="41.625340005729186" lon="27.562869999414094">
    <ele>241.94</ele>
   </trkpt>
   <trkpt lat="41.625370000000004" lon="27.564020000000003">
    <ele>243.66</ele>
   </trkpt>
   <trkpt lat="41.625420000000005" lon="27.56501">
    <ele>245.61</ele>
   </trkpt>
   <trkpt lat="41.625510000000006" lon="27.566110000000002">
    <ele>247.61</ele>
   </trkpt>
   <trkpt lat="41.625600000000006" lon="27.566920000000003">
    <ele>249.12</ele>
   </trkpt>
   <trkpt lat="41.62570500219955" lon="27.567634998729165">
    <ele>250.02</ele>
   </trkpt>
   <trkpt lat="41.62581" lon="27.568350000000002">
    <ele>250.19000000000003</ele>
   </trkpt>
   <trkpt lat="41.62600251674283" lon="27.56948498981518">
    <ele>250.03000000000003</ele>
   </trkpt>
   <trkpt lat="41.626195022321795" lon="27.57061998640817">
    <ele>250.76000000000002</ele>
   </trkpt>
   <trkpt lat="41.626387516736735" lon="27.57175498977865">
    <ele>252.01000000000002</ele>
   </trkpt>
   <trkpt lat="41.626580000000004" lon="27.57289">
    <ele>255.1</ele>
   </trkpt>
   <trkpt lat="41.62669" lon="27.573670000000003">
    <ele>256.74</ele>
   </trkpt>
   <trkpt lat="41.62675" lon="27.57457">
    <ele>259.44</ele>
   </trkpt>
   <trkpt lat="41.626760000000004" lon="27.57541">
    <ele>260.83</ele>
   </trkpt>
   <trkpt lat="41.62673" lon="27.576320000000003">
    <ele>261.99</ele>
   </trkpt>
   <trkpt lat="41.62666000463943" lon="27.577355001157734">
    <ele>262.81000000000006</ele>
   </trkpt>
   <trkpt lat="41.62659" lon="27.578390000000002">
    <ele>262.70000000000005</ele>
   </trkpt>
   <trkpt lat="41.626513338925854" lon="27.57919333524561">
    <ele>261.96000000000004</ele>
   </trkpt>
   <trkpt lat="41.62643667225902" lon="27.57999666858077">
    <ele>261.03000000000003</ele>
   </trkpt>
   <trkpt lat="41.626360000000005" lon="27.580800000000004">
    <ele>259.74</ele>
   </trkpt>
   <trkpt lat="41.62635500203423" lon="27.581484999912554">
    <ele>259.15000000000003</ele>
   </trkpt>
   <trkpt lat="41.62635" lon="27.58217">
    <ele>258.72</ele>
   </trkpt>
   <trkpt lat="41.626330001976655" lon="27.582845000128806">
    <ele>259.14000000000004</ele>
   </trkpt>
   <trkpt lat="41.626310000000004" lon="27.583520000000004">
    <ele>259.91</ele>
   </trkpt>
   <trkpt lat="41.626330001829004" lon="27.584169999742087">
    <ele>260.08000000000004</ele>
   </trkpt>
   <trkpt lat="41.62635" lon="27.58482">
    <ele>260.51</ele>
   </trkpt>
   <trkpt lat="41.62644500159201" lon="27.58540999965021">
    <ele>260.95</ele>
   </trkpt>
   <trkpt lat="41.626540000000006" lon="27.586000000000002">
    <ele>260.94</ele>
   </trkpt>
   <trkpt lat="41.626760000000004" lon="27.587040000000002">
    <ele>261.48</ele>
   </trkpt>
   <trkpt lat="41.62708000000001" lon="27.588140000000003">
    <ele>262.0</ele>
   </trkpt>
   <trkpt lat="41.627480000000006" lon="27.589160000000003">
    <ele>263.08000000000004</ele>
   </trkpt>
   <trkpt lat="41.62776" lon="27.589930000000003">
    <ele>264.15</ele>
   </trkpt>
   <trkpt lat="41.62792000165688" lon="27.590544998542814">
    <ele>264.69000000000005</ele>
   </trkpt>
   <trkpt lat="41.628080000000004" lon="27.591160000000002">
    <ele>265.15</ele>
   </trkpt>
   <trkpt lat="41.62834333961456" lon="27.59200999312015">
    <ele>261.21</ele>
   </trkpt>
   <trkpt lat="41.62860667296776" lon="27.592859993184206">
    <ele>256.96000000000004</ele>
   </trkpt>
   <trkpt lat="41.628870000000006" lon="27.59371">
    <ele>252.93000000000004</ele>
   </trkpt>
   <trkpt lat="41.62906" lon="27.59446">
    <ele>249.72000000000003</ele>
   </trkpt>
   <trkpt lat="41.62919" lon="27.59523">
    <ele>247.33</ele>
   </trkpt>
   <trkpt lat="41.629250000000006" lon="27.596390000000003">
    <ele>244.38</ele>
   </trkpt>
   <trkpt lat="41.62926" lon="27.597150000000003">
    <ele>244.21</ele>
   </trkpt>
   <trkpt lat="41.629250000000006" lon="27.597720000000002">
    <ele>246.23000000000002</ele>
   </trkpt>
  </trkseg>
 </trk>
</gpx>
