<?xml version="1.0" encoding="UTF-8"?>
<gpx creator="StravaGPX" version="1.1" xmlns="http://www.topografix.com/GPX/1/1" xmlns:xsi="http://www.w3.org/2001/XMLSchema-instance" xsi:schemaLocation="http://www.topografix.com/GPX/1/1 http://www.topografix.com/GPX/1/1/gpx.xsd">
 <metadata>
  <name>COP31 GR Day 6</name>
  <author>
   <name>Agis Tsakmakis 🇬🇷</name>
   <link href="https://www.strava.com/athletes/74715064"/>
  </author>
  <copyright author="OpenStreetMap contributors">
   <year>2020</year>
   <license>https://www.openstreetmap.org/copyright</license>
  </copyright>
  <link href="https://www.strava.com/routes/3538260511696042798"/>
 </metadata>
 <wpt lat="41.09021" lon="23.54988">
  <name>Δημ. Σερρών</name>
  <desc></desc>
  <sym>Distance Marker</sym>
  <type>Distance Marker</type>
 </wpt>
 <wpt lat="40.93758" lon="24.40814">
  <name>Δημ. Καβάλας</name>
  <desc></desc>
  <sym>Distance Marker</sym>
  <type>Distance Marker</type>
 </wpt>
 <wpt lat="41.11598" lon="25.40713">
  <name>Δημ. Κομοτηνής</name>
  <desc></desc>
  <sym>Distance Marker</sym>
  <type>Distance Marker</type>
 </wpt>
 <trk>
  <name>COP31 GR Day 6</name>
  <link href="https://www.strava.com/routes/3538260511696042798"/>
  <type>cycling</type>
  <trkseg>
   <trkpt lat="41.090210000000006" lon="23.54988">
    <ele>53.15</ele>
   </trkpt>
   <trkpt lat="41.09014334145928" lon="23.55085000209373">
    <ele>54.050000000000004</ele>
   </trkpt>
   <trkpt lat="41.090076674783994" lon="23.5518200022191">
    <ele>53.6</ele>
   </trkpt>
   <trkpt lat="41.09001000000001" lon="23.55279">
    <ele>54.160000000000004</ele>
   </trkpt>
   <trkpt lat="41.09002" lon="23.553240000000002">
    <ele>54.3</ele>
   </trkpt>
   <trkpt lat="41.09008" lon="23.553610000000003">
    <ele>54.57000000000001</ele>
   </trkpt>
   <trkpt lat="41.09024" lon="23.554280000000002">
    <ele>56.330000000000005</ele>
   </trkpt>
   <trkpt lat="41.09031" lon="23.554530000000003">
    <ele>56.330000000000005</ele>
   </trkpt>
   <trkpt lat="41.09071333919337" lon="23.555353323223397">
    <ele>57.260000000000005</ele>
   </trkpt>
   <trkpt lat="41.09111667252622" lon="23.55617665655558">
    <ele>58.35</ele>
   </trkpt>
   <trkpt lat="41.09152" lon="23.557000000000002">
    <ele>59.56</ele>
   </trkpt>
   <trkpt lat="41.09179" lon="23.5575">
    <ele>61.14000000000001</ele>
   </trkpt>
   <trkpt lat="41.09197" lon="23.55788">
    <ele>62.040000000000006</ele>
   </trkpt>
   <trkpt lat="41.09207000000001" lon="23.558210000000003">
    <ele>62.38</ele>
   </trkpt>
   <trkpt lat="41.092300001321284" lon="23.558759998107117">
    <ele>63.31</ele>
   </trkpt>
   <trkpt lat="41.092530000000004" lon="23.559310000000004">
    <ele>64.64999999999999</ele>
   </trkpt>
   <trkpt lat="41.09261" lon="23.559400000000004">
    <ele>64.64999999999999</ele>
   </trkpt>
   <trkpt lat="41.092985003969815" lon="23.56035499461828">
    <ele>64.63000000000001</ele>
   </trkpt>
   <trkpt lat="41.093360000000004" lon="23.561310000000002">
    <ele>63.67</ele>
   </trkpt>
   <trkpt lat="41.093540000000004" lon="23.561880000000002">
    <ele>63.300000000000004</ele>
   </trkpt>
   <trkpt lat="41.093630000000005" lon="23.562260000000002">
    <ele>63.2</ele>
   </trkpt>
   <trkpt lat="41.09375" lon="23.562880000000003">
    <ele>63.050000000000004</ele>
   </trkpt>
   <trkpt lat="41.09382" lon="23.563370000000003">
    <ele>63.11</ele>
   </trkpt>
   <trkpt lat="41.09387" lon="23.56415">
    <ele>63.47</ele>
   </trkpt>
   <trkpt lat="41.09387" lon="23.56464">
    <ele>63.98000000000001</ele>
   </trkpt>
   <trkpt lat="41.09385" lon="23.565070000000002">
    <ele>64.55000000000001</ele>
   </trkpt>
   <trkpt lat="41.093810000000005" lon="23.56547">
    <ele>65.63000000000001</ele>
   </trkpt>
   <trkpt lat="41.0937250022822" lon="23.56619500085262">
    <ele>67.08</ele>
   </trkpt>
   <trkpt lat="41.09364" lon="23.566920000000003">
    <ele>68.26</ele>
   </trkpt>
   <trkpt lat="41.0934925161224" lon="23.568035007512787">
    <ele>69.22</ele>
   </trkpt>
   <trkpt lat="41.093345021496226" lon="23.569150010019026">
    <ele>68.8</ele>
   </trkpt>
   <trkpt lat="41.09319751612159" lon="23.570265007518394">
    <ele>67.46000000000001</ele>
   </trkpt>
   <trkpt lat="41.093050000000005" lon="23.57138">
    <ele>65.94</ele>
   </trkpt>
   <trkpt lat="41.09297" lon="23.57215">
    <ele>65.02000000000001</ele>
   </trkpt>
   <trkpt lat="41.09282751290192" lon="23.573147506503222">
    <ele>63.480000000000004</ele>
   </trkpt>
   <trkpt lat="41.092685017201326" lon="23.57414500867938">
    <ele>60.620000000000005</ele>
   </trkpt>
   <trkpt lat="41.092542512898305" lon="23.57514250652823">
    <ele>60.010000000000005</ele>
   </trkpt>
   <trkpt lat="41.092400000000005" lon="23.576140000000002">
    <ele>58.03</ele>
   </trkpt>
   <trkpt lat="41.092310000000005" lon="23.57647">
    <ele>58.27</ele>
   </trkpt>
   <trkpt lat="41.092180003643634" lon="23.577385001638238">
    <ele>56.690000000000005</ele>
   </trkpt>
   <trkpt lat="41.09205" lon="23.578300000000002">
    <ele>55.50000000000001</ele>
   </trkpt>
   <trkpt lat="41.0919100058725" lon="23.579123336772582">
    <ele>53.910000000000004</ele>
   </trkpt>
   <trkpt lat="41.091770005884335" lon="23.579946670036247">
    <ele>52.97</ele>
   </trkpt>
   <trkpt lat="41.09163" lon="23.58077">
    <ele>51.72</ele>
   </trkpt>
   <trkpt lat="41.0914275154065" lon="23.58186001008531">
    <ele>49.78</ele>
   </trkpt>
   <trkpt lat="41.091225020541074" lon="23.582950013451654">
    <ele>48.61000000000001</ele>
   </trkpt>
   <trkpt lat="41.0910225154039" lon="23.58404001009879">
    <ele>46.82</ele>
   </trkpt>
   <trkpt lat="41.09082" lon="23.585130000000003">
    <ele>46.36000000000001</ele>
   </trkpt>
   <trkpt lat="41.09067" lon="23.586240000000004">
    <ele>45.85</ele>
   </trkpt>
   <trkpt lat="41.09064" lon="23.586850000000002">
    <ele>45.21000000000001</ele>
   </trkpt>
   <trkpt lat="41.09061667458062" lon="23.587806667285523">
    <ele>44.18</ele>
   </trkpt>
   <trkpt lat="41.09059334124878" lon="23.58876333389165">
    <ele>43.75</ele>
   </trkpt>
   <trkpt lat="41.09057000000001" lon="23.589720000000003">
    <ele>43.71000000000001</ele>
   </trkpt>
   <trkpt lat="41.09051" lon="23.59046">
    <ele>43.79</ele>
   </trkpt>
   <trkpt lat="41.09035" lon="23.591450000000002">
    <ele>44.27</ele>
   </trkpt>
   <trkpt lat="41.09018500334555" lon="23.592325002006778">
    <ele>44.730000000000004</ele>
   </trkpt>
   <trkpt lat="41.09002" lon="23.593200000000003">
    <ele>45.050000000000004</ele>
   </trkpt>
   <trkpt lat="41.08982500297457" lon="23.594030002477684">
    <ele>45.57000000000001</ele>
   </trkpt>
   <trkpt lat="41.08963000000001" lon="23.59486">
    <ele>46.32000000000001</ele>
   </trkpt>
   <trkpt lat="41.089368015999554" lon="23.595822015352525">
    <ele>46.85</ele>
   </trkpt>
   <trkpt lat="41.08910602399801" lon="23.5967840230332">
    <ele>47.63</ele>
   </trkpt>
   <trkpt lat="41.08884402399553" lon="23.597746023041932">
    <ele>48.53</ele>
   </trkpt>
   <trkpt lat="41.088582015992245" lon="23.59870801537861">
    <ele>48.93</ele>
   </trkpt>
   <trkpt lat="41.08832" lon="23.599670000000003">
    <ele>49.71</ele>
   </trkpt>
   <trkpt lat="41.088210000000004" lon="23.600260000000002">
    <ele>51.0</ele>
   </trkpt>
   <trkpt lat="41.08794000436548" lon="23.601265004131776">
    <ele>52.21000000000001</ele>
   </trkpt>
   <trkpt lat="41.08767" lon="23.60227">
    <ele>54.13</ele>
   </trkpt>
   <trkpt lat="41.087480000000006" lon="23.603160000000003">
    <ele>54.970000000000006</ele>
   </trkpt>
   <trkpt lat="41.087310039585255" lon="23.604303770702625">
    <ele>57.0</ele>
   </trkpt>
   <trkpt lat="41.0871400678606" lon="23.60544753548818">
    <ele>58.57</ele>
   </trkpt>
   <trkpt lat="41.08697008482612" lon="23.60659129435633">
    <ele>59.09</ele>
   </trkpt>
   <trkpt lat="41.086800090481994" lon="23.60773504730676">
    <ele>59.36</ele>
   </trkpt>
   <trkpt lat="41.0866300848283" lon="23.608878794339137">
    <ele>59.46000000000001</ele>
   </trkpt>
   <trkpt lat="41.08646006786518" lon="23.610022535453126">
    <ele>59.49000000000001</ele>
   </trkpt>
   <trkpt lat="41.08629003959278" lon="23.611166270648408">
    <ele>59.620000000000005</ele>
   </trkpt>
   <trkpt lat="41.08612" lon="23.61231">
    <ele>59.85000000000001</ele>
   </trkpt>
   <trkpt lat="41.08601500172124" lon="23.61294000097322">
    <ele>59.99</ele>
   </trkpt>
   <trkpt lat="41.085910000000005" lon="23.613570000000003">
    <ele>60.09</ele>
   </trkpt>
   <trkpt lat="41.085840000000005" lon="23.613930000000003">
    <ele>60.120000000000005</ele>
   </trkpt>
   <trkpt lat="41.08568000177239" lon="23.61457000155101">
    <ele>60.13</ele>
   </trkpt>
   <trkpt lat="41.08552" lon="23.61521">
    <ele>60.370000000000005</ele>
   </trkpt>
   <trkpt lat="41.085310002217966" lon="23.61593000237943">
    <ele>60.79</ele>
   </trkpt>
   <trkpt lat="41.085100000000004" lon="23.616650000000003">
    <ele>60.68000000000001</ele>
   </trkpt>
   <trkpt lat="41.08477500485908" lon="23.617710005235285">
    <ele>61.00000000000001</ele>
   </trkpt>
   <trkpt lat="41.084450000000004" lon="23.61877">
    <ele>61.540000000000006</ele>
   </trkpt>
   <trkpt lat="41.08418" lon="23.619590000000002">
    <ele>62.14000000000001</ele>
   </trkpt>
   <trkpt lat="41.08395" lon="23.6202">
    <ele>63.02</ele>
   </trkpt>
   <trkpt lat="41.08357" lon="23.62104">
    <ele>63.86</ele>
   </trkpt>
   <trkpt lat="41.083200000000005" lon="23.621720000000003">
    <ele>65.23</ele>
   </trkpt>
   <trkpt lat="41.082930000000005" lon="23.62217">
    <ele>67.60000000000001</ele>
   </trkpt>
   <trkpt lat="41.08249000183897" lon="23.62282500440841">
    <ele>70.05</ele>
   </trkpt>
   <trkpt lat="41.08205" lon="23.62348">
    <ele>73.15</ele>
   </trkpt>
   <trkpt lat="41.08171500122099" lon="23.624000002569595">
    <ele>74.96000000000001</ele>
   </trkpt>
   <trkpt lat="41.08138" lon="23.62452">
    <ele>78.81</ele>
   </trkpt>
   <trkpt lat="41.081140000000005" lon="23.624920000000003">
    <ele>80.52000000000001</ele>
   </trkpt>
   <trkpt lat="41.08086000170094" lon="23.625555002800557">
    <ele>83.88000000000001</ele>
   </trkpt>
   <trkpt lat="41.080580000000005" lon="23.62619">
    <ele>85.25</ele>
   </trkpt>
   <trkpt lat="41.08028" lon="23.626970000000004">
    <ele>88.46000000000001</ele>
   </trkpt>
   <trkpt lat="41.07992001277423" lon="23.62796251630753">
    <ele>92.41000000000001</ele>
   </trkpt>
   <trkpt lat="41.0795600170324" lon="23.628955021742765">
    <ele>95.74000000000001</ele>
   </trkpt>
   <trkpt lat="41.07920001277471" lon="23.629947516305705">
    <ele>97.4</ele>
   </trkpt>
   <trkpt lat="41.07884000000001" lon="23.630940000000002">
    <ele>100.36</ele>
   </trkpt>
   <trkpt lat="41.07848250925285" lon="23.63178501380267">
    <ele>101.47</ele>
   </trkpt>
   <trkpt lat="41.078125012332805" lon="23.632630018413522">
    <ele>101.73000000000002</ele>
   </trkpt>
   <trkpt lat="41.07776750924001" lon="23.6334750138326">
    <ele>101.74000000000001</ele>
   </trkpt>
   <trkpt lat="41.07741" lon="23.634320000000002">
    <ele>101.85000000000001</ele>
   </trkpt>
   <trkpt lat="41.07699002082922" lon="23.635301698023724">
    <ele>102.3</ele>
   </trkpt>
   <trkpt lat="41.07657003332715" lon="23.636283383502867">
    <ele>103.67000000000002</ele>
   </trkpt>
   <trkpt lat="41.076150037494" lon="23.637265056437535">
    <ele>106.00000000000001</ele>
   </trkpt>
   <trkpt lat="41.07573003333002" lon="23.638246716827812">
    <ele>108.79</ele>
   </trkpt>
   <trkpt lat="41.07531002083542" lon="23.63922836467381">
    <ele>110.7</ele>
   </trkpt>
   <trkpt lat="41.07489" lon="23.640210000000003">
    <ele>112.11000000000001</ele>
   </trkpt>
   <trkpt lat="41.07455" lon="23.64084">
    <ele>112.78</ele>
   </trkpt>
   <trkpt lat="41.07443000000001" lon="23.64104">
    <ele>112.87</ele>
   </trkpt>
   <trkpt lat="41.07392333794891" lon="23.641766677794962">
    <ele>113.71000000000001</ele>
   </trkpt>
   <trkpt lat="41.07341667133289" lon="23.64249334438883">
    <ele>114.84</ele>
   </trkpt>
   <trkpt lat="41.07291" lon="23.643220000000003">
    <ele>115.57000000000001</ele>
   </trkpt>
   <trkpt lat="41.07235500788707" lon="23.644000019756994">
    <ele>116.93</ele>
   </trkpt>
   <trkpt lat="41.07180001051448" lon="23.644780026344502">
    <ele>118.02000000000001</ele>
   </trkpt>
   <trkpt lat="41.071245007882425" lon="23.645560019762886">
    <ele>119.20000000000002</ele>
   </trkpt>
   <trkpt lat="41.070690000000006" lon="23.646340000000002">
    <ele>120.20000000000002</ele>
   </trkpt>
   <trkpt lat="41.07023500177743" lon="23.64696500420293">
    <ele>121.44</ele>
   </trkpt>
   <trkpt lat="41.06978" lon="23.64759">
    <ele>122.13000000000001</ele>
   </trkpt>
   <trkpt lat="41.06944" lon="23.64814">
    <ele>122.54</ele>
   </trkpt>
   <trkpt lat="41.0691550013416" lon="23.64870500252475">
    <ele>123.26</ele>
   </trkpt>
   <trkpt lat="41.068870000000004" lon="23.64927">
    <ele>123.96000000000001</ele>
   </trkpt>
   <trkpt lat="41.06844501368285" lon="23.65029751994118">
    <ele>124.51</ele>
   </trkpt>
   <trkpt lat="41.06802001823884" lon="23.651325026599697">
    <ele>124.74</ele>
   </trkpt>
   <trkpt lat="41.06759501366829" lon="23.65235251997564">
    <ele>124.53000000000002</ele>
   </trkpt>
   <trkpt lat="41.067170000000004" lon="23.653380000000002">
    <ele>124.03000000000002</ele>
   </trkpt>
   <trkpt lat="41.06678751004166" lon="23.654260015356282">
    <ele>123.47000000000001</ele>
   </trkpt>
   <trkpt lat="41.066405013388845" lon="23.655140020474818">
    <ele>122.83000000000001</ele>
   </trkpt>
   <trkpt lat="41.06602251004171" lon="23.656020015355693">
    <ele>122.7</ele>
   </trkpt>
   <trkpt lat="41.06564" lon="23.6569">
    <ele>122.98</ele>
   </trkpt>
   <trkpt lat="41.06533" lon="23.657500000000002">
    <ele>122.93</ele>
   </trkpt>
   <trkpt lat="41.064965003240424" lon="23.658355004556434">
    <ele>122.85000000000001</ele>
   </trkpt>
   <trkpt lat="41.064600000000006" lon="23.65921">
    <ele>123.12</ele>
   </trkpt>
   <trkpt lat="41.06434500145385" lon="23.659800002405127">
    <ele>123.52</ele>
   </trkpt>
   <trkpt lat="41.06409" lon="23.660390000000003">
    <ele>124.46000000000001</ele>
   </trkpt>
   <trkpt lat="41.06388500156441" lon="23.66101000222621">
    <ele>125.12</ele>
   </trkpt>
   <trkpt lat="41.063680000000005" lon="23.661630000000002">
    <ele>125.36</ele>
   </trkpt>
   <trkpt lat="41.063465002172066" lon="23.662340002343477">
    <ele>125.77000000000002</ele>
   </trkpt>
   <trkpt lat="41.063250000000004" lon="23.663050000000002">
    <ele>126.07000000000001</ele>
   </trkpt>
   <trkpt lat="41.06296288715611" lon="23.664125742449848">
    <ele>126.58</ele>
   </trkpt>
   <trkpt lat="41.062675764308864" lon="23.665201475506773">
    <ele>127.08</ele>
   </trkpt>
   <trkpt lat="41.06238863145844" lon="23.66627719917063">
    <ele>127.58</ele>
   </trkpt>
   <trkpt lat="41.06210148860503" lon="23.667352913441256">
    <ele>128.03</ele>
   </trkpt>
   <trkpt lat="41.06181433574882" lon="23.668428618318515">
    <ele>128.42000000000002</ele>
   </trkpt>
   <trkpt lat="41.06152717288999" lon="23.669504313802246">
    <ele>128.38000000000002</ele>
   </trkpt>
   <trkpt lat="41.061240000000005" lon="23.67058">
    <ele>128.10000000000002</ele>
   </trkpt>
   <trkpt lat="41.06103500287965" lon="23.67139500250544">
    <ele>127.96000000000002</ele>
   </trkpt>
   <trkpt lat="41.06083" lon="23.672210000000003">
    <ele>127.87</ele>
   </trkpt>
   <trkpt lat="41.06073500154878" lon="23.672810000912143">
    <ele>127.53</ele>
   </trkpt>
   <trkpt lat="41.06064000000001" lon="23.67341">
    <ele>127.53</ele>
   </trkpt>
   <trkpt lat="41.060518017636895" lon="23.674420007486987">
    <ele>127.30000000000003</ele>
   </trkpt>
   <trkpt lat="41.06039602645567" lon="23.675430011227405">
    <ele>127.07000000000001</ele>
   </trkpt>
   <trkpt lat="41.0602740264564" lon="23.676440011221025">
    <ele>126.58</ele>
   </trkpt>
   <trkpt lat="41.06015201763916" lon="23.6774500074676">
    <ele>125.99000000000001</ele>
   </trkpt>
   <trkpt lat="41.060030000000005" lon="23.67846">
    <ele>124.99</ele>
   </trkpt>
   <trkpt lat="41.059923339333714" lon="23.679293336056368">
    <ele>124.28000000000002</ele>
   </trkpt>
   <trkpt lat="41.059816672664454" lon="23.68012666940988">
    <ele>123.97000000000001</ele>
   </trkpt>
   <trkpt lat="41.05971" lon="23.680960000000002">
    <ele>123.99000000000001</ele>
   </trkpt>
   <trkpt lat="41.05960000175725" lon="23.681605001318207">
    <ele>124.2</ele>
   </trkpt>
   <trkpt lat="41.059490000000004" lon="23.682250000000003">
    <ele>124.83000000000001</ele>
   </trkpt>
   <trkpt lat="41.05931" lon="23.683130000000002">
    <ele>125.33</ele>
   </trkpt>
   <trkpt lat="41.05907431620485" lon="23.684214309019">
    <ele>126.10000000000001</ele>
   </trkpt>
   <trkpt lat="41.05883862224652" lon="23.685298610267214">
    <ele>127.44</ele>
   </trkpt>
   <trkpt lat="41.05860291812522" lon="23.686382903744423">
    <ele>128.56</ele>
   </trkpt>
   <trkpt lat="41.0583672038411" lon="23.68746718945041">
    <ele>129.42000000000002</ele>
   </trkpt>
   <trkpt lat="41.058131479394284" lon="23.688551467384958">
    <ele>130.36</ele>
   </trkpt>
   <trkpt lat="41.05789574478497" lon="23.68963573754786">
    <ele>131.20000000000002</ele>
   </trkpt>
   <trkpt lat="41.057660000000006" lon="23.690720000000002">
    <ele>131.96</ele>
   </trkpt>
   <trkpt lat="41.057410000000004" lon="23.691730000000003">
    <ele>132.39000000000001</ele>
   </trkpt>
   <trkpt lat="41.0572150015536" lon="23.692335001881567">
    <ele>132.84</ele>
   </trkpt>
   <trkpt lat="41.05702" lon="23.692940000000004">
    <ele>133.05</ele>
   </trkpt>
   <trkpt lat="41.056700000000006" lon="23.693720000000003">
    <ele>133.70000000000002</ele>
   </trkpt>
   <trkpt lat="41.05657" lon="23.694020000000002">
    <ele>133.68</ele>
   </trkpt>
   <trkpt lat="41.05623500168741" lon="23.694625002890653">
    <ele>133.69</ele>
   </trkpt>
   <trkpt lat="41.0559" lon="23.695230000000002">
    <ele>133.54000000000002</ele>
   </trkpt>
   <trkpt lat="41.05545" lon="23.69592">
    <ele>133.3</ele>
   </trkpt>
   <trkpt lat="41.05507" lon="23.69639">
    <ele>132.75</ele>
   </trkpt>
   <trkpt lat="41.0546" lon="23.69697">
    <ele>130.46</ele>
   </trkpt>
   <trkpt lat="41.05393500252573" lon="23.69772500756145">
    <ele>128.73000000000002</ele>
   </trkpt>
   <trkpt lat="41.053270000000005" lon="23.698480000000004">
    <ele>126.2</ele>
   </trkpt>
   <trkpt lat="41.05275333654997" lon="23.699090009580875">
    <ele>124.04</ele>
   </trkpt>
   <trkpt lat="41.05223666988347" lon="23.69970000958054">
    <ele>119.76</ele>
   </trkpt>
   <trkpt lat="41.05172" lon="23.70031">
    <ele>117.14</ele>
   </trkpt>
   <trkpt lat="41.0511383431256" lon="23.700983363103276">
    <ele>113.76</ele>
   </trkpt>
   <trkpt lat="41.05055668233198" lon="23.701656714300515">
    <ele>110.45</ele>
   </trkpt>
   <trkpt lat="41.049975017619296" lon="23.702330053592096">
    <ele>108.15</ele>
   </trkpt>
   <trkpt lat="41.049393348987685" lon="23.7030033809784">
    <ele>106.52</ele>
   </trkpt>
   <trkpt lat="41.04881167643733" lon="23.7036766964598">
    <ele>105.26</ele>
   </trkpt>
   <trkpt lat="41.048230000000004" lon="23.70435">
    <ele>104.15</ele>
   </trkpt>
   <trkpt lat="41.04793" lon="23.70473">
    <ele>103.58</ele>
   </trkpt>
   <trkpt lat="41.047410000000006" lon="23.70551">
    <ele>102.57000000000001</ele>
   </trkpt>
   <trkpt lat="41.04708" lon="23.706120000000002">
    <ele>102.25</ele>
   </trkpt>
   <trkpt lat="41.04688" lon="23.706560000000003">
    <ele>101.65</ele>
   </trkpt>
   <trkpt lat="41.04655" lon="23.70739">
    <ele>101.38000000000001</ele>
   </trkpt>
   <trkpt lat="41.04627" lon="23.70848">
    <ele>101.32000000000001</ele>
   </trkpt>
   <trkpt lat="41.04608000875782" lon="23.709486672487685">
    <ele>101.4</ele>
   </trkpt>
   <trkpt lat="41.04589000875631" lon="23.710493339162298">
    <ele>102.22</ele>
   </trkpt>
   <trkpt lat="41.045700000000004" lon="23.7115">
    <ele>102.95000000000002</ele>
   </trkpt>
   <trkpt lat="41.04558" lon="23.71233">
    <ele>103.68</ele>
   </trkpt>
   <trkpt lat="41.045390000000005" lon="23.71336">
    <ele>104.12</ele>
   </trkpt>
   <trkpt lat="41.045230000000004" lon="23.71413">
    <ele>104.14000000000001</ele>
   </trkpt>
   <trkpt lat="41.04507" lon="23.714760000000002">
    <ele>104.12</ele>
   </trkpt>
   <trkpt lat="41.04478500327094" lon="23.71563000376856">
    <ele>103.87</ele>
   </trkpt>
   <trkpt lat="41.044500000000006" lon="23.716500000000003">
    <ele>103.73</ele>
   </trkpt>
   <trkpt lat="41.044230000000006" lon="23.71739">
    <ele>103.48</ele>
   </trkpt>
   <trkpt lat="41.0439" lon="23.71835">
    <ele>103.56000000000002</ele>
   </trkpt>
   <trkpt lat="41.04370000191277" lon="23.719015002015794">
    <ele>103.54</ele>
   </trkpt>
   <trkpt lat="41.0435" lon="23.71968">
    <ele>103.53000000000002</ele>
   </trkpt>
   <trkpt lat="41.0432900014786" lon="23.72026500186785">
    <ele>103.58</ele>
   </trkpt>
   <trkpt lat="41.04308" lon="23.720850000000002">
    <ele>103.55</ele>
   </trkpt>
   <trkpt lat="41.042840000000005" lon="23.721680000000003">
    <ele>103.31000000000002</ele>
   </trkpt>
   <trkpt lat="41.04267" lon="23.72237">
    <ele>103.01</ele>
   </trkpt>
   <trkpt lat="41.04254" lon="23.723090000000003">
    <ele>102.35000000000001</ele>
   </trkpt>
   <trkpt lat="41.042410000000004" lon="23.72397">
    <ele>101.55</ele>
   </trkpt>
   <trkpt lat="41.042350000000006" lon="23.724660000000004">
    <ele>100.53</ele>
   </trkpt>
   <trkpt lat="41.042320000000004" lon="23.72546">
    <ele>99.37000000000002</ele>
   </trkpt>
   <trkpt lat="41.04231334180489" lon="23.72645000019226">
    <ele>97.93</ele>
   </trkpt>
   <trkpt lat="41.04230667513828" lon="23.727440000184075">
    <ele>96.61</ele>
   </trkpt>
   <trkpt lat="41.042300000000004" lon="23.728430000000003">
    <ele>95.09</ele>
   </trkpt>
   <trkpt lat="41.042280000000005" lon="23.728920000000002">
    <ele>94.55000000000001</ele>
   </trkpt>
   <trkpt lat="41.042210000000004" lon="23.729580000000002">
    <ele>94.2</ele>
   </trkpt>
   <trkpt lat="41.0421000018526" lon="23.7302400012828">
    <ele>92.78</ele>
   </trkpt>
   <trkpt lat="41.041990000000006" lon="23.730900000000002">
    <ele>91.99</ele>
   </trkpt>
   <trkpt lat="41.041820005103304" lon="23.731666670524238">
    <ele>91.48</ele>
   </trkpt>
   <trkpt lat="41.041650005126144" lon="23.732433337087876">
    <ele>90.61000000000001</ele>
   </trkpt>
   <trkpt lat="41.04148" lon="23.733200000000004">
    <ele>90.04</ele>
   </trkpt>
   <trkpt lat="41.041290000000004" lon="23.734170000000002">
    <ele>90.02</ele>
   </trkpt>
   <trkpt lat="41.041065012770616" lon="23.735162510182555">
    <ele>90.10000000000001</ele>
   </trkpt>
   <trkpt lat="41.040840017026845" lon="23.736155013579353">
    <ele>90.42000000000002</ele>
   </trkpt>
   <trkpt lat="41.04061501276879" lon="23.737147510190226">
    <ele>90.76</ele>
   </trkpt>
   <trkpt lat="41.04039" lon="23.73814">
    <ele>91.22000000000001</ele>
   </trkpt>
   <trkpt lat="41.04025000194704" lon="23.738805001244163">
    <ele>91.85</ele>
   </trkpt>
   <trkpt lat="41.040110000000006" lon="23.73947">
    <ele>92.06</ele>
   </trkpt>
   <trkpt lat="41.03986172728072" lon="23.740599213525623">
    <ele>92.71</ele>
   </trkpt>
   <trkpt lat="41.03961344354015" lon="23.741728418532137">
    <ele>93.29</ele>
   </trkpt>
   <trkpt lat="41.039365148778415" lon="23.742857615019318">
    <ele>94.02000000000001</ele>
   </trkpt>
   <trkpt lat="41.039116842995725" lon="23.74398680298692">
    <ele>94.63000000000001</ele>
   </trkpt>
   <trkpt lat="41.03886852619225" lon="23.745115982434704">
    <ele>95.14</ele>
   </trkpt>
   <trkpt lat="41.03862019836819" lon="23.74624515336243">
    <ele>95.88000000000001</ele>
   </trkpt>
   <trkpt lat="41.03837185952371" lon="23.747374315769864">
    <ele>96.52000000000001</ele>
   </trkpt>
   <trkpt lat="41.03812350965897" lon="23.748503469656765">
    <ele>97.11</ele>
   </trkpt>
   <trkpt lat="41.037875148774205" lon="23.749632615022893">
    <ele>98.02000000000001</ele>
   </trkpt>
   <trkpt lat="41.03762677686953" lon="23.750761751868005">
    <ele>98.55000000000001</ele>
   </trkpt>
   <trkpt lat="41.03737839394516" lon="23.751890880191862">
    <ele>98.99000000000001</ele>
   </trkpt>
   <trkpt lat="41.037130000000005" lon="23.753020000000003">
    <ele>99.82000000000001</ele>
   </trkpt>
   <trkpt lat="41.03698500210183" lon="23.75372000161817">
    <ele>100.19</ele>
   </trkpt>
   <trkpt lat="41.036840000000005" lon="23.754420000000003">
    <ele>100.46000000000001</ele>
   </trkpt>
   <trkpt lat="41.03659835737902" lon="23.755475019386896">
    <ele>100.89</ele>
   </trkpt>
   <trkpt lat="41.03635670513759" lon="23.7565300310279">
    <ele>101.95000000000002</ele>
   </trkpt>
   <trkpt lat="41.03611504327586" lon="23.757585034922815">
    <ele>103.59000000000002</ele>
   </trkpt>
   <trkpt lat="41.03587337179398" lon="23.75864003107147">
    <ele>105.24000000000001</ele>
   </trkpt>
   <trkpt lat="41.035631690692114" lon="23.759695019473668">
    <ele>107.12</ele>
   </trkpt>
   <trkpt lat="41.03539000000001" lon="23.76075">
    <ele>108.47000000000001</ele>
   </trkpt>
   <trkpt lat="41.035150055791576" lon="23.76183337677616">
    <ele>109.00000000000001</ele>
   </trkpt>
   <trkpt lat="41.03491010143863" lon="23.762916745654525">
    <ele>109.22000000000001</ele>
   </trkpt>
   <trkpt lat="41.034670136941365" lon="23.76400010663488">
    <ele>109.66000000000001</ele>
   </trkpt>
   <trkpt lat="41.03443016229992" lon="23.765083459717026">
    <ele>109.99000000000001</ele>
   </trkpt>
   <trkpt lat="41.034190177514446" lon="23.766166804900745">
    <ele>110.15</ele>
   </trkpt>
   <trkpt lat="41.033950182585116" lon="23.767250142185834">
    <ele>110.51</ele>
   </trkpt>
   <trkpt lat="41.03371017751209" lon="23.768333471572078">
    <ele>110.1</ele>
   </trkpt>
   <trkpt lat="41.03347016229552" lon="23.769416793059268">
    <ele>109.63000000000001</ele>
   </trkpt>
   <trkpt lat="41.03323013693557" lon="23.7705001066472">
    <ele>109.00000000000001</ele>
   </trkpt>
   <trkpt lat="41.0329901014324" lon="23.771583412335662">
    <ele>108.94000000000001</ele>
   </trkpt>
   <trkpt lat="41.032750055786174" lon="23.772666710124444">
    <ele>110.1</ele>
   </trkpt>
   <trkpt lat="41.03251" lon="23.773750000000003">
    <ele>114.92</ele>
   </trkpt>
   <trkpt lat="41.0324" lon="23.774420000000003">
    <ele>117.79</ele>
   </trkpt>
   <trkpt lat="41.03233" lon="23.775060000000003">
    <ele>120.19</ele>
   </trkpt>
   <trkpt lat="41.032300000000006" lon="23.775710000000004">
    <ele>122.68</ele>
   </trkpt>
   <trkpt lat="41.032295002116165" lon="23.776410000248596">
    <ele>125.84</ele>
   </trkpt>
   <trkpt lat="41.03229" lon="23.77711">
    <ele>130.06</ele>
   </trkpt>
   <trkpt lat="41.03229336108724" lon="23.77824333305103">
    <ele>133.48000000000002</ele>
   </trkpt>
   <trkpt lat="41.03229671107293" lon="23.779376666217583">
    <ele>137.53</ele>
   </trkpt>
   <trkpt lat="41.032300049957065" lon="23.780509999499284">
    <ele>141.18</ele>
   </trkpt>
   <trkpt lat="41.03230337773963" lon="23.781643332895747">
    <ele>142.97</ele>
   </trkpt>
   <trkpt lat="41.03230669442063" lon="23.782776666406594">
    <ele>144.85</ele>
   </trkpt>
   <trkpt lat="41.03231" lon="23.783910000000002">
    <ele>146.28000000000003</ele>
   </trkpt>
   <trkpt lat="41.03229" lon="23.784370000000003">
    <ele>146.28000000000003</ele>
   </trkpt>
   <trkpt lat="41.03222" lon="23.784910000000004">
    <ele>147.56000000000003</ele>
   </trkpt>
   <trkpt lat="41.03208" lon="23.78553">
    <ele>148.44000000000003</ele>
   </trkpt>
   <trkpt lat="41.03192000000001" lon="23.78602">
    <ele>148.91000000000003</ele>
   </trkpt>
   <trkpt lat="41.03164" lon="23.786630000000002">
    <ele>149.95</ele>
   </trkpt>
   <trkpt lat="41.03119" lon="23.787290000000002">
    <ele>150.32</ele>
   </trkpt>
   <trkpt lat="41.03097" lon="23.787550000000003">
    <ele>150.32</ele>
   </trkpt>
   <trkpt lat="41.030590000000004" lon="23.787910000000004">
    <ele>150.07</ele>
   </trkpt>
   <trkpt lat="41.02998" lon="23.788310000000003">
    <ele>149.64000000000001</ele>
   </trkpt>
   <trkpt lat="41.02971" lon="23.78843">
    <ele>149.1</ele>
   </trkpt>
   <trkpt lat="41.02924" lon="23.78855">
    <ele>148.75000000000003</ele>
   </trkpt>
   <trkpt lat="41.028560000000006" lon="23.78865">
    <ele>147.02</ele>
   </trkpt>
   <trkpt lat="41.028079999983234" lon="23.788695000330428">
    <ele>145.79</ele>
   </trkpt>
   <trkpt lat="41.02760000000001" lon="23.78874">
    <ele>143.12000000000003</ele>
   </trkpt>
   <trkpt lat="41.02673285729897" lon="23.788817148952">
    <ele>139.79</ele>
   </trkpt>
   <trkpt lat="41.02586571454649" lon="23.78889429587213">
    <ele>137.67000000000002</ele>
   </trkpt>
   <trkpt lat="41.024998571742586" lon="23.788971440760513">
    <ele>133.32000000000002</ele>
   </trkpt>
   <trkpt lat="41.02413142888722" lon="23.789048583617262">
    <ele>129.88000000000002</ele>
   </trkpt>
   <trkpt lat="41.02326428598045" lon="23.7891257244425">
    <ele>126.53</ele>
   </trkpt>
   <trkpt lat="41.02239714302223" lon="23.789202863236333">
    <ele>123.64000000000001</ele>
   </trkpt>
   <trkpt lat="41.021530000000006" lon="23.78928">
    <ele>120.36</ele>
   </trkpt>
   <trkpt lat="41.021010000000004" lon="23.789340000000003">
    <ele>118.81000000000002</ele>
   </trkpt>
   <trkpt lat="41.02056" lon="23.789450000000002">
    <ele>117.75</ele>
   </trkpt>
   <trkpt lat="41.02019000000001" lon="23.789600000000004">
    <ele>117.26</ele>
   </trkpt>
   <trkpt lat="41.01979" lon="23.78984">
    <ele>116.68</ele>
   </trkpt>
   <trkpt lat="41.01952" lon="23.79004">
    <ele>116.51000000000002</ele>
   </trkpt>
   <trkpt lat="41.019090000000006" lon="23.79042">
    <ele>116.37000000000002</ele>
   </trkpt>
   <trkpt lat="41.0184400038156" lon="23.791083346411988">
    <ele>116.54</ele>
   </trkpt>
   <trkpt lat="41.0177900038283" lon="23.79174667973212">
    <ele>116.63000000000001</ele>
   </trkpt>
   <trkpt lat="41.017140000000005" lon="23.79241">
    <ele>116.49000000000001</ele>
   </trkpt>
   <trkpt lat="41.016486676022794" lon="23.79306836598791">
    <ele>116.49000000000001</ele>
   </trkpt>
   <trkpt lat="41.01583334829966" lon="23.793726718916645">
    <ele>116.27000000000001</ele>
   </trkpt>
   <trkpt lat="41.01518001683073" lon="23.79438505878669">
    <ele>116.46000000000001</ele>
   </trkpt>
   <trkpt lat="41.014526681616175" lon="23.795043385598536">
    <ele>116.36</ele>
   </trkpt>
   <trkpt lat="41.01387334265616" lon="23.79570169935265">
    <ele>116.39</ele>
   </trkpt>
   <trkpt lat="41.013220000000004" lon="23.796360000000004">
    <ele>116.59000000000002</ele>
   </trkpt>
   <trkpt lat="41.012750000000004" lon="23.7969">
    <ele>116.59000000000002</ele>
   </trkpt>
   <trkpt lat="41.01239500094586" lon="23.797365002490505">
    <ele>116.60000000000001</ele>
   </trkpt>
   <trkpt lat="41.012040000000006" lon="23.79783">
    <ele>116.68</ele>
   </trkpt>
   <trkpt lat="41.01151000337989" lon="23.798710007023224">
    <ele>116.54</ele>
   </trkpt>
   <trkpt lat="41.01098" lon="23.799590000000002">
    <ele>116.7</ele>
   </trkpt>
   <trkpt lat="41.01053500252107" lon="23.80036000527137">
    <ele>117.66000000000001</ele>
   </trkpt>
   <trkpt lat="41.010090000000005" lon="23.80113">
    <ele>120.16</ele>
   </trkpt>
   <trkpt lat="41.00988" lon="23.80157">
    <ele>120.96000000000001</ele>
   </trkpt>
   <trkpt lat="41.00974" lon="23.80205">
    <ele>122.17000000000002</ele>
   </trkpt>
   <trkpt lat="41.00967" lon="23.802410000000002">
    <ele>122.89000000000001</ele>
   </trkpt>
   <trkpt lat="41.00963" lon="23.802780000000002">
    <ele>124.50000000000001</ele>
   </trkpt>
   <trkpt lat="41.009640000000005" lon="23.80317">
    <ele>125.66000000000003</ele>
   </trkpt>
   <trkpt lat="41.00968" lon="23.80354">
    <ele>127.68</ele>
   </trkpt>
   <trkpt lat="41.00972" lon="23.80374">
    <ele>127.68</ele>
   </trkpt>
   <trkpt lat="41.009890000000006" lon="23.804350000000003">
    <ele>130.98000000000002</ele>
   </trkpt>
   <trkpt lat="41.01020000981891" lon="23.805219987739772">
    <ele>134.86</ele>
   </trkpt>
   <trkpt lat="41.01051001309669" lon="23.80608998366631">
    <ele>139.37</ele>
   </trkpt>
   <trkpt lat="41.01082000983325" lon="23.80695998777962">
    <ele>143.62000000000003</ele>
   </trkpt>
   <trkpt lat="41.01113" lon="23.807830000000003">
    <ele>147.33</ele>
   </trkpt>
   <trkpt lat="41.01146501171325" lon="23.80877998554809">
    <ele>150.68</ele>
   </trkpt>
   <trkpt lat="41.01180001562707" lon="23.809729980757123">
    <ele>154.46</ele>
   </trkpt>
   <trkpt lat="41.01213501174128" lon="23.810679985627107">
    <ele>159.72</ele>
   </trkpt>
   <trkpt lat="41.01247" lon="23.81163">
    <ele>165.24</ele>
   </trkpt>
   <trkpt lat="41.01280500369285" lon="23.812554995284255">
    <ele>169.55</ele>
   </trkpt>
   <trkpt lat="41.01314" lon="23.813480000000002">
    <ele>173.68</ele>
   </trkpt>
   <trkpt lat="41.013470000000005" lon="23.81418">
    <ele>176.93</ele>
   </trkpt>
   <trkpt lat="41.013830000000006" lon="23.81473">
    <ele>179.64000000000001</ele>
   </trkpt>
   <trkpt lat="41.01436" lon="23.81538">
    <ele>182.59</ele>
   </trkpt>
   <trkpt lat="41.0149540078207" lon="23.81605197577961">
    <ele>186.82000000000002</ele>
   </trkpt>
   <trkpt lat="41.01554801173885" lon="23.81672396367769">
    <ele>190.16000000000003</ele>
   </trkpt>
   <trkpt lat="41.01614201175432" lon="23.817395963694615">
    <ele>196.66000000000003</ele>
   </trkpt>
   <trkpt lat="41.01673600786694" lon="23.818067975830797">
    <ele>200.86</ele>
   </trkpt>
   <trkpt lat="41.01733" lon="23.818740000000002">
    <ele>205.21</ele>
   </trkpt>
   <trkpt lat="41.01774" lon="23.819350000000004">
    <ele>209.17000000000002</ele>
   </trkpt>
   <trkpt lat="41.01803" lon="23.819950000000002">
    <ele>211.02</ele>
   </trkpt>
   <trkpt lat="41.01822000000001" lon="23.82053">
    <ele>213.56000000000003</ele>
   </trkpt>
   <trkpt lat="41.018350000000005" lon="23.821240000000003">
    <ele>218.44000000000003</ele>
   </trkpt>
   <trkpt lat="41.01841" lon="23.821990000000003">
    <ele>221.19000000000003</ele>
   </trkpt>
   <trkpt lat="41.01844251568569" lon="23.82308999835683">
    <ele>225.87</ele>
   </trkpt>
   <trkpt lat="41.01847502091399" lon="23.8241899977995">
    <ele>230.09</ele>
   </trkpt>
   <trkpt lat="41.01850751568485" lon="23.82528999832767">
    <ele>235.87000000000003</ele>
   </trkpt>
   <trkpt lat="41.01854" lon="23.826390000000004">
    <ele>240.26000000000002</ele>
   </trkpt>
   <trkpt lat="41.018640000000005" lon="23.82722">
    <ele>244.18</ele>
   </trkpt>
   <trkpt lat="41.01877" lon="23.827840000000002">
    <ele>245.35</ele>
   </trkpt>
   <trkpt lat="41.018980000000006" lon="23.828490000000002">
    <ele>247.85000000000002</ele>
   </trkpt>
   <trkpt lat="41.01926" lon="23.8291">
    <ele>249.43</ele>
   </trkpt>
   <trkpt lat="41.0195800013087" lon="23.82964999733048">
    <ele>250.35000000000002</ele>
   </trkpt>
   <trkpt lat="41.0199" lon="23.8302">
    <ele>250.99000000000004</ele>
   </trkpt>
   <trkpt lat="41.02035000715616" lon="23.8309424847961">
    <ele>251.91000000000003</ele>
   </trkpt>
   <trkpt lat="41.02080000954774" lon="23.831684979738082">
    <ele>252.08</ele>
   </trkpt>
   <trkpt lat="41.02125000717462" lon="23.832427484826127">
    <ele>250.79000000000002</ele>
   </trkpt>
   <trkpt lat="41.0217" lon="23.833170000000003">
    <ele>247.41000000000003</ele>
   </trkpt>
   <trkpt lat="41.02212" lon="23.833920000000003">
    <ele>245.56000000000003</ele>
   </trkpt>
   <trkpt lat="41.022310000000004" lon="23.834380000000003">
    <ele>241.89000000000001</ele>
   </trkpt>
   <trkpt lat="41.022400000000005" lon="23.83473">
    <ele>241.39000000000001</ele>
   </trkpt>
   <trkpt lat="41.02246" lon="23.835020000000004">
    <ele>239.71</ele>
   </trkpt>
   <trkpt lat="41.0225" lon="23.83557">
    <ele>239.14000000000001</ele>
   </trkpt>
   <trkpt lat="41.02246" lon="23.83613">
    <ele>238.69</ele>
   </trkpt>
   <trkpt lat="41.022290000000005" lon="23.83688">
    <ele>238.04000000000002</ele>
   </trkpt>
   <trkpt lat="41.02192501471081" lon="23.837945017687154">
    <ele>236.87000000000003</ele>
   </trkpt>
   <trkpt lat="41.02156001961867" lon="23.83901002356997">
    <ele>236.11</ele>
   </trkpt>
   <trkpt lat="41.02119501472387" lon="23.840075017648417">
    <ele>235.10000000000002</ele>
   </trkpt>
   <trkpt lat="41.020830000000004" lon="23.841140000000003">
    <ele>235.14000000000001</ele>
   </trkpt>
   <trkpt lat="41.020630001269566" lon="23.84168000161421">
    <ele>235.66</ele>
   </trkpt>
   <trkpt lat="41.020430000000005" lon="23.84222">
    <ele>237.08</ele>
   </trkpt>
   <trkpt lat="41.02006" lon="23.842940000000002">
    <ele>237.83</ele>
   </trkpt>
   <trkpt lat="41.01963000000001" lon="23.84365">
    <ele>236.8</ele>
   </trkpt>
   <trkpt lat="41.0191280112875" lon="23.84445802462799">
    <ele>235.17000000000002</ele>
   </trkpt>
   <trkpt lat="41.01862601693233" lon="23.845266036939655">
    <ele>234.10000000000002</ele>
   </trkpt>
   <trkpt lat="41.018124016934706" lon="23.846074036935278">
    <ele>231.89000000000001</ele>
   </trkpt>
   <trkpt lat="41.01762201129479" lon="23.846882024615113">
    <ele>228.64000000000001</ele>
   </trkpt>
   <trkpt lat="41.017120000000006" lon="23.847690000000004">
    <ele>225.21</ele>
   </trkpt>
   <trkpt lat="41.01658000294045" lon="23.848520006860017">
    <ele>221.00000000000003</ele>
   </trkpt>
   <trkpt lat="41.016040000000004" lon="23.84935">
    <ele>215.57</ele>
   </trkpt>
   <trkpt lat="41.01578000000001" lon="23.849660000000004">
    <ele>213.51</ele>
   </trkpt>
   <trkpt lat="41.01519834190293" lon="23.850290027819558">
    <ele>209.72000000000003</ele>
   </trkpt>
   <trkpt lat="41.01461668037547" lon="23.85092004451339">
    <ele>203.87000000000003</ele>
   </trkpt>
   <trkpt lat="41.014035015417726" lon="23.85155005008187">
    <ele>201.02</ele>
   </trkpt>
   <trkpt lat="41.01345334702986" lon="23.852180044525348">
    <ele>195.65</ele>
   </trkpt>
   <trkpt lat="41.01287167521198" lon="23.852810027844182">
    <ele>193.67000000000002</ele>
   </trkpt>
   <trkpt lat="41.01229" lon="23.853440000000003">
    <ele>191.93</ele>
   </trkpt>
   <trkpt lat="41.011830002218666" lon="23.853950007153973">
    <ele>190.81</ele>
   </trkpt>
   <trkpt lat="41.01137000218945" lon="23.85446000718628">
    <ele>189.94000000000003</ele>
   </trkpt>
   <trkpt lat="41.01091" lon="23.85497">
    <ele>188.35000000000002</ele>
   </trkpt>
   <trkpt lat="41.01042666942113" lon="23.855530008164763">
    <ele>186.48</ele>
   </trkpt>
   <trkpt lat="41.00994333613203" lon="23.85609000811341">
    <ele>184.13000000000002</ele>
   </trkpt>
   <trkpt lat="41.009460000000004" lon="23.856650000000002">
    <ele>180.3</ele>
   </trkpt>
   <trkpt lat="41.00897000352517" lon="23.85728667610713">
    <ele>176.62000000000003</ele>
   </trkpt>
   <trkpt lat="41.00848000354728" lon="23.857923342744968">
    <ele>173.28</ele>
   </trkpt>
   <trkpt lat="41.00799000000001" lon="23.85856">
    <ele>173.01000000000002</ele>
   </trkpt>
   <trkpt lat="41.007720000000006" lon="23.858860000000004">
    <ele>173.23000000000002</ele>
   </trkpt>
   <trkpt lat="41.00705000000001" lon="23.85941">
    <ele>174.68</ele>
   </trkpt>
   <trkpt lat="41.00664000033307" lon="23.859715001948953">
    <ele>176.15</ele>
   </trkpt>
   <trkpt lat="41.00623" lon="23.860020000000002">
    <ele>176.39000000000001</ele>
   </trkpt>
   <trkpt lat="41.0061" lon="23.860190000000003">
    <ele>177.01</ele>
   </trkpt>
   <trkpt lat="41.00582" lon="23.860640000000004">
    <ele>177.36</ele>
   </trkpt>
   <trkpt lat="41.00556" lon="23.86099">
    <ele>178.05</ele>
   </trkpt>
   <trkpt lat="41.005280000000006" lon="23.86129">
    <ele>179.15</ele>
   </trkpt>
   <trkpt lat="41.005030000000005" lon="23.861530000000002">
    <ele>179.68</ele>
   </trkpt>
   <trkpt lat="41.00473" lon="23.861900000000002">
    <ele>180.35</ele>
   </trkpt>
   <trkpt lat="41.00459" lon="23.86212">
    <ele>181.46</ele>
   </trkpt>
   <trkpt lat="41.004147507875125" lon="23.862900015732226">
    <ele>182.02</ele>
   </trkpt>
   <trkpt lat="41.003705010492375" lon="23.863680020989726">
    <ele>180.78000000000003</ele>
   </trkpt>
   <trkpt lat="41.00326250785193" lon="23.864460015772686">
    <ele>177.68</ele>
   </trkpt>
   <trkpt lat="41.00282" lon="23.865240000000004">
    <ele>170.71</ele>
   </trkpt>
   <trkpt lat="41.00256000144422" lon="23.865815002233862">
    <ele>166.26000000000002</ele>
   </trkpt>
   <trkpt lat="41.002300000000005" lon="23.866390000000003">
    <ele>162.18</ele>
   </trkpt>
   <trkpt lat="41.002010002421876" lon="23.867135003217324">
    <ele>156.92</ele>
   </trkpt>
   <trkpt lat="41.001720000000006" lon="23.867880000000003">
    <ele>153.01</ele>
   </trkpt>
   <trkpt lat="41.001460001797284" lon="23.868510002285845">
    <ele>149.37</ele>
   </trkpt>
   <trkpt lat="41.001200000000004" lon="23.86914">
    <ele>145.77</ele>
   </trkpt>
   <trkpt lat="41.00076334196644" lon="23.870140013270277">
    <ele>141.52</ele>
   </trkpt>
   <trkpt lat="41.00032667529102" lon="23.871140013290102">
    <ele>139.82</ele>
   </trkpt>
   <trkpt lat="40.99989" lon="23.87214">
    <ele>139.78</ele>
   </trkpt>
   <trkpt lat="40.999600001633056" lon="23.87276500286791">
    <ele>139.31</ele>
   </trkpt>
   <trkpt lat="40.99931" lon="23.87339">
    <ele>137.97</ele>
   </trkpt>
   <trkpt lat="40.99918" lon="23.873700000000003">
    <ele>136.56</ele>
   </trkpt>
   <trkpt lat="40.99907" lon="23.87402">
    <ele>135.70000000000002</ele>
   </trkpt>
   <trkpt lat="40.99891" lon="23.8747">
    <ele>134.49</ele>
   </trkpt>
   <trkpt lat="40.998870000000004" lon="23.875030000000002">
    <ele>132.59</ele>
   </trkpt>
   <trkpt lat="40.998850000000004" lon="23.875690000000002">
    <ele>130.04000000000002</ele>
   </trkpt>
   <trkpt lat="40.99889" lon="23.876320000000003">
    <ele>126.48</ele>
   </trkpt>
   <trkpt lat="40.99898" lon="23.87694">
    <ele>125.14</ele>
   </trkpt>
   <trkpt lat="40.99906" lon="23.877250000000004">
    <ele>123.84</ele>
   </trkpt>
   <trkpt lat="40.999190000000006" lon="23.877650000000003">
    <ele>119.76</ele>
   </trkpt>
   <trkpt lat="40.99954500343367" lon="23.878539995234373">
    <ele>115.95</ele>
   </trkpt>
   <trkpt lat="40.999900000000004" lon="23.879430000000003">
    <ele>112.72000000000001</ele>
   </trkpt>
   <trkpt lat="41.00018500248883" lon="23.880194996585164">
    <ele>108.47000000000001</ele>
   </trkpt>
   <trkpt lat="41.00047" lon="23.88096">
    <ele>105.4</ele>
   </trkpt>
   <trkpt lat="41.000796012544455" lon="23.88181198313894">
    <ele>100.79</ele>
   </trkpt>
   <trkpt lat="41.00112201881602" lon="23.882663974706304">
    <ele>97.55000000000001</ele>
   </trkpt>
   <trkpt lat="41.001448018814564" lon="23.88351597470209">
    <ele>93.21</ele>
   </trkpt>
   <trkpt lat="41.001774012539926" lon="23.884367983126328">
    <ele>91.16</ele>
   </trkpt>
   <trkpt lat="41.002100000000006" lon="23.88522">
    <ele>90.73</ele>
   </trkpt>
   <trkpt lat="41.002320000000005" lon="23.885900000000003">
    <ele>90.31</ele>
   </trkpt>
   <trkpt lat="41.002500000000005" lon="23.886760000000002">
    <ele>89.75000000000001</ele>
   </trkpt>
   <trkpt lat="41.002660010132814" lon="23.887843328009957">
    <ele>89.03000000000002</ele>
   </trkpt>
   <trkpt lat="41.0028200101235" lon="23.888926661280156">
    <ele>87.88000000000001</ele>
   </trkpt>
   <trkpt lat="41.00298" lon="23.89001">
    <ele>86.41</ele>
   </trkpt>
   <trkpt lat="41.0030300015927" lon="23.89061499967555">
    <ele>85.13000000000001</ele>
   </trkpt>
   <trkpt lat="41.003080000000004" lon="23.89122">
    <ele>83.89</ele>
   </trkpt>
   <trkpt lat="41.00309" lon="23.891730000000003">
    <ele>82.08</ele>
   </trkpt>
   <trkpt lat="41.00307" lon="23.89223">
    <ele>80.89</ele>
   </trkpt>
   <trkpt lat="41.002990000000004" lon="23.892970000000002">
    <ele>78.80000000000001</ele>
   </trkpt>
   <trkpt lat="41.00278335345463" lon="23.89393501511865">
    <ele>73.98</ele>
   </trkpt>
   <trkpt lat="41.002576698861574" lon="23.894900024185535">
    <ele>70.92000000000002</ele>
   </trkpt>
   <trkpt lat="41.00237003622091" lon="23.895865027200486">
    <ele>66.72</ele>
   </trkpt>
   <trkpt lat="41.00216336553277" lon="23.896830024163368">
    <ele>62.97000000000001</ele>
   </trkpt>
   <trkpt lat="41.00195668679727" lon="23.897795015074017">
    <ele>59.120000000000005</ele>
   </trkpt>
   <trkpt lat="41.00175" lon="23.898760000000003">
    <ele>53.87</ele>
   </trkpt>
   <trkpt lat="41.00154001533983" lon="23.89970201199247">
    <ele>50.79</ele>
   </trkpt>
   <trkpt lat="41.0013300230111" lon="23.90064401798227">
    <ele>48.84</ele>
   </trkpt>
   <trkpt lat="41.00112002301393" lon="23.901586017969265">
    <ele>45.99</ele>
   </trkpt>
   <trkpt lat="41.00091001534841" lon="23.90252801195331">
    <ele>43.32</ele>
   </trkpt>
   <trkpt lat="41.0007" lon="23.903470000000002">
    <ele>40.81</ele>
   </trkpt>
   <trkpt lat="41.00054" lon="23.904580000000003">
    <ele>38.14</ele>
   </trkpt>
   <trkpt lat="41.000490000000006" lon="23.90537">
    <ele>35.94</ele>
   </trkpt>
   <trkpt lat="41.000510000000006" lon="23.90583">
    <ele>34.64</ele>
   </trkpt>
   <trkpt lat="41.000550000000004" lon="23.906280000000002">
    <ele>33.65</ele>
   </trkpt>
   <trkpt lat="41.000690000000006" lon="23.907100000000003">
    <ele>31.93</ele>
   </trkpt>
   <trkpt lat="41.00081" lon="23.90755">
    <ele>30.480000000000004</ele>
   </trkpt>
   <trkpt lat="41.00109500269538" lon="23.90833999658036">
    <ele>28.51</ele>
   </trkpt>
   <trkpt lat="41.001380000000005" lon="23.90913">
    <ele>27.87</ele>
   </trkpt>
   <trkpt lat="41.0016150015432" lon="23.90971499807464">
    <ele>27.330000000000002</ele>
   </trkpt>
   <trkpt lat="41.001850000000005" lon="23.910300000000003">
    <ele>26.72</ele>
   </trkpt>
   <trkpt lat="41.002233342392685" lon="23.911323321454674">
    <ele>26.400000000000002</ele>
   </trkpt>
   <trkpt lat="41.002616675735666" lon="23.912346654813565">
    <ele>27.49</ele>
   </trkpt>
   <trkpt lat="41.003" lon="23.91337">
    <ele>28.35</ele>
   </trkpt>
   <trkpt lat="41.00327" lon="23.914050000000003">
    <ele>29.34</ele>
   </trkpt>
   <trkpt lat="41.00354" lon="23.914620000000003">
    <ele>30.09</ele>
   </trkpt>
   <trkpt lat="41.004000000000005" lon="23.91544">
    <ele>30.890000000000004</ele>
   </trkpt>
   <trkpt lat="41.00452000000001" lon="23.916210000000003">
    <ele>31.150000000000002</ele>
   </trkpt>
   <trkpt lat="41.00477" lon="23.91653">
    <ele>31.35</ele>
   </trkpt>
   <trkpt lat="41.00512000064683" lon="23.916904998050313">
    <ele>31.560000000000006</ele>
   </trkpt>
   <trkpt lat="41.00547" lon="23.91728">
    <ele>31.310000000000002</ele>
   </trkpt>
   <trkpt lat="41.00589000056339" lon="23.917624997841457">
    <ele>30.71</ele>
   </trkpt>
   <trkpt lat="41.006310000000006" lon="23.91797">
    <ele>29.460000000000004</ele>
   </trkpt>
   <trkpt lat="41.00681" lon="23.91832">
    <ele>29.25</ele>
   </trkpt>
   <trkpt lat="41.00732" lon="23.918650000000003">
    <ele>30.19</ele>
   </trkpt>
   <trkpt lat="41.00781500069303" lon="23.919009997392365">
    <ele>30.640000000000004</ele>
   </trkpt>
   <trkpt lat="41.00831" lon="23.91937">
    <ele>31.160000000000004</ele>
   </trkpt>
   <trkpt lat="41.00853" lon="23.91957">
    <ele>31.040000000000003</ele>
   </trkpt>
   <trkpt lat="41.008860000000006" lon="23.919950000000004">
    <ele>30.38</ele>
   </trkpt>
   <trkpt lat="41.008970000000005" lon="23.92013">
    <ele>30.35</ele>
   </trkpt>
   <trkpt lat="41.00911000000001" lon="23.920460000000002">
    <ele>30.37</ele>
   </trkpt>
   <trkpt lat="41.00926500216026" lon="23.92116499839875">
    <ele>30.560000000000002</ele>
   </trkpt>
   <trkpt lat="41.009420000000006" lon="23.921870000000002">
    <ele>31.03</ele>
   </trkpt>
   <trkpt lat="41.009550000000004" lon="23.92236">
    <ele>31.330000000000002</ele>
   </trkpt>
   <trkpt lat="41.00965" lon="23.922600000000003">
    <ele>31.330000000000002</ele>
   </trkpt>
   <trkpt lat="41.010146671929874" lon="23.923379988248936">
    <ele>32.019999999999996</ele>
   </trkpt>
   <trkpt lat="41.010643338601945" lon="23.92415998825725">
    <ele>32.480000000000004</ele>
   </trkpt>
   <trkpt lat="41.011140000000005" lon="23.924940000000003">
    <ele>33.11</ele>
   </trkpt>
   <trkpt lat="41.01127" lon="23.925110000000004">
    <ele>33.49</ele>
   </trkpt>
   <trkpt lat="41.01145" lon="23.925250000000002">
    <ele>33.54</ele>
   </trkpt>
   <trkpt lat="41.01153" lon="23.92528">
    <ele>33.580000000000005</ele>
   </trkpt>
   <trkpt lat="41.01176" lon="23.925310000000003">
    <ele>33.64</ele>
   </trkpt>
   <trkpt lat="41.0123" lon="23.92528">
    <ele>34.190000000000005</ele>
   </trkpt>
   <trkpt lat="41.01249000000001" lon="23.925320000000003">
    <ele>34.29</ele>
   </trkpt>
   <trkpt lat="41.01259" lon="23.92536">
    <ele>34.29</ele>
   </trkpt>
   <trkpt lat="41.01277" lon="23.925430000000002">
    <ele>34.33</ele>
   </trkpt>
   <trkpt lat="41.012840000000004" lon="23.925500000000003">
    <ele>34.53</ele>
   </trkpt>
   <trkpt lat="41.01305000000001" lon="23.925810000000002">
    <ele>34.620000000000005</ele>
   </trkpt>
   <trkpt lat="41.01315" lon="23.92613">
    <ele>34.7</ele>
   </trkpt>
   <trkpt lat="41.013180000000006" lon="23.92638">
    <ele>34.95</ele>
   </trkpt>
   <trkpt lat="41.01327667571217" lon="23.927403330279592">
    <ele>35.88</ele>
   </trkpt>
   <trkpt lat="41.013373342374074" lon="23.928426663562405">
    <ele>36.28</ele>
   </trkpt>
   <trkpt lat="41.013470000000005" lon="23.929450000000003">
    <ele>37.4</ele>
   </trkpt>
   <trkpt lat="41.01356500322225" lon="23.930314998652996">
    <ele>37.95</ele>
   </trkpt>
   <trkpt lat="41.01366" lon="23.93118">
    <ele>38.09</ele>
   </trkpt>
   <trkpt lat="41.01374000654673" lon="23.932049997945636">
    <ele>37.89</ele>
   </trkpt>
   <trkpt lat="41.01382000655215" lon="23.932919998004298">
    <ele>37.12</ele>
   </trkpt>
   <trkpt lat="41.01390000000001" lon="23.933790000000002">
    <ele>35.33</ele>
   </trkpt>
   <trkpt lat="41.01388" lon="23.93421">
    <ele>34.24</ele>
   </trkpt>
   <trkpt lat="41.013850000000005" lon="23.93439">
    <ele>33.980000000000004</ele>
   </trkpt>
   <trkpt lat="41.013670000000005" lon="23.934900000000003">
    <ele>33.29</ele>
   </trkpt>
   <trkpt lat="41.01348" lon="23.93559">
    <ele>31.14</ele>
   </trkpt>
   <trkpt lat="41.013290000000005" lon="23.93598">
    <ele>31.1</ele>
   </trkpt>
   <trkpt lat="41.01317" lon="23.93618">
    <ele>30.570000000000004</ele>
   </trkpt>
   <trkpt lat="41.013020000000004" lon="23.936320000000002">
    <ele>30.03</ele>
   </trkpt>
   <trkpt lat="41.01279" lon="23.936490000000003">
    <ele>29.48</ele>
   </trkpt>
   <trkpt lat="41.0121033340679" lon="23.936796673094012">
    <ele>27.750000000000004</ele>
   </trkpt>
   <trkpt lat="41.011416667323054" lon="23.937103339795502">
    <ele>26.7</ele>
   </trkpt>
   <trkpt lat="41.01073" lon="23.937410000000003">
    <ele>27.23</ele>
   </trkpt>
   <trkpt lat="41.01035" lon="23.937600000000003">
    <ele>27.500000000000004</ele>
   </trkpt>
   <trkpt lat="41.00958000000001" lon="23.93821">
    <ele>28.3</ele>
   </trkpt>
   <trkpt lat="41.00927" lon="23.93843">
    <ele>28.75</ele>
   </trkpt>
   <trkpt lat="41.00909" lon="23.93851">
    <ele>29.5</ele>
   </trkpt>
   <trkpt lat="41.00838" lon="23.938750000000002">
    <ele>31.3</ele>
   </trkpt>
   <trkpt lat="41.00761000000001" lon="23.93906">
    <ele>33.410000000000004</ele>
   </trkpt>
   <trkpt lat="41.00741" lon="23.939190000000004">
    <ele>33.53</ele>
   </trkpt>
   <trkpt lat="41.00737" lon="23.93927">
    <ele>33.57</ele>
   </trkpt>
   <trkpt lat="41.00735" lon="23.93945">
    <ele>33.57</ele>
   </trkpt>
   <trkpt lat="41.007470000000005" lon="23.940040000000003">
    <ele>33.22</ele>
   </trkpt>
   <trkpt lat="41.00751" lon="23.940330000000003">
    <ele>33.120000000000005</ele>
   </trkpt>
   <trkpt lat="41.0075" lon="23.94085">
    <ele>32.39</ele>
   </trkpt>
   <trkpt lat="41.00755" lon="23.94122">
    <ele>32.06</ele>
   </trkpt>
   <trkpt lat="41.00773000172459" lon="23.94184499842007">
    <ele>29.470000000000002</ele>
   </trkpt>
   <trkpt lat="41.00791" lon="23.942470000000004">
    <ele>30.140000000000004</ele>
   </trkpt>
   <trkpt lat="41.007960000000004" lon="23.94281">
    <ele>30.890000000000004</ele>
   </trkpt>
   <trkpt lat="41.00795" lon="23.943080000000002">
    <ele>31.94</ele>
   </trkpt>
   <trkpt lat="41.00789" lon="23.9434">
    <ele>33.760000000000005</ele>
   </trkpt>
   <trkpt lat="41.00775" lon="23.943810000000003">
    <ele>35.5</ele>
   </trkpt>
   <trkpt lat="41.007560000000005" lon="23.944090000000003">
    <ele>36.9</ele>
   </trkpt>
   <trkpt lat="41.00692" lon="23.94472">
    <ele>41.35</ele>
   </trkpt>
   <trkpt lat="41.00679" lon="23.944910000000004">
    <ele>43.97</ele>
   </trkpt>
   <trkpt lat="41.00668" lon="23.945120000000003">
    <ele>45.46</ele>
   </trkpt>
   <trkpt lat="41.00633000289115" lon="23.945930004172244">
    <ele>50.49000000000001</ele>
   </trkpt>
   <trkpt lat="41.00598" lon="23.946740000000002">
    <ele>53.7</ele>
   </trkpt>
   <trkpt lat="41.005590000000005" lon="23.94753">
    <ele>60.33</ele>
   </trkpt>
   <trkpt lat="41.005185001867076" lon="23.948175003853407">
    <ele>63.6</ele>
   </trkpt>
   <trkpt lat="41.004780000000004" lon="23.94882">
    <ele>69.71000000000001</ele>
   </trkpt>
   <trkpt lat="41.00441500101271" lon="23.94928000242376">
    <ele>73.46000000000001</ele>
   </trkpt>
   <trkpt lat="41.00405000000001" lon="23.949740000000002">
    <ele>76.69000000000001</ele>
   </trkpt>
   <trkpt lat="41.003730000000004" lon="23.95005">
    <ele>80.2</ele>
   </trkpt>
   <trkpt lat="41.00358000000001" lon="23.95014">
    <ele>81.13000000000001</ele>
   </trkpt>
   <trkpt lat="41.00298" lon="23.950260000000004">
    <ele>82.89</ele>
   </trkpt>
   <trkpt lat="41.00283" lon="23.95032">
    <ele>83.88000000000001</ele>
   </trkpt>
   <trkpt lat="41.00208000112358" lon="23.950845006021538">
    <ele>86.39</ele>
   </trkpt>
   <trkpt lat="41.00133" lon="23.95137">
    <ele>90.84</ele>
   </trkpt>
   <trkpt lat="41.00104" lon="23.95165">
    <ele>91.48</ele>
   </trkpt>
   <trkpt lat="41.00041500286946" lon="23.952470007822807">
    <ele>94.98</ele>
   </trkpt>
   <trkpt lat="40.999790000000004" lon="23.953290000000003">
    <ele>98.52000000000001</ele>
   </trkpt>
   <trkpt lat="40.999610000000004" lon="23.953490000000002">
    <ele>99.72</ele>
   </trkpt>
   <trkpt lat="40.99944" lon="23.95363">
    <ele>100.78</ele>
   </trkpt>
   <trkpt lat="40.99890000023537" lon="23.95392000244458">
    <ele>102.34000000000002</ele>
   </trkpt>
   <trkpt lat="40.998360000000005" lon="23.954210000000003">
    <ele>103.55</ele>
   </trkpt>
   <trkpt lat="40.99819" lon="23.954400000000003">
    <ele>103.93</ele>
   </trkpt>
   <trkpt lat="40.99814000000001" lon="23.954500000000003">
    <ele>103.93</ele>
   </trkpt>
   <trkpt lat="40.99781500362237" lon="23.955415004497684">
    <ele>105.84</ele>
   </trkpt>
   <trkpt lat="40.997490000000006" lon="23.95633">
    <ele>104.67000000000002</ele>
   </trkpt>
   <trkpt lat="40.99736" lon="23.95681">
    <ele>104.07000000000001</ele>
   </trkpt>
   <trkpt lat="40.99716000600041" lon="23.957643338393027">
    <ele>104.68</ele>
   </trkpt>
   <trkpt lat="40.996960005999696" lon="23.95847667172932">
    <ele>105.21000000000001</ele>
   </trkpt>
   <trkpt lat="40.99676" lon="23.959310000000002">
    <ele>106.55</ele>
   </trkpt>
   <trkpt lat="40.99674" lon="23.959550000000004">
    <ele>106.94000000000001</ele>
   </trkpt>
   <trkpt lat="40.996750000000006" lon="23.959760000000003">
    <ele>107.42000000000002</ele>
   </trkpt>
   <trkpt lat="40.99682000000001" lon="23.9601">
    <ele>108.55000000000001</ele>
   </trkpt>
   <trkpt lat="40.997" lon="23.960720000000002">
    <ele>112.57000000000001</ele>
   </trkpt>
   <trkpt lat="40.997060000000005" lon="23.96101">
    <ele>114.01</ele>
   </trkpt>
   <trkpt lat="40.99715000376238" lon="23.961944998567954">
    <ele>118.21000000000001</ele>
   </trkpt>
   <trkpt lat="40.997240000000005" lon="23.962880000000002">
    <ele>115.74000000000001</ele>
   </trkpt>
   <trkpt lat="40.997220000000006" lon="23.9632">
    <ele>115.27000000000001</ele>
   </trkpt>
   <trkpt lat="40.9971" lon="23.96364">
    <ele>113.12</ele>
   </trkpt>
   <trkpt lat="40.99680000287543" lon="23.96446000381351">
    <ele>112.29</ele>
   </trkpt>
   <trkpt lat="40.996500000000005" lon="23.965280000000003">
    <ele>112.89</ele>
   </trkpt>
   <trkpt lat="40.99627500191755" lon="23.965940002148823">
    <ele>113.60000000000001</ele>
   </trkpt>
   <trkpt lat="40.996050000000004" lon="23.966600000000003">
    <ele>113.98</ele>
   </trkpt>
   <trkpt lat="40.99580500156831" lon="23.96717000173578">
    <ele>112.51</ele>
   </trkpt>
   <trkpt lat="40.995560000000005" lon="23.967740000000003">
    <ele>111.33000000000001</ele>
   </trkpt>
   <trkpt lat="40.99530500203138" lon="23.968425002639048">
    <ele>110.12</ele>
   </trkpt>
   <trkpt lat="40.995050000000006" lon="23.96911">
    <ele>108.51</ele>
   </trkpt>
   <trkpt lat="40.99474500245396" lon="23.96986000341207">
    <ele>106.85000000000001</ele>
   </trkpt>
   <trkpt lat="40.994440000000004" lon="23.97061">
    <ele>105.64000000000001</ele>
   </trkpt>
   <trkpt lat="40.99405500422244" lon="23.971605005953407">
    <ele>104.22</ele>
   </trkpt>
   <trkpt lat="40.99367" lon="23.972600000000003">
    <ele>104.85000000000001</ele>
   </trkpt>
   <trkpt lat="40.99327" lon="23.97349">
    <ele>107.65</ele>
   </trkpt>
   <trkpt lat="40.992910001812696" lon="23.97414500365124">
    <ele>110.57000000000001</ele>
   </trkpt>
   <trkpt lat="40.99255" lon="23.974800000000002">
    <ele>115.93</ele>
   </trkpt>
   <trkpt lat="40.992066675092715" lon="23.97578668110555">
    <ele>122.32000000000001</ele>
   </trkpt>
   <trkpt lat="40.991583341772824" lon="23.97677334774453">
    <ele>127.16000000000003</ele>
   </trkpt>
   <trkpt lat="40.9911" lon="23.977760000000004">
    <ele>132.15</ele>
   </trkpt>
   <trkpt lat="40.99066401271991" lon="23.978618022700786">
    <ele>136.45000000000002</ele>
   </trkpt>
   <trkpt lat="40.99022801907814" lon="23.979476034054073">
    <ele>141.62000000000003</ele>
   </trkpt>
   <trkpt lat="40.989792019074855" lon="23.98033403406001">
    <ele>146.29</ele>
   </trkpt>
   <trkpt lat="40.989356012710246" lon="23.98119202271876">
    <ele>150.78000000000003</ele>
   </trkpt>
   <trkpt lat="40.98892" lon="23.98205">
    <ele>154.65</ele>
   </trkpt>
   <trkpt lat="40.988580000000006" lon="23.982750000000003">
    <ele>158.5</ele>
   </trkpt>
   <trkpt lat="40.98832500164615" lon="23.98338000260611">
    <ele>162.10000000000002</ele>
   </trkpt>
   <trkpt lat="40.98807" lon="23.98401">
    <ele>164.81</ele>
   </trkpt>
   <trkpt lat="40.9878" lon="23.984730000000003">
    <ele>167.54000000000002</ele>
   </trkpt>
   <trkpt lat="40.98758500219301" lon="23.985450002504255">
    <ele>169.37</ele>
   </trkpt>
   <trkpt lat="40.987370000000006" lon="23.98617">
    <ele>170.16</ele>
   </trkpt>
   <trkpt lat="40.98707334384425" lon="23.98727334329217">
    <ele>170.32000000000002</ele>
   </trkpt>
   <trkpt lat="40.986776677169125" lon="23.98837667665678">
    <ele>169.74</ele>
   </trkpt>
   <trkpt lat="40.98648" lon="23.98948">
    <ele>170.62</ele>
   </trkpt>
   <trkpt lat="40.986175015119215" lon="23.99056001498322">
    <ele>173.99</ele>
   </trkpt>
   <trkpt lat="40.985870020159204" lon="23.99164001997629">
    <ele>177.41</ele>
   </trkpt>
   <trkpt lat="40.98556501512021" lon="23.992720014979085">
    <ele>180.8</ele>
   </trkpt>
   <trkpt lat="40.985260000000004" lon="23.9938">
    <ele>182.89000000000001</ele>
   </trkpt>
   <trkpt lat="40.984986017430046" lon="23.99480401665191">
    <ele>183.09</ele>
   </trkpt>
   <trkpt lat="40.98471202614954" lon="23.99580802496106">
    <ele>181.72000000000003</ele>
   </trkpt>
   <trkpt lat="40.98443802615862" lon="23.996812024927344">
    <ele>181.05</ele>
   </trkpt>
   <trkpt lat="40.984164017457445" lon="23.997816016550637">
    <ele>179.3</ele>
   </trkpt>
   <trkpt lat="40.98389" lon="23.998820000000002">
    <ele>178.24</ele>
   </trkpt>
   <trkpt lat="40.983610000000006" lon="23.999910000000003">
    <ele>177.84000000000003</ele>
   </trkpt>
   <trkpt lat="40.98335667367377" lon="24.000810006886375">
    <ele>180.44000000000003</ele>
   </trkpt>
   <trkpt lat="40.98310334034826" lon="24.001710006858485">
    <ele>183.58</ele>
   </trkpt>
   <trkpt lat="40.982850000000006" lon="24.00261">
    <ele>186.77</ele>
   </trkpt>
   <trkpt lat="40.98259" lon="24.00346">
    <ele>189.97000000000003</ele>
   </trkpt>
   <trkpt lat="40.982380000000006" lon="24.00431">
    <ele>191.65</ele>
   </trkpt>
   <trkpt lat="40.9822000015849" lon="24.004930001953596">
    <ele>192.39000000000001</ele>
   </trkpt>
   <trkpt lat="40.982020000000006" lon="24.005550000000003">
    <ele>193.14000000000001</ele>
   </trkpt>
   <trkpt lat="40.9818400019501" lon="24.00621000155159">
    <ele>193.26000000000002</ele>
   </trkpt>
   <trkpt lat="40.981660000000005" lon="24.006870000000003">
    <ele>193.13000000000002</ele>
   </trkpt>
   <trkpt lat="40.98146500192617" lon="24.007540002026605">
    <ele>192.95000000000002</ele>
   </trkpt>
   <trkpt lat="40.98127" lon="24.008210000000002">
    <ele>192.52</ele>
   </trkpt>
   <trkpt lat="40.9811050019453" lon="24.0088800016524">
    <ele>192.10999999999999</ele>
   </trkpt>
   <trkpt lat="40.980940000000004" lon="24.00955">
    <ele>191.88000000000002</ele>
   </trkpt>
   <trkpt lat="40.980720005368596" lon="24.01033667183874">
    <ele>192.16000000000003</ele>
   </trkpt>
   <trkpt lat="40.980500005389764" lon="24.01112333842958">
    <ele>192.44000000000003</ele>
   </trkpt>
   <trkpt lat="40.98028" lon="24.01191">
    <ele>193.41000000000003</ele>
   </trkpt>
   <trkpt lat="40.98016500200565" lon="24.01259000113905">
    <ele>194.64000000000001</ele>
   </trkpt>
   <trkpt lat="40.980050000000006" lon="24.013270000000002">
    <ele>196.5</ele>
   </trkpt>
   <trkpt lat="40.97992" lon="24.014200000000002">
    <ele>199.33</ele>
   </trkpt>
   <trkpt lat="40.979890000000005" lon="24.014640000000004">
    <ele>199.89000000000001</ele>
   </trkpt>
   <trkpt lat="40.979870000000005" lon="24.015500000000003">
    <ele>201.20000000000002</ele>
   </trkpt>
   <trkpt lat="40.979940003571485" lon="24.01640999895274">
    <ele>201.65</ele>
   </trkpt>
   <trkpt lat="40.98001" lon="24.01732">
    <ele>201.44</ele>
   </trkpt>
   <trkpt lat="40.9801250026553" lon="24.0181049985831">
    <ele>200.88</ele>
   </trkpt>
   <trkpt lat="40.98024" lon="24.018890000000003">
    <ele>199.37</ele>
   </trkpt>
   <trkpt lat="40.98030000000001" lon="24.019160000000003">
    <ele>198.71</ele>
   </trkpt>
   <trkpt lat="40.980585003655406" lon="24.020074996168958">
    <ele>196.02</ele>
   </trkpt>
   <trkpt lat="40.98087" lon="24.02099">
    <ele>192.02</ele>
   </trkpt>
   <trkpt lat="40.980970000000006" lon="24.021240000000002">
    <ele>192.02</ele>
   </trkpt>
   <trkpt lat="40.98119000211585" lon="24.02193999766132">
    <ele>189.89</ele>
   </trkpt>
   <trkpt lat="40.981410000000004" lon="24.022640000000003">
    <ele>188.69000000000003</ele>
   </trkpt>
   <trkpt lat="40.98173225564277" lon="24.023623294898137">
    <ele>187.83</ele>
   </trkpt>
   <trkpt lat="40.98205450293078" lon="24.024606599405125">
    <ele>188.12</ele>
   </trkpt>
   <trkpt lat="40.982376741863895" lon="24.02558991352092">
    <ele>188.81</ele>
   </trkpt>
   <trkpt lat="40.9826989724419" lon="24.026573237245472">
    <ele>189.46</ele>
   </trkpt>
   <trkpt lat="40.98302119466464" lon="24.027556570578746">
    <ele>190.12</ele>
   </trkpt>
   <trkpt lat="40.98334340853192" lon="24.028539913520685">
    <ele>191.24</ele>
   </trkpt>
   <trkpt lat="40.98366561404361" lon="24.029523266071244">
    <ele>191.89000000000001</ele>
   </trkpt>
   <trkpt lat="40.98398781119946" lon="24.030506628230388">
    <ele>192.63000000000002</ele>
   </trkpt>
   <trkpt lat="40.98431" lon="24.03149">
    <ele>192.94000000000003</ele>
   </trkpt>
   <trkpt lat="40.98462892245971" lon="24.03247551742366">
    <ele>193.56</ele>
   </trkpt>
   <trkpt lat="40.98494783652673" lon="24.033461044379248">
    <ele>194.49</ele>
   </trkpt>
   <trkpt lat="40.98526674220092" lon="24.034446580866714">
    <ele>194.62</ele>
   </trkpt>
   <trkpt lat="40.98558563948208" lon="24.03543212688601">
    <ele>194.84</ele>
   </trkpt>
   <trkpt lat="40.98590452837005" lon="24.036417682437083">
    <ele>194.68</ele>
   </trkpt>
   <trkpt lat="40.986223408864646" lon="24.03740324751988">
    <ele>192.82000000000002</ele>
   </trkpt>
   <trkpt lat="40.98654228096571" lon="24.038388822134344">
    <ele>190.0</ele>
   </trkpt>
   <trkpt lat="40.98686114467303" lon="24.03937440628044">
    <ele>187.36</ele>
   </trkpt>
   <trkpt lat="40.98718" lon="24.040360000000003">
    <ele>184.56</ele>
   </trkpt>
   <trkpt lat="40.98746000411925" lon="24.04133499590164">
    <ele>180.4</ele>
   </trkpt>
   <trkpt lat="40.98774" lon="24.04231">
    <ele>175.66</ele>
   </trkpt>
   <trkpt lat="40.9879550034192" lon="24.04319499725922">
    <ele>172.69</ele>
   </trkpt>
   <trkpt lat="40.988170000000004" lon="24.04408">
    <ele>171.24</ele>
   </trkpt>
   <trkpt lat="40.98835333851793" lon="24.044853329103713">
    <ele>168.81</ele>
   </trkpt>
   <trkpt lat="40.988536671868054" lon="24.045626662507782">
    <ele>167.34</ele>
   </trkpt>
   <trkpt lat="40.98872" lon="24.046400000000002">
    <ele>166.10000000000002</ele>
   </trkpt>
   <trkpt lat="40.988951689364306" lon="24.047424981997512">
    <ele>165.47</ele>
   </trkpt>
   <trkpt lat="40.98918336965014" lon="24.048449971198075">
    <ele>165.03</ele>
   </trkpt>
   <trkpt lat="40.9894150408574" lon="24.049474967601512">
    <ele>164.86</ele>
   </trkpt>
   <trkpt lat="40.98964670298592" lon="24.050499971207664">
    <ele>165.08</ele>
   </trkpt>
   <trkpt lat="40.98987835603556" lon="24.05152498201635">
    <ele>164.92000000000002</ele>
   </trkpt>
   <trkpt lat="40.99011" lon="24.052550000000004">
    <ele>164.78</ele>
   </trkpt>
   <trkpt lat="40.990260000000006" lon="24.053530000000002">
    <ele>164.67000000000002</ele>
   </trkpt>
   <trkpt lat="40.99033500238979" lon="24.05427499907024">
    <ele>164.46</ele>
   </trkpt>
   <trkpt lat="40.990410000000004" lon="24.055020000000003">
    <ele>164.5</ele>
   </trkpt>
   <trkpt lat="40.99045500209781" lon="24.055714999692963">
    <ele>164.48000000000002</ele>
   </trkpt>
   <trkpt lat="40.990500000000004" lon="24.056410000000003">
    <ele>164.10000000000002</ele>
   </trkpt>
   <trkpt lat="40.99056" lon="24.056700000000003">
    <ele>164.10000000000002</ele>
   </trkpt>
   <trkpt lat="40.99061002191054" lon="24.05782599654631">
    <ele>162.92000000000002</ele>
   </trkpt>
   <trkpt lat="40.99066003286502" lon="24.058951994800964">
    <ele>161.26000000000002</ele>
   </trkpt>
   <trkpt lat="40.990710032863376" lon="24.060077994763606">
    <ele>157.91000000000003</ele>
   </trkpt>
   <trkpt lat="40.9907600219056" lon="24.06120399643386">
    <ele>154.9</ele>
   </trkpt>
   <trkpt lat="40.99081" lon="24.062330000000003">
    <ele>152.21</ele>
   </trkpt>
   <trkpt lat="40.99086335632631" lon="24.06336166248978">
    <ele>150.97000000000003</ele>
   </trkpt>
   <trkpt lat="40.99091670345538" lon="24.06439332664917">
    <ele>150.27</ele>
   </trkpt>
   <trkpt lat="40.9909700413872" lon="24.065424992477897">
    <ele>149.45</ele>
   </trkpt>
   <trkpt lat="40.99102337012173" lon="24.066456659975678">
    <ele>148.66000000000003</ele>
   </trkpt>
   <trkpt lat="40.99107668965896" lon="24.067488329142233">
    <ele>148.04</ele>
   </trkpt>
   <trkpt lat="40.991130000000005" lon="24.068520000000003">
    <ele>147.41</ele>
   </trkpt>
   <trkpt lat="40.99115801599329" lon="24.069481998335977">
    <ele>146.12</ele>
   </trkpt>
   <trkpt lat="40.99118602398951" lon="24.070443997489395">
    <ele>144.89000000000001</ele>
   </trkpt>
   <trkpt lat="40.991214023988675" lon="24.07140599746001">
    <ele>144.37</ele>
   </trkpt>
   <trkpt lat="40.99124201599073" lon="24.072367998247593">
    <ele>142.44</ele>
   </trkpt>
   <trkpt lat="40.99127" lon="24.073330000000002">
    <ele>139.96</ele>
   </trkpt>
   <trkpt lat="40.99133334354107" lon="24.074416664641518">
    <ele>135.72</ele>
   </trkpt>
   <trkpt lat="40.991396676878054" lon="24.075503331370893">
    <ele>132.34</ele>
   </trkpt>
   <trkpt lat="40.991460000000004" lon="24.076590000000003">
    <ele>128.63000000000002</ele>
   </trkpt>
   <trkpt lat="40.991420000000005" lon="24.07739">
    <ele>124.86000000000001</ele>
   </trkpt>
   <trkpt lat="40.991310000000006" lon="24.078500000000002">
    <ele>121.65</ele>
   </trkpt>
   <trkpt lat="40.99123667387532" lon="24.079413335362208">
    <ele>118.82000000000001</ele>
   </trkpt>
   <trkpt lat="40.9911633405422" lon="24.080326668692777">
    <ele>116.38000000000001</ele>
   </trkpt>
   <trkpt lat="40.99109" lon="24.08124">
    <ele>114.06</ele>
   </trkpt>
   <trkpt lat="40.99101001579318" lon="24.08219600466483">
    <ele>112.48</ele>
   </trkpt>
   <trkpt lat="40.99093002368869" lon="24.083152007010035">
    <ele>108.59</ele>
   </trkpt>
   <trkpt lat="40.990850023686534" lon="24.0841080070354">
    <ele>105.4</ele>
   </trkpt>
   <trkpt lat="40.99077001578679" lon="24.0850640047407">
    <ele>102.95000000000002</ele>
   </trkpt>
   <trkpt lat="40.99069" lon="24.08602">
    <ele>100.33</ele>
   </trkpt>
   <trkpt lat="40.99056" lon="24.086990000000004">
    <ele>98.7</ele>
   </trkpt>
   <trkpt lat="40.99036667726441" lon="24.08809667307299">
    <ele>94.73</ele>
   </trkpt>
   <trkpt lat="40.99017334394564" lon="24.089203339656105">
    <ele>91.03000000000002</ele>
   </trkpt>
   <trkpt lat="40.98998" lon="24.090310000000002">
    <ele>86.24000000000001</ele>
   </trkpt>
   <trkpt lat="40.989940000000004" lon="24.090510000000002">
    <ele>86.24000000000001</ele>
   </trkpt>
   <trkpt lat="40.989760000000004" lon="24.09108">
    <ele>84.38000000000001</ele>
   </trkpt>
   <trkpt lat="40.98953" lon="24.09156">
    <ele>81.72</ele>
   </trkpt>
   <trkpt lat="40.989090002274835" lon="24.092275004663986">
    <ele>78.34</ele>
   </trkpt>
   <trkpt lat="40.98865" lon="24.09299">
    <ele>76.05000000000001</ele>
   </trkpt>
   <trkpt lat="40.98803" lon="24.093790000000002">
    <ele>74.65</ele>
   </trkpt>
   <trkpt lat="40.98791000000001" lon="24.094050000000003">
    <ele>74.31</ele>
   </trkpt>
   <trkpt lat="40.987770000000005" lon="24.09446">
    <ele>74.1</ele>
   </trkpt>
   <trkpt lat="40.9876" lon="24.09513">
    <ele>73.38</ele>
   </trkpt>
   <trkpt lat="40.98756" lon="24.09558">
    <ele>73.18</ele>
   </trkpt>
   <trkpt lat="40.98758" lon="24.096020000000003">
    <ele>72.92000000000002</ele>
   </trkpt>
   <trkpt lat="40.98765" lon="24.09644">
    <ele>72.25000000000001</ele>
   </trkpt>
   <trkpt lat="40.987770000000005" lon="24.096980000000002">
    <ele>71.59</ele>
   </trkpt>
   <trkpt lat="40.987790000000004" lon="24.097330000000003">
    <ele>70.93</ele>
   </trkpt>
   <trkpt lat="40.987730000000006" lon="24.097880000000004">
    <ele>69.27000000000001</ele>
   </trkpt>
   <trkpt lat="40.987680000000005" lon="24.098070000000003">
    <ele>69.27000000000001</ele>
   </trkpt>
   <trkpt lat="40.98743500165367" lon="24.098680002151987">
    <ele>67.42</ele>
   </trkpt>
   <trkpt lat="40.987190000000005" lon="24.099290000000003">
    <ele>66.09</ele>
   </trkpt>
   <trkpt lat="40.98707" lon="24.09971">
    <ele>65.29</ele>
   </trkpt>
   <trkpt lat="40.986985001763294" lon="24.100355001090747">
    <ele>64.24000000000001</ele>
   </trkpt>
   <trkpt lat="40.986900000000006" lon="24.101000000000003">
    <ele>63.75</ele>
   </trkpt>
   <trkpt lat="40.986760000000004" lon="24.10143">
    <ele>63.25</ele>
   </trkpt>
   <trkpt lat="40.986560000000004" lon="24.101850000000002">
    <ele>62.90000000000001</ele>
   </trkpt>
   <trkpt lat="40.986180000000004" lon="24.10254">
    <ele>62.36000000000001</ele>
   </trkpt>
   <trkpt lat="40.98612000000001" lon="24.10274">
    <ele>62.01</ele>
   </trkpt>
   <trkpt lat="40.98606" lon="24.10311">
    <ele>61.410000000000004</ele>
   </trkpt>
   <trkpt lat="40.98604" lon="24.104290000000002">
    <ele>59.870000000000005</ele>
   </trkpt>
   <trkpt lat="40.98597" lon="24.10488">
    <ele>58.11</ele>
   </trkpt>
   <trkpt lat="40.98577" lon="24.10593">
    <ele>56.81</ele>
   </trkpt>
   <trkpt lat="40.98557" lon="24.10676">
    <ele>55.910000000000004</ele>
   </trkpt>
   <trkpt lat="40.98532" lon="24.107540000000004">
    <ele>55.63</ele>
   </trkpt>
   <trkpt lat="40.9850700016851" lon="24.10818000264277">
    <ele>55.900000000000006</ele>
   </trkpt>
   <trkpt lat="40.984820000000006" lon="24.10882">
    <ele>56.35</ele>
   </trkpt>
   <trkpt lat="40.98453500140953" lon="24.109390002451764">
    <ele>57.7</ele>
   </trkpt>
   <trkpt lat="40.98425" lon="24.10996">
    <ele>59.510000000000005</ele>
   </trkpt>
   <trkpt lat="40.98399500334819" lon="24.11083500324508">
    <ele>59.870000000000005</ele>
   </trkpt>
   <trkpt lat="40.983740000000004" lon="24.111710000000002">
    <ele>59.65</ele>
   </trkpt>
   <trkpt lat="40.98359000000001" lon="24.111980000000003">
    <ele>59.74</ele>
   </trkpt>
   <trkpt lat="40.98323500087794" lon="24.112435002470363">
    <ele>60.22</ele>
   </trkpt>
   <trkpt lat="40.98288" lon="24.112890000000004">
    <ele>60.28000000000001</ele>
   </trkpt>
   <trkpt lat="40.9827" lon="24.11315">
    <ele>60.34</ele>
   </trkpt>
   <trkpt lat="40.98237000240939" lon="24.11389500370193">
    <ele>61.09</ele>
   </trkpt>
   <trkpt lat="40.982040000000005" lon="24.11464">
    <ele>62.88</ele>
   </trkpt>
   <trkpt lat="40.981860000000005" lon="24.114990000000002">
    <ele>64.03</ele>
   </trkpt>
   <trkpt lat="40.981490001536386" lon="24.115590003396772">
    <ele>66.52000000000001</ele>
   </trkpt>
   <trkpt lat="40.981120000000004" lon="24.116190000000003">
    <ele>69.66</ele>
   </trkpt>
   <trkpt lat="40.98054333990291" lon="24.117063348636346">
    <ele>72.53000000000002</ele>
   </trkpt>
   <trkpt lat="40.979966673215195" lon="24.11793668200129">
    <ele>76.55000000000001</ele>
   </trkpt>
   <trkpt lat="40.97939" lon="24.118810000000003">
    <ele>80.28999999999999</ele>
   </trkpt>
   <trkpt lat="40.978970000000004" lon="24.119590000000002">
    <ele>81.64</ele>
   </trkpt>
   <trkpt lat="40.978685001586385" lon="24.120210002840675">
    <ele>82.17</ele>
   </trkpt>
   <trkpt lat="40.9784" lon="24.12083">
    <ele>82.06</ele>
   </trkpt>
   <trkpt lat="40.97807500189138" lon="24.121495003315797">
    <ele>81.27000000000001</ele>
   </trkpt>
   <trkpt lat="40.97775" lon="24.12216">
    <ele>80.24000000000001</ele>
   </trkpt>
   <trkpt lat="40.977450000000005" lon="24.12293">
    <ele>78.76</ele>
   </trkpt>
   <trkpt lat="40.977320000000006" lon="24.123320000000003">
    <ele>78.71</ele>
   </trkpt>
   <trkpt lat="40.97710500180891" lon="24.123945001684586">
    <ele>78.27000000000001</ele>
   </trkpt>
   <trkpt lat="40.976890000000004" lon="24.124570000000002">
    <ele>78.48</ele>
   </trkpt>
   <trkpt lat="40.97665000000001" lon="24.12535">
    <ele>79.66000000000001</ele>
   </trkpt>
   <trkpt lat="40.97648" lon="24.12609">
    <ele>82.10000000000001</ele>
   </trkpt>
   <trkpt lat="40.976420000000005" lon="24.126600000000003">
    <ele>82.10000000000001</ele>
   </trkpt>
   <trkpt lat="40.97639251200767" lon="24.127562501188322">
    <ele>86.54</ele>
   </trkpt>
   <trkpt lat="40.976365016010504" lon="24.128525001574374">
    <ele>88.44</ele>
   </trkpt>
   <trkpt lat="40.97633751200854" lon="24.12948750115794">
    <ele>90.61000000000001</ele>
   </trkpt>
   <trkpt lat="40.976310000000005" lon="24.130450000000003">
    <ele>92.98</ele>
   </trkpt>
   <trkpt lat="40.97626" lon="24.13117">
    <ele>94.55000000000001</ele>
   </trkpt>
   <trkpt lat="40.976200000000006" lon="24.131490000000003">
    <ele>95.60000000000001</ele>
   </trkpt>
   <trkpt lat="40.976090000000006" lon="24.13184">
    <ele>96.60000000000001</ele>
   </trkpt>
   <trkpt lat="40.975820000000006" lon="24.13247">
    <ele>100.31</ele>
   </trkpt>
   <trkpt lat="40.97534834710217" lon="24.133268361870833">
    <ele>102.64</ele>
   </trkpt>
   <trkpt lat="40.97487668869698" lon="24.134066712325644">
    <ele>105.4</ele>
   </trkpt>
   <trkpt lat="40.97440502478466" lon="24.13486505136466">
    <ele>109.04</ele>
   </trkpt>
   <trkpt lat="40.97393335536535" lon="24.135663378988088">
    <ele>113.65</ele>
   </trkpt>
   <trkpt lat="40.97346168043923" lon="24.136461695196157">
    <ele>119.55</ele>
   </trkpt>
   <trkpt lat="40.97299" lon="24.13726">
    <ele>124.35000000000001</ele>
   </trkpt>
   <trkpt lat="40.97247" lon="24.137990000000002">
    <ele>127.95</ele>
   </trkpt>
   <trkpt lat="40.9724" lon="24.13812">
    <ele>127.95</ele>
   </trkpt>
   <trkpt lat="40.972350000000006" lon="24.13831">
    <ele>128.76000000000002</ele>
   </trkpt>
   <trkpt lat="40.97234" lon="24.13849">
    <ele>128.76000000000002</ele>
   </trkpt>
   <trkpt lat="40.97236" lon="24.13866">
    <ele>129.10000000000002</ele>
   </trkpt>
   <trkpt lat="40.97261000254916" lon="24.13942499716485">
    <ele>130.76999999999998</ele>
   </trkpt>
   <trkpt lat="40.972860000000004" lon="24.14019">
    <ele>131.87</ele>
   </trkpt>
   <trkpt lat="40.97301" lon="24.140700000000002">
    <ele>132.82000000000002</ele>
   </trkpt>
   <trkpt lat="40.972970000000004" lon="24.140980000000003">
    <ele>133.23000000000002</ele>
   </trkpt>
   <trkpt lat="40.97274500202482" lon="24.14166500234331">
    <ele>135.41</ele>
   </trkpt>
   <trkpt lat="40.97252" lon="24.14235">
    <ele>137.76000000000002</ele>
   </trkpt>
   <trkpt lat="40.97222000871409" lon="24.143353342404897">
    <ele>141.20000000000002</ele>
   </trkpt>
   <trkpt lat="40.971920008729846" lon="24.14435667568534">
    <ele>144.53000000000003</ele>
   </trkpt>
   <trkpt lat="40.97162" lon="24.145360000000004">
    <ele>147.52</ele>
   </trkpt>
   <trkpt lat="40.97148500151999" lon="24.145960001384598">
    <ele>148.68</ele>
   </trkpt>
   <trkpt lat="40.97135" lon="24.14656">
    <ele>149.25000000000003</ele>
   </trkpt>
   <trkpt lat="40.97125334023039" lon="24.14745333593671">
    <ele>148.99</ele>
   </trkpt>
   <trkpt lat="40.97115667356525" lon="24.14834666925581">
    <ele>148.34</ele>
   </trkpt>
   <trkpt lat="40.97106" lon="24.149240000000002">
    <ele>144.67000000000002</ele>
   </trkpt>
   <trkpt lat="40.97115" lon="24.149240000000002">
    <ele>144.67000000000002</ele>
   </trkpt>
   <trkpt lat="40.972030000000004" lon="24.149130000000003">
    <ele>137.82</ele>
   </trkpt>
   <trkpt lat="40.97285" lon="24.1491">
    <ele>132.19</ele>
   </trkpt>
   <trkpt lat="40.9731" lon="24.149120000000003">
    <ele>130.92000000000002</ele>
   </trkpt>
   <trkpt lat="40.97326" lon="24.149150000000002">
    <ele>130.12</ele>
   </trkpt>
   <trkpt lat="40.973650000000006" lon="24.14929">
    <ele>128.56</ele>
   </trkpt>
   <trkpt lat="40.97425333432546" lon="24.149629993777292">
    <ele>123.06000000000002</ele>
   </trkpt>
   <trkpt lat="40.97485666765207" lon="24.149969993773414">
    <ele>120.08</ele>
   </trkpt>
   <trkpt lat="40.975460000000005" lon="24.15031">
    <ele>115.85000000000001</ele>
   </trkpt>
   <trkpt lat="40.975820000000006" lon="24.15049">
    <ele>114.35000000000001</ele>
   </trkpt>
   <trkpt lat="40.97627000000001" lon="24.15068">
    <ele>111.26</ele>
   </trkpt>
   <trkpt lat="40.97701200113974" lon="24.150937988387756">
    <ele>107.04</ele>
   </trkpt>
   <trkpt lat="40.97775400170436" lon="24.151195982579523">
    <ele>103.8</ele>
   </trkpt>
   <trkpt lat="40.97849600169385" lon="24.15145398257557">
    <ele>99.4</ele>
   </trkpt>
   <trkpt lat="40.97923800110812" lon="24.151711988376185">
    <ele>95.5</ele>
   </trkpt>
   <trkpt lat="40.979980000000005" lon="24.151970000000002">
    <ele>93.01</ele>
   </trkpt>
   <trkpt lat="40.98075000030488" lon="24.15222999696897">
    <ele>89.57000000000001</ele>
   </trkpt>
   <trkpt lat="40.98152" lon="24.15249">
    <ele>86.95000000000002</ele>
   </trkpt>
   <trkpt lat="40.98196500011365" lon="24.152679998699966">
    <ele>85.23</ele>
   </trkpt>
   <trkpt lat="40.98241" lon="24.152870000000004">
    <ele>82.77000000000001</ele>
   </trkpt>
   <trkpt lat="40.9829" lon="24.153170000000003">
    <ele>81.29</ele>
   </trkpt>
   <trkpt lat="40.98335" lon="24.1535">
    <ele>79.7</ele>
   </trkpt>
   <trkpt lat="40.984101559594606" lon="24.15413837422308">
    <ele>77.16000000000001</ele>
   </trkpt>
   <trkpt lat="40.98485311566775" lon="24.154776762996395">
    <ele>74.91</ele>
   </trkpt>
   <trkpt lat="40.985604668219196" lon="24.155415166320584">
    <ele>72.09</ele>
   </trkpt>
   <trkpt lat="40.986356217248805" lon="24.15605358419629">
    <ele>70.23</ele>
   </trkpt>
   <trkpt lat="40.987107762756416" lon="24.156692016624174">
    <ele>68.22</ele>
   </trkpt>
   <trkpt lat="40.98785930474182" lon="24.157330463604872">
    <ele>64.53</ele>
   </trkpt>
   <trkpt lat="40.98861084320489" lon="24.15796892513905">
    <ele>62.78</ele>
   </trkpt>
   <trkpt lat="40.9893623781454" lon="24.15860740122734">
    <ele>61.08</ele>
   </trkpt>
   <trkpt lat="40.99011390956321" lon="24.159245891870405">
    <ele>59.35000000000001</ele>
   </trkpt>
   <trkpt lat="40.99086543745814" lon="24.159884397068883">
    <ele>57.78</ele>
   </trkpt>
   <trkpt lat="40.99161696183002" lon="24.160522916823428">
    <ele>56.49</ele>
   </trkpt>
   <trkpt lat="40.99236848267868" lon="24.16116145113469">
    <ele>55.02</ele>
   </trkpt>
   <trkpt lat="40.993120000000005" lon="24.161800000000003">
    <ele>54.080000000000005</ele>
   </trkpt>
   <trkpt lat="40.993763335770524" lon="24.16233665614947">
    <ele>53.84</ele>
   </trkpt>
   <trkpt lat="40.99440666905226" lon="24.16287332277293">
    <ele>53.76</ele>
   </trkpt>
   <trkpt lat="40.995050000000006" lon="24.163410000000002">
    <ele>53.120000000000005</ele>
   </trkpt>
   <trkpt lat="40.99562000141978" lon="24.163819992886072">
    <ele>52.440000000000005</ele>
   </trkpt>
   <trkpt lat="40.99619000138693" lon="24.164229992862353">
    <ele>51.88</ele>
   </trkpt>
   <trkpt lat="40.99676" lon="24.164640000000002">
    <ele>51.660000000000004</ele>
   </trkpt>
   <trkpt lat="40.99732" lon="24.16494">
    <ele>51.24</ele>
   </trkpt>
   <trkpt lat="40.997980000000005" lon="24.165210000000002">
    <ele>50.74000000000001</ele>
   </trkpt>
   <trkpt lat="40.99857500013192" lon="24.16538999837273">
    <ele>50.93</ele>
   </trkpt>
   <trkpt lat="40.99917000000001" lon="24.165570000000002">
    <ele>50.690000000000005</ele>
   </trkpt>
   <trkpt lat="40.99983000034811" lon="24.16576499810169">
    <ele>50.07</ele>
   </trkpt>
   <trkpt lat="41.000490000000006" lon="24.165960000000002">
    <ele>48.940000000000005</ele>
   </trkpt>
   <trkpt lat="41.0013" lon="24.16627">
    <ele>48.290000000000006</ele>
   </trkpt>
   <trkpt lat="41.00182" lon="24.16653">
    <ele>48.68</ele>
   </trkpt>
   <trkpt lat="41.00245750161796" lon="24.166884989689514">
    <ele>49.220000000000006</ele>
   </trkpt>
   <trkpt lat="41.00309500214688" lon="24.167239986246692">
    <ele>49.410000000000004</ele>
   </trkpt>
   <trkpt lat="41.00373250158671" lon="24.16759498967181">
    <ele>49.71</ele>
   </trkpt>
   <trkpt lat="41.00437" lon="24.16795">
    <ele>50.050000000000004</ele>
   </trkpt>
   <trkpt lat="41.00507500190023" lon="24.16833248772579">
    <ele>50.410000000000004</ele>
   </trkpt>
   <trkpt lat="41.00578000253613" lon="24.168714983635486">
    <ele>50.53</ele>
   </trkpt>
   <trkpt lat="41.00648500190766" lon="24.16909748772943">
    <ele>50.82</ele>
   </trkpt>
   <trkpt lat="41.00719" lon="24.169480000000004">
    <ele>50.97</ele>
   </trkpt>
   <trkpt lat="41.00799750216392" lon="24.16988748502409">
    <ele>51.07</ele>
   </trkpt>
   <trkpt lat="41.00880500289283" lon="24.170294980035596">
    <ele>51.17000000000001</ele>
   </trkpt>
   <trkpt lat="41.00961250218667" lon="24.17070248503502">
    <ele>51.480000000000004</ele>
   </trkpt>
   <trkpt lat="41.01042" lon="24.171110000000002">
    <ele>51.43</ele>
   </trkpt>
   <trkpt lat="41.01093000035747" lon="24.171389997842876">
    <ele>51.0</ele>
   </trkpt>
   <trkpt lat="41.01144" lon="24.171670000000002">
    <ele>50.77</ele>
   </trkpt>
   <trkpt lat="41.011250000000004" lon="24.172430000000002">
    <ele>50.89</ele>
   </trkpt>
   <trkpt lat="41.01117" lon="24.17263">
    <ele>50.980000000000004</ele>
   </trkpt>
   <trkpt lat="41.01109" lon="24.17275">
    <ele>51.15</ele>
   </trkpt>
   <trkpt lat="41.011" lon="24.17285">
    <ele>51.190000000000005</ele>
   </trkpt>
   <trkpt lat="41.01066" lon="24.17313">
    <ele>51.04</ele>
   </trkpt>
   <trkpt lat="41.0105" lon="24.173340000000003">
    <ele>51.04</ele>
   </trkpt>
   <trkpt lat="41.01035" lon="24.173700000000004">
    <ele>51.0</ele>
   </trkpt>
   <trkpt lat="41.01004588359898" lon="24.174728385545986">
    <ele>51.14</ele>
   </trkpt>
   <trkpt lat="41.00974175805831" lon="24.17575676159851">
    <ele>51.370000000000005</ele>
   </trkpt>
   <trkpt lat="41.009437623378176" lon="24.176785128157476">
    <ele>51.54</ele>
   </trkpt>
   <trkpt lat="41.00913347955876" lon="24.177813485222792">
    <ele>51.83</ele>
   </trkpt>
   <trkpt lat="41.00882932660024" lon="24.178841832794355">
    <ele>51.760000000000005</ele>
   </trkpt>
   <trkpt lat="41.008525164502814" lon="24.17987017087208">
    <ele>51.64000000000001</ele>
   </trkpt>
   <trkpt lat="41.008220993266654" lon="24.180898499455864">
    <ele>51.620000000000005</ele>
   </trkpt>
   <trkpt lat="41.00791681289191" lon="24.181926818545612">
    <ele>51.550000000000004</ele>
   </trkpt>
   <trkpt lat="41.007612623378826" lon="24.18295512814123">
    <ele>51.61</ele>
   </trkpt>
   <trkpt lat="41.00730842472754" lon="24.183983428242623">
    <ele>51.480000000000004</ele>
   </trkpt>
   <trkpt lat="41.00700421693825" lon="24.18501171884969">
    <ele>51.79</ele>
   </trkpt>
   <trkpt lat="41.0067" lon="24.186040000000002">
    <ele>51.52</ele>
   </trkpt>
   <trkpt lat="41.00640752950065" lon="24.187027530666036">
    <ele>51.32</ele>
   </trkpt>
   <trkpt lat="41.00611505057356" lon="24.188015052565998">
    <ele>51.510000000000005</ele>
   </trkpt>
   <trkpt lat="41.005822563218885" lon="24.18900256569979">
    <ele>51.690000000000005</ele>
   </trkpt>
   <trkpt lat="41.00553006743681" lon="24.18999007006733">
    <ele>51.92</ele>
   </trkpt>
   <trkpt lat="41.005237563227475" lon="24.19097756566854">
    <ele>51.71000000000001</ele>
   </trkpt>
   <trkpt lat="41.004945050591026" lon="24.19196505250333">
    <ele>51.86</ele>
   </trkpt>
   <trkpt lat="41.004652529527675" lon="24.19295253057162">
    <ele>51.96000000000001</ele>
   </trkpt>
   <trkpt lat="41.004360000000005" lon="24.19394">
    <ele>52.09</ele>
   </trkpt>
   <trkpt lat="41.00407251271319" lon="24.194930012928186">
    <ele>52.15</ele>
   </trkpt>
   <trkpt lat="41.00378501695633" lon="24.19592001721869">
    <ele>51.980000000000004</ele>
   </trkpt>
   <trkpt lat="41.003497512729545" lon="24.196910012871435">
    <ele>52.02</ele>
   </trkpt>
   <trkpt lat="41.00321" lon="24.1979">
    <ele>51.940000000000005</ele>
   </trkpt>
   <trkpt lat="41.003080000000004" lon="24.198410000000003">
    <ele>52.03000000000001</ele>
   </trkpt>
   <trkpt lat="41.002970000000005" lon="24.19902">
    <ele>52.010000000000005</ele>
   </trkpt>
   <trkpt lat="41.00289" lon="24.19966">
    <ele>52.2</ele>
   </trkpt>
   <trkpt lat="41.00287" lon="24.20006">
    <ele>52.31</ele>
   </trkpt>
   <trkpt lat="41.002900000000004" lon="24.2009">
    <ele>52.440000000000005</ele>
   </trkpt>
   <trkpt lat="41.002950000000006" lon="24.201430000000002">
    <ele>52.64000000000001</ele>
   </trkpt>
   <trkpt lat="41.00315878054918" lon="24.20243497771464">
    <ele>52.82000000000001</ele>
   </trkpt>
   <trkpt lat="41.003367552370214" lon="24.203439961796605">
    <ele>52.51</ele>
   </trkpt>
   <trkpt lat="41.003576315462965" lon="24.20444495224573">
    <ele>52.77</ele>
   </trkpt>
   <trkpt lat="41.003785069827316" lon="24.205449949061823">
    <ele>52.74</ele>
   </trkpt>
   <trkpt lat="41.00399381546316" lon="24.20645495224472">
    <ele>52.24</ele>
   </trkpt>
   <trkpt lat="41.00420255237037" lon="24.207459961794225">
    <ele>52.04</ele>
   </trkpt>
   <trkpt lat="41.00441128054884" lon="24.20846497771017">
    <ele>52.0</ele>
   </trkpt>
   <trkpt lat="41.00462" lon="24.209470000000003">
    <ele>52.17</ele>
   </trkpt>
   <trkpt lat="41.00472000206165" lon="24.210159998983677">
    <ele>52.190000000000005</ele>
   </trkpt>
   <trkpt lat="41.00482" lon="24.21085">
    <ele>52.27</ele>
   </trkpt>
   <trkpt lat="41.004920000000006" lon="24.211820000000003">
    <ele>52.28000000000001</ele>
   </trkpt>
   <trkpt lat="41.00500835761062" lon="24.21287999292115">
    <ele>52.39000000000001</ele>
   </trkpt>
   <trkpt lat="41.00509670551125" lon="24.2139399886846">
    <ele>52.50000000000001</ele>
   </trkpt>
   <trkpt lat="41.00518504370186" lon="24.214999987290064">
    <ele>52.7</ele>
   </trkpt>
   <trkpt lat="41.00527337218239" lon="24.21605998873724">
    <ele>52.86000000000001</ele>
   </trkpt>
   <trkpt lat="41.005361690952775" lon="24.217119993025833">
    <ele>53.2</ele>
   </trkpt>
   <trkpt lat="41.00545" lon="24.21818">
    <ele>53.22</ele>
   </trkpt>
   <trkpt lat="41.005530007164154" lon="24.219089997878626">
    <ele>52.52</ele>
   </trkpt>
   <trkpt lat="41.00561000717192" lon="24.21999999796681">
    <ele>52.28000000000001</ele>
   </trkpt>
   <trkpt lat="41.00569" lon="24.220910000000003">
    <ele>52.10000000000001</ele>
   </trkpt>
   <trkpt lat="41.00573000000001" lon="24.22171">
    <ele>52.050000000000004</ele>
   </trkpt>
   <trkpt lat="41.005840000000006" lon="24.222610000000003">
    <ele>52.230000000000004</ele>
   </trkpt>
   <trkpt lat="41.006" lon="24.22361">
    <ele>52.2</ele>
   </trkpt>
   <trkpt lat="41.006150000000005" lon="24.22434">
    <ele>52.07000000000001</ele>
   </trkpt>
   <trkpt lat="41.00639" lon="24.2252">
    <ele>51.89000000000001</ele>
   </trkpt>
   <trkpt lat="41.00677145622831" lon="24.22623282126918">
    <ele>51.980000000000004</ele>
   </trkpt>
   <trkpt lat="41.00715290323791" lon="24.22726565449588">
    <ele>52.120000000000005</ele>
   </trkpt>
   <trkpt lat="41.00753434102858" lon="24.22829849968012">
    <ele>52.22</ele>
   </trkpt>
   <trkpt lat="41.007915769600075" lon="24.229331356821895">
    <ele>52.78000000000001</ele>
   </trkpt>
   <trkpt lat="41.008297188952184" lon="24.230364225921228">
    <ele>52.52</ele>
   </trkpt>
   <trkpt lat="41.00867859908465" lon="24.231397106978125">
    <ele>52.25000000000001</ele>
   </trkpt>
   <trkpt lat="41.009060000000005" lon="24.23243">
    <ele>52.230000000000004</ele>
   </trkpt>
   <trkpt lat="41.00946001905922" lon="24.233479974511475">
    <ele>52.43000000000001</ele>
   </trkpt>
   <trkpt lat="41.00986002859086" lon="24.23452996177183">
    <ele>52.22</ele>
   </trkpt>
   <trkpt lat="41.01026002859465" lon="24.235579961781102">
    <ele>52.29</ele>
   </trkpt>
   <trkpt lat="41.01066001907035" lon="24.236629974539316">
    <ele>52.47</ele>
   </trkpt>
   <trkpt lat="41.01106" lon="24.23768">
    <ele>52.84</ele>
   </trkpt>
   <trkpt lat="41.01118" lon="24.23806">
    <ele>52.95</ele>
   </trkpt>
   <trkpt lat="41.011390000000006" lon="24.2392">
    <ele>53.19</ele>
   </trkpt>
   <trkpt lat="41.011430000000004" lon="24.24014">
    <ele>53.39000000000001</ele>
   </trkpt>
   <trkpt lat="41.01135" lon="24.241190000000003">
    <ele>53.36000000000001</ele>
   </trkpt>
   <trkpt lat="41.01113" lon="24.242300000000004">
    <ele>53.300000000000004</ele>
   </trkpt>
   <trkpt lat="41.011070000000004" lon="24.242900000000002">
    <ele>53.21000000000001</ele>
   </trkpt>
   <trkpt lat="41.01104" lon="24.243520000000004">
    <ele>53.52</ele>
   </trkpt>
   <trkpt lat="41.011070000000004" lon="24.24426">
    <ele>53.69</ele>
   </trkpt>
   <trkpt lat="41.0111650037108" lon="24.245184998798255">
    <ele>53.74</ele>
   </trkpt>
   <trkpt lat="41.01126" lon="24.24611">
    <ele>53.730000000000004</ele>
   </trkpt>
   <trkpt lat="41.01141000548461" lon="24.24723499755664">
    <ele>53.57000000000001</ele>
   </trkpt>
   <trkpt lat="41.01156" lon="24.24836">
    <ele>53.68000000000001</ele>
   </trkpt>
   <trkpt lat="41.01162" lon="24.249170000000003">
    <ele>53.85</ele>
   </trkpt>
   <trkpt lat="41.01162" lon="24.2499">
    <ele>53.71000000000001</ele>
   </trkpt>
   <trkpt lat="41.0116" lon="24.25045">
    <ele>53.81</ele>
   </trkpt>
   <trkpt lat="41.01156" lon="24.25083">
    <ele>53.81</ele>
   </trkpt>
   <trkpt lat="41.01138500501657" lon="24.251910003014054">
    <ele>53.58</ele>
   </trkpt>
   <trkpt lat="41.011210000000005" lon="24.25299">
    <ele>53.33</ele>
   </trkpt>
   <trkpt lat="41.01118" lon="24.25384">
    <ele>53.57000000000001</ele>
   </trkpt>
   <trkpt lat="41.011190000000006" lon="24.254230000000003">
    <ele>53.56</ele>
   </trkpt>
   <trkpt lat="41.011230000000005" lon="24.254620000000003">
    <ele>53.44</ele>
   </trkpt>
   <trkpt lat="41.01135" lon="24.25534">
    <ele>53.42</ele>
   </trkpt>
   <trkpt lat="41.01156" lon="24.256020000000003">
    <ele>53.59</ele>
   </trkpt>
   <trkpt lat="41.0118420220712" lon="24.257149980656152">
    <ele>53.62</ele>
   </trkpt>
   <trkpt lat="41.01212403310745" lon="24.258279970986152">
    <ele>53.61000000000001</ele>
   </trkpt>
   <trkpt lat="41.0124060331085" lon="24.25940997098979">
    <ele>54.160000000000004</ele>
   </trkpt>
   <trkpt lat="41.012688022074194" lon="24.26053998066688">
    <ele>53.86000000000001</ele>
   </trkpt>
   <trkpt lat="41.01297" lon="24.261670000000002">
    <ele>53.660000000000004</ele>
   </trkpt>
   <trkpt lat="41.01315" lon="24.26266">
    <ele>53.61000000000001</ele>
   </trkpt>
   <trkpt lat="41.01321" lon="24.26328">
    <ele>53.59</ele>
   </trkpt>
   <trkpt lat="41.013270000000006" lon="24.264360000000003">
    <ele>53.43000000000001</ele>
   </trkpt>
   <trkpt lat="41.01328" lon="24.264950000000002">
    <ele>53.300000000000004</ele>
   </trkpt>
   <trkpt lat="41.01322667507612" lon="24.265936668336394">
    <ele>53.01</ele>
   </trkpt>
   <trkpt lat="41.01317334173887" lon="24.266923335075415">
    <ele>53.00000000000001</ele>
   </trkpt>
   <trkpt lat="41.01312" lon="24.26791">
    <ele>53.28</ele>
   </trkpt>
   <trkpt lat="41.01304000602253" lon="24.269090001347603">
    <ele>53.4</ele>
   </trkpt>
   <trkpt lat="41.01296000000001" lon="24.270270000000004">
    <ele>53.62</ele>
   </trkpt>
   <trkpt lat="41.012925002981895" lon="24.271100000320867">
    <ele>53.63</ele>
   </trkpt>
   <trkpt lat="41.012890000000006" lon="24.27193">
    <ele>53.61000000000001</ele>
   </trkpt>
   <trkpt lat="41.012826677055536" lon="24.27302666886172">
    <ele>53.540000000000006</ele>
   </trkpt>
   <trkpt lat="41.01276334371717" lon="24.274123335615112">
    <ele>54.24</ele>
   </trkpt>
   <trkpt lat="41.0127" lon="24.27522">
    <ele>54.77</ele>
   </trkpt>
   <trkpt lat="41.01267" lon="24.275540000000003">
    <ele>54.6</ele>
   </trkpt>
   <trkpt lat="41.0125" lon="24.276410000000002">
    <ele>54.64</ele>
   </trkpt>
   <trkpt lat="41.01249000000001" lon="24.276670000000003">
    <ele>54.63</ele>
   </trkpt>
   <trkpt lat="41.01245" lon="24.27691">
    <ele>54.63</ele>
   </trkpt>
   <trkpt lat="41.0123" lon="24.277250000000002">
    <ele>54.74</ele>
   </trkpt>
   <trkpt lat="41.011595000380176" lon="24.2775800035735">
    <ele>54.78</ele>
   </trkpt>
   <trkpt lat="41.01089" lon="24.277910000000002">
    <ele>54.93000000000001</ele>
   </trkpt>
   <trkpt lat="41.010190000430676" lon="24.278210003169338">
    <ele>55.35</ele>
   </trkpt>
   <trkpt lat="41.00949000000001" lon="24.27851">
    <ele>55.82</ele>
   </trkpt>
   <trkpt lat="41.008680000000005" lon="24.278950000000002">
    <ele>56.660000000000004</ele>
   </trkpt>
   <trkpt lat="41.008230000000005" lon="24.279290000000003">
    <ele>56.720000000000006</ele>
   </trkpt>
   <trkpt lat="41.00791" lon="24.27961">
    <ele>56.7</ele>
   </trkpt>
   <trkpt lat="41.007540000000006" lon="24.280050000000003">
    <ele>56.67</ele>
   </trkpt>
   <trkpt lat="41.00726" lon="24.280440000000002">
    <ele>56.830000000000005</ele>
   </trkpt>
   <trkpt lat="41.00688" lon="24.28111">
    <ele>57.38000000000001</ele>
   </trkpt>
   <trkpt lat="41.00665" lon="24.281650000000003">
    <ele>58.71</ele>
   </trkpt>
   <trkpt lat="41.006460000000004" lon="24.282310000000003">
    <ele>59.56</ele>
   </trkpt>
   <trkpt lat="41.006310000000006" lon="24.283">
    <ele>60.480000000000004</ele>
   </trkpt>
   <trkpt lat="41.00621" lon="24.283970000000004">
    <ele>62.71</ele>
   </trkpt>
   <trkpt lat="41.006220009528164" lon="24.28501999972161">
    <ele>63.78</ele>
   </trkpt>
   <trkpt lat="41.00623000952856" lon="24.28606999976205">
    <ele>63.84</ele>
   </trkpt>
   <trkpt lat="41.006240000000005" lon="24.28712">
    <ele>64.02000000000001</ele>
   </trkpt>
   <trkpt lat="41.0062625385369" lon="24.288248747301893">
    <ele>64.38000000000001</ele>
   </trkpt>
   <trkpt lat="41.00628506606332" lon="24.289377495375717">
    <ele>65.38000000000001</ele>
   </trkpt>
   <trkpt lat="41.00630758257918" lon="24.290506244221103">
    <ele>67.89</ele>
   </trkpt>
   <trkpt lat="41.00633008808451" lon="24.291634993837683">
    <ele>68.32000000000001</ele>
   </trkpt>
   <trkpt lat="41.006352582579304" lon="24.29276374422507">
    <ele>67.14</ele>
   </trkpt>
   <trkpt lat="41.00637506606352" lon="24.293892495382885">
    <ele>65.42</ele>
   </trkpt>
   <trkpt lat="41.00639753853714" lon="24.295021247310768">
    <ele>64.47</ele>
   </trkpt>
   <trkpt lat="41.006420000000006" lon="24.29615">
    <ele>63.81</ele>
   </trkpt>
   <trkpt lat="41.006420000000006" lon="24.29707">
    <ele>63.050000000000004</ele>
   </trkpt>
   <trkpt lat="41.00638" lon="24.29776">
    <ele>62.230000000000004</ele>
   </trkpt>
   <trkpt lat="41.00625" lon="24.298550000000002">
    <ele>60.88</ele>
   </trkpt>
   <trkpt lat="41.00616" lon="24.298920000000003">
    <ele>60.36</ele>
   </trkpt>
   <trkpt lat="41.00601" lon="24.299400000000002">
    <ele>59.510000000000005</ele>
   </trkpt>
   <trkpt lat="41.005840000000006" lon="24.299860000000002">
    <ele>58.79</ele>
   </trkpt>
   <trkpt lat="41.005500000000005" lon="24.300510000000003">
    <ele>57.720000000000006</ele>
   </trkpt>
   <trkpt lat="41.00505500230531" lon="24.301240004925095">
    <ele>56.760000000000005</ele>
   </trkpt>
   <trkpt lat="41.00461000000001" lon="24.30197">
    <ele>55.940000000000005</ele>
   </trkpt>
   <trkpt lat="41.00432" lon="24.30243">
    <ele>55.620000000000005</ele>
   </trkpt>
   <trkpt lat="41.003845001809225" lon="24.30309000485845">
    <ele>55.13</ele>
   </trkpt>
   <trkpt lat="41.003370000000004" lon="24.30375">
    <ele>54.57000000000001</ele>
   </trkpt>
   <trkpt lat="41.002917505736804" lon="24.30441501369123">
    <ele>53.6</ele>
   </trkpt>
   <trkpt lat="41.00246500765186" lon="24.305080018250635">
    <ele>53.13</ele>
   </trkpt>
   <trkpt lat="41.002012505745284" lon="24.305745013678404">
    <ele>52.870000000000005</ele>
   </trkpt>
   <trkpt lat="41.001560000000005" lon="24.306410000000003">
    <ele>52.82000000000001</ele>
   </trkpt>
   <trkpt lat="41.0009731149337" lon="24.307277126357196">
    <ele>52.78000000000001</ele>
   </trkpt>
   <trkpt lat="41.000386223369716" lon="24.308144237271826">
    <ele>53.040000000000006</ele>
   </trkpt>
   <trkpt lat="40.99979932530828" lon="24.309011332744326">
    <ele>53.11000000000001</ele>
   </trkpt>
   <trkpt lat="40.99921242074966" lon="24.30987841277511">
    <ele>53.28</ele>
   </trkpt>
   <trkpt lat="40.99862550969408" lon="24.310745477364602">
    <ele>53.49</ele>
   </trkpt>
   <trkpt lat="40.99803859214181" lon="24.31161252651323">
    <ele>53.59</ele>
   </trkpt>
   <trkpt lat="40.997451668093106" lon="24.312479560221416">
    <ele>53.92</ele>
   </trkpt>
   <trkpt lat="40.99686473754821" lon="24.313346578489586">
    <ele>54.06</ele>
   </trkpt>
   <trkpt lat="40.99627780050736" lon="24.314213581318157">
    <ele>54.040000000000006</ele>
   </trkpt>
   <trkpt lat="40.995690856970825" lon="24.315080568707554">
    <ele>54.28</ele>
   </trkpt>
   <trkpt lat="40.99510390693884" lon="24.315947540658208">
    <ele>54.38</ele>
   </trkpt>
   <trkpt lat="40.99451695041167" lon="24.316814497170533">
    <ele>54.52</ele>
   </trkpt>
   <trkpt lat="40.99392998738954" lon="24.31768143824496">
    <ele>54.730000000000004</ele>
   </trkpt>
   <trkpt lat="40.99334301787274" lon="24.31854836388191">
    <ele>54.760000000000005</ele>
   </trkpt>
   <trkpt lat="40.99275604186148" lon="24.3194152740818">
    <ele>55.17</ele>
   </trkpt>
   <trkpt lat="40.99216905935602" lon="24.32028216884506">
    <ele>55.93000000000001</ele>
   </trkpt>
   <trkpt lat="40.991582070356635" lon="24.321149048172114">
    <ele>56.57</ele>
   </trkpt>
   <trkpt lat="40.99099507486355" lon="24.322015912063385">
    <ele>57.050000000000004</ele>
   </trkpt>
   <trkpt lat="40.99040807287703" lon="24.322882760519295">
    <ele>57.71</ele>
   </trkpt>
   <trkpt lat="40.989821064397304" lon="24.323749593540267">
    <ele>58.330000000000005</ele>
   </trkpt>
   <trkpt lat="40.989234049424645" lon="24.32461641112673">
    <ele>58.78</ele>
   </trkpt>
   <trkpt lat="40.988647027959296" lon="24.3254832132791">
    <ele>59.370000000000005</ele>
   </trkpt>
   <trkpt lat="40.988060000000004" lon="24.32635">
    <ele>59.9</ele>
   </trkpt>
   <trkpt lat="40.987575002153456" lon="24.327050005096133">
    <ele>60.31</ele>
   </trkpt>
   <trkpt lat="40.98709" lon="24.32775">
    <ele>60.50000000000001</ele>
   </trkpt>
   <trkpt lat="40.98656001605594" lon="24.328537180824743">
    <ele>60.85000000000001</ele>
   </trkpt>
   <trkpt lat="40.986030026757454" lon="24.329324348996266">
    <ele>61.050000000000004</ele>
   </trkpt>
   <trkpt lat="40.985500032104724" lon="24.330111504514907">
    <ele>61.61000000000001</ele>
   </trkpt>
   <trkpt lat="40.98497003209793" lon="24.33089864738096">
    <ele>62.00000000000001</ele>
   </trkpt>
   <trkpt lat="40.984440026737275" lon="24.331685777594743">
    <ele>62.330000000000005</ele>
   </trkpt>
   <trkpt lat="40.98391001602291" lon="24.332472895156567">
    <ele>62.94000000000001</ele>
   </trkpt>
   <trkpt lat="40.983380000000004" lon="24.333260000000003">
    <ele>63.43</ele>
   </trkpt>
   <trkpt lat="40.98284500258305" lon="24.334035006304166">
    <ele>63.910000000000004</ele>
   </trkpt>
   <trkpt lat="40.982310000000005" lon="24.33481">
    <ele>64.17</ele>
   </trkpt>
   <trkpt lat="40.98171652341119" lon="24.335684243497653">
    <ele>64.60000000000001</ele>
   </trkpt>
   <trkpt lat="40.98112304021821" lon="24.336558471261807">
    <ele>64.78</ele>
   </trkpt>
   <trkpt lat="40.98052955042131" lon="24.337432683292917">
    <ele>64.80000000000001</ele>
   </trkpt>
   <trkpt lat="40.97993605402075" lon="24.338306879591407">
    <ele>65.0</ele>
   </trkpt>
   <trkpt lat="40.979342551016806" lon="24.339181060157728">
    <ele>65.13000000000001</ele>
   </trkpt>
   <trkpt lat="40.97874904140973" lon="24.3400552249923">
    <ele>64.93</ele>
   </trkpt>
   <trkpt lat="40.97815552519974" lon="24.340929374095577">
    <ele>64.89</ele>
   </trkpt>
   <trkpt lat="40.97756200238716" lon="24.34180350746799">
    <ele>64.89999999999999</ele>
   </trkpt>
   <trkpt lat="40.976968472972196" lon="24.342677625109978">
    <ele>64.95</ele>
   </trkpt>
   <trkpt lat="40.97637493695511" lon="24.343551727021968">
    <ele>64.99000000000001</ele>
   </trkpt>
   <trkpt lat="40.975781394336174" lon="24.344425813204406">
    <ele>65.17</ele>
   </trkpt>
   <trkpt lat="40.97518784511564" lon="24.345299883657734">
    <ele>65.54</ele>
   </trkpt>
   <trkpt lat="40.97459428929376" lon="24.34617393838238">
    <ele>65.68</ele>
   </trkpt>
   <trkpt lat="40.974000726870806" lon="24.347047977378786">
    <ele>65.86</ele>
   </trkpt>
   <trkpt lat="40.973407157847035" lon="24.347922000647383">
    <ele>66.0</ele>
   </trkpt>
   <trkpt lat="40.972813582222685" lon="24.348796008188618">
    <ele>66.08</ele>
   </trkpt>
   <trkpt lat="40.97222" lon="24.349670000000003">
    <ele>66.18</ele>
   </trkpt>
   <trkpt lat="40.97164000295057" lon="24.350500007333167">
    <ele>66.37</ele>
   </trkpt>
   <trkpt lat="40.97106" lon="24.35133">
    <ele>66.48</ele>
   </trkpt>
   <trkpt lat="40.970740000000006" lon="24.351760000000002">
    <ele>66.21000000000001</ele>
   </trkpt>
   <trkpt lat="40.970470000000006" lon="24.35208">
    <ele>66.08</ele>
   </trkpt>
   <trkpt lat="40.97021" lon="24.35236">
    <ele>65.93</ele>
   </trkpt>
   <trkpt lat="40.9699" lon="24.35264">
    <ele>65.62</ele>
   </trkpt>
   <trkpt lat="40.969280000000005" lon="24.353180000000002">
    <ele>65.61</ele>
   </trkpt>
   <trkpt lat="40.9688450006733" lon="24.353525002148256">
    <ele>65.59</ele>
   </trkpt>
   <trkpt lat="40.968410000000006" lon="24.35387">
    <ele>65.71000000000001</ele>
   </trkpt>
   <trkpt lat="40.96771400495615" lon="24.35440602262042">
    <ele>65.81</ele>
   </trkpt>
   <trkpt lat="40.96701800742981" lon="24.354942033933476">
    <ele>65.83</ele>
   </trkpt>
   <trkpt lat="40.96632200742107" lon="24.355478033939633">
    <ele>65.96000000000001</ele>
   </trkpt>
   <trkpt lat="40.96562600493008" lon="24.356014022639375">
    <ele>67.12</ele>
   </trkpt>
   <trkpt lat="40.96493" lon="24.356550000000002">
    <ele>67.45</ele>
   </trkpt>
   <trkpt lat="40.964600000000004" lon="24.356840000000002">
    <ele>67.60000000000001</ele>
   </trkpt>
   <trkpt lat="40.96426" lon="24.35725">
    <ele>67.92</ele>
   </trkpt>
   <trkpt lat="40.963760002070536" lon="24.357940005208672">
    <ele>68.84000000000002</ele>
   </trkpt>
   <trkpt lat="40.963260000000005" lon="24.35863">
    <ele>69.92</ele>
   </trkpt>
   <trkpt lat="40.962770000000006" lon="24.359250000000003">
    <ele>71.28000000000002</ele>
   </trkpt>
   <trkpt lat="40.96203500515468" lon="24.359880021038443">
    <ele>72.98</ele>
   </trkpt>
   <trkpt lat="40.96130000687995" lon="24.36051002804471">
    <ele>75.36000000000001</ele>
   </trkpt>
   <trkpt lat="40.960565005176" lon="24.36114002101943">
    <ele>76.80000000000001</ele>
   </trkpt>
   <trkpt lat="40.959830000000004" lon="24.361770000000003">
    <ele>78.81</ele>
   </trkpt>
   <trkpt lat="40.95910168602983" lon="24.36240841080886">
    <ele>81.26</ele>
   </trkpt>
   <trkpt lat="40.95837336853834" lon="24.36304680752939">
    <ele>83.18</ele>
   </trkpt>
   <trkpt lat="40.95764504752573" lon="24.363685190162204">
    <ele>84.03</ele>
   </trkpt>
   <trkpt lat="40.956916722992155" lon="24.364323558707895">
    <ele>84.46000000000001</ele>
   </trkpt>
   <trkpt lat="40.95618839493778" lon="24.36496191316708">
    <ele>85.41000000000001</ele>
   </trkpt>
   <trkpt lat="40.95546006336276" lon="24.36560025354035">
    <ele>86.3</ele>
   </trkpt>
   <trkpt lat="40.95473172826729" lon="24.36623857982832">
    <ele>89.98</ele>
   </trkpt>
   <trkpt lat="40.95400338965151" lon="24.36687689203159">
    <ele>96.64</ele>
   </trkpt>
   <trkpt lat="40.95327504751562" lon="24.367515190150765">
    <ele>103.0</ele>
   </trkpt>
   <trkpt lat="40.95254670185976" lon="24.368153474186453">
    <ele>107.77</ele>
   </trkpt>
   <trkpt lat="40.951818352684114" lon="24.36879174413925">
    <ele>111.56</ele>
   </trkpt>
   <trkpt lat="40.95109" lon="24.36943">
    <ele>117.12000000000002</ele>
   </trkpt>
   <trkpt lat="40.950720000000004" lon="24.369650000000004">
    <ele>120.43</ele>
   </trkpt>
   <trkpt lat="40.9506" lon="24.369770000000003">
    <ele>120.60000000000001</ele>
   </trkpt>
   <trkpt lat="40.950610000000005" lon="24.36999">
    <ele>121.00000000000001</ele>
   </trkpt>
   <trkpt lat="40.95071" lon="24.37029">
    <ele>122.2</ele>
   </trkpt>
   <trkpt lat="40.950790000000005" lon="24.37046">
    <ele>122.74000000000001</ele>
   </trkpt>
   <trkpt lat="40.95089" lon="24.370600000000003">
    <ele>122.74000000000001</ele>
   </trkpt>
   <trkpt lat="40.951150000000005" lon="24.371060000000003">
    <ele>126.64</ele>
   </trkpt>
   <trkpt lat="40.95118" lon="24.37113">
    <ele>126.64</ele>
   </trkpt>
   <trkpt lat="40.9512" lon="24.37132">
    <ele>128.21</ele>
   </trkpt>
   <trkpt lat="40.951190000000004" lon="24.37142">
    <ele>128.21</ele>
   </trkpt>
   <trkpt lat="40.95112" lon="24.37158">
    <ele>128.96</ele>
   </trkpt>
   <trkpt lat="40.951" lon="24.371730000000003">
    <ele>129.69</ele>
   </trkpt>
   <trkpt lat="40.95085" lon="24.37187">
    <ele>131.49</ele>
   </trkpt>
   <trkpt lat="40.95071" lon="24.371950000000002">
    <ele>131.49</ele>
   </trkpt>
   <trkpt lat="40.95056" lon="24.371930000000003">
    <ele>132.96</ele>
   </trkpt>
   <trkpt lat="40.950480000000006" lon="24.37186">
    <ele>132.96</ele>
   </trkpt>
   <trkpt lat="40.950410000000005" lon="24.371750000000002">
    <ele>134.09</ele>
   </trkpt>
   <trkpt lat="40.950065002219276" lon="24.371024996103937">
    <ele>139.5</ele>
   </trkpt>
   <trkpt lat="40.949720000000006" lon="24.3703">
    <ele>142.0</ele>
   </trkpt>
   <trkpt lat="40.94957" lon="24.370130000000003">
    <ele>144.62</ele>
   </trkpt>
   <trkpt lat="40.94943000000001" lon="24.370060000000002">
    <ele>144.62</ele>
   </trkpt>
   <trkpt lat="40.94935" lon="24.370040000000003">
    <ele>145.71</ele>
   </trkpt>
   <trkpt lat="40.94915" lon="24.37009">
    <ele>146.3</ele>
   </trkpt>
   <trkpt lat="40.94906" lon="24.370130000000003">
    <ele>148.25000000000003</ele>
   </trkpt>
   <trkpt lat="40.94895" lon="24.370240000000003">
    <ele>149.25000000000003</ele>
   </trkpt>
   <trkpt lat="40.94883" lon="24.370400000000004">
    <ele>149.25000000000003</ele>
   </trkpt>
   <trkpt lat="40.9483" lon="24.371290000000002">
    <ele>157.96</ele>
   </trkpt>
   <trkpt lat="40.94823" lon="24.371380000000002">
    <ele>157.96</ele>
   </trkpt>
   <trkpt lat="40.94809" lon="24.37151">
    <ele>160.59</ele>
   </trkpt>
   <trkpt lat="40.947970000000005" lon="24.37158">
    <ele>160.59</ele>
   </trkpt>
   <trkpt lat="40.947860000000006" lon="24.37161">
    <ele>161.67000000000002</ele>
   </trkpt>
   <trkpt lat="40.947750000000006" lon="24.37161">
    <ele>161.67000000000002</ele>
   </trkpt>
   <trkpt lat="40.94736" lon="24.3715">
    <ele>164.94</ele>
   </trkpt>
   <trkpt lat="40.94713" lon="24.371460000000003">
    <ele>166.37</ele>
   </trkpt>
   <trkpt lat="40.94706" lon="24.371460000000003">
    <ele>167.55</ele>
   </trkpt>
   <trkpt lat="40.946920000000006" lon="24.3715">
    <ele>167.55</ele>
   </trkpt>
   <trkpt lat="40.94679" lon="24.37159">
    <ele>169.09</ele>
   </trkpt>
   <trkpt lat="40.94664" lon="24.37178">
    <ele>170.39000000000001</ele>
   </trkpt>
   <trkpt lat="40.946560000000005" lon="24.372020000000003">
    <ele>172.1</ele>
   </trkpt>
   <trkpt lat="40.94642" lon="24.372650000000004">
    <ele>175.77</ele>
   </trkpt>
   <trkpt lat="40.94635" lon="24.372850000000003">
    <ele>177.50000000000003</ele>
   </trkpt>
   <trkpt lat="40.9463" lon="24.372950000000003">
    <ele>177.50000000000003</ele>
   </trkpt>
   <trkpt lat="40.94617" lon="24.37309">
    <ele>179.36</ele>
   </trkpt>
   <trkpt lat="40.94608" lon="24.373150000000003">
    <ele>179.36</ele>
   </trkpt>
   <trkpt lat="40.94556" lon="24.373320000000003">
    <ele>185.49</ele>
   </trkpt>
   <trkpt lat="40.94529" lon="24.373350000000002">
    <ele>186.75000000000003</ele>
   </trkpt>
   <trkpt lat="40.944410000000005" lon="24.37358">
    <ele>193.12</ele>
   </trkpt>
   <trkpt lat="40.94386" lon="24.373820000000002">
    <ele>195.01000000000002</ele>
   </trkpt>
   <trkpt lat="40.94355" lon="24.37402">
    <ele>196.43</ele>
   </trkpt>
   <trkpt lat="40.943160000000006" lon="24.37432">
    <ele>197.05</ele>
   </trkpt>
   <trkpt lat="40.94294" lon="24.374530000000004">
    <ele>196.98000000000002</ele>
   </trkpt>
   <trkpt lat="40.942610000821574" lon="24.374955002070326">
    <ele>196.42000000000002</ele>
   </trkpt>
   <trkpt lat="40.942280000000004" lon="24.375380000000003">
    <ele>195.35000000000002</ele>
   </trkpt>
   <trkpt lat="40.9421" lon="24.37571">
    <ele>193.69000000000003</ele>
   </trkpt>
   <trkpt lat="40.941970000000005" lon="24.375880000000002">
    <ele>192.64000000000001</ele>
   </trkpt>
   <trkpt lat="40.941680000000005" lon="24.376420000000003">
    <ele>189.74</ele>
   </trkpt>
   <trkpt lat="40.94130500263387" lon="24.377215004717804">
    <ele>185.51</ele>
   </trkpt>
   <trkpt lat="40.94093" lon="24.378010000000003">
    <ele>182.85000000000002</ele>
   </trkpt>
   <trkpt lat="40.94071" lon="24.37856">
    <ele>177.98000000000002</ele>
   </trkpt>
   <trkpt lat="40.940650000000005" lon="24.37891">
    <ele>177.1</ele>
   </trkpt>
   <trkpt lat="40.94066" lon="24.379250000000003">
    <ele>174.65000000000003</ele>
   </trkpt>
   <trkpt lat="40.940740000000005" lon="24.379510000000003">
    <ele>174.65000000000003</ele>
   </trkpt>
   <trkpt lat="40.940830000000005" lon="24.379710000000003">
    <ele>171.43000000000004</ele>
   </trkpt>
   <trkpt lat="40.94091" lon="24.379810000000003">
    <ele>171.43000000000004</ele>
   </trkpt>
   <trkpt lat="40.94111" lon="24.380020000000002">
    <ele>169.92000000000002</ele>
   </trkpt>
   <trkpt lat="40.941210000000005" lon="24.380080000000003">
    <ele>169.38</ele>
   </trkpt>
   <trkpt lat="40.941410000000005" lon="24.38013">
    <ele>168.13</ele>
   </trkpt>
   <trkpt lat="40.94154" lon="24.38013">
    <ele>167.57000000000002</ele>
   </trkpt>
   <trkpt lat="40.94169" lon="24.380100000000002">
    <ele>167.21</ele>
   </trkpt>
   <trkpt lat="40.941970000000005" lon="24.379990000000003">
    <ele>166.26000000000002</ele>
   </trkpt>
   <trkpt lat="40.94225" lon="24.37975">
    <ele>164.98000000000002</ele>
   </trkpt>
   <trkpt lat="40.942530000000005" lon="24.379610000000003">
    <ele>163.37</ele>
   </trkpt>
   <trkpt lat="40.942620000000005" lon="24.379600000000003">
    <ele>162.19</ele>
   </trkpt>
   <trkpt lat="40.94279" lon="24.379640000000002">
    <ele>161.51000000000002</ele>
   </trkpt>
   <trkpt lat="40.94296000000001" lon="24.379820000000002">
    <ele>160.66000000000003</ele>
   </trkpt>
   <trkpt lat="40.94301" lon="24.379980000000003">
    <ele>160.66000000000003</ele>
   </trkpt>
   <trkpt lat="40.94303" lon="24.380170000000003">
    <ele>159.04000000000002</ele>
   </trkpt>
   <trkpt lat="40.94299" lon="24.380360000000003">
    <ele>159.01000000000002</ele>
   </trkpt>
   <trkpt lat="40.942910000000005" lon="24.38051">
    <ele>159.01000000000002</ele>
   </trkpt>
   <trkpt lat="40.94285" lon="24.380570000000002">
    <ele>159.01000000000002</ele>
   </trkpt>
   <trkpt lat="40.942280000000004" lon="24.380950000000002">
    <ele>154.72000000000003</ele>
   </trkpt>
   <trkpt lat="40.94169500092013" lon="24.381395003892273">
    <ele>150.53000000000003</ele>
   </trkpt>
   <trkpt lat="40.94111" lon="24.38184">
    <ele>146.68</ele>
   </trkpt>
   <trkpt lat="40.94093" lon="24.382060000000003">
    <ele>144.88</ele>
   </trkpt>
   <trkpt lat="40.94070000000001" lon="24.38249">
    <ele>142.55</ele>
   </trkpt>
   <trkpt lat="40.94064" lon="24.38267">
    <ele>141.65</ele>
   </trkpt>
   <trkpt lat="40.940630000000006" lon="24.382790000000004">
    <ele>140.23000000000002</ele>
   </trkpt>
   <trkpt lat="40.94066" lon="24.38303">
    <ele>139.40000000000003</ele>
   </trkpt>
   <trkpt lat="40.94073" lon="24.383160000000004">
    <ele>138.6</ele>
   </trkpt>
   <trkpt lat="40.940850000000005" lon="24.383300000000002">
    <ele>137.32</ele>
   </trkpt>
   <trkpt lat="40.94093" lon="24.383350000000004">
    <ele>137.32</ele>
   </trkpt>
   <trkpt lat="40.94102" lon="24.383380000000002">
    <ele>137.32</ele>
   </trkpt>
   <trkpt lat="40.941100000000006" lon="24.38344">
    <ele>135.49</ele>
   </trkpt>
   <trkpt lat="40.941250000000004" lon="24.38343">
    <ele>135.49</ele>
   </trkpt>
   <trkpt lat="40.94185" lon="24.38324">
    <ele>130.14000000000001</ele>
   </trkpt>
   <trkpt lat="40.942060000000005" lon="24.38324">
    <ele>130.14000000000001</ele>
   </trkpt>
   <trkpt lat="40.942130000000006" lon="24.383270000000003">
    <ele>128.13000000000002</ele>
   </trkpt>
   <trkpt lat="40.94227" lon="24.383390000000002">
    <ele>128.13000000000002</ele>
   </trkpt>
   <trkpt lat="40.94236" lon="24.38352">
    <ele>128.13000000000002</ele>
   </trkpt>
   <trkpt lat="40.942420000000006" lon="24.383750000000003">
    <ele>124.87</ele>
   </trkpt>
   <trkpt lat="40.942420000000006" lon="24.383950000000002">
    <ele>124.87</ele>
   </trkpt>
   <trkpt lat="40.94239" lon="24.38406">
    <ele>124.87</ele>
   </trkpt>
   <trkpt lat="40.94214000175014" lon="24.384690002294814">
    <ele>121.10000000000001</ele>
   </trkpt>
   <trkpt lat="40.94189" lon="24.385320000000004">
    <ele>118.75</ele>
   </trkpt>
   <trkpt lat="40.941860000000005" lon="24.385540000000002">
    <ele>116.30000000000001</ele>
   </trkpt>
   <trkpt lat="40.94187" lon="24.385740000000002">
    <ele>116.30000000000001</ele>
   </trkpt>
   <trkpt lat="40.94192" lon="24.38597">
    <ele>115.56</ele>
   </trkpt>
   <trkpt lat="40.94214" lon="24.3866">
    <ele>113.02000000000001</ele>
   </trkpt>
   <trkpt lat="40.942440000000005" lon="24.38725">
    <ele>108.18</ele>
   </trkpt>
   <trkpt lat="40.94248" lon="24.38737">
    <ele>107.47000000000001</ele>
   </trkpt>
   <trkpt lat="40.9425" lon="24.387580000000003">
    <ele>105.43</ele>
   </trkpt>
   <trkpt lat="40.94247" lon="24.38774">
    <ele>105.43</ele>
   </trkpt>
   <trkpt lat="40.942370000000004" lon="24.38791">
    <ele>103.83</ele>
   </trkpt>
   <trkpt lat="40.94223" lon="24.38803">
    <ele>102.19</ele>
   </trkpt>
   <trkpt lat="40.941950000000006" lon="24.38819">
    <ele>100.36</ele>
   </trkpt>
   <trkpt lat="40.94185" lon="24.38828">
    <ele>100.36</ele>
   </trkpt>
   <trkpt lat="40.94178" lon="24.388430000000003">
    <ele>98.95</ele>
   </trkpt>
   <trkpt lat="40.941750000000006" lon="24.388650000000002">
    <ele>98.95</ele>
   </trkpt>
   <trkpt lat="40.941830001780154" lon="24.389289999311462">
    <ele>94.29</ele>
   </trkpt>
   <trkpt lat="40.94191" lon="24.389930000000003">
    <ele>91.92</ele>
   </trkpt>
   <trkpt lat="40.94191" lon="24.390310000000003">
    <ele>90.37</ele>
   </trkpt>
   <trkpt lat="40.94189" lon="24.390510000000003">
    <ele>89.19</ele>
   </trkpt>
   <trkpt lat="40.94185" lon="24.390690000000003">
    <ele>89.19</ele>
   </trkpt>
   <trkpt lat="40.94171" lon="24.39112">
    <ele>87.01</ele>
   </trkpt>
   <trkpt lat="40.94124" lon="24.392080000000004">
    <ele>81.39</ele>
   </trkpt>
   <trkpt lat="40.941010000000006" lon="24.3927">
    <ele>76.94000000000001</ele>
   </trkpt>
   <trkpt lat="40.94082500158645" lon="24.39331000177741">
    <ele>75.49</ele>
   </trkpt>
   <trkpt lat="40.94064" lon="24.39392">
    <ele>69.21000000000001</ele>
   </trkpt>
   <trkpt lat="40.940560000000005" lon="24.394160000000003">
    <ele>69.21000000000001</ele>
   </trkpt>
   <trkpt lat="40.9405" lon="24.394240000000003">
    <ele>68.79</ele>
   </trkpt>
   <trkpt lat="40.94041" lon="24.394280000000002">
    <ele>68.32000000000001</ele>
   </trkpt>
   <trkpt lat="40.940360000000005" lon="24.394270000000002">
    <ele>68.32000000000001</ele>
   </trkpt>
   <trkpt lat="40.9403" lon="24.39421">
    <ele>68.08</ele>
   </trkpt>
   <trkpt lat="40.94026" lon="24.39413">
    <ele>68.08</ele>
   </trkpt>
   <trkpt lat="40.94026" lon="24.39401">
    <ele>67.09</ele>
   </trkpt>
   <trkpt lat="40.940400000000004" lon="24.39346">
    <ele>63.96</ele>
   </trkpt>
   <trkpt lat="40.94039" lon="24.39328">
    <ele>63.96</ele>
   </trkpt>
   <trkpt lat="40.940340000000006" lon="24.39317">
    <ele>62.24</ele>
   </trkpt>
   <trkpt lat="40.94024" lon="24.3931">
    <ele>61.43000000000001</ele>
   </trkpt>
   <trkpt lat="40.939720003085434" lon="24.3939350064553">
    <ele>56.330000000000005</ele>
   </trkpt>
   <trkpt lat="40.93920000000001" lon="24.39477">
    <ele>51.7</ele>
   </trkpt>
   <trkpt lat="40.93905" lon="24.39495">
    <ele>50.46</ele>
   </trkpt>
   <trkpt lat="40.938950000000006" lon="24.395020000000002">
    <ele>50.46</ele>
   </trkpt>
   <trkpt lat="40.938610000000004" lon="24.39514">
    <ele>48.28</ele>
   </trkpt>
   <trkpt lat="40.938570000000006" lon="24.39517">
    <ele>46.790000000000006</ele>
   </trkpt>
   <trkpt lat="40.938520000000004" lon="24.39523">
    <ele>46.790000000000006</ele>
   </trkpt>
   <trkpt lat="40.93838" lon="24.395550000000004">
    <ele>44.54</ele>
   </trkpt>
   <trkpt lat="40.93833" lon="24.395740000000004">
    <ele>44.54</ele>
   </trkpt>
   <trkpt lat="40.93833" lon="24.39589">
    <ele>43.49</ele>
   </trkpt>
   <trkpt lat="40.9384" lon="24.396440000000002">
    <ele>41.300000000000004</ele>
   </trkpt>
   <trkpt lat="40.938140000000004" lon="24.397050000000004">
    <ele>38.330000000000005</ele>
   </trkpt>
   <trkpt lat="40.938050000000004" lon="24.3972">
    <ele>36.89000000000001</ele>
   </trkpt>
   <trkpt lat="40.937990000000006" lon="24.397250000000003">
    <ele>36.89000000000001</ele>
   </trkpt>
   <trkpt lat="40.93744" lon="24.397440000000003">
    <ele>33.39</ele>
   </trkpt>
   <trkpt lat="40.93733" lon="24.397540000000003">
    <ele>32.35</ele>
   </trkpt>
   <trkpt lat="40.937250000000006" lon="24.39768">
    <ele>32.35</ele>
   </trkpt>
   <trkpt lat="40.937110000000004" lon="24.39853">
    <ele>28.470000000000002</ele>
   </trkpt>
   <trkpt lat="40.93706" lon="24.39881">
    <ele>26.51</ele>
   </trkpt>
   <trkpt lat="40.936910000000005" lon="24.399120000000003">
    <ele>25.16</ele>
   </trkpt>
   <trkpt lat="40.93666" lon="24.399490000000004">
    <ele>22.22</ele>
   </trkpt>
   <trkpt lat="40.93652" lon="24.399630000000002">
    <ele>21.310000000000002</ele>
   </trkpt>
   <trkpt lat="40.93636" lon="24.39975">
    <ele>20.26</ele>
   </trkpt>
   <trkpt lat="40.93589" lon="24.39994">
    <ele>17.400000000000002</ele>
   </trkpt>
   <trkpt lat="40.935750000000006" lon="24.40005">
    <ele>16.37</ele>
   </trkpt>
   <trkpt lat="40.93525" lon="24.40069">
    <ele>14.33</ele>
   </trkpt>
   <trkpt lat="40.935190000000006" lon="24.40097">
    <ele>13.53</ele>
   </trkpt>
   <trkpt lat="40.93518" lon="24.40171">
    <ele>10.43</ele>
   </trkpt>
   <trkpt lat="40.935680000000005" lon="24.40209">
    <ele>8.990000000000002</ele>
   </trkpt>
   <trkpt lat="40.93591" lon="24.402430000000003">
    <ele>8.94</ele>
   </trkpt>
   <trkpt lat="40.93598" lon="24.402630000000002">
    <ele>9.01</ele>
   </trkpt>
   <trkpt lat="40.93607602121027" lon="24.4037379935447">
    <ele>9.15</ele>
   </trkpt>
   <trkpt lat="40.93617203181484" lon="24.40484599031026">
    <ele>9.28</ele>
   </trkpt>
   <trkpt lat="40.93626803181368" lon="24.405953990296354">
    <ele>8.81</ele>
   </trkpt>
   <trkpt lat="40.93636402120669" lon="24.407061993502644">
    <ele>8.42</ele>
   </trkpt>
   <trkpt lat="40.936460000000004" lon="24.408170000000002">
    <ele>8.39</ele>
   </trkpt>
   <trkpt lat="40.9365" lon="24.408890000000003">
    <ele>12.820000000000002</ele>
   </trkpt>
   <trkpt lat="40.93657" lon="24.40902">
    <ele>12.820000000000002</ele>
   </trkpt>
   <trkpt lat="40.936730000000004" lon="24.40913">
    <ele>13.46</ele>
   </trkpt>
   <trkpt lat="40.93706" lon="24.40924">
    <ele>13.27</ele>
   </trkpt>
   <trkpt lat="40.93771" lon="24.40933">
    <ele>15.110000000000001</ele>
   </trkpt>
   <trkpt lat="40.937740000000005" lon="24.40931">
    <ele>15.110000000000001</ele>
   </trkpt>
   <trkpt lat="40.93775" lon="24.409250000000004">
    <ele>15.110000000000001</ele>
   </trkpt>
   <trkpt lat="40.937720000000006" lon="24.409200000000002">
    <ele>15.110000000000001</ele>
   </trkpt>
   <trkpt lat="40.93777" lon="24.409180000000003">
    <ele>15.110000000000001</ele>
   </trkpt>
   <trkpt lat="40.937580000000004" lon="24.408140000000003">
    <ele>15.110000000000001</ele>
   </trkpt>
   <trkpt lat="40.93757" lon="24.408140000000003">
    <ele>15.1</ele>
   </trkpt>
   <trkpt lat="40.93753" lon="24.407880000000002">
    <ele>15.030000000000001</ele>
   </trkpt>
   <trkpt lat="40.937380000000005" lon="24.407410000000002">
    <ele>14.85</ele>
   </trkpt>
   <trkpt lat="40.937340000000006" lon="24.407230000000002">
    <ele>14.820000000000002</ele>
   </trkpt>
   <trkpt lat="40.93722" lon="24.406940000000002">
    <ele>13.0</ele>
   </trkpt>
   <trkpt lat="40.937180000000005" lon="24.406930000000003">
    <ele>13.0</ele>
   </trkpt>
   <trkpt lat="40.93692" lon="24.40696">
    <ele>11.540000000000001</ele>
   </trkpt>
   <trkpt lat="40.937000000000005" lon="24.407940000000004">
    <ele>10.0</ele>
   </trkpt>
   <trkpt lat="40.9370300015373" lon="24.408534999890012">
    <ele>9.71</ele>
   </trkpt>
   <trkpt lat="40.93706" lon="24.40913">
    <ele>8.990000000000002</ele>
   </trkpt>
   <trkpt lat="40.937020000000004" lon="24.409570000000002">
    <ele>8.950000000000001</ele>
   </trkpt>
   <trkpt lat="40.93692000166448" lon="24.41018500074202">
    <ele>9.21</ele>
   </trkpt>
   <trkpt lat="40.936820000000004" lon="24.410800000000002">
    <ele>9.21</ele>
   </trkpt>
   <trkpt lat="40.936620000000005" lon="24.411410000000004">
    <ele>8.89</ele>
   </trkpt>
   <trkpt lat="40.93629000142385" lon="24.412000003089968">
    <ele>8.190000000000001</ele>
   </trkpt>
   <trkpt lat="40.93596" lon="24.41259">
    <ele>8.370000000000001</ele>
   </trkpt>
   <trkpt lat="40.93573000000001" lon="24.413020000000003">
    <ele>8.88</ele>
   </trkpt>
   <trkpt lat="40.935840000000006" lon="24.413290000000003">
    <ele>10.6</ele>
   </trkpt>
   <trkpt lat="40.93587" lon="24.41344">
    <ele>11.410000000000002</ele>
   </trkpt>
   <trkpt lat="40.93625" lon="24.41437">
    <ele>14.31</ele>
   </trkpt>
   <trkpt lat="40.93632" lon="24.414440000000003">
    <ele>14.71</ele>
   </trkpt>
   <trkpt lat="40.936460000000004" lon="24.41467">
    <ele>15.02</ele>
   </trkpt>
   <trkpt lat="40.936550000000004" lon="24.414890000000003">
    <ele>16.27</ele>
   </trkpt>
   <trkpt lat="40.93661" lon="24.41495">
    <ele>16.61</ele>
   </trkpt>
   <trkpt lat="40.93663" lon="24.41569">
    <ele>17.62</ele>
   </trkpt>
   <trkpt lat="40.936690000000006" lon="24.41664">
    <ele>11.250000000000002</ele>
   </trkpt>
   <trkpt lat="40.93672" lon="24.41673">
    <ele>10.89</ele>
   </trkpt>
   <trkpt lat="40.93701" lon="24.417040000000004">
    <ele>9.88</ele>
   </trkpt>
   <trkpt lat="40.93717" lon="24.41728">
    <ele>9.66</ele>
   </trkpt>
   <trkpt lat="40.93722" lon="24.41747">
    <ele>9.49</ele>
   </trkpt>
   <trkpt lat="40.93724" lon="24.41776">
    <ele>9.330000000000002</ele>
   </trkpt>
   <trkpt lat="40.93722" lon="24.418100000000003">
    <ele>9.260000000000002</ele>
   </trkpt>
   <trkpt lat="40.93714000253247" lon="24.41886500088261">
    <ele>10.0</ele>
   </trkpt>
   <trkpt lat="40.93706" lon="24.41963">
    <ele>12.08</ele>
   </trkpt>
   <trkpt lat="40.936980000000005" lon="24.419900000000002">
    <ele>12.860000000000001</ele>
   </trkpt>
   <trkpt lat="40.93659" lon="24.420710000000003">
    <ele>16.52</ele>
   </trkpt>
   <trkpt lat="40.936490000000006" lon="24.421010000000003">
    <ele>17.57</ele>
   </trkpt>
   <trkpt lat="40.93634000342984" lon="24.421895001734015">
    <ele>20.950000000000003</ele>
   </trkpt>
   <trkpt lat="40.93619" lon="24.422780000000003">
    <ele>24.19</ele>
   </trkpt>
   <trkpt lat="40.93609" lon="24.423350000000003">
    <ele>25.26</ele>
   </trkpt>
   <trkpt lat="40.936080000000004" lon="24.423520000000003">
    <ele>25.730000000000004</ele>
   </trkpt>
   <trkpt lat="40.93609" lon="24.42367">
    <ele>26.740000000000002</ele>
   </trkpt>
   <trkpt lat="40.936170000000004" lon="24.423840000000002">
    <ele>27.590000000000003</ele>
   </trkpt>
   <trkpt lat="40.936420000000005" lon="24.424120000000002">
    <ele>28.770000000000003</ele>
   </trkpt>
   <trkpt lat="40.93677" lon="24.42442">
    <ele>28.630000000000003</ele>
   </trkpt>
   <trkpt lat="40.936960000000006" lon="24.424550000000004">
    <ele>28.01</ele>
   </trkpt>
   <trkpt lat="40.93757" lon="24.424740000000003">
    <ele>24.790000000000003</ele>
   </trkpt>
   <trkpt lat="40.93771" lon="24.4248">
    <ele>24.39</ele>
   </trkpt>
   <trkpt lat="40.937830000000005" lon="24.424870000000002">
    <ele>24.28</ele>
   </trkpt>
   <trkpt lat="40.93795" lon="24.425030000000003">
    <ele>24.53</ele>
   </trkpt>
   <trkpt lat="40.93804" lon="24.42527">
    <ele>24.720000000000002</ele>
   </trkpt>
   <trkpt lat="40.938320000000004" lon="24.42621">
    <ele>28.1</ele>
   </trkpt>
   <trkpt lat="40.938410000000005" lon="24.42642">
    <ele>28.12</ele>
   </trkpt>
   <trkpt lat="40.938500000000005" lon="24.426540000000003">
    <ele>27.87</ele>
   </trkpt>
   <trkpt lat="40.938700000000004" lon="24.42667">
    <ele>27.12</ele>
   </trkpt>
   <trkpt lat="40.938900000000004" lon="24.42669">
    <ele>25.62</ele>
   </trkpt>
   <trkpt lat="40.93936000018156" lon="24.42658000073514">
    <ele>24.32</ele>
   </trkpt>
   <trkpt lat="40.939820000000005" lon="24.426470000000002">
    <ele>22.2</ele>
   </trkpt>
   <trkpt lat="40.939910000000005" lon="24.42639">
    <ele>22.2</ele>
   </trkpt>
   <trkpt lat="40.939980000000006" lon="24.4263">
    <ele>20.76</ele>
   </trkpt>
   <trkpt lat="40.940280001816774" lon="24.425640003140373">
    <ele>17.310000000000002</ele>
   </trkpt>
   <trkpt lat="40.940580000000004" lon="24.42498">
    <ele>14.89</ele>
   </trkpt>
   <trkpt lat="40.940630000000006" lon="24.42481">
    <ele>14.260000000000002</ele>
   </trkpt>
   <trkpt lat="40.94072000263928" lon="24.424030000965477">
    <ele>13.82</ele>
   </trkpt>
   <trkpt lat="40.940810000000006" lon="24.423250000000003">
    <ele>14.89</ele>
   </trkpt>
   <trkpt lat="40.940900000000006" lon="24.42275">
    <ele>15.23</ele>
   </trkpt>
   <trkpt lat="40.94097" lon="24.422610000000002">
    <ele>15.23</ele>
   </trkpt>
   <trkpt lat="40.94107" lon="24.422480000000004">
    <ele>15.170000000000002</ele>
   </trkpt>
   <trkpt lat="40.94167" lon="24.4221">
    <ele>14.950000000000001</ele>
   </trkpt>
   <trkpt lat="40.94185" lon="24.422010000000004">
    <ele>14.790000000000001</ele>
   </trkpt>
   <trkpt lat="40.942" lon="24.42199">
    <ele>14.600000000000001</ele>
   </trkpt>
   <trkpt lat="40.94218" lon="24.422060000000002">
    <ele>14.600000000000001</ele>
   </trkpt>
   <trkpt lat="40.942400000000006" lon="24.422250000000002">
    <ele>13.600000000000001</ele>
   </trkpt>
   <trkpt lat="40.94301" lon="24.422960000000003">
    <ele>11.56</ele>
   </trkpt>
   <trkpt lat="40.943160000000006" lon="24.423150000000003">
    <ele>10.990000000000002</ele>
   </trkpt>
   <trkpt lat="40.94348" lon="24.42368">
    <ele>10.22</ele>
   </trkpt>
   <trkpt lat="40.943900000000006" lon="24.42444">
    <ele>9.120000000000001</ele>
   </trkpt>
   <trkpt lat="40.944010000000006" lon="24.4248">
    <ele>8.8</ele>
   </trkpt>
   <trkpt lat="40.94404" lon="24.425">
    <ele>8.530000000000001</ele>
   </trkpt>
   <trkpt lat="40.94406" lon="24.42535">
    <ele>8.190000000000001</ele>
   </trkpt>
   <trkpt lat="40.9440550016861" lon="24.425975000205398">
    <ele>7.680000000000001</ele>
   </trkpt>
   <trkpt lat="40.944050000000004" lon="24.4266">
    <ele>7.620000000000001</ele>
   </trkpt>
   <trkpt lat="40.944100000000006" lon="24.42688">
    <ele>7.430000000000001</ele>
   </trkpt>
   <trkpt lat="40.94433" lon="24.427560000000003">
    <ele>7.29</ele>
   </trkpt>
   <trkpt lat="40.94472000987048" lon="24.428629987305328">
    <ele>7.23</ele>
   </trkpt>
   <trkpt lat="40.94511000984988" lon="24.429699987248565">
    <ele>7.050000000000001</ele>
   </trkpt>
   <trkpt lat="40.9455" lon="24.430770000000003">
    <ele>7.11</ele>
   </trkpt>
   <trkpt lat="40.945660000000004" lon="24.431320000000003">
    <ele>7.010000000000001</ele>
   </trkpt>
   <trkpt lat="40.9457" lon="24.43157">
    <ele>7.010000000000001</ele>
   </trkpt>
   <trkpt lat="40.94572" lon="24.431870000000004">
    <ele>7.07</ele>
   </trkpt>
   <trkpt lat="40.945705004024674" lon="24.432835000087497">
    <ele>6.99</ele>
   </trkpt>
   <trkpt lat="40.945690000000006" lon="24.4338">
    <ele>7.130000000000001</ele>
   </trkpt>
   <trkpt lat="40.94572" lon="24.434060000000002">
    <ele>7.150000000000001</ele>
   </trkpt>
   <trkpt lat="40.94597" lon="24.435070000000003">
    <ele>7.140000000000001</ele>
   </trkpt>
   <trkpt lat="40.94621667651381" lon="24.436136658773215">
    <ele>7.150000000000001</ele>
   </trkpt>
   <trkpt lat="40.946463343197934" lon="24.437203325515235">
    <ele>6.970000000000001</ele>
   </trkpt>
   <trkpt lat="40.94671" lon="24.438270000000003">
    <ele>6.840000000000001</ele>
   </trkpt>
   <trkpt lat="40.94694000358301" lon="24.439184996679476">
    <ele>6.920000000000001</ele>
   </trkpt>
   <trkpt lat="40.94717" lon="24.4401">
    <ele>7.050000000000001</ele>
   </trkpt>
   <trkpt lat="40.94729" lon="24.440540000000002">
    <ele>7.08</ele>
   </trkpt>
   <trkpt lat="40.947590000000005" lon="24.441350000000003">
    <ele>7.03</ele>
   </trkpt>
   <trkpt lat="40.947860001799896" lon="24.44199499736927">
    <ele>7.180000000000001</ele>
   </trkpt>
   <trkpt lat="40.948130000000006" lon="24.44264">
    <ele>7.37</ele>
   </trkpt>
   <trkpt lat="40.948370000000004" lon="24.44331">
    <ele>8.09</ele>
   </trkpt>
   <trkpt lat="40.948420000000006" lon="24.443800000000003">
    <ele>9.19</ele>
   </trkpt>
   <trkpt lat="40.94838" lon="24.444180000000003">
    <ele>10.34</ele>
   </trkpt>
   <trkpt lat="40.948280000000004" lon="24.444580000000002">
    <ele>12.33</ele>
   </trkpt>
   <trkpt lat="40.94818" lon="24.444820000000004">
    <ele>14.260000000000002</ele>
   </trkpt>
   <trkpt lat="40.94803" lon="24.44506">
    <ele>15.71</ele>
   </trkpt>
   <trkpt lat="40.94771" lon="24.44545">
    <ele>17.54</ele>
   </trkpt>
   <trkpt lat="40.94755000000001" lon="24.445590000000003">
    <ele>19.560000000000002</ele>
   </trkpt>
   <trkpt lat="40.94736" lon="24.44581">
    <ele>21.7</ele>
   </trkpt>
   <trkpt lat="40.94722" lon="24.446">
    <ele>21.7</ele>
   </trkpt>
   <trkpt lat="40.94706" lon="24.446320000000004">
    <ele>23.700000000000003</ele>
   </trkpt>
   <trkpt lat="40.947" lon="24.44656">
    <ele>24.66</ele>
   </trkpt>
   <trkpt lat="40.94697" lon="24.446980000000003">
    <ele>26.400000000000002</ele>
   </trkpt>
   <trkpt lat="40.947010000000006" lon="24.447450000000003">
    <ele>27.51</ele>
   </trkpt>
   <trkpt lat="40.94713" lon="24.44788">
    <ele>29.220000000000002</ele>
   </trkpt>
   <trkpt lat="40.947250000000004" lon="24.44819">
    <ele>29.53</ele>
   </trkpt>
   <trkpt lat="40.94744" lon="24.44853">
    <ele>31.55</ele>
   </trkpt>
   <trkpt lat="40.94769" lon="24.44884">
    <ele>32.78</ele>
   </trkpt>
   <trkpt lat="40.94792" lon="24.44901">
    <ele>32.78</ele>
   </trkpt>
   <trkpt lat="40.94812" lon="24.44909">
    <ele>33.27</ele>
   </trkpt>
   <trkpt lat="40.948370000000004" lon="24.44909">
    <ele>33.5</ele>
   </trkpt>
   <trkpt lat="40.94845" lon="24.449070000000003">
    <ele>33.59</ele>
   </trkpt>
   <trkpt lat="40.948620000000005" lon="24.448990000000002">
    <ele>33.74</ele>
   </trkpt>
   <trkpt lat="40.94877" lon="24.448880000000003">
    <ele>33.74</ele>
   </trkpt>
   <trkpt lat="40.94888" lon="24.44874">
    <ele>33.620000000000005</ele>
   </trkpt>
   <trkpt lat="40.94944" lon="24.44837">
    <ele>33.53</ele>
   </trkpt>
   <trkpt lat="40.94966" lon="24.448290000000004">
    <ele>33.46</ele>
   </trkpt>
   <trkpt lat="40.949870000000004" lon="24.448300000000003">
    <ele>33.480000000000004</ele>
   </trkpt>
   <trkpt lat="40.95006" lon="24.448380000000004">
    <ele>33.67</ele>
   </trkpt>
   <trkpt lat="40.95024" lon="24.44854">
    <ele>33.760000000000005</ele>
   </trkpt>
   <trkpt lat="40.950410000000005" lon="24.448760000000004">
    <ele>33.96</ele>
   </trkpt>
   <trkpt lat="40.95051" lon="24.44903">
    <ele>34.510000000000005</ele>
   </trkpt>
   <trkpt lat="40.95055000000001" lon="24.44919">
    <ele>34.510000000000005</ele>
   </trkpt>
   <trkpt lat="40.95055000000001" lon="24.449510000000004">
    <ele>35.38</ele>
   </trkpt>
   <trkpt lat="40.950480000000006" lon="24.449810000000003">
    <ele>36.46000000000001</ele>
   </trkpt>
   <trkpt lat="40.95009" lon="24.45062">
    <ele>40.269999999999996</ele>
   </trkpt>
   <trkpt lat="40.94990000000001" lon="24.4511">
    <ele>41.96</ele>
   </trkpt>
   <trkpt lat="40.94989" lon="24.45135">
    <ele>43.13</ele>
   </trkpt>
   <trkpt lat="40.949940000000005" lon="24.45166">
    <ele>44.61</ele>
   </trkpt>
   <trkpt lat="40.950050000000005" lon="24.45194">
    <ele>46.13</ele>
   </trkpt>
   <trkpt lat="40.950120000000005" lon="24.452060000000003">
    <ele>46.13</ele>
   </trkpt>
   <trkpt lat="40.95022" lon="24.452180000000002">
    <ele>46.13</ele>
   </trkpt>
   <trkpt lat="40.950320000000005" lon="24.452270000000002">
    <ele>48.14</ele>
   </trkpt>
   <trkpt lat="40.950450000000004" lon="24.452340000000003">
    <ele>48.14</ele>
   </trkpt>
   <trkpt lat="40.950700000000005" lon="24.452420000000004">
    <ele>49.580000000000005</ele>
   </trkpt>
   <trkpt lat="40.95084000000001" lon="24.452420000000004">
    <ele>49.580000000000005</ele>
   </trkpt>
   <trkpt lat="40.951510000000006" lon="24.452230000000004">
    <ele>52.84</ele>
   </trkpt>
   <trkpt lat="40.951640000000005" lon="24.45222">
    <ele>53.31</ele>
   </trkpt>
   <trkpt lat="40.95188" lon="24.452280000000002">
    <ele>55.190000000000005</ele>
   </trkpt>
   <trkpt lat="40.95212" lon="24.452440000000003">
    <ele>56.64</ele>
   </trkpt>
   <trkpt lat="40.95223" lon="24.452550000000002">
    <ele>57.20000000000001</ele>
   </trkpt>
   <trkpt lat="40.95239" lon="24.452840000000002">
    <ele>58.690000000000005</ele>
   </trkpt>
   <trkpt lat="40.952450000000006" lon="24.453000000000003">
    <ele>59.11</ele>
   </trkpt>
   <trkpt lat="40.95248" lon="24.45315">
    <ele>60.29</ele>
   </trkpt>
   <trkpt lat="40.952540000000006" lon="24.453740000000003">
    <ele>61.540000000000006</ele>
   </trkpt>
   <trkpt lat="40.952630000000006" lon="24.45419">
    <ele>61.93000000000001</ele>
   </trkpt>
   <trkpt lat="40.95279" lon="24.454620000000002">
    <ele>61.910000000000004</ele>
   </trkpt>
   <trkpt lat="40.952940000000005" lon="24.454880000000003">
    <ele>61.790000000000006</ele>
   </trkpt>
   <trkpt lat="40.95309" lon="24.455080000000002">
    <ele>61.50000000000001</ele>
   </trkpt>
   <trkpt lat="40.95331" lon="24.45531">
    <ele>61.120000000000005</ele>
   </trkpt>
   <trkpt lat="40.95402000169581" lon="24.45591999351563">
    <ele>60.18</ele>
   </trkpt>
   <trkpt lat="40.954730000000005" lon="24.45653">
    <ele>57.730000000000004</ele>
   </trkpt>
   <trkpt lat="40.955000000000005" lon="24.456860000000002">
    <ele>55.120000000000005</ele>
   </trkpt>
   <trkpt lat="40.955130000000004" lon="24.457130000000003">
    <ele>54.01</ele>
   </trkpt>
   <trkpt lat="40.95523" lon="24.457430000000002">
    <ele>52.74</ele>
   </trkpt>
   <trkpt lat="40.95541500237484" lon="24.458169997963296">
    <ele>50.06000000000001</ele>
   </trkpt>
   <trkpt lat="40.955600000000004" lon="24.458910000000003">
    <ele>47.09</ele>
   </trkpt>
   <trkpt lat="40.95582" lon="24.459490000000002">
    <ele>44.22</ele>
   </trkpt>
   <trkpt lat="40.95617000182219" lon="24.4601299967032">
    <ele>40.93</ele>
   </trkpt>
   <trkpt lat="40.956520000000005" lon="24.460770000000004">
    <ele>38.690000000000005</ele>
   </trkpt>
   <trkpt lat="40.956770000000006" lon="24.461280000000002">
    <ele>35.89000000000001</ele>
   </trkpt>
   <trkpt lat="40.95687" lon="24.461560000000002">
    <ele>35.54</ele>
   </trkpt>
   <trkpt lat="40.956970000000005" lon="24.461750000000002">
    <ele>34.36</ele>
   </trkpt>
   <trkpt lat="40.95703" lon="24.461990000000004">
    <ele>33.230000000000004</ele>
   </trkpt>
   <trkpt lat="40.957100000000004" lon="24.46254">
    <ele>31.360000000000007</ele>
   </trkpt>
   <trkpt lat="40.95709" lon="24.463230000000003">
    <ele>29.18</ele>
   </trkpt>
   <trkpt lat="40.95702" lon="24.46421">
    <ele>27.01</ele>
   </trkpt>
   <trkpt lat="40.95696" lon="24.464470000000002">
    <ele>27.05</ele>
   </trkpt>
   <trkpt lat="40.956920000000004" lon="24.465030000000002">
    <ele>25.720000000000002</ele>
   </trkpt>
   <trkpt lat="40.956920000000004" lon="24.465460000000004">
    <ele>24.55</ele>
   </trkpt>
   <trkpt lat="40.956990000000005" lon="24.465950000000003">
    <ele>24.150000000000002</ele>
   </trkpt>
   <trkpt lat="40.95711" lon="24.466440000000002">
    <ele>22.930000000000003</ele>
   </trkpt>
   <trkpt lat="40.957300000000004" lon="24.466890000000003">
    <ele>21.96</ele>
   </trkpt>
   <trkpt lat="40.95768000462024" lon="24.467626658052374">
    <ele>20.71</ele>
   </trkpt>
   <trkpt lat="40.958060004551854" lon="24.46836332458633">
    <ele>20.17</ele>
   </trkpt>
   <trkpt lat="40.95844" lon="24.4691">
    <ele>19.900000000000002</ele>
   </trkpt>
   <trkpt lat="40.95863000000001" lon="24.46936">
    <ele>19.83</ele>
   </trkpt>
   <trkpt lat="40.958966670407335" lon="24.4700166599973">
    <ele>20.21</ele>
   </trkpt>
   <trkpt lat="40.959303337089054" lon="24.47067332669325">
    <ele>20.360000000000003</ele>
   </trkpt>
   <trkpt lat="40.95964" lon="24.471330000000002">
    <ele>20.84</ele>
   </trkpt>
   <trkpt lat="40.96009667388187" lon="24.472243320710813">
    <ele>21.36</ele>
   </trkpt>
   <trkpt lat="40.96055334055652" lon="24.473156654059924">
    <ele>21.560000000000002</ele>
   </trkpt>
   <trkpt lat="40.96101" lon="24.47407">
    <ele>21.810000000000002</ele>
   </trkpt>
   <trkpt lat="40.96136250887478" lon="24.474897486742012">
    <ele>21.61</ele>
   </trkpt>
   <trkpt lat="40.96171501183334" lon="24.475724982323133">
    <ele>21.2</ele>
   </trkpt>
   <trkpt lat="40.96206750887555" lon="24.476552486743422">
    <ele>21.080000000000002</ele>
   </trkpt>
   <trkpt lat="40.96242" lon="24.477380000000004">
    <ele>20.560000000000002</ele>
   </trkpt>
   <trkpt lat="40.96279002079484" lon="24.47827568415315">
    <ele>19.05</ele>
   </trkpt>
   <trkpt lat="40.963160034658046" lon="24.47917137834968">
    <ele>18.31</ele>
   </trkpt>
   <trkpt lat="40.96353004158947" lon="24.48006708258965">
    <ele>17.51</ele>
   </trkpt>
   <trkpt lat="40.96390004158892" lon="24.48096279687312">
    <ele>15.770000000000003</ele>
   </trkpt>
   <trkpt lat="40.96427003465625" lon="24.481858521200135">
    <ele>14.690000000000001</ele>
   </trkpt>
   <trkpt lat="40.96464002079128" lon="24.48275425557076">
    <ele>12.650000000000002</ele>
   </trkpt>
   <trkpt lat="40.96501000000001" lon="24.48365">
    <ele>11.11</ele>
   </trkpt>
   <trkpt lat="40.965323337550714" lon="24.484349993316197">
    <ele>10.22</ele>
   </trkpt>
   <trkpt lat="40.96563667086775" lon="24.485049993279695">
    <ele>9.47</ele>
   </trkpt>
   <trkpt lat="40.96595000000001" lon="24.485750000000003">
    <ele>8.97</ele>
   </trkpt>
   <trkpt lat="40.96616500157581" lon="24.486354998013514">
    <ele>8.540000000000001</ele>
   </trkpt>
   <trkpt lat="40.96638" lon="24.486960000000003">
    <ele>7.670000000000001</ele>
   </trkpt>
   <trkpt lat="40.966570000000004" lon="24.48759">
    <ele>6.86</ele>
   </trkpt>
   <trkpt lat="40.966710000000006" lon="24.488190000000003">
    <ele>6.470000000000001</ele>
   </trkpt>
   <trkpt lat="40.96674" lon="24.48852">
    <ele>6.29</ele>
   </trkpt>
   <trkpt lat="40.966730000000005" lon="24.488830000000004">
    <ele>6.25</ele>
   </trkpt>
   <trkpt lat="40.966660000000005" lon="24.489340000000002">
    <ele>6.17</ele>
   </trkpt>
   <trkpt lat="40.966496673008756" lon="24.49019667090131">
    <ele>6.140000000000001</ele>
   </trkpt>
   <trkpt lat="40.96633333967657" lon="24.49105333756193">
    <ele>6.1000000000000005</ele>
   </trkpt>
   <trkpt lat="40.966170000000005" lon="24.49191">
    <ele>5.9799999999999995</ele>
   </trkpt>
   <trkpt lat="40.965981285028924" lon="24.4929862715468">
    <ele>5.970000000000001</ele>
   </trkpt>
   <trkpt lat="40.965792560049366" lon="24.494062536937747">
    <ele>6.280000000000001</ele>
   </trkpt>
   <trkpt lat="40.96560382506143" lon="24.495138796172597">
    <ele>6.82</ele>
   </trkpt>
   <trkpt lat="40.965415080065256" lon="24.496215049251095">
    <ele>7.410000000000001</ele>
   </trkpt>
   <trkpt lat="40.96522632506097" lon="24.49729129617299">
    <ele>8.51</ele>
   </trkpt>
   <trkpt lat="40.96503756004868" lon="24.49836753693803">
    <ele>8.860000000000001</ele>
   </trkpt>
   <trkpt lat="40.964848785028515" lon="24.499443771545973">
    <ele>9.170000000000002</ele>
   </trkpt>
   <trkpt lat="40.96466" lon="24.50052">
    <ele>9.600000000000001</ele>
   </trkpt>
   <trkpt lat="40.96447502284403" lon="24.50154834773527">
    <ele>9.370000000000001</ele>
   </trkpt>
   <trkpt lat="40.96429003655111" lon="24.5025766897056">
    <ele>8.59</ele>
   </trkpt>
   <trkpt lat="40.96410504112132" lon="24.503605025910787">
    <ele>7.96</ele>
   </trkpt>
   <trkpt lat="40.9639200365548" lon="24.504633356350613">
    <ele>7.660000000000001</ele>
   </trkpt>
   <trkpt lat="40.96373502285165" lon="24.505661681024865">
    <ele>7.580000000000001</ele>
   </trkpt>
   <trkpt lat="40.963550000000005" lon="24.506690000000003">
    <ele>7.280000000000001</ele>
   </trkpt>
   <trkpt lat="40.96337145478916" lon="24.507695730612564">
    <ele>7.17</ele>
   </trkpt>
   <trkpt lat="40.96319290083889" lon="24.508701455783243">
    <ele>7.12</ele>
   </trkpt>
   <trkpt lat="40.96301433814931" lon="24.50970717551184">
    <ele>7.11</ele>
   </trkpt>
   <trkpt lat="40.96283576672049" lon="24.510712889798153">
    <ele>7.07</ele>
   </trkpt>
   <trkpt lat="40.962657186552555" lon="24.511718598641977">
    <ele>7.180000000000001</ele>
   </trkpt>
   <trkpt lat="40.962478597645614" lon="24.512724302043107">
    <ele>7.2700000000000005</ele>
   </trkpt>
   <trkpt lat="40.962300000000006" lon="24.513730000000002">
    <ele>7.2700000000000005</ele>
   </trkpt>
   <trkpt lat="40.96215333895147" lon="24.514536670274364">
    <ele>7.46</ele>
   </trkpt>
   <trkpt lat="40.962006672280694" lon="24.515343336963564">
    <ele>7.46</ele>
   </trkpt>
   <trkpt lat="40.96186" lon="24.516150000000003">
    <ele>7.660000000000001</ele>
   </trkpt>
   <trkpt lat="40.961780000000005" lon="24.516560000000002">
    <ele>7.73</ele>
   </trkpt>
   <trkpt lat="40.96172000000001" lon="24.51716">
    <ele>7.7</ele>
   </trkpt>
   <trkpt lat="40.961710000000004" lon="24.51779">
    <ele>7.6000000000000005</ele>
   </trkpt>
   <trkpt lat="40.96165500463055" lon="24.518825000809652">
    <ele>7.7</ele>
   </trkpt>
   <trkpt lat="40.961600000000004" lon="24.51986">
    <ele>7.430000000000001</ele>
   </trkpt>
   <trkpt lat="40.96153" lon="24.520690000000002">
    <ele>7.19</ele>
   </trkpt>
   <trkpt lat="40.96142000572959" lon="24.52184000174577">
    <ele>6.890000000000001</ele>
   </trkpt>
   <trkpt lat="40.961310000000005" lon="24.522990000000004">
    <ele>6.7700000000000005</ele>
   </trkpt>
   <trkpt lat="40.961220000000004" lon="24.523390000000003">
    <ele>6.49</ele>
   </trkpt>
   <trkpt lat="40.96094" lon="24.52419">
    <ele>6.44</ele>
   </trkpt>
   <trkpt lat="40.960840000000005" lon="24.524420000000003">
    <ele>6.44</ele>
   </trkpt>
   <trkpt lat="40.96072" lon="24.524800000000003">
    <ele>6.44</ele>
   </trkpt>
   <trkpt lat="40.96067" lon="24.52512">
    <ele>6.7</ele>
   </trkpt>
   <trkpt lat="40.96065" lon="24.525470000000002">
    <ele>6.9</ele>
   </trkpt>
   <trkpt lat="40.96067" lon="24.52569">
    <ele>7.21</ele>
   </trkpt>
   <trkpt lat="40.96072" lon="24.52587">
    <ele>7.660000000000001</ele>
   </trkpt>
   <trkpt lat="40.960910000000005" lon="24.52627">
    <ele>8.08</ele>
   </trkpt>
   <trkpt lat="40.96126" lon="24.52661">
    <ele>8.040000000000001</ele>
   </trkpt>
   <trkpt lat="40.961890000897974" lon="24.527089995343985">
    <ele>6.82</ele>
   </trkpt>
   <trkpt lat="40.962520000000005" lon="24.52757">
    <ele>6.670000000000001</ele>
   </trkpt>
   <trkpt lat="40.96271" lon="24.52775">
    <ele>6.98</ele>
   </trkpt>
   <trkpt lat="40.963060000000006" lon="24.52814">
    <ele>7.69</ele>
   </trkpt>
   <trkpt lat="40.96347" lon="24.528760000000002">
    <ele>9.19</ele>
   </trkpt>
   <trkpt lat="40.96390000242703" lon="24.529499995284006">
    <ele>10.110000000000001</ele>
   </trkpt>
   <trkpt lat="40.964330000000004" lon="24.530240000000003">
    <ele>11.250000000000002</ele>
   </trkpt>
   <trkpt lat="40.96452" lon="24.530530000000002">
    <ele>11.28</ele>
   </trkpt>
   <trkpt lat="40.964760000000005" lon="24.530810000000002">
    <ele>11.170000000000002</ele>
   </trkpt>
   <trkpt lat="40.96535667012502" lon="24.531439988638294">
    <ele>9.959999999999999</ele>
   </trkpt>
   <trkpt lat="40.96595333682079" lon="24.532069988668844">
    <ele>8.94</ele>
   </trkpt>
   <trkpt lat="40.966550000000005" lon="24.532700000000002">
    <ele>7.48</ele>
   </trkpt>
   <trkpt lat="40.96678" lon="24.533030000000004">
    <ele>7.390000000000001</ele>
   </trkpt>
   <trkpt lat="40.96712" lon="24.53367">
    <ele>7.07</ele>
   </trkpt>
   <trkpt lat="40.96734" lon="24.534260000000003">
    <ele>6.960000000000001</ele>
   </trkpt>
   <trkpt lat="40.96757" lon="24.53515">
    <ele>6.82</ele>
   </trkpt>
   <trkpt lat="40.967810009829115" lon="24.53621665889999">
    <ele>7.390000000000001</ele>
   </trkpt>
   <trkpt lat="40.9680500098275" lon="24.53728332555931">
    <ele>8.31</ele>
   </trkpt>
   <trkpt lat="40.96829" lon="24.53835">
    <ele>9.14</ele>
   </trkpt>
   <trkpt lat="40.96837" lon="24.538990000000002">
    <ele>9.520000000000001</ele>
   </trkpt>
   <trkpt lat="40.9684" lon="24.53958">
    <ele>10.190000000000001</ele>
   </trkpt>
   <trkpt lat="40.968391688629126" lon="24.540588333969005">
    <ele>11.070000000000002</ele>
   </trkpt>
   <trkpt lat="40.968383368473255" lon="24.54159666768386">
    <ele>11.8</ele>
   </trkpt>
   <trkpt lat="40.96837503953242" lon="24.542605001144295">
    <ele>12.990000000000002</ele>
   </trkpt>
   <trkpt lat="40.96836670180659" lon="24.543613334350038">
    <ele>13.97</ele>
   </trkpt>
   <trkpt lat="40.9683583552958" lon="24.544621667300824">
    <ele>14.76</ele>
   </trkpt>
   <trkpt lat="40.96835" lon="24.545630000000003">
    <ele>15.48</ele>
   </trkpt>
   <trkpt lat="40.96838000265323" lon="24.54641499940809">
    <ele>15.61</ele>
   </trkpt>
   <trkpt lat="40.968410000000006" lon="24.547200000000004">
    <ele>15.46</ele>
   </trkpt>
   <trkpt lat="40.96847" lon="24.547680000000003">
    <ele>15.370000000000001</ele>
   </trkpt>
   <trkpt lat="40.96866" lon="24.54866">
    <ele>14.88</ele>
   </trkpt>
   <trkpt lat="40.96885000240761" lon="24.54940499789316">
    <ele>13.940000000000001</ele>
   </trkpt>
   <trkpt lat="40.96904000000001" lon="24.550150000000002">
    <ele>13.670000000000002</ele>
   </trkpt>
   <trkpt lat="40.96926250924751" lon="24.5509949914263">
    <ele>12.57</ele>
   </trkpt>
   <trkpt lat="40.96948501232562" lon="24.551839988551563">
    <ele>11.959999999999999</ele>
   </trkpt>
   <trkpt lat="40.969707509234254" lon="24.552684991375703">
    <ele>11.7</ele>
   </trkpt>
   <trkpt lat="40.969930000000005" lon="24.553530000000002">
    <ele>10.42</ele>
   </trkpt>
   <trkpt lat="40.970020000000005" lon="24.55393">
    <ele>10.42</ele>
   </trkpt>
   <trkpt lat="40.97012" lon="24.554640000000003">
    <ele>10.020000000000001</ele>
   </trkpt>
   <trkpt lat="40.970150000000004" lon="24.55508">
    <ele>9.46</ele>
   </trkpt>
   <trkpt lat="40.970130000000005" lon="24.556030000000003">
    <ele>8.870000000000001</ele>
   </trkpt>
   <trkpt lat="40.970090000000006" lon="24.55636">
    <ele>8.83</ele>
   </trkpt>
   <trkpt lat="40.97003" lon="24.556720000000002">
    <ele>8.75</ele>
   </trkpt>
   <trkpt lat="40.969817512202354" lon="24.55769000933699">
    <ele>8.89</ele>
   </trkpt>
   <trkpt lat="40.969605016274805" lon="24.558660012426216">
    <ele>9.97</ele>
   </trkpt>
   <trkpt lat="40.969392512217496" lon="24.55963000926751">
    <ele>10.93</ele>
   </trkpt>
   <trkpt lat="40.96918" lon="24.5606">
    <ele>12.360000000000001</ele>
   </trkpt>
   <trkpt lat="40.96896" lon="24.56173">
    <ele>12.910000000000002</ele>
   </trkpt>
   <trkpt lat="40.96887" lon="24.562310000000004">
    <ele>13.200000000000001</ele>
   </trkpt>
   <trkpt lat="40.968790000000006" lon="24.562970000000004">
    <ele>13.510000000000002</ele>
   </trkpt>
   <trkpt lat="40.96875" lon="24.563950000000002">
    <ele>13.860000000000001</ele>
   </trkpt>
   <trkpt lat="40.968770000000006" lon="24.564870000000003">
    <ele>14.100000000000001</ele>
   </trkpt>
   <trkpt lat="40.96886801963986" lon="24.565935993696858">
    <ele>14.600000000000001</ele>
   </trkpt>
   <trkpt lat="40.96896602946123" lon="24.567001990560655">
    <ele>14.59</ele>
   </trkpt>
   <trkpt lat="40.96906402946407" lon="24.568067990591103">
    <ele>14.22</ele>
   </trkpt>
   <trkpt lat="40.96916201964829" lon="24.5691339937879">
    <ele>13.83</ele>
   </trkpt>
   <trkpt lat="40.969260000000006" lon="24.570200000000003">
    <ele>13.520000000000001</ele>
   </trkpt>
   <trkpt lat="40.969350000000006" lon="24.57072">
    <ele>13.38</ele>
   </trkpt>
   <trkpt lat="40.969480000000004" lon="24.571230000000003">
    <ele>13.170000000000002</ele>
   </trkpt>
   <trkpt lat="40.969746672861184" lon="24.572076659825136">
    <ele>12.88</ele>
   </trkpt>
   <trkpt lat="40.97001333952857" lon="24.57292332649398">
    <ele>12.8</ele>
   </trkpt>
   <trkpt lat="40.97028" lon="24.573770000000003">
    <ele>12.940000000000001</ele>
   </trkpt>
   <trkpt lat="40.970620000000004" lon="24.57487">
    <ele>13.05</ele>
   </trkpt>
   <trkpt lat="40.970710000000004" lon="24.57532">
    <ele>13.09</ele>
   </trkpt>
   <trkpt lat="40.970740000000006" lon="24.575560000000003">
    <ele>13.09</ele>
   </trkpt>
   <trkpt lat="40.970740000000006" lon="24.576200000000004">
    <ele>13.240000000000002</ele>
   </trkpt>
   <trkpt lat="40.9706050054664" lon="24.577325002313493">
    <ele>13.370000000000001</ele>
   </trkpt>
   <trkpt lat="40.970470000000006" lon="24.578450000000004">
    <ele>13.3</ele>
   </trkpt>
   <trkpt lat="40.97046" lon="24.579310000000003">
    <ele>12.97</ele>
   </trkpt>
   <trkpt lat="40.97048001302655" lon="24.58031249913689">
    <ele>12.540000000000001</ele>
   </trkpt>
   <trkpt lat="40.97050001736938" lon="24.5813149988818">
    <ele>12.13</ele>
   </trkpt>
   <trkpt lat="40.9705200130285" lon="24.582317499234478">
    <ele>12.120000000000001</ele>
   </trkpt>
   <trkpt lat="40.97054000000001" lon="24.58332">
    <ele>12.450000000000001</ele>
   </trkpt>
   <trkpt lat="40.97056500208785" lon="24.584014999766257">
    <ele>12.540000000000001</ele>
   </trkpt>
   <trkpt lat="40.97059" lon="24.58471">
    <ele>12.940000000000001</ele>
   </trkpt>
   <trkpt lat="40.970600000000005" lon="24.58564">
    <ele>13.48</ele>
   </trkpt>
   <trkpt lat="40.97064500160643" lon="24.586249999568608">
    <ele>13.920000000000002</ele>
   </trkpt>
   <trkpt lat="40.970690000000005" lon="24.58686">
    <ele>14.16</ele>
   </trkpt>
   <trkpt lat="40.97081" lon="24.58772">
    <ele>15.19</ele>
   </trkpt>
   <trkpt lat="40.97102" lon="24.58866">
    <ele>15.47</ele>
   </trkpt>
   <trkpt lat="40.971210000000006" lon="24.589290000000002">
    <ele>15.75</ele>
   </trkpt>
   <trkpt lat="40.971410000000006" lon="24.589830000000003">
    <ele>16.12</ele>
   </trkpt>
   <trkpt lat="40.971700000000006" lon="24.59054">
    <ele>16.21</ele>
   </trkpt>
   <trkpt lat="40.97207" lon="24.591260000000002">
    <ele>16.27</ele>
   </trkpt>
   <trkpt lat="40.97238" lon="24.591780000000004">
    <ele>16.380000000000003</ele>
   </trkpt>
   <trkpt lat="40.97285601038965" lon="24.59255597757762">
    <ele>16.310000000000002</ele>
   </trkpt>
   <trkpt lat="40.973332015576375" lon="24.59333196635274">
    <ele>16.52</ele>
   </trkpt>
   <trkpt lat="40.97380801556003" lon="24.594107966325595">
    <ele>16.68</ele>
   </trkpt>
   <trkpt lat="40.97428401034043" lon="24.5948839774964">
    <ele>16.92</ele>
   </trkpt>
   <trkpt lat="40.97476" lon="24.595660000000002">
    <ele>16.55</ele>
   </trkpt>
   <trkpt lat="40.97516" lon="24.59637">
    <ele>16.39</ele>
   </trkpt>
   <trkpt lat="40.975260000000006" lon="24.596580000000003">
    <ele>16.110000000000003</ele>
   </trkpt>
   <trkpt lat="40.97543" lon="24.59701">
    <ele>15.99</ele>
   </trkpt>
   <trkpt lat="40.975650003345265" lon="24.5978849972311">
    <ele>15.66</ele>
   </trkpt>
   <trkpt lat="40.97587" lon="24.598760000000002">
    <ele>16.07</ele>
   </trkpt>
   <trkpt lat="40.97612401956699" lon="24.599823983624358">
    <ele>16.89</ele>
   </trkpt>
   <trkpt lat="40.9763780293521" lon="24.6008879754428">
    <ele>17.43</ele>
   </trkpt>
   <trkpt lat="40.97663202935517" lon="24.601951975455137">
    <ele>17.53</ele>
   </trkpt>
   <trkpt lat="40.97688601957603" lon="24.603015983661198">
    <ele>17.39</ele>
   </trkpt>
   <trkpt lat="40.977140000000006" lon="24.604080000000003">
    <ele>17.35</ele>
   </trkpt>
   <trkpt lat="40.97736500343231" lon="24.604974996834137">
    <ele>17.210000000000004</ele>
   </trkpt>
   <trkpt lat="40.977590000000006" lon="24.605870000000003">
    <ele>16.87</ele>
   </trkpt>
   <trkpt lat="40.97784204393758" lon="24.606932963453467">
    <ele>16.48</ele>
   </trkpt>
   <trkpt lat="40.97809407811195" lon="24.607995935029983">
    <ele>15.280000000000001</ele>
   </trkpt>
   <trkpt lat="40.97834610252295" lon="24.60905891472936">
    <ele>14.96</ele>
   </trkpt>
   <trkpt lat="40.978598117170414" lon="24.610121902551423">
    <ele>14.810000000000002</ele>
   </trkpt>
   <trkpt lat="40.97885012205419" lon="24.611184898496003">
    <ele>14.820000000000002</ele>
   </trkpt>
   <trkpt lat="40.979102117174094" lon="24.6122479025629">
    <ele>14.860000000000001</ele>
   </trkpt>
   <trkpt lat="40.979354102529975" lon="24.613310914751946">
    <ele>14.900000000000002</ele>
   </trkpt>
   <trkpt lat="40.97960607812168" lon="24.614373935062957">
    <ele>14.990000000000002</ele>
   </trkpt>
   <trkpt lat="40.97985804394904" lon="24.61543696349575">
    <ele>15.340000000000002</ele>
   </trkpt>
   <trkpt lat="40.98011" lon="24.616500000000002">
    <ele>16.240000000000002</ele>
   </trkpt>
   <trkpt lat="40.980315002764925" lon="24.617304997361174">
    <ele>16.64</ele>
   </trkpt>
   <trkpt lat="40.980520000000006" lon="24.61811">
    <ele>17.210000000000004</ele>
   </trkpt>
   <trkpt lat="40.98076001679708" lon="24.61909598563133">
    <ele>17.330000000000002</ele>
   </trkpt>
   <trkpt lat="40.98100002519369" lon="24.620081978438648">
    <ele>17.11</ele>
   </trkpt>
   <trkpt lat="40.981240025189685" lon="24.621067978421827">
    <ele>16.87</ele>
   </trkpt>
   <trkpt lat="40.98148001678496" lon="24.622053985580724">
    <ele>16.650000000000002</ele>
   </trkpt>
   <trkpt lat="40.98172" lon="24.623040000000003">
    <ele>16.41</ele>
   </trkpt>
   <trkpt lat="40.981910000000006" lon="24.623680000000004">
    <ele>16.16</ele>
   </trkpt>
   <trkpt lat="40.98221" lon="24.624370000000003">
    <ele>16.009999999999998</ele>
   </trkpt>
   <trkpt lat="40.982728776367814" lon="24.62530369858564">
    <ele>15.61</ele>
   </trkpt>
   <trkpt lat="40.983247545202374" lon="24.626237411860306">
    <ele>15.61</ele>
   </trkpt>
   <trkpt lat="40.98376630650339" lon="24.627171139824284">
    <ele>15.420000000000002</ele>
   </trkpt>
   <trkpt lat="40.98428506027064" lon="24.628104882477874">
    <ele>15.4</ele>
   </trkpt>
   <trkpt lat="40.984803806503834" lon="24.629038639821353">
    <ele>15.860000000000003</ele>
   </trkpt>
   <trkpt lat="40.985322545202756" lon="24.629972411855">
    <ele>17.45</ele>
   </trkpt>
   <trkpt lat="40.985841276367104" lon="24.63090619857912">
    <ele>18.67</ele>
   </trkpt>
   <trkpt lat="40.986360000000005" lon="24.63184">
    <ele>20.19</ele>
   </trkpt>
   <trkpt lat="40.986885011892085" lon="24.632797477146106">
    <ele>21.810000000000002</ele>
   </trkpt>
   <trkpt lat="40.98741001586213" lon="24.63375496953861">
    <ele>22.310000000000002</ele>
   </trkpt>
   <trkpt lat="40.9879350119099" lon="24.634712477177818">
    <ele>23.53</ele>
   </trkpt>
   <trkpt lat="40.98846" lon="24.63567">
    <ele>24.19</ele>
   </trkpt>
   <trkpt lat="40.98883" lon="24.636460000000003">
    <ele>24.91</ele>
   </trkpt>
   <trkpt lat="40.98903000000001" lon="24.63697">
    <ele>25.080000000000002</ele>
   </trkpt>
   <trkpt lat="40.98921" lon="24.63755">
    <ele>25.35</ele>
   </trkpt>
   <trkpt lat="40.989470000000004" lon="24.63868">
    <ele>25.330000000000002</ele>
   </trkpt>
   <trkpt lat="40.98964667315699" lon="24.639546662021196">
    <ele>24.990000000000002</ele>
   </trkpt>
   <trkpt lat="40.98982333982345" lon="24.64041332868675">
    <ele>24.690000000000005</ele>
   </trkpt>
   <trkpt lat="40.99" lon="24.641280000000002">
    <ele>24.080000000000002</ele>
   </trkpt>
   <trkpt lat="40.99021334424755" lon="24.642403326116483">
    <ele>22.72</ele>
   </trkpt>
   <trkpt lat="40.99042667759088" lon="24.643526659502342">
    <ele>20.85</ele>
   </trkpt>
   <trkpt lat="40.990640000000006" lon="24.644650000000002">
    <ele>20.51</ele>
   </trkpt>
   <trkpt lat="40.9908350115163" lon="24.645592491647598">
    <ele>20.400000000000002</ele>
   </trkpt>
   <trkpt lat="40.991030015356564" lon="24.646534988870403">
    <ele>20.44</ele>
   </trkpt>
   <trkpt lat="40.99122501152065" lon="24.647477491668266">
    <ele>20.360000000000003</ele>
   </trkpt>
   <trkpt lat="40.991420000000005" lon="24.64842">
    <ele>20.39</ele>
   </trkpt>
   <trkpt lat="40.991626689879844" lon="24.649456650401532">
    <ele>20.71</ele>
   </trkpt>
   <trkpt lat="40.99183337047326" lon="24.650493307302646">
    <ele>21.550000000000004</ele>
   </trkpt>
   <trkpt lat="40.99204004178007" lon="24.651529970703137">
    <ele>22.0</ele>
   </trkpt>
   <trkpt lat="40.992246703800184" lon="24.6525666406028">
    <ele>22.160000000000004</ele>
   </trkpt>
   <trkpt lat="40.99245335653348" lon="24.65360331700143">
    <ele>22.060000000000002</ele>
   </trkpt>
   <trkpt lat="40.99266" lon="24.65464">
    <ele>22.28</ele>
   </trkpt>
   <trkpt lat="40.99281500214835" lon="24.655349998194616">
    <ele>22.27</ele>
   </trkpt>
   <trkpt lat="40.99297000000001" lon="24.656060000000004">
    <ele>22.26</ele>
   </trkpt>
   <trkpt lat="40.993170000000006" lon="24.6566">
    <ele>22.22</ele>
   </trkpt>
   <trkpt lat="40.99338" lon="24.657030000000002">
    <ele>22.21</ele>
   </trkpt>
   <trkpt lat="40.993590000000005" lon="24.657370000000004">
    <ele>22.29</ele>
   </trkpt>
   <trkpt lat="40.99381" lon="24.657680000000003">
    <ele>22.69</ele>
   </trkpt>
   <trkpt lat="40.994210001141795" lon="24.658154997316164">
    <ele>23.040000000000003</ele>
   </trkpt>
   <trkpt lat="40.99461" lon="24.658630000000002">
    <ele>23.75</ele>
   </trkpt>
   <trkpt lat="40.995181676026945" lon="24.659288304784997">
    <ele>24.650000000000002</ele>
   </trkpt>
   <trkpt lat="40.9957533483089" lon="24.659946620987622">
    <ele>25.26</ele>
   </trkpt>
   <trkpt lat="40.99632501684572" lon="24.66060494860823">
    <ele>25.060000000000002</ele>
   </trkpt>
   <trkpt lat="40.99689668163725" lon="24.66126328764718">
    <ele>24.59</ele>
   </trkpt>
   <trkpt lat="40.997468342683376" lon="24.661921638104822">
    <ele>24.970000000000002</ele>
   </trkpt>
   <trkpt lat="40.99804" lon="24.662580000000002">
    <ele>26.27</ele>
   </trkpt>
   <trkpt lat="40.99844500108591" lon="24.663104996638115">
    <ele>27.06</ele>
   </trkpt>
   <trkpt lat="40.998850000000004" lon="24.66363">
    <ele>27.090000000000003</ele>
   </trkpt>
   <trkpt lat="40.99925" lon="24.664260000000002">
    <ele>26.950000000000003</ele>
   </trkpt>
   <trkpt lat="40.99963000343" lon="24.664886659500752">
    <ele>26.950000000000003</ele>
   </trkpt>
   <trkpt lat="41.00001000346635" lon="24.665513326227273">
    <ele>26.81</ele>
   </trkpt>
   <trkpt lat="41.00039" lon="24.666140000000002">
    <ele>26.76</ele>
   </trkpt>
   <trkpt lat="41.00079000179013" lon="24.66676999629498">
    <ele>26.89</ele>
   </trkpt>
   <trkpt lat="41.00119" lon="24.6674">
    <ele>26.900000000000002</ele>
   </trkpt>
   <trkpt lat="41.00174334047012" lon="24.668309984687863">
    <ele>26.990000000000002</ele>
   </trkpt>
   <trkpt lat="41.00229667378409" lon="24.66921998465576">
    <ele>27.31</ele>
   </trkpt>
   <trkpt lat="41.00285" lon="24.67013">
    <ele>27.23</ele>
   </trkpt>
   <trkpt lat="41.00326500182055" lon="24.670789995745896">
    <ele>27.250000000000004</ele>
   </trkpt>
   <trkpt lat="41.00368" lon="24.671450000000004">
    <ele>27.23</ele>
   </trkpt>
   <trkpt lat="41.00399500132938" lon="24.67198999753785">
    <ele>27.240000000000002</ele>
   </trkpt>
   <trkpt lat="41.004310000000004" lon="24.672530000000002">
    <ele>27.14</ele>
   </trkpt>
   <trkpt lat="41.00478601041377" lon="24.673305977589045">
    <ele>27.19</ele>
   </trkpt>
   <trkpt lat="41.00526201562379" lon="24.67408196638821">
    <ele>27.19</ele>
   </trkpt>
   <trkpt lat="41.005738015629916" lon="24.674857966397713">
    <ele>27.340000000000003</ele>
   </trkpt>
   <trkpt lat="41.006214010432" lon="24.67563397761779">
    <ele>27.470000000000002</ele>
   </trkpt>
   <trkpt lat="41.006690000000006" lon="24.67641">
    <ele>27.83</ele>
   </trkpt>
   <trkpt lat="41.00722716339587" lon="24.677299956474627">
    <ele>28.1</ele>
   </trkpt>
   <trkpt lat="41.00776431994695" lon="24.678189927458906">
    <ele>28.470000000000002</ele>
   </trkpt>
   <trkpt lat="41.00830146965299" lon="24.67907991295316">
    <ele>29.01</ele>
   </trkpt>
   <trkpt lat="41.00883861251376" lon="24.679969912957727">
    <ele>29.26</ele>
   </trkpt>
   <trkpt lat="41.009375748529024" lon="24.680859927472923">
    <ele>29.080000000000002</ele>
   </trkpt>
   <trkpt lat="41.00991287769852" lon="24.681749956499075">
    <ele>28.720000000000002</ele>
   </trkpt>
   <trkpt lat="41.010450000000006" lon="24.682640000000003">
    <ele>28.150000000000002</ele>
   </trkpt>
   <trkpt lat="41.01095" lon="24.68343">
    <ele>28.720000000000002</ele>
   </trkpt>
   <trkpt lat="41.01150334033085" lon="24.684329984878254">
    <ele>28.720000000000002</ele>
   </trkpt>
   <trkpt lat="41.01205667366162" lon="24.685229984873835">
    <ele>30.42</ele>
   </trkpt>
   <trkpt lat="41.01261" lon="24.686130000000002">
    <ele>30.71</ele>
   </trkpt>
   <trkpt lat="41.01308333883474" lon="24.686929988454374">
    <ele>31.17</ele>
   </trkpt>
   <trkpt lat="41.013556672138506" lon="24.68772998840422">
    <ele>31.160000000000004</ele>
   </trkpt>
   <trkpt lat="41.014030000000005" lon="24.688530000000004">
    <ele>30.860000000000003</ele>
   </trkpt>
   <trkpt lat="41.014545009258114" lon="24.689374980185473">
    <ele>30.78</ele>
   </trkpt>
   <trkpt lat="41.01506001234558" lon="24.690219973582543">
    <ele>30.590000000000003</ele>
   </trkpt>
   <trkpt lat="41.015575009262186" lon="24.69106498019151">
    <ele>30.36</ele>
   </trkpt>
   <trkpt lat="41.016090000000005" lon="24.691910000000004">
    <ele>30.26</ele>
   </trkpt>
   <trkpt lat="41.016603358835944" lon="24.692768835344353">
    <ele>30.36</ele>
   </trkpt>
   <trkpt lat="41.01711671129714" lon="24.693627684074865">
    <ele>30.76</ele>
   </trkpt>
   <trkpt lat="41.01763005738339" lon="24.69448654619183">
    <ele>31.150000000000002</ele>
   </trkpt>
   <trkpt lat="41.01814339709449" lon="24.69534542169553">
    <ele>31.830000000000002</ele>
   </trkpt>
   <trkpt lat="41.01865673043019" lon="24.696204310586253">
    <ele>32.6</ele>
   </trkpt>
   <trkpt lat="41.01917005739031" lon="24.69706321286428">
    <ele>33.18</ele>
   </trkpt>
   <trkpt lat="41.01968337797463" lon="24.697922128529896">
    <ele>33.86</ele>
   </trkpt>
   <trkpt lat="41.02019669218291" lon="24.698781057583385">
    <ele>34.660000000000004</ele>
   </trkpt>
   <trkpt lat="41.02071" lon="24.699640000000002">
    <ele>34.95</ele>
   </trkpt>
   <trkpt lat="41.021150007358564" lon="24.70039248494865">
    <ele>35.38</ele>
   </trkpt>
   <trkpt lat="41.02159000982332" lon="24.70114497995162">
    <ele>35.85</ele>
   </trkpt>
   <trkpt lat="41.02203000739414" lon="24.701897485009077">
    <ele>37.26</ele>
   </trkpt>
   <trkpt lat="41.022470000000006" lon="24.702650000000002">
    <ele>38.830000000000005</ele>
   </trkpt>
   <trkpt lat="41.022890000000004" lon="24.70343">
    <ele>40.1</ele>
   </trkpt>
   <trkpt lat="41.023050000000005" lon="24.703840000000003">
    <ele>40.84</ele>
   </trkpt>
   <trkpt lat="41.02318" lon="24.70426">
    <ele>42.2</ele>
   </trkpt>
   <trkpt lat="41.02329" lon="24.704720000000002">
    <ele>43.050000000000004</ele>
   </trkpt>
   <trkpt lat="41.023340000000005" lon="24.705150000000003">
    <ele>44.14000000000001</ele>
   </trkpt>
   <trkpt lat="41.02338" lon="24.705900000000003">
    <ele>46.150000000000006</ele>
   </trkpt>
   <trkpt lat="41.023360000000004" lon="24.70633">
    <ele>46.92</ele>
   </trkpt>
   <trkpt lat="41.023230000000005" lon="24.70728">
    <ele>48.95</ele>
   </trkpt>
   <trkpt lat="41.0229650045027" lon="24.7083050042691">
    <ele>48.74</ele>
   </trkpt>
   <trkpt lat="41.0227" lon="24.70933">
    <ele>47.45</ele>
   </trkpt>
   <trkpt lat="41.02262" lon="24.70979">
    <ele>45.46</ele>
   </trkpt>
   <trkpt lat="41.02259" lon="24.7102">
    <ele>44.67</ele>
   </trkpt>
   <trkpt lat="41.02262" lon="24.71076">
    <ele>43.870000000000005</ele>
   </trkpt>
   <trkpt lat="41.02268" lon="24.711090000000002">
    <ele>43.45</ele>
   </trkpt>
   <trkpt lat="41.022870000000005" lon="24.711640000000003">
    <ele>43.300000000000004</ele>
   </trkpt>
   <trkpt lat="41.023050000000005" lon="24.712020000000003">
    <ele>43.120000000000005</ele>
   </trkpt>
   <trkpt lat="41.023320000000005" lon="24.712470000000003">
    <ele>42.370000000000005</ele>
   </trkpt>
   <trkpt lat="41.02376000645299" lon="24.713174985884375">
    <ele>40.0</ele>
   </trkpt>
   <trkpt lat="41.02420000861044" lon="24.713879981189255">
    <ele>37.74</ele>
   </trkpt>
   <trkpt lat="41.02464000647223" lon="24.714584985914826">
    <ele>34.730000000000004</ele>
   </trkpt>
   <trkpt lat="41.02508" lon="24.715290000000003">
    <ele>31.580000000000002</ele>
   </trkpt>
   <trkpt lat="41.02543" lon="24.71589">
    <ele>30.21</ele>
   </trkpt>
   <trkpt lat="41.025600000000004" lon="24.71629">
    <ele>29.970000000000002</ele>
   </trkpt>
   <trkpt lat="41.02575" lon="24.71674">
    <ele>29.85</ele>
   </trkpt>
   <trkpt lat="41.02592000148687" lon="24.71732499851721">
    <ele>29.740000000000002</ele>
   </trkpt>
   <trkpt lat="41.02609" lon="24.717910000000003">
    <ele>29.77</ele>
   </trkpt>
   <trkpt lat="41.02628" lon="24.718470000000003">
    <ele>29.77</ele>
   </trkpt>
   <trkpt lat="41.0264" lon="24.71874">
    <ele>29.35</ele>
   </trkpt>
   <trkpt lat="41.02655" lon="24.71899">
    <ele>29.35</ele>
   </trkpt>
   <trkpt lat="41.02684" lon="24.71936">
    <ele>29.35</ele>
   </trkpt>
   <trkpt lat="41.026970000000006" lon="24.719500000000004">
    <ele>29.370000000000005</ele>
   </trkpt>
   <trkpt lat="41.027120000000004" lon="24.719620000000003">
    <ele>29.450000000000003</ele>
   </trkpt>
   <trkpt lat="41.0275" lon="24.71985">
    <ele>30.160000000000004</ele>
   </trkpt>
   <trkpt lat="41.027910000000006" lon="24.719980000000003">
    <ele>31.42</ele>
   </trkpt>
   <trkpt lat="41.02812" lon="24.720010000000002">
    <ele>32.42</ele>
   </trkpt>
   <trkpt lat="41.028330000000004" lon="24.720010000000002">
    <ele>32.42</ele>
   </trkpt>
   <trkpt lat="41.028650000000006" lon="24.719980000000003">
    <ele>34.02</ele>
   </trkpt>
   <trkpt lat="41.02917" lon="24.719790000000003">
    <ele>35.69</ele>
   </trkpt>
   <trkpt lat="41.02939000000001" lon="24.719690000000003">
    <ele>36.19</ele>
   </trkpt>
   <trkpt lat="41.030070000909525" lon="24.71935667357684">
    <ele>37.09</ele>
   </trkpt>
   <trkpt lat="41.030750000858724" lon="24.719023340268514">
    <ele>37.84</ele>
   </trkpt>
   <trkpt lat="41.03143" lon="24.718690000000002">
    <ele>38.220000000000006</ele>
   </trkpt>
   <trkpt lat="41.032145000477435" lon="24.718320004077373">
    <ele>39.28</ele>
   </trkpt>
   <trkpt lat="41.03286000000001" lon="24.717950000000002">
    <ele>42.46</ele>
   </trkpt>
   <trkpt lat="41.033240000000006" lon="24.7178">
    <ele>43.82000000000001</ele>
   </trkpt>
   <trkpt lat="41.033640000000005" lon="24.71771">
    <ele>45.74</ele>
   </trkpt>
   <trkpt lat="41.034090000000006" lon="24.717670000000002">
    <ele>47.64</ele>
   </trkpt>
   <trkpt lat="41.034440000000004" lon="24.71768">
    <ele>48.53</ele>
   </trkpt>
   <trkpt lat="41.034890000000004" lon="24.717760000000002">
    <ele>49.050000000000004</ele>
   </trkpt>
   <trkpt lat="41.0351" lon="24.717830000000003">
    <ele>49.160000000000004</ele>
   </trkpt>
   <trkpt lat="41.03549" lon="24.718020000000003">
    <ele>48.980000000000004</ele>
   </trkpt>
   <trkpt lat="41.03573" lon="24.71817">
    <ele>48.61000000000001</ele>
   </trkpt>
   <trkpt lat="41.03596" lon="24.71834">
    <ele>48.13</ele>
   </trkpt>
   <trkpt lat="41.036170000000006" lon="24.71852">
    <ele>47.7</ele>
   </trkpt>
   <trkpt lat="41.036370000000005" lon="24.71872">
    <ele>46.44</ele>
   </trkpt>
   <trkpt lat="41.036860000000004" lon="24.7193">
    <ele>42.760000000000005</ele>
   </trkpt>
   <trkpt lat="41.03741000870099" lon="24.720009976252975">
    <ele>40.57</ele>
   </trkpt>
   <trkpt lat="41.03796001304511" lon="24.72071996437069">
    <ele>39.290000000000006</ele>
   </trkpt>
   <trkpt lat="41.038510013032194" lon="24.721429964353483">
    <ele>39.05</ele>
   </trkpt>
   <trkpt lat="41.0390600086621" lon="24.722139976201696">
    <ele>38.86000000000001</ele>
   </trkpt>
   <trkpt lat="41.03961" lon="24.72285">
    <ele>38.95</ele>
   </trkpt>
   <trkpt lat="41.0401850115634" lon="24.72358163470065">
    <ele>38.93000000000001</ele>
   </trkpt>
   <trkpt lat="41.04076001849999" lon="24.72431328218506">
    <ele>38.50000000000001</ele>
   </trkpt>
   <trkpt lat="41.04133502080957" lon="24.725044942453604">
    <ele>38.36000000000001</ele>
   </trkpt>
   <trkpt lat="41.041910018492025" lon="24.72577661550666">
    <ele>38.080000000000005</ele>
   </trkpt>
   <trkpt lat="41.04248501154713" lon="24.72650830134461">
    <ele>37.720000000000006</ele>
   </trkpt>
   <trkpt lat="41.043060000000004" lon="24.727240000000002">
    <ele>37.11000000000001</ele>
   </trkpt>
   <trkpt lat="41.04369639275859" lon="24.728060829706425">
    <ele>36.50000000000001</ele>
   </trkpt>
   <trkpt lat="41.04433277969339" lon="24.728881675288065">
    <ele>35.88</ele>
   </trkpt>
   <trkpt lat="41.04496916080411" lon="24.72970253674545">
    <ele>35.45</ele>
   </trkpt>
   <trkpt lat="41.045605536090534" lon="24.73052341407909">
    <ele>35.25</ele>
   </trkpt>
   <trkpt lat="41.04624190555242" lon="24.731344307289504">
    <ele>35.28000000000001</ele>
   </trkpt>
   <trkpt lat="41.04687826918953" lon="24.732165216377215">
    <ele>35.58</ele>
   </trkpt>
   <trkpt lat="41.04751462700161" lon="24.732986141342728">
    <ele>35.9</ele>
   </trkpt>
   <trkpt lat="41.04815097898842" lon="24.733807082186573">
    <ele>35.99</ele>
   </trkpt>
   <trkpt lat="41.0487873251497" lon="24.734628038909268">
    <ele>36.38</ele>
   </trkpt>
   <trkpt lat="41.04942366548525" lon="24.735449011511324">
    <ele>36.47</ele>
   </trkpt>
   <trkpt lat="41.05006" lon="24.73627">
    <ele>36.63</ele>
   </trkpt>
   <trkpt lat="41.05042000077939" lon="24.736684997769686">
    <ele>36.71</ele>
   </trkpt>
   <trkpt lat="41.05078" lon="24.7371">
    <ele>36.9</ele>
   </trkpt>
   <trkpt lat="41.051280000000006" lon="24.73757">
    <ele>36.96</ele>
   </trkpt>
   <trkpt lat="41.05193800538319" lon="24.738127977676918">
    <ele>37.01</ele>
   </trkpt>
   <trkpt lat="41.052596008075156" lon="24.73868596651515">
    <ele>37.32000000000001</ele>
   </trkpt>
   <trkpt lat="41.05325400807574" lon="24.73924396651512">
    <ele>37.49</ele>
   </trkpt>
   <trkpt lat="41.05391200538488" lon="24.739801977677278">
    <ele>37.8</ele>
   </trkpt>
   <trkpt lat="41.054570000000005" lon="24.740360000000003">
    <ele>38.53</ele>
   </trkpt>
   <trkpt lat="41.05512500063709" lon="24.740784996304416">
    <ele>39.07</ele>
   </trkpt>
   <trkpt lat="41.05568" lon="24.741210000000002">
    <ele>38.84</ele>
   </trkpt>
   <trkpt lat="41.05628000074201" lon="24.741614996328234">
    <ele>39.46</ele>
   </trkpt>
   <trkpt lat="41.05688000000001" lon="24.742020000000004">
    <ele>39.720000000000006</ele>
   </trkpt>
   <trkpt lat="41.05738" lon="24.742430000000002">
    <ele>40.0</ele>
   </trkpt>
   <trkpt lat="41.058" lon="24.743080000000003">
    <ele>40.449999999999996</ele>
   </trkpt>
   <trkpt lat="41.05863000257697" lon="24.743859992463978">
    <ele>41.54</ele>
   </trkpt>
   <trkpt lat="41.05926" lon="24.74464">
    <ele>42.22</ele>
   </trkpt>
   <trkpt lat="41.05982" lon="24.7452">
    <ele>42.160000000000004</ele>
   </trkpt>
   <trkpt lat="41.060460000000006" lon="24.74566">
    <ele>41.79</ele>
   </trkpt>
   <trkpt lat="41.06069" lon="24.745800000000003">
    <ele>41.550000000000004</ele>
   </trkpt>
   <trkpt lat="41.061510000000006" lon="24.746270000000003">
    <ele>41.46</ele>
   </trkpt>
   <trkpt lat="41.06206000034516" lon="24.746529997850708">
    <ele>42.080000000000005</ele>
   </trkpt>
   <trkpt lat="41.06261000000001" lon="24.74679">
    <ele>43.5</ele>
   </trkpt>
   <trkpt lat="41.06314500043969" lon="24.74707499772871">
    <ele>44.95</ele>
   </trkpt>
   <trkpt lat="41.063680000000005" lon="24.74736">
    <ele>45.790000000000006</ele>
   </trkpt>
   <trkpt lat="41.06419" lon="24.74773">
    <ele>46.1</ele>
   </trkpt>
   <trkpt lat="41.06468" lon="24.74818">
    <ele>45.57000000000001</ele>
   </trkpt>
   <trkpt lat="41.065020000000004" lon="24.74855">
    <ele>44.96000000000001</ele>
   </trkpt>
   <trkpt lat="41.065400000000004" lon="24.74902">
    <ele>44.620000000000005</ele>
   </trkpt>
   <trkpt lat="41.06571000109371" lon="24.749499997888712">
    <ele>44.64000000000001</ele>
   </trkpt>
   <trkpt lat="41.06602" lon="24.74998">
    <ele>44.800000000000004</ele>
   </trkpt>
   <trkpt lat="41.066305000974126" lon="24.750464997825496">
    <ele>45.35</ele>
   </trkpt>
   <trkpt lat="41.066590000000005" lon="24.750950000000003">
    <ele>45.01</ele>
   </trkpt>
   <trkpt lat="41.06692" lon="24.751330000000003">
    <ele>43.71000000000001</ele>
   </trkpt>
   <trkpt lat="41.067260000000005" lon="24.75165">
    <ele>43.03000000000001</ele>
   </trkpt>
   <trkpt lat="41.06754" lon="24.75186">
    <ele>41.68</ele>
   </trkpt>
   <trkpt lat="41.06797" lon="24.752080000000003">
    <ele>40.96</ele>
   </trkpt>
   <trkpt lat="41.068400000000004" lon="24.75222">
    <ele>40.730000000000004</ele>
   </trkpt>
   <trkpt lat="41.06855" lon="24.752250000000004">
    <ele>40.53</ele>
   </trkpt>
   <trkpt lat="41.06884" lon="24.752270000000003">
    <ele>40.31</ele>
   </trkpt>
   <trkpt lat="41.069680000000005" lon="24.75222">
    <ele>40.540000000000006</ele>
   </trkpt>
   <trkpt lat="41.069880000000005" lon="24.752190000000002">
    <ele>40.6</ele>
   </trkpt>
   <trkpt lat="41.07045" lon="24.75222">
    <ele>40.49</ele>
   </trkpt>
   <trkpt lat="41.07085" lon="24.75232">
    <ele>40.39</ele>
   </trkpt>
   <trkpt lat="41.071180000000005" lon="24.752480000000002">
    <ele>40.080000000000005</ele>
   </trkpt>
   <trkpt lat="41.071490000000004" lon="24.752660000000002">
    <ele>39.67</ele>
   </trkpt>
   <trkpt lat="41.071810000000006" lon="24.752910000000004">
    <ele>39.5</ele>
   </trkpt>
   <trkpt lat="41.072488017047476" lon="24.75357193855318">
    <ele>39.470000000000006</ele>
   </trkpt>
   <trkpt lat="41.07316603030706" lon="24.75423389075977">
    <ele>39.99</ele>
   </trkpt>
   <trkpt lat="41.07384403977859" lon="24.754895856620315">
    <ele>40.300000000000004</ele>
   </trkpt>
   <trkpt lat="41.07452204546189" lon="24.75555783613535">
    <ele>40.38</ele>
   </trkpt>
   <trkpt lat="41.07520004735679" lon="24.75621982930539">
    <ele>40.64</ele>
   </trkpt>
   <trkpt lat="41.075878045463135" lon="24.756881836130983">
    <ele>40.43</ele>
   </trkpt>
   <trkpt lat="41.076556039780726" lon="24.757543856612656">
    <ele>40.230000000000004</ele>
   </trkpt>
   <trkpt lat="41.07723403030943" lon="24.758205890750933">
    <ele>40.06</ele>
   </trkpt>
   <trkpt lat="41.07791201704906" lon="24.758867938546356">
    <ele>40.040000000000006</ele>
   </trkpt>
   <trkpt lat="41.078590000000005" lon="24.75953">
    <ele>39.99</ele>
   </trkpt>
   <trkpt lat="41.07930500604657" lon="24.760212477732452">
    <ele>39.870000000000005</ele>
   </trkpt>
   <trkpt lat="41.080020008066406" lon="24.76089497031351">
    <ele>39.85</ele>
   </trkpt>
   <trkpt lat="41.08073500605929" lon="24.761577477743806">
    <ele>39.75</ele>
   </trkpt>
   <trkpt lat="41.081450000000004" lon="24.76226">
    <ele>39.510000000000005</ele>
   </trkpt>
   <trkpt lat="41.081700000000005" lon="24.76247">
    <ele>39.470000000000006</ele>
   </trkpt>
   <trkpt lat="41.08231000000001" lon="24.76284">
    <ele>39.769999999999996</ele>
   </trkpt>
   <trkpt lat="41.0828250003262" lon="24.763094998024066">
    <ele>40.18</ele>
   </trkpt>
   <trkpt lat="41.08334000000001" lon="24.763350000000003">
    <ele>40.690000000000005</ele>
   </trkpt>
   <trkpt lat="41.083950000324386" lon="24.76357499795042">
    <ele>41.88</ele>
   </trkpt>
   <trkpt lat="41.08456" lon="24.763800000000003">
    <ele>42.760000000000005</ele>
   </trkpt>
   <trkpt lat="41.08509" lon="24.76406">
    <ele>43.88</ele>
   </trkpt>
   <trkpt lat="41.085330000000006" lon="24.76423">
    <ele>44.11</ele>
   </trkpt>
   <trkpt lat="41.08569000000001" lon="24.764580000000002">
    <ele>44.61</ele>
   </trkpt>
   <trkpt lat="41.08594" lon="24.76489">
    <ele>44.95</ele>
   </trkpt>
   <trkpt lat="41.08621" lon="24.76528">
    <ele>45.410000000000004</ele>
   </trkpt>
   <trkpt lat="41.08644" lon="24.76566">
    <ele>45.37</ele>
   </trkpt>
   <trkpt lat="41.086600000000004" lon="24.765970000000003">
    <ele>44.77</ele>
   </trkpt>
   <trkpt lat="41.08684" lon="24.76658">
    <ele>44.52</ele>
   </trkpt>
   <trkpt lat="41.08693" lon="24.76696">
    <ele>44.300000000000004</ele>
   </trkpt>
   <trkpt lat="41.08701000000001" lon="24.767400000000002">
    <ele>43.9</ele>
   </trkpt>
   <trkpt lat="41.08708" lon="24.768210000000003">
    <ele>43.83</ele>
   </trkpt>
   <trkpt lat="41.087070000000004" lon="24.769180000000002">
    <ele>44.300000000000004</ele>
   </trkpt>
   <trkpt lat="41.087050000000005" lon="24.7694">
    <ele>44.43000000000001</ele>
   </trkpt>
   <trkpt lat="41.086920000000006" lon="24.770090000000003">
    <ele>44.7</ele>
   </trkpt>
   <trkpt lat="41.08657001957543" lon="24.77115402266709">
    <ele>46.31</ele>
   </trkpt>
   <trkpt lat="41.086220029363176" lon="24.772218033999895">
    <ele>47.150000000000006</ele>
   </trkpt>
   <trkpt lat="41.08587002936348" lon="24.773282033998367">
    <ele>47.66</ele>
   </trkpt>
   <trkpt lat="41.085520019576556" lon="24.77434602266245">
    <ele>47.370000000000005</ele>
   </trkpt>
   <trkpt lat="41.085170000000005" lon="24.77541">
    <ele>46.71</ele>
   </trkpt>
   <trkpt lat="41.08483500388214" lon="24.77636500504005">
    <ele>46.32000000000001</ele>
   </trkpt>
   <trkpt lat="41.084500000000006" lon="24.777320000000003">
    <ele>45.83</ele>
   </trkpt>
   <trkpt lat="41.08420500358853" lon="24.778230004057328">
    <ele>45.660000000000004</ele>
   </trkpt>
   <trkpt lat="41.08391" lon="24.77914">
    <ele>45.56</ele>
   </trkpt>
   <trkpt lat="41.08360251056856" lon="24.78004251265063">
    <ele>45.290000000000006</ele>
   </trkpt>
   <trkpt lat="41.0832950140954" lon="24.780945016855544">
    <ele>46.86000000000001</ele>
   </trkpt>
   <trkpt lat="41.082987510580665" lon="24.78184751261473">
    <ele>49.06</ele>
   </trkpt>
   <trkpt lat="41.08268" lon="24.782750000000004">
    <ele>49.260000000000005</ele>
   </trkpt>
   <trkpt lat="41.08261" lon="24.782960000000003">
    <ele>49.260000000000005</ele>
   </trkpt>
   <trkpt lat="41.0822" lon="24.783900000000003">
    <ele>47.220000000000006</ele>
   </trkpt>
   <trkpt lat="41.081865001862674" lon="24.784570003570657">
    <ele>46.57000000000001</ele>
   </trkpt>
   <trkpt lat="41.08153" lon="24.78524">
    <ele>46.25000000000001</ele>
   </trkpt>
   <trkpt lat="41.081030003927346" lon="24.78620500753038">
    <ele>46.540000000000006</ele>
   </trkpt>
   <trkpt lat="41.08053" lon="24.787170000000003">
    <ele>46.53</ele>
   </trkpt>
   <trkpt lat="41.08010667201155" lon="24.787956676809834">
    <ele>45.95</ele>
   </trkpt>
   <trkpt lat="41.079683338673064" lon="24.788743343485923">
    <ele>45.34</ele>
   </trkpt>
   <trkpt lat="41.079260000000005" lon="24.789530000000003">
    <ele>44.83</ele>
   </trkpt>
   <trkpt lat="41.07874859619063" lon="24.790507188477033">
    <ele>43.99</ele>
   </trkpt>
   <trkpt lat="41.07823718412629" lon="24.791484361747948">
    <ele>43.59</ele>
   </trkpt>
   <trkpt lat="41.077725763807216" lon="24.792461519813017">
    <ele>43.46000000000001</ele>
   </trkpt>
   <trkpt lat="41.077214335233734" lon="24.79343866267251">
    <ele>43.56</ele>
   </trkpt>
   <trkpt lat="41.0767028984061" lon="24.794415790326685">
    <ele>43.76</ele>
   </trkpt>
   <trkpt lat="41.07619145332458" lon="24.79539290277581">
    <ele>44.24</ele>
   </trkpt>
   <trkpt lat="41.075680000000006" lon="24.796370000000003">
    <ele>44.85</ele>
   </trkpt>
   <trkpt lat="41.075275003144874" lon="24.797220005190816">
    <ele>45.83</ele>
   </trkpt>
   <trkpt lat="41.074870000000004" lon="24.798070000000003">
    <ele>46.88</ele>
   </trkpt>
   <trkpt lat="41.07461000161209" lon="24.798675002323083">
    <ele>47.43000000000001</ele>
   </trkpt>
   <trkpt lat="41.07435" lon="24.799280000000003">
    <ele>48.900000000000006</ele>
   </trkpt>
   <trkpt lat="41.07412" lon="24.79988">
    <ele>49.78</ele>
   </trkpt>
   <trkpt lat="41.073980000000006" lon="24.800320000000003">
    <ele>50.050000000000004</ele>
   </trkpt>
   <trkpt lat="41.07378500218601" lon="24.801025001955047">
    <ele>51.22</ele>
   </trkpt>
   <trkpt lat="41.07359" lon="24.801730000000003">
    <ele>51.940000000000005</ele>
   </trkpt>
   <trkpt lat="41.07347500154721" lon="24.8023400013915">
    <ele>52.800000000000004</ele>
   </trkpt>
   <trkpt lat="41.07336" lon="24.802950000000003">
    <ele>53.01</ele>
   </trkpt>
   <trkpt lat="41.073220000000006" lon="24.80412">
    <ele>53.550000000000004</ele>
   </trkpt>
   <trkpt lat="41.073170000000005" lon="24.80477">
    <ele>53.67</ele>
   </trkpt>
   <trkpt lat="41.073130000000006" lon="24.805380000000003">
    <ele>54.1</ele>
   </trkpt>
   <trkpt lat="41.073130000000006" lon="24.805970000000002">
    <ele>54.1</ele>
   </trkpt>
   <trkpt lat="41.07318" lon="24.806970000000003">
    <ele>54.45</ele>
   </trkpt>
   <trkpt lat="41.0733" lon="24.808000000000003">
    <ele>54.75000000000001</ele>
   </trkpt>
   <trkpt lat="41.07339500164616" lon="24.808614999184524">
    <ele>54.86000000000001</ele>
   </trkpt>
   <trkpt lat="41.07349000000001" lon="24.809230000000003">
    <ele>55.18000000000001</ele>
   </trkpt>
   <trkpt lat="41.073600000000006" lon="24.809800000000003">
    <ele>55.400000000000006</ele>
   </trkpt>
   <trkpt lat="41.07381" lon="24.81071">
    <ele>55.59</ele>
   </trkpt>
   <trkpt lat="41.07395" lon="24.811220000000002">
    <ele>55.910000000000004</ele>
   </trkpt>
   <trkpt lat="41.074160000000006" lon="24.811890000000002">
    <ele>56.02</ele>
   </trkpt>
   <trkpt lat="41.074400000000004" lon="24.812510000000003">
    <ele>56.080000000000005</ele>
   </trkpt>
   <trkpt lat="41.074850000000005" lon="24.813540000000003">
    <ele>56.650000000000006</ele>
   </trkpt>
   <trkpt lat="41.075120001238496" lon="24.814069997870888">
    <ele>57.300000000000004</ele>
   </trkpt>
   <trkpt lat="41.075390000000006" lon="24.814600000000002">
    <ele>57.720000000000006</ele>
   </trkpt>
   <trkpt lat="41.07592" lon="24.81549">
    <ele>58.78</ele>
   </trkpt>
   <trkpt lat="41.07649000000001" lon="24.816280000000003">
    <ele>60.72</ele>
   </trkpt>
   <trkpt lat="41.07696000000001" lon="24.81687">
    <ele>62.49</ele>
   </trkpt>
   <trkpt lat="41.07752000215882" lon="24.817569994087346">
    <ele>64.43</ele>
   </trkpt>
   <trkpt lat="41.07808" lon="24.818270000000002">
    <ele>65.79</ele>
   </trkpt>
   <trkpt lat="41.07862500180885" lon="24.818914994664418">
    <ele>67.94</ele>
   </trkpt>
   <trkpt lat="41.079170000000005" lon="24.819560000000003">
    <ele>70.08</ele>
   </trkpt>
   <trkpt lat="41.07963" lon="24.820130000000002">
    <ele>72.44</ele>
   </trkpt>
   <trkpt lat="41.08008" lon="24.82075">
    <ele>73.79</ele>
   </trkpt>
   <trkpt lat="41.080400000000004" lon="24.821230000000003">
    <ele>75.47000000000001</ele>
   </trkpt>
   <trkpt lat="41.08066" lon="24.821710000000003">
    <ele>76.44000000000001</ele>
   </trkpt>
   <trkpt lat="41.080780000000004" lon="24.82196">
    <ele>76.77000000000001</ele>
   </trkpt>
   <trkpt lat="41.08113" lon="24.822940000000003">
    <ele>76.57000000000001</ele>
   </trkpt>
   <trkpt lat="41.08128000000001" lon="24.823480000000004">
    <ele>75.69000000000001</ele>
   </trkpt>
   <trkpt lat="41.08149" lon="24.824620000000003">
    <ele>72.77</ele>
   </trkpt>
   <trkpt lat="41.081540000000004" lon="24.82522">
    <ele>71.63</ele>
   </trkpt>
   <trkpt lat="41.08155" lon="24.825560000000003">
    <ele>70.39</ele>
   </trkpt>
   <trkpt lat="41.081514314855255" lon="24.826620003458782">
    <ele>67.45</ele>
   </trkpt>
   <trkpt lat="41.08147861999679" lon="24.827680005766293">
    <ele>64.03999999999999</ele>
   </trkpt>
   <trkpt lat="41.08144291542458" lon="24.828740006922246">
    <ele>61.74</ele>
   </trkpt>
   <trkpt lat="41.08140720113871" lon="24.829800006926323">
    <ele>59.46000000000001</ele>
   </trkpt>
   <trkpt lat="41.08137147713917" lon="24.83086000577821">
    <ele>57.67</ele>
   </trkpt>
   <trkpt lat="41.081335743425996" lon="24.8319200034776">
    <ele>56.71</ele>
   </trkpt>
   <trkpt lat="41.081300000000006" lon="24.832980000000003">
    <ele>55.970000000000006</ele>
   </trkpt>
   <trkpt lat="41.08131" lon="24.833740000000002">
    <ele>55.39</ele>
   </trkpt>
   <trkpt lat="41.081340000000004" lon="24.83417">
    <ele>55.39</ele>
   </trkpt>
   <trkpt lat="41.0814" lon="24.83452">
    <ele>54.56</ele>
   </trkpt>
   <trkpt lat="41.08147" lon="24.8348">
    <ele>53.95</ele>
   </trkpt>
   <trkpt lat="41.081610000000005" lon="24.83527">
    <ele>53.6</ele>
   </trkpt>
   <trkpt lat="41.08171" lon="24.835530000000002">
    <ele>53.040000000000006</ele>
   </trkpt>
   <trkpt lat="41.0821016844312" lon="24.836436639644766">
    <ele>52.39000000000001</ele>
   </trkpt>
   <trkpt lat="41.082493361756015" lon="24.837343290096328">
    <ele>53.11000000000001</ele>
   </trkpt>
   <trkpt lat="41.08288503197428" lon="24.83824995135475">
    <ele>55.81</ele>
   </trkpt>
   <trkpt lat="41.08327669508582" lon="24.839156623420134">
    <ele>57.720000000000006</ele>
   </trkpt>
   <trkpt lat="41.08366835109044" lon="24.840063306292553">
    <ele>60.21000000000001</ele>
   </trkpt>
   <trkpt lat="41.08406" lon="24.840970000000002">
    <ele>61.71000000000001</ele>
   </trkpt>
   <trkpt lat="41.084230000000005" lon="24.84149">
    <ele>63.03</ele>
   </trkpt>
   <trkpt lat="41.084390000000006" lon="24.841870000000004">
    <ele>63.58000000000001</ele>
   </trkpt>
   <trkpt lat="41.08462" lon="24.84232">
    <ele>64.01</ele>
   </trkpt>
   <trkpt lat="41.08489" lon="24.84271">
    <ele>64.08000000000001</ele>
   </trkpt>
   <trkpt lat="41.085060000000006" lon="24.842900000000004">
    <ele>64.01</ele>
   </trkpt>
   <trkpt lat="41.08541" lon="24.843210000000003">
    <ele>63.71</ele>
   </trkpt>
   <trkpt lat="41.085710000000006" lon="24.843400000000003">
    <ele>63.35</ele>
   </trkpt>
   <trkpt lat="41.08646" lon="24.843780000000002">
    <ele>62.290000000000006</ele>
   </trkpt>
   <trkpt lat="41.087" lon="24.8441">
    <ele>60.99</ele>
   </trkpt>
   <trkpt lat="41.0874650004727" lon="24.8443949979736">
    <ele>60.18</ele>
   </trkpt>
   <trkpt lat="41.08793" lon="24.844690000000003">
    <ele>59.7</ele>
   </trkpt>
   <trkpt lat="41.08860000067553" lon="24.845074996094162">
    <ele>59.92000000000001</ele>
   </trkpt>
   <trkpt lat="41.089270000000006" lon="24.845460000000003">
    <ele>60.660000000000004</ele>
   </trkpt>
   <trkpt lat="41.08948" lon="24.84561">
    <ele>61.2</ele>
   </trkpt>
   <trkpt lat="41.08973" lon="24.845840000000003">
    <ele>61.39000000000001</ele>
   </trkpt>
   <trkpt lat="41.08999" lon="24.846140000000002">
    <ele>61.49</ele>
   </trkpt>
   <trkpt lat="41.090180000000004" lon="24.846410000000002">
    <ele>61.59</ele>
   </trkpt>
   <trkpt lat="41.09037" lon="24.84672">
    <ele>61.65</ele>
   </trkpt>
   <trkpt lat="41.09085859223852" lon="24.84761567432208">
    <ele>61.83</ele>
   </trkpt>
   <trkpt lat="41.09134717754121" lon="24.848511361965798">
    <ele>62.18000000000001</ele>
   </trkpt>
   <trkpt lat="41.09183575590785" lon="24.8494070629314">
    <ele>61.92</ele>
   </trkpt>
   <trkpt lat="41.09232432733824" lon="24.850302777219127">
    <ele>59.84</ele>
   </trkpt>
   <trkpt lat="41.09281289183212" lon="24.85119850482922">
    <ele>57.540000000000006</ele>
   </trkpt>
   <trkpt lat="41.09330144938929" lon="24.8520942457619">
    <ele>57.38000000000001</ele>
   </trkpt>
   <trkpt lat="41.093790000000006" lon="24.852990000000002">
    <ele>59.550000000000004</ele>
   </trkpt>
   <trkpt lat="41.09429500341581" lon="24.853884993036743">
    <ele>62.290000000000006</ele>
   </trkpt>
   <trkpt lat="41.094800000000006" lon="24.85478">
    <ele>65.95</ele>
   </trkpt>
   <trkpt lat="41.095060000000004" lon="24.85517">
    <ele>66.46000000000001</ele>
   </trkpt>
   <trkpt lat="41.09541" lon="24.855620000000002">
    <ele>66.39</ele>
   </trkpt>
   <trkpt lat="41.096095002346686" lon="24.856349992433397">
    <ele>65.99000000000001</ele>
   </trkpt>
   <trkpt lat="41.09678" lon="24.857080000000003">
    <ele>65.69000000000001</ele>
   </trkpt>
   <trkpt lat="41.097190000000005" lon="24.857480000000002">
    <ele>65.69000000000001</ele>
   </trkpt>
   <trkpt lat="41.09787250640786" lon="24.85818247810955">
    <ele>65.78</ele>
   </trkpt>
   <trkpt lat="41.09855500854911" lon="24.858884970817694">
    <ele>66.11</ele>
   </trkpt>
   <trkpt lat="41.09923750642359" lon="24.859587478124997">
    <ele>66.91000000000001</ele>
   </trkpt>
   <trkpt lat="41.099920000000004" lon="24.860290000000003">
    <ele>67.97</ele>
   </trkpt>
   <trkpt lat="41.10047" lon="24.86089">
    <ele>68.82000000000001</ele>
   </trkpt>
   <trkpt lat="41.10092000093297" lon="24.861319997181482">
    <ele>69.85000000000001</ele>
   </trkpt>
   <trkpt lat="41.10137" lon="24.86175">
    <ele>71.92000000000002</ele>
   </trkpt>
   <trkpt lat="41.10196600676691" lon="24.862375977266066">
    <ele>74.39000000000001</ele>
   </trkpt>
   <trkpt lat="41.10256201014584" lon="24.863001965893837">
    <ele>76.79</ele>
   </trkpt>
   <trkpt lat="41.10315801013668" lon="24.863627965883683">
    <ele>77.62</ele>
   </trkpt>
   <trkpt lat="41.10375400673928" lon="24.864253977236007">
    <ele>77.68</ele>
   </trkpt>
   <trkpt lat="41.104350000000004" lon="24.864880000000003">
    <ele>77.96</ele>
   </trkpt>
   <trkpt lat="41.1049" lon="24.865440000000003">
    <ele>78.05000000000001</ele>
   </trkpt>
   <trkpt lat="41.10529500060648" lon="24.86578499800506">
    <ele>78.17</ele>
   </trkpt>
   <trkpt lat="41.10569" lon="24.866130000000002">
    <ele>78.21</ele>
   </trkpt>
   <trkpt lat="41.106100000000005" lon="24.866410000000002">
    <ele>78.17999999999999</ele>
   </trkpt>
   <trkpt lat="41.10680000000001" lon="24.86682">
    <ele>77.9</ele>
   </trkpt>
   <trkpt lat="41.107380000000006" lon="24.86709">
    <ele>77.82</ele>
   </trkpt>
   <trkpt lat="41.10793000043608" lon="24.86736499775108">
    <ele>77.93</ele>
   </trkpt>
   <trkpt lat="41.10848" lon="24.86764">
    <ele>78.2</ele>
   </trkpt>
   <trkpt lat="41.10894500043703" lon="24.867894998279578">
    <ele>78.54</ele>
   </trkpt>
   <trkpt lat="41.109410000000004" lon="24.868150000000004">
    <ele>78.60000000000001</ele>
   </trkpt>
   <trkpt lat="41.109860000000005" lon="24.86848">
    <ele>79.09</ele>
   </trkpt>
   <trkpt lat="41.110290000000006" lon="24.86889">
    <ele>79.23</ele>
   </trkpt>
   <trkpt lat="41.11066" lon="24.869310000000002">
    <ele>79.64</ele>
   </trkpt>
   <trkpt lat="41.111050000000006" lon="24.869880000000002">
    <ele>81.39</ele>
   </trkpt>
   <trkpt lat="41.11128" lon="24.869570000000003">
    <ele>82.34</ele>
   </trkpt>
   <trkpt lat="41.11141000000001" lon="24.86945">
    <ele>82.42</ele>
   </trkpt>
   <trkpt lat="41.11149" lon="24.869410000000002">
    <ele>82.42</ele>
   </trkpt>
   <trkpt lat="41.11157" lon="24.869400000000002">
    <ele>82.42</ele>
   </trkpt>
   <trkpt lat="41.11177" lon="24.86945">
    <ele>82.9</ele>
   </trkpt>
   <trkpt lat="41.112475001261835" lon="24.869994994130213">
    <ele>83.32000000000001</ele>
   </trkpt>
   <trkpt lat="41.11318" lon="24.870540000000002">
    <ele>83.77000000000001</ele>
   </trkpt>
   <trkpt lat="41.11389500191045" lon="24.87117999315441">
    <ele>84.22</ele>
   </trkpt>
   <trkpt lat="41.114610000000006" lon="24.871820000000003">
    <ele>84.44</ele>
   </trkpt>
   <trkpt lat="41.11498500061516" lon="24.872194997864973">
    <ele>84.65</ele>
   </trkpt>
   <trkpt lat="41.11536" lon="24.872570000000003">
    <ele>84.7</ele>
   </trkpt>
   <trkpt lat="41.1160175042171" lon="24.873142482767207">
    <ele>84.65</ele>
   </trkpt>
   <trkpt lat="41.116675005600314" lon="24.87371497700301">
    <ele>84.37</ele>
   </trkpt>
   <trkpt lat="41.11733250414956" lon="24.87428748270786">
    <ele>84.0</ele>
   </trkpt>
   <trkpt lat="41.117990000000006" lon="24.87486">
    <ele>84.06</ele>
   </trkpt>
   <trkpt lat="41.1185333354588" lon="24.875356658437084">
    <ele>84.62</ele>
   </trkpt>
   <trkpt lat="41.11907666878469" lon="24.875853325096838">
    <ele>84.8</ele>
   </trkpt>
   <trkpt lat="41.119620000000005" lon="24.876350000000002">
    <ele>85.55</ele>
   </trkpt>
   <trkpt lat="41.1200850007639" lon="24.876794996758967">
    <ele>85.8</ele>
   </trkpt>
   <trkpt lat="41.12055" lon="24.87724">
    <ele>85.9</ele>
   </trkpt>
   <trkpt lat="41.120760000000004" lon="24.877530000000004">
    <ele>85.99000000000001</ele>
   </trkpt>
   <trkpt lat="41.12113000157312" lon="24.878129996644507">
    <ele>86.06000000000002</ele>
   </trkpt>
   <trkpt lat="41.121500000000005" lon="24.87873">
    <ele>86.12</ele>
   </trkpt>
   <trkpt lat="41.121936671371515" lon="24.87946999010155">
    <ele>86.07000000000001</ele>
   </trkpt>
   <trkpt lat="41.122373338008074" lon="24.88020999005042">
    <ele>86.07000000000001</ele>
   </trkpt>
   <trkpt lat="41.12281" lon="24.880950000000002">
    <ele>85.58</ele>
   </trkpt>
   <trkpt lat="41.12315" lon="24.88145">
    <ele>85.17</ele>
   </trkpt>
   <trkpt lat="41.12335" lon="24.881680000000003">
    <ele>85.17</ele>
   </trkpt>
   <trkpt lat="41.123540000000006" lon="24.881880000000002">
    <ele>84.66000000000001</ele>
   </trkpt>
   <trkpt lat="41.12382" lon="24.8821">
    <ele>84.19</ele>
   </trkpt>
   <trkpt lat="41.12445250265379" lon="24.882552486914342">
    <ele>83.45</ele>
   </trkpt>
   <trkpt lat="41.12508500353715" lon="24.883004982551306">
    <ele>83.2</ele>
   </trkpt>
   <trkpt lat="41.12571750264998" lon="24.88345748691123">
    <ele>83.24000000000001</ele>
   </trkpt>
   <trkpt lat="41.12635" lon="24.883910000000004">
    <ele>83.38000000000001</ele>
   </trkpt>
   <trkpt lat="41.1265" lon="24.88407">
    <ele>83.35000000000001</ele>
   </trkpt>
   <trkpt lat="41.126720000000006" lon="24.884240000000002">
    <ele>83.27000000000001</ele>
   </trkpt>
   <trkpt lat="41.12695" lon="24.884390000000003">
    <ele>82.99000000000001</ele>
   </trkpt>
   <trkpt lat="41.12742" lon="24.88465">
    <ele>83.04</ele>
   </trkpt>
   <trkpt lat="41.128150000000005" lon="24.885">
    <ele>82.75</ele>
   </trkpt>
   <trkpt lat="41.12874" lon="24.88531">
    <ele>83.06</ele>
   </trkpt>
   <trkpt lat="41.129225000085434" lon="24.885494998608635">
    <ele>83.26</ele>
   </trkpt>
   <trkpt lat="41.12971" lon="24.88568">
    <ele>83.89</ele>
   </trkpt>
   <trkpt lat="41.13048500099387" lon="24.885954990259247">
    <ele>84.45</ele>
   </trkpt>
   <trkpt lat="41.1312600013338" lon="24.886229987015177">
    <ele>84.38000000000001</ele>
   </trkpt>
   <trkpt lat="41.132035001019815" lon="24.88650499026811">
    <ele>84.03</ele>
   </trkpt>
   <trkpt lat="41.132810000000006" lon="24.88678">
    <ele>83.99000000000001</ele>
   </trkpt>
   <trkpt lat="41.13279" lon="24.886770000000002">
    <ele>83.99000000000001</ele>
   </trkpt>
   <trkpt lat="41.13326" lon="24.886940000000003">
    <ele>83.9</ele>
   </trkpt>
   <trkpt lat="41.133840000000006" lon="24.887120000000003">
    <ele>83.55000000000001</ele>
   </trkpt>
   <trkpt lat="41.1343500004362" lon="24.887304998666288">
    <ele>83.99000000000001</ele>
   </trkpt>
   <trkpt lat="41.13486" lon="24.887490000000003">
    <ele>84.14</ele>
   </trkpt>
   <trkpt lat="41.13526" lon="24.887580000000003">
    <ele>84.16000000000001</ele>
   </trkpt>
   <trkpt lat="41.13571999996466" lon="24.88764999950052">
    <ele>84.46000000000001</ele>
   </trkpt>
   <trkpt lat="41.13618" lon="24.88772">
    <ele>84.31</ele>
   </trkpt>
   <trkpt lat="41.13692" lon="24.887880000000003">
    <ele>83.42</ele>
   </trkpt>
   <trkpt lat="41.13746500001622" lon="24.8879049997929">
    <ele>83.41000000000001</ele>
   </trkpt>
   <trkpt lat="41.13801" lon="24.88793">
    <ele>83.0</ele>
   </trkpt>
   <trkpt lat="41.138570000143886" lon="24.887920000082815">
    <ele>83.10000000000001</ele>
   </trkpt>
   <trkpt lat="41.13913" lon="24.88791">
    <ele>83.04</ele>
   </trkpt>
   <trkpt lat="41.139160000000004" lon="24.88829">
    <ele>82.69000000000001</ele>
   </trkpt>
   <trkpt lat="41.139230000000005" lon="24.8885">
    <ele>82.69000000000001</ele>
   </trkpt>
   <trkpt lat="41.139340000000004" lon="24.88838">
    <ele>82.75</ele>
   </trkpt>
   <trkpt lat="41.1398" lon="24.888260000000002">
    <ele>83.03</ele>
   </trkpt>
   <trkpt lat="41.14002000165646" lon="24.88885999825985">
    <ele>82.12</ele>
   </trkpt>
   <trkpt lat="41.140240000000006" lon="24.889460000000003">
    <ele>80.69000000000001</ele>
   </trkpt>
   <trkpt lat="41.140370000000004" lon="24.890060000000002">
    <ele>78.83000000000001</ele>
   </trkpt>
   <trkpt lat="41.140420000000006" lon="24.89093">
    <ele>77.61000000000001</ele>
   </trkpt>
   <trkpt lat="41.14063" lon="24.892000000000003">
    <ele>77.6</ele>
   </trkpt>
   <trkpt lat="41.140800000000006" lon="24.892640000000004">
    <ele>76.84</ele>
   </trkpt>
   <trkpt lat="41.14092" lon="24.893030000000003">
    <ele>75.89000000000001</ele>
   </trkpt>
   <trkpt lat="41.14106" lon="24.89328">
    <ele>75.04</ele>
   </trkpt>
   <trkpt lat="41.141180000000006" lon="24.893520000000002">
    <ele>74.52</ele>
   </trkpt>
   <trkpt lat="41.14123" lon="24.89376">
    <ele>73.95</ele>
   </trkpt>
   <trkpt lat="41.14126" lon="24.893990000000002">
    <ele>73.95</ele>
   </trkpt>
   <trkpt lat="41.1413" lon="24.89459">
    <ele>73.45</ele>
   </trkpt>
   <trkpt lat="41.14133" lon="24.895360000000004">
    <ele>73.31</ele>
   </trkpt>
   <trkpt lat="41.14132" lon="24.895660000000003">
    <ele>73.51</ele>
   </trkpt>
   <trkpt lat="41.14210500029263" lon="24.895919996887983">
    <ele>73.56</ele>
   </trkpt>
   <trkpt lat="41.14289" lon="24.89618">
    <ele>73.05</ele>
   </trkpt>
   <trkpt lat="41.14376000023621" lon="24.896454996322987">
    <ele>74.62</ele>
   </trkpt>
   <trkpt lat="41.14463000000001" lon="24.89673">
    <ele>78.71</ele>
   </trkpt>
   <trkpt lat="41.144465003148916" lon="24.89758500221316">
    <ele>77.72000000000001</ele>
   </trkpt>
   <trkpt lat="41.1443" lon="24.89844">
    <ele>75.99</ele>
   </trkpt>
   <trkpt lat="41.14415" lon="24.89929">
    <ele>74.73</ele>
   </trkpt>
   <trkpt lat="41.144110000000005" lon="24.89964">
    <ele>74.52</ele>
   </trkpt>
   <trkpt lat="41.14412" lon="24.899700000000003">
    <ele>74.63</ele>
   </trkpt>
   <trkpt lat="41.14437" lon="24.90023">
    <ele>75.50000000000001</ele>
   </trkpt>
   <trkpt lat="41.144510000000004" lon="24.901130000000002">
    <ele>75.24</ele>
   </trkpt>
   <trkpt lat="41.14458667764168" lon="24.902256663999406">
    <ele>72.64000000000001</ele>
   </trkpt>
   <trkpt lat="41.14466334430615" lon="24.90338333063342">
    <ele>71.11</ele>
   </trkpt>
   <trkpt lat="41.144740000000006" lon="24.904510000000002">
    <ele>71.02</ele>
   </trkpt>
   <trkpt lat="41.144827176488675" lon="24.90564856235272">
    <ele>72.22</ele>
   </trkpt>
   <trkpt lat="41.14491434176703" lon="24.90678712773245">
    <ele>73.77</ele>
   </trkpt>
   <trkpt lat="41.145001495835" lon="24.907925696138836">
    <ele>75.56</ele>
   </trkpt>
   <trkpt lat="41.14508863869253" lon="24.9090642675715">
    <ele>76.59</ele>
   </trkpt>
   <trkpt lat="41.14517577033953" lon="24.91020284203007">
    <ele>75.93</ele>
   </trkpt>
   <trkpt lat="41.14526289077599" lon="24.911341419514176">
    <ele>73.25000000000001</ele>
   </trkpt>
   <trkpt lat="41.14535" lon="24.912480000000002">
    <ele>71.33</ele>
   </trkpt>
   <trkpt lat="41.145400006596276" lon="24.91335333201053">
    <ele>71.10000000000001</ele>
   </trkpt>
   <trkpt lat="41.1454500065968" lon="24.914226665352963">
    <ele>71.53000000000002</ele>
   </trkpt>
   <trkpt lat="41.145500000000006" lon="24.915100000000002">
    <ele>71.79</ele>
   </trkpt>
   <trkpt lat="41.14556334023353" lon="24.91599333159199">
    <ele>71.66</ele>
   </trkpt>
   <trkpt lat="41.14562667356576" lon="24.916886664909686">
    <ele>71.76</ele>
   </trkpt>
   <trkpt lat="41.14569" lon="24.91778">
    <ele>72.02</ele>
   </trkpt>
   <trkpt lat="41.145760009595016" lon="24.91883333108738">
    <ele>72.18</ele>
   </trkpt>
   <trkpt lat="41.14583000959523" lon="24.91988666442378">
    <ele>72.37</ele>
   </trkpt>
   <trkpt lat="41.145900000000005" lon="24.92094">
    <ele>72.54</ele>
   </trkpt>
   <trkpt lat="41.14598146103278" lon="24.922058563107644">
    <ele>74.24</ele>
   </trkpt>
   <trkpt lat="41.14606291124554" lon="24.92317712899427">
    <ele>75.73</ele>
   </trkpt>
   <trkpt lat="41.14614435063825" lon="24.92429569765953">
    <ele>77.88000000000001</ele>
   </trkpt>
   <trkpt lat="41.14622577921083" lon="24.925414269103065">
    <ele>78.53</ele>
   </trkpt>
   <trkpt lat="41.146307196963235" lon="24.92653284332453">
    <ele>78.44000000000001</ele>
   </trkpt>
   <trkpt lat="41.146388603895396" lon="24.927651420323564">
    <ele>77.69000000000001</ele>
   </trkpt>
   <trkpt lat="41.14647" lon="24.928770000000004">
    <ele>76.58000000000001</ele>
   </trkpt>
   <trkpt lat="41.14647" lon="24.929160000000003">
    <ele>76.64</ele>
   </trkpt>
   <trkpt lat="41.14643" lon="24.929450000000003">
    <ele>76.80000000000001</ele>
   </trkpt>
   <trkpt lat="41.146330000000006" lon="24.929830000000003">
    <ele>76.84</ele>
   </trkpt>
   <trkpt lat="41.146035003553905" lon="24.93073500403301">
    <ele>76.13</ele>
   </trkpt>
   <trkpt lat="41.14574" lon="24.93164">
    <ele>75.42</ele>
   </trkpt>
   <trkpt lat="41.145610000000005" lon="24.932160000000003">
    <ele>75.07000000000001</ele>
   </trkpt>
   <trkpt lat="41.14555" lon="24.93259">
    <ele>74.24</ele>
   </trkpt>
   <trkpt lat="41.145540000000004" lon="24.9328">
    <ele>74.09</ele>
   </trkpt>
   <trkpt lat="41.14557334226683" lon="24.933816665481775">
    <ele>73.58</ele>
   </trkpt>
   <trkpt lat="41.1456066755952" lon="24.934833331997293">
    <ele>73.65</ele>
   </trkpt>
   <trkpt lat="41.14564" lon="24.935850000000002">
    <ele>74.8</ele>
   </trkpt>
   <trkpt lat="41.14567" lon="24.93626">
    <ele>75.12</ele>
   </trkpt>
   <trkpt lat="41.14574" lon="24.936510000000002">
    <ele>75.28</ele>
   </trkpt>
   <trkpt lat="41.14602" lon="24.93701">
    <ele>75.83000000000001</ele>
   </trkpt>
   <trkpt lat="41.14618" lon="24.937240000000003">
    <ele>75.98</ele>
   </trkpt>
   <trkpt lat="41.14641" lon="24.937450000000002">
    <ele>76.42</ele>
   </trkpt>
   <trkpt lat="41.146620000000006" lon="24.93757">
    <ele>77.4</ele>
   </trkpt>
   <trkpt lat="41.14697" lon="24.937630000000002">
    <ele>77.67</ele>
   </trkpt>
   <trkpt lat="41.147130000000004" lon="24.937700000000003">
    <ele>78.06</ele>
   </trkpt>
   <trkpt lat="41.147240000000004" lon="24.937800000000003">
    <ele>78.53</ele>
   </trkpt>
   <trkpt lat="41.14734000000001" lon="24.93795">
    <ele>78.72000000000001</ele>
   </trkpt>
   <trkpt lat="41.147510000000004" lon="24.93843">
    <ele>78.86</ele>
   </trkpt>
   <trkpt lat="41.14762" lon="24.938740000000003">
    <ele>78.73</ele>
   </trkpt>
   <trkpt lat="41.14764" lon="24.938940000000002">
    <ele>78.73</ele>
   </trkpt>
   <trkpt lat="41.14762" lon="24.93907">
    <ele>78.73</ele>
   </trkpt>
   <trkpt lat="41.14755" lon="24.939280000000004">
    <ele>78.34</ele>
   </trkpt>
   <trkpt lat="41.14707500355357" lon="24.940195006756515">
    <ele>77.71</ele>
   </trkpt>
   <trkpt lat="41.14660000000001" lon="24.941110000000002">
    <ele>77.64</ele>
   </trkpt>
   <trkpt lat="41.14632" lon="24.94162">
    <ele>77.65</ele>
   </trkpt>
   <trkpt lat="41.146170000000005" lon="24.942030000000003">
    <ele>77.65</ele>
   </trkpt>
   <trkpt lat="41.145946671774546" lon="24.942800005311927">
    <ele>76.21</ele>
   </trkpt>
   <trkpt lat="41.14572333842179" lon="24.94357000537885">
    <ele>75.25000000000001</ele>
   </trkpt>
   <trkpt lat="41.145500000000006" lon="24.94434">
    <ele>74.4</ele>
   </trkpt>
   <trkpt lat="41.14525500378503" lon="24.94527500347433">
    <ele>74.2</ele>
   </trkpt>
   <trkpt lat="41.145010000000006" lon="24.94621">
    <ele>73.59</ele>
   </trkpt>
   <trkpt lat="41.14471801914081" lon="24.947262018738346">
    <ele>72.61</ele>
   </trkpt>
   <trkpt lat="41.14442602871087" lon="24.948314028108225">
    <ele>72.25000000000001</ele>
   </trkpt>
   <trkpt lat="41.144134028710354" lon="24.94936602810953">
    <ele>71.82000000000001</ele>
   </trkpt>
   <trkpt lat="41.14384201913946" lon="24.950418018742113">
    <ele>71.66</ele>
   </trkpt>
   <trkpt lat="41.143550000000005" lon="24.95147">
    <ele>71.24000000000001</ele>
   </trkpt>
   <trkpt lat="41.143330000000006" lon="24.952340000000003">
    <ele>71.22</ele>
   </trkpt>
   <trkpt lat="41.143110005273215" lon="24.95312000519093">
    <ele>71.17000000000002</ele>
   </trkpt>
   <trkpt lat="41.142890005285146" lon="24.953900005148576">
    <ele>70.82000000000001</ele>
   </trkpt>
   <trkpt lat="41.14267" lon="24.954680000000003">
    <ele>70.31000000000002</ele>
   </trkpt>
   <trkpt lat="41.14251500149774" lon="24.955270001422587">
    <ele>69.71000000000001</ele>
   </trkpt>
   <trkpt lat="41.142360000000004" lon="24.95586">
    <ele>68.39</ele>
   </trkpt>
   <trkpt lat="41.14204" lon="24.956920000000004">
    <ele>67.0</ele>
   </trkpt>
   <trkpt lat="41.141690003867325" lon="24.957865005026903">
    <ele>66.43</ele>
   </trkpt>
   <trkpt lat="41.14134000000001" lon="24.958810000000003">
    <ele>66.33</ele>
   </trkpt>
   <trkpt lat="41.14094" lon="24.959780000000002">
    <ele>66.31</ele>
   </trkpt>
   <trkpt lat="41.14054667359301" lon="24.9606733439912">
    <ele>66.11</ele>
   </trkpt>
   <trkpt lat="41.140153340284776" lon="24.961566677267353">
    <ele>65.09</ele>
   </trkpt>
   <trkpt lat="41.13976" lon="24.962460000000004">
    <ele>62.27</ele>
   </trkpt>
   <trkpt lat="41.139630000000004" lon="24.962880000000002">
    <ele>61.46000000000001</ele>
   </trkpt>
   <trkpt lat="41.13939335980828" lon="24.963986686641928">
    <ele>60.50000000000001</ele>
   </trkpt>
   <trkpt lat="41.13915670902554" lon="24.965093365297932">
    <ele>61.07000000000001</ele>
   </trkpt>
   <trkpt lat="41.138920047651936" lon="24.966200035967784">
    <ele>61.45</ele>
   </trkpt>
   <trkpt lat="41.13868337568763" lon="24.96730669865125">
    <ele>60.93000000000001</ele>
   </trkpt>
   <trkpt lat="41.138446693132785" lon="24.9684133533481">
    <ele>58.660000000000004</ele>
   </trkpt>
   <trkpt lat="41.13821" lon="24.969520000000003">
    <ele>57.77</ele>
   </trkpt>
   <trkpt lat="41.13799000437203" lon="24.970525003348257">
    <ele>57.86</ele>
   </trkpt>
   <trkpt lat="41.13777" lon="24.97153">
    <ele>58.300000000000004</ele>
   </trkpt>
   <trkpt lat="41.13757334162802" lon="24.97251000592819">
    <ele>58.64</ele>
   </trkpt>
   <trkpt lat="41.13737667495097" lon="24.97349000597979">
    <ele>58.800000000000004</ele>
   </trkpt>
   <trkpt lat="41.13718" lon="24.974470000000004">
    <ele>59.06</ele>
   </trkpt>
   <trkpt lat="41.137100000000004" lon="24.974990000000002">
    <ele>59.28000000000001</ele>
   </trkpt>
   <trkpt lat="41.136970005289655" lon="24.976095002102557">
    <ele>60.21000000000001</ele>
   </trkpt>
   <trkpt lat="41.13684000000001" lon="24.977200000000003">
    <ele>61.1</ele>
   </trkpt>
   <trkpt lat="41.13675000176328" lon="24.97784000093306">
    <ele>61.99</ele>
   </trkpt>
   <trkpt lat="41.136660000000006" lon="24.97848">
    <ele>62.58000000000001</ele>
   </trkpt>
   <trkpt lat="41.13658" lon="24.978890000000003">
    <ele>62.77</ele>
   </trkpt>
   <trkpt lat="41.13637000000001" lon="24.979360000000003">
    <ele>62.84</ele>
   </trkpt>
   <trkpt lat="41.135970002970296" lon="24.98019500518423">
    <ele>63.11</ele>
   </trkpt>
   <trkpt lat="41.13557" lon="24.98103">
    <ele>63.88</ele>
   </trkpt>
   <trkpt lat="41.135220000000004" lon="24.981930000000002">
    <ele>64.91000000000001</ele>
   </trkpt>
   <trkpt lat="41.134831456626344" lon="24.982970036973033">
    <ele>66.24000000000001</ele>
   </trkpt>
   <trkpt lat="41.13444290389914" lon="24.984010061625657">
    <ele>66.92</ele>
   </trkpt>
   <trkpt lat="41.13405434181869" lon="24.98505007395791">
    <ele>66.51</ele>
   </trkpt>
   <trkpt lat="41.133665770385186" lon="24.986090073969795">
    <ele>65.83</ele>
   </trkpt>
   <trkpt lat="41.133277189598886" lon="24.987130061661336">
    <ele>65.24000000000001</ele>
   </trkpt>
   <trkpt lat="41.13288859946" lon="24.988170037032546">
    <ele>64.66000000000001</ele>
   </trkpt>
   <trkpt lat="41.1325" lon="24.989210000000003">
    <ele>64.60000000000001</ele>
   </trkpt>
   <trkpt lat="41.132166013500665" lon="24.99009401803962">
    <ele>64.46000000000001</ele>
   </trkpt>
   <trkpt lat="41.13183202024369" lon="24.99097802707835">
    <ele>64.03999999999999</ele>
   </trkpt>
   <trkpt lat="41.13149802022924" lon="24.991862027116206">
    <ele>63.52</ele>
   </trkpt>
   <trkpt lat="41.13116401345744" lon="24.992746018153206">
    <ele>62.45</ele>
   </trkpt>
   <trkpt lat="41.13083" lon="24.993630000000003">
    <ele>61.75000000000001</ele>
   </trkpt>
   <trkpt lat="41.130680000000005" lon="24.99407">
    <ele>61.33</ele>
   </trkpt>
   <trkpt lat="41.130590000000005" lon="24.994560000000003">
    <ele>60.7</ele>
   </trkpt>
   <trkpt lat="41.130500000000005" lon="24.995540000000002">
    <ele>60.22</ele>
   </trkpt>
   <trkpt lat="41.13041000600354" lon="24.996373335632946">
    <ele>59.72</ele>
   </trkpt>
   <trkpt lat="41.13032000600208" lon="24.99720666897969">
    <ele>59.4</ele>
   </trkpt>
   <trkpt lat="41.130230000000005" lon="24.998040000000003">
    <ele>58.92000000000001</ele>
   </trkpt>
   <trkpt lat="41.13010002279393" lon="24.999188009083756">
    <ele>57.86</ele>
   </trkpt>
   <trkpt lat="41.129970034191615" lon="25.000336013618753">
    <ele>57.24</ele>
   </trkpt>
   <trkpt lat="41.12984003419316" lon="25.00148401360464">
    <ele>57.24</ele>
   </trkpt>
   <trkpt lat="41.129710022798655" lon="25.002632009041058">
    <ele>57.31</ele>
   </trkpt>
   <trkpt lat="41.129580000000004" lon="25.003780000000003">
    <ele>57.370000000000005</ele>
   </trkpt>
   <trkpt lat="41.12949500201503" lon="25.004460000754406">
    <ele>57.34</ele>
   </trkpt>
   <trkpt lat="41.12941" lon="25.00514">
    <ele>57.190000000000005</ele>
   </trkpt>
   <trkpt lat="41.12918602107785" lon="25.006244015079513">
    <ele>55.75000000000001</ele>
   </trkpt>
   <trkpt lat="41.128962031616254" lon="25.007348022621333">
    <ele>53.83</ele>
   </trkpt>
   <trkpt lat="41.12873803161536" lon="25.00845202262522">
    <ele>53.62</ele>
   </trkpt>
   <trkpt lat="41.12851402107532" lon="25.009556015090926">
    <ele>54.25000000000001</ele>
   </trkpt>
   <trkpt lat="41.12829000000001" lon="25.01066">
    <ele>54.53</ele>
   </trkpt>
   <trkpt lat="41.128130000000006" lon="25.011360000000003">
    <ele>54.42</ele>
   </trkpt>
   <trkpt lat="41.12794500386136" lon="25.012305002662693">
    <ele>53.77</ele>
   </trkpt>
   <trkpt lat="41.12776" lon="25.013250000000003">
    <ele>53.99</ele>
   </trkpt>
   <trkpt lat="41.12769" lon="25.01378">
    <ele>54.99</ele>
   </trkpt>
   <trkpt lat="41.12767" lon="25.01435">
    <ele>57.27</ele>
   </trkpt>
   <trkpt lat="41.12767" lon="25.014680000000002">
    <ele>57.27</ele>
   </trkpt>
   <trkpt lat="41.12769" lon="25.015">
    <ele>58.080000000000005</ele>
   </trkpt>
   <trkpt lat="41.127770000000005" lon="25.015520000000002">
    <ele>58.96</ele>
   </trkpt>
   <trkpt lat="41.12795401667472" lon="25.01650198897219">
    <ele>60.11</ele>
   </trkpt>
   <trkpt lat="41.128138025011026" lon="25.01748398345225">
    <ele>61.470000000000006</ele>
   </trkpt>
   <trkpt lat="41.12832202500879" lon="25.01846598344">
    <ele>62.84</ele>
   </trkpt>
   <trkpt lat="41.128506016667934" lon="25.019447988935248">
    <ele>64.0</ele>
   </trkpt>
   <trkpt lat="41.128690000000006" lon="25.02043">
    <ele>65.01</ele>
   </trkpt>
   <trkpt lat="41.12886667324972" lon="25.021303328570042">
    <ele>66.0</ele>
   </trkpt>
   <trkpt lat="41.129043339904214" lon="25.02217666184319">
    <ele>67.23</ele>
   </trkpt>
   <trkpt lat="41.129220000000004" lon="25.02305">
    <ele>68.17</ele>
   </trkpt>
   <trkpt lat="41.12948" lon="25.02418">
    <ele>68.69</ele>
   </trkpt>
   <trkpt lat="41.12964" lon="25.02504">
    <ele>68.81</ele>
   </trkpt>
   <trkpt lat="41.129740000000005" lon="25.025850000000002">
    <ele>68.36</ele>
   </trkpt>
   <trkpt lat="41.12977" lon="25.026590000000002">
    <ele>68.15</ele>
   </trkpt>
   <trkpt lat="41.129740000000005" lon="25.02729">
    <ele>67.45</ele>
   </trkpt>
   <trkpt lat="41.1296950017285" lon="25.027925000645364">
    <ele>66.33</ele>
   </trkpt>
   <trkpt lat="41.129650000000005" lon="25.028560000000002">
    <ele>66.03</ele>
   </trkpt>
   <trkpt lat="41.129560013690536" lon="25.029587504266644">
    <ele>64.98</ele>
   </trkpt>
   <trkpt lat="41.12947001825175" lon="25.03061500571468">
    <ele>64.47</ele>
   </trkpt>
   <trkpt lat="41.129380013683736" lon="25.031642504343832">
    <ele>64.22</ele>
   </trkpt>
   <trkpt lat="41.129290000000005" lon="25.032670000000003">
    <ele>63.29</ele>
   </trkpt>
   <trkpt lat="41.12919751245556" lon="25.033650004160393">
    <ele>62.26</ele>
   </trkpt>
   <trkpt lat="41.129105016606395" lon="25.03463000555781">
    <ele>61.36000000000001</ele>
   </trkpt>
   <trkpt lat="41.12901251245256" lon="25.035610004192012">
    <ele>60.480000000000004</ele>
   </trkpt>
   <trkpt lat="41.12892" lon="25.03659">
    <ele>59.10000000000001</ele>
   </trkpt>
   <trkpt lat="41.128780003874695" lon="25.037535001924187">
    <ele>58.330000000000005</ele>
   </trkpt>
   <trkpt lat="41.128640000000004" lon="25.038480000000003">
    <ele>57.6</ele>
   </trkpt>
   <trkpt lat="41.12859" lon="25.03928">
    <ele>57.31</ele>
   </trkpt>
   <trkpt lat="41.12856500312078" lon="25.040130000425066">
    <ele>57.550000000000004</ele>
   </trkpt>
   <trkpt lat="41.12854" lon="25.04098">
    <ele>58.010000000000005</ele>
   </trkpt>
   <trkpt lat="41.12848" lon="25.04172">
    <ele>57.790000000000006</ele>
   </trkpt>
   <trkpt lat="41.128370000000004" lon="25.042650000000002">
    <ele>57.410000000000004</ele>
   </trkpt>
   <trkpt lat="41.1283" lon="25.043110000000002">
    <ele>57.92</ele>
   </trkpt>
   <trkpt lat="41.12813751277367" lon="25.044102507393063">
    <ele>58.660000000000004</ele>
   </trkpt>
   <trkpt lat="41.12797501702941" lon="25.04509500987032">
    <ele>59.190000000000005</ele>
   </trkpt>
   <trkpt lat="41.127812512767306" lon="25.046087507431572">
    <ele>59.330000000000005</ele>
   </trkpt>
   <trkpt lat="41.12765" lon="25.04708">
    <ele>57.52</ele>
   </trkpt>
   <trkpt lat="41.127590000000005" lon="25.04735">
    <ele>57.06</ele>
   </trkpt>
   <trkpt lat="41.127258635952806" lon="25.048421498918014">
    <ele>54.46</ele>
   </trkpt>
   <trkpt lat="41.12692726197798" lon="25.049492987013736">
    <ele>52.31</ele>
   </trkpt>
   <trkpt lat="41.12659587807572" lon="25.050564464287067">
    <ele>50.71</ele>
   </trkpt>
   <trkpt lat="41.12626448424627" lon="25.051635930737927">
    <ele>49.260000000000005</ele>
   </trkpt>
   <trkpt lat="41.12593308048981" lon="25.052707386366226">
    <ele>48.46</ele>
   </trkpt>
   <trkpt lat="41.12560166680658" lon="25.05377883117187">
    <ele>47.68000000000001</ele>
   </trkpt>
   <trkpt lat="41.12527024319679" lon="25.054850265154784">
    <ele>47.43000000000001</ele>
   </trkpt>
   <trkpt lat="41.12493880966067" lon="25.05592168831486">
    <ele>46.900000000000006</ele>
   </trkpt>
   <trkpt lat="41.1246073661984" lon="25.05699310065203">
    <ele>46.42</ele>
   </trkpt>
   <trkpt lat="41.12427591281023" lon="25.058064502166186">
    <ele>46.080000000000005</ele>
   </trkpt>
   <trkpt lat="41.12394444949638" lon="25.059135892857253">
    <ele>46.11000000000001</ele>
   </trkpt>
   <trkpt lat="41.123612976257036" lon="25.06020727272514">
    <ele>46.290000000000006</ele>
   </trkpt>
   <trkpt lat="41.123281493092435" lon="25.061278641769757">
    <ele>45.75000000000001</ele>
   </trkpt>
   <trkpt lat="41.12295" lon="25.062350000000002">
    <ele>44.58</ele>
   </trkpt>
   <trkpt lat="41.12279" lon="25.062810000000002">
    <ele>44.06</ele>
   </trkpt>
   <trkpt lat="41.12261" lon="25.06349">
    <ele>43.870000000000005</ele>
   </trkpt>
   <trkpt lat="41.122510000000005" lon="25.064120000000003">
    <ele>43.72</ele>
   </trkpt>
   <trkpt lat="41.1224350018945" lon="25.064780000655578">
    <ele>43.71000000000001</ele>
   </trkpt>
   <trkpt lat="41.12236" lon="25.065440000000002">
    <ele>43.81</ele>
   </trkpt>
   <trkpt lat="41.12230000213846" lon="25.06614500076651">
    <ele>43.81</ele>
   </trkpt>
   <trkpt lat="41.122240000000005" lon="25.066850000000002">
    <ele>43.82000000000001</ele>
   </trkpt>
   <trkpt lat="41.12219500602079" lon="25.068030000786234">
    <ele>44.58</ele>
   </trkpt>
   <trkpt lat="41.122150000000005" lon="25.06921">
    <ele>45.37</ele>
   </trkpt>
   <trkpt lat="41.122073339930445" lon="25.070083335350045">
    <ele>46.43000000000001</ele>
   </trkpt>
   <trkpt lat="41.12199667326585" lon="25.070956668659726">
    <ele>47.2</ele>
   </trkpt>
   <trkpt lat="41.12192" lon="25.071830000000002">
    <ele>47.41</ele>
   </trkpt>
   <trkpt lat="41.121811052901776" lon="25.072996017424117">
    <ele>47.24</ele>
   </trkpt>
   <trkpt lat="41.12170209404743" lon="25.07416203097674">
    <ele>47.99</ele>
   </trkpt>
   <trkpt lat="41.12159312343704" lon="25.075328040657485">
    <ele>48.7</ele>
   </trkpt>
   <trkpt lat="41.12148414107068" lon="25.07649404646596">
    <ele>49.120000000000005</ele>
   </trkpt>
   <trkpt lat="41.121375146948445" lon="25.077660048401775">
    <ele>49.480000000000004</ele>
   </trkpt>
   <trkpt lat="41.12126614107043" lon="25.078826046464545">
    <ele>49.81000000000001</ele>
   </trkpt>
   <trkpt lat="41.1211571234367" lon="25.079992040653874">
    <ele>49.720000000000006</ele>
   </trkpt>
   <trkpt lat="41.12104809404735" lon="25.081158030969377">
    <ele>48.95</ele>
   </trkpt>
   <trkpt lat="41.120939052902465" lon="25.082324017410656">
    <ele>48.42</ele>
   </trkpt>
   <trkpt lat="41.120830000000005" lon="25.08349">
    <ele>47.85</ele>
   </trkpt>
   <trkpt lat="41.12073000347853" lon="25.084385001225982">
    <ele>47.31</ele>
   </trkpt>
   <trkpt lat="41.120630000000006" lon="25.08528">
    <ele>45.64000000000001</ele>
   </trkpt>
   <trkpt lat="41.12058500170995" lon="25.085910000515938">
    <ele>43.97</ele>
   </trkpt>
   <trkpt lat="41.120540000000005" lon="25.086540000000003">
    <ele>43.38</ele>
   </trkpt>
   <trkpt lat="41.120450011035786" lon="25.08746250381437">
    <ele>41.190000000000005</ele>
   </trkpt>
   <trkpt lat="41.120360014713086" lon="25.088385005098928">
    <ele>39.07</ele>
   </trkpt>
   <trkpt lat="41.12027001103195" lon="25.08930750385348">
    <ele>38.45</ele>
   </trkpt>
   <trkpt lat="41.120180000000005" lon="25.090230000000002">
    <ele>37.57000000000001</ele>
   </trkpt>
   <trkpt lat="41.12007402375424" lon="25.09140200756932">
    <ele>37.31</ele>
   </trkpt>
   <trkpt lat="41.119968035631345" lon="25.092574011353594">
    <ele>36.57000000000001</ele>
   </trkpt>
   <trkpt lat="41.1198620356314" lon="25.093746011352433">
    <ele>36.550000000000004</ele>
   </trkpt>
   <trkpt lat="41.11975602375449" lon="25.094918007565436">
    <ele>36.35</ele>
   </trkpt>
   <trkpt lat="41.11965" lon="25.096090000000004">
    <ele>34.49</ele>
   </trkpt>
   <trkpt lat="41.119540023670865" lon="25.09726000786616">
    <ele>33.730000000000004</ele>
   </trkpt>
   <trkpt lat="41.11943003550511" lon="25.0984300118112">
    <ele>33.7</ele>
   </trkpt>
   <trkpt lat="41.11932003550285" lon="25.099600011834717">
    <ele>34.33</ele>
   </trkpt>
   <trkpt lat="41.11921002366417" lon="25.100770007936326">
    <ele>36.02</ele>
   </trkpt>
   <trkpt lat="41.1191" lon="25.101940000000003">
    <ele>35.980000000000004</ele>
   </trkpt>
   <trkpt lat="41.119002515549155" lon="25.10303500490507">
    <ele>34.18</ele>
   </trkpt>
   <trkpt lat="41.11890502073065" lon="25.10413000655727">
    <ele>33.690000000000005</ele>
   </trkpt>
   <trkpt lat="41.11880751554457" lon="25.105225004956292">
    <ele>35.63</ele>
   </trkpt>
   <trkpt lat="41.11871" lon="25.106320000000004">
    <ele>37.77</ele>
   </trkpt>
   <trkpt lat="41.11862500327595" lon="25.107190001089617">
    <ele>38.25000000000001</ele>
   </trkpt>
   <trkpt lat="41.11854" lon="25.108060000000002">
    <ele>38.290000000000006</ele>
   </trkpt>
   <trkpt lat="41.118520000000004" lon="25.108480000000004">
    <ele>38.25000000000001</ele>
   </trkpt>
   <trkpt lat="41.11854" lon="25.108860000000004">
    <ele>38.09</ele>
   </trkpt>
   <trkpt lat="41.11860500311834" lon="25.109709999089397">
    <ele>37.93000000000001</ele>
   </trkpt>
   <trkpt lat="41.11867" lon="25.110560000000003">
    <ele>38.2</ele>
   </trkpt>
   <trkpt lat="41.11872" lon="25.111430000000002">
    <ele>38.93000000000001</ele>
   </trkpt>
   <trkpt lat="41.1188" lon="25.112280000000002">
    <ele>39.28</ele>
   </trkpt>
   <trkpt lat="41.118860000000005" lon="25.11316">
    <ele>37.39</ele>
   </trkpt>
   <trkpt lat="41.11889" lon="25.11391">
    <ele>36.04</ele>
   </trkpt>
   <trkpt lat="41.11887" lon="25.11417">
    <ele>35.11</ele>
   </trkpt>
   <trkpt lat="41.11867000812195" lon="25.1151400059778">
    <ele>33.09</ele>
   </trkpt>
   <trkpt lat="41.11847000810822" lon="25.11611000604433">
    <ele>31.740000000000002</ele>
   </trkpt>
   <trkpt lat="41.11827" lon="25.11708">
    <ele>30.410000000000004</ele>
   </trkpt>
   <trkpt lat="41.118033343675336" lon="25.11817334119005">
    <ele>29.380000000000003</ele>
   </trkpt>
   <trkpt lat="41.11779667701459" lon="25.119266674495883">
    <ele>27.860000000000003</ele>
   </trkpt>
   <trkpt lat="41.117560000000005" lon="25.12036">
    <ele>27.22</ele>
   </trkpt>
   <trkpt lat="41.11748" lon="25.12086">
    <ele>26.570000000000004</ele>
   </trkpt>
   <trkpt lat="41.117490000000004" lon="25.121170000000003">
    <ele>26.520000000000003</ele>
   </trkpt>
   <trkpt lat="41.117540000000005" lon="25.121430000000004">
    <ele>26.520000000000003</ele>
   </trkpt>
   <trkpt lat="41.1176" lon="25.121620000000004">
    <ele>26.490000000000002</ele>
   </trkpt>
   <trkpt lat="41.11803000474243" lon="25.12266499320572">
    <ele>26.6</ele>
   </trkpt>
   <trkpt lat="41.118460000000006" lon="25.123710000000003">
    <ele>29.76</ele>
   </trkpt>
   <trkpt lat="41.11873000171021" lon="25.124339997395058">
    <ele>32.830000000000005</ele>
   </trkpt>
   <trkpt lat="41.11900000000001" lon="25.12497">
    <ele>34.120000000000005</ele>
   </trkpt>
   <trkpt lat="41.119240000000005" lon="25.125590000000003">
    <ele>35.51</ele>
   </trkpt>
   <trkpt lat="41.11928" lon="25.125770000000003">
    <ele>36.2</ele>
   </trkpt>
   <trkpt lat="41.11939500433962" lon="25.126769998389264">
    <ele>37.02</ele>
   </trkpt>
   <trkpt lat="41.119510000000005" lon="25.12777">
    <ele>36.11</ele>
   </trkpt>
   <trkpt lat="41.11954" lon="25.12815">
    <ele>35.82000000000001</ele>
   </trkpt>
   <trkpt lat="41.119530000000005" lon="25.12845">
    <ele>35.72</ele>
   </trkpt>
   <trkpt lat="41.11937500261601" lon="25.129230001914106">
    <ele>35.38</ele>
   </trkpt>
   <trkpt lat="41.119220000000006" lon="25.130010000000002">
    <ele>34.75</ele>
   </trkpt>
   <trkpt lat="41.119150000000005" lon="25.13022">
    <ele>34.67</ele>
   </trkpt>
   <trkpt lat="41.11867" lon="25.131210000000003">
    <ele>34.97</ele>
   </trkpt>
   <trkpt lat="41.118570000000005" lon="25.131490000000003">
    <ele>35.0</ele>
   </trkpt>
   <trkpt lat="41.11851" lon="25.13174">
    <ele>34.9</ele>
   </trkpt>
   <trkpt lat="41.118500000000004" lon="25.131980000000002">
    <ele>34.800000000000004</ele>
   </trkpt>
   <trkpt lat="41.11851" lon="25.1323">
    <ele>33.96</ele>
   </trkpt>
   <trkpt lat="41.118616016006655" lon="25.133261993809644">
    <ele>32.29</ele>
   </trkpt>
   <trkpt lat="41.11872202401137" lon="25.134223990726806">
    <ele>31.360000000000007</ele>
   </trkpt>
   <trkpt lat="41.11882802401411" lon="25.13518599075128">
    <ele>30.590000000000003</ele>
   </trkpt>
   <trkpt lat="41.118934016014784" lon="25.136147993882837">
    <ele>30.300000000000004</ele>
   </trkpt>
   <trkpt lat="41.119040000000005" lon="25.137110000000003">
    <ele>30.890000000000004</ele>
   </trkpt>
   <trkpt lat="41.119060000000005" lon="25.13755">
    <ele>31.44</ele>
   </trkpt>
   <trkpt lat="41.11903" lon="25.138160000000003">
    <ele>33.0</ele>
   </trkpt>
   <trkpt lat="41.11905" lon="25.13848">
    <ele>33.53</ele>
   </trkpt>
   <trkpt lat="41.11918" lon="25.13915">
    <ele>34.18</ele>
   </trkpt>
   <trkpt lat="41.11931000333288" lon="25.140029998154628">
    <ele>35.36</ele>
   </trkpt>
   <trkpt lat="41.119440000000004" lon="25.14091">
    <ele>34.92</ele>
   </trkpt>
   <trkpt lat="41.11947000000001" lon="25.141340000000003">
    <ele>34.99</ele>
   </trkpt>
   <trkpt lat="41.119440000000004" lon="25.141550000000002">
    <ele>35.11</ele>
   </trkpt>
   <trkpt lat="41.11919500292806" lon="25.142380003268606">
    <ele>34.61</ele>
   </trkpt>
   <trkpt lat="41.118950000000005" lon="25.143210000000003">
    <ele>34.14</ele>
   </trkpt>
   <trkpt lat="41.118880000000004" lon="25.14382">
    <ele>32.690000000000005</ele>
   </trkpt>
   <trkpt lat="41.11887" lon="25.144080000000002">
    <ele>31.61</ele>
   </trkpt>
   <trkpt lat="41.118900000000004" lon="25.144370000000002">
    <ele>31.61</ele>
   </trkpt>
   <trkpt lat="41.11896" lon="25.144620000000003">
    <ele>30.750000000000004</ele>
   </trkpt>
   <trkpt lat="41.11914" lon="25.145080000000004">
    <ele>30.220000000000002</ele>
   </trkpt>
   <trkpt lat="41.11952" lon="25.145860000000003">
    <ele>27.270000000000003</ele>
   </trkpt>
   <trkpt lat="41.11959" lon="25.146120000000003">
    <ele>27.020000000000003</ele>
   </trkpt>
   <trkpt lat="41.11961" lon="25.146420000000003">
    <ele>26.660000000000004</ele>
   </trkpt>
   <trkpt lat="41.11959" lon="25.146590000000003">
    <ele>26.660000000000004</ele>
   </trkpt>
   <trkpt lat="41.119510000000005" lon="25.14684">
    <ele>26.740000000000002</ele>
   </trkpt>
   <trkpt lat="41.119090003435794" lon="25.147730005671235">
    <ele>27.240000000000002</ele>
   </trkpt>
   <trkpt lat="41.11867" lon="25.14862">
    <ele>26.92</ele>
   </trkpt>
   <trkpt lat="41.11853000000001" lon="25.149060000000002">
    <ele>26.19</ele>
   </trkpt>
   <trkpt lat="41.11847" lon="25.149420000000003">
    <ele>25.200000000000003</ele>
   </trkpt>
   <trkpt lat="41.118430004992824" lon="25.150495000744527">
    <ele>23.58</ele>
   </trkpt>
   <trkpt lat="41.118390000000005" lon="25.151570000000003">
    <ele>23.3</ele>
   </trkpt>
   <trkpt lat="41.118410000000004" lon="25.151870000000002">
    <ele>23.3</ele>
   </trkpt>
   <trkpt lat="41.11847" lon="25.15217">
    <ele>23.3</ele>
   </trkpt>
   <trkpt lat="41.11862" lon="25.15256">
    <ele>22.840000000000003</ele>
   </trkpt>
   <trkpt lat="41.11890000172967" lon="25.153184997424994">
    <ele>22.21</ele>
   </trkpt>
   <trkpt lat="41.11918" lon="25.153810000000004">
    <ele>22.430000000000003</ele>
   </trkpt>
   <trkpt lat="41.119310000000006" lon="25.15414">
    <ele>22.950000000000003</ele>
   </trkpt>
   <trkpt lat="41.11943" lon="25.154660000000003">
    <ele>24.1</ele>
   </trkpt>
   <trkpt lat="41.11959000315364" lon="25.1555149978791">
    <ele>26.1</ele>
   </trkpt>
   <trkpt lat="41.11975" lon="25.156370000000003">
    <ele>26.230000000000004</ele>
   </trkpt>
   <trkpt lat="41.11979" lon="25.156740000000003">
    <ele>26.070000000000004</ele>
   </trkpt>
   <trkpt lat="41.11979" lon="25.157020000000003">
    <ele>26.070000000000004</ele>
   </trkpt>
   <trkpt lat="41.11961667282361" lon="25.157863337752136">
    <ele>25.730000000000004</ele>
   </trkpt>
   <trkpt lat="41.11944333949755" lon="25.158706671050005">
    <ele>27.03</ele>
   </trkpt>
   <trkpt lat="41.11927" lon="25.159550000000003">
    <ele>27.500000000000004</ele>
   </trkpt>
   <trkpt lat="41.11925" lon="25.1599">
    <ele>27.37</ele>
   </trkpt>
   <trkpt lat="41.11925500171642" lon="25.16053000001247">
    <ele>26.410000000000004</ele>
   </trkpt>
   <trkpt lat="41.119260000000004" lon="25.161160000000002">
    <ele>25.400000000000002</ele>
   </trkpt>
   <trkpt lat="41.11923" lon="25.16139">
    <ele>25.35</ele>
   </trkpt>
   <trkpt lat="41.11896" lon="25.162450000000003">
    <ele>25.200000000000003</ele>
   </trkpt>
   <trkpt lat="41.11894" lon="25.162640000000003">
    <ele>25.25</ele>
   </trkpt>
   <trkpt lat="41.11891000211817" lon="25.163340000326514">
    <ele>25.62</ele>
   </trkpt>
   <trkpt lat="41.118880000000004" lon="25.164040000000004">
    <ele>26.17</ele>
   </trkpt>
   <trkpt lat="41.11889" lon="25.164820000000002">
    <ele>27.860000000000003</ele>
   </trkpt>
   <trkpt lat="41.11898" lon="25.165680000000002">
    <ele>29.44</ele>
   </trkpt>
   <trkpt lat="41.11908500311327" lon="25.16652999855651">
    <ele>30.500000000000004</ele>
   </trkpt>
   <trkpt lat="41.11919" lon="25.16738">
    <ele>30.500000000000004</ele>
   </trkpt>
   <trkpt lat="41.11923" lon="25.16759">
    <ele>30.21</ele>
   </trkpt>
   <trkpt lat="41.119330000000005" lon="25.167910000000003">
    <ele>30.21</ele>
   </trkpt>
   <trkpt lat="41.119675004012464" lon="25.16887499488963">
    <ele>29.1</ele>
   </trkpt>
   <trkpt lat="41.120020000000004" lon="25.16984">
    <ele>28.39</ele>
   </trkpt>
   <trkpt lat="41.12024500175118" lon="25.170479997750014">
    <ele>27.53</ele>
   </trkpt>
   <trkpt lat="41.120470000000005" lon="25.171120000000002">
    <ele>27.22</ele>
   </trkpt>
   <trkpt lat="41.12068" lon="25.1717">
    <ele>27.080000000000002</ele>
   </trkpt>
   <trkpt lat="41.12104" lon="25.17257">
    <ele>26.220000000000002</ele>
   </trkpt>
   <trkpt lat="41.12149" lon="25.17329">
    <ele>26.140000000000004</ele>
   </trkpt>
   <trkpt lat="41.12182000000001" lon="25.173720000000003">
    <ele>26.070000000000004</ele>
   </trkpt>
   <trkpt lat="41.12205" lon="25.17397">
    <ele>26.03</ele>
   </trkpt>
   <trkpt lat="41.122350000000004" lon="25.174210000000002">
    <ele>26.230000000000004</ele>
   </trkpt>
   <trkpt lat="41.12306" lon="25.1747">
    <ele>26.480000000000004</ele>
   </trkpt>
   <trkpt lat="41.12370000000001" lon="25.1751">
    <ele>26.730000000000004</ele>
   </trkpt>
   <trkpt lat="41.12386" lon="25.175250000000002">
    <ele>27.03</ele>
   </trkpt>
   <trkpt lat="41.12411" lon="25.17556">
    <ele>27.950000000000003</ele>
   </trkpt>
   <trkpt lat="41.124500000000005" lon="25.176140000000004">
    <ele>28.450000000000003</ele>
   </trkpt>
   <trkpt lat="41.12471" lon="25.17649">
    <ele>29.120000000000005</ele>
   </trkpt>
   <trkpt lat="41.12507000310174" lon="25.17733999528502">
    <ele>30.130000000000003</ele>
   </trkpt>
   <trkpt lat="41.12543" lon="25.17819">
    <ele>29.67</ele>
   </trkpt>
   <trkpt lat="41.125660001483304" lon="25.178779997876376">
    <ele>29.25</ele>
   </trkpt>
   <trkpt lat="41.125890000000005" lon="25.179370000000002">
    <ele>29.120000000000005</ele>
   </trkpt>
   <trkpt lat="41.12604" lon="25.179820000000003">
    <ele>29.26</ele>
   </trkpt>
   <trkpt lat="41.126245001404016" lon="25.180369998539767">
    <ele>30.18</ele>
   </trkpt>
   <trkpt lat="41.126450000000006" lon="25.18092">
    <ele>29.550000000000004</ele>
   </trkpt>
   <trkpt lat="41.12666500171532" lon="25.181539998122396">
    <ele>27.860000000000003</ele>
   </trkpt>
   <trkpt lat="41.12688" lon="25.182160000000003">
    <ele>27.51</ele>
   </trkpt>
   <trkpt lat="41.127010000000006" lon="25.182750000000002">
    <ele>27.91</ele>
   </trkpt>
   <trkpt lat="41.12717501015092" lon="25.18363499328124">
    <ele>28.240000000000002</ele>
   </trkpt>
   <trkpt lat="41.127340013529356" lon="25.184519991013502">
    <ele>27.73</ele>
   </trkpt>
   <trkpt lat="41.1275050101352" lon="25.185404993196645">
    <ele>27.290000000000003</ele>
   </trkpt>
   <trkpt lat="41.12767" lon="25.186290000000003">
    <ele>25.820000000000004</ele>
   </trkpt>
   <trkpt lat="41.12800550668544" lon="25.187388125667994">
    <ele>22.64</ele>
   </trkpt>
   <trkpt lat="41.12834100294344" lon="25.188486262565945">
    <ele>20.73</ele>
   </trkpt>
   <trkpt lat="41.12867648877379" lon="25.189584410693747">
    <ele>20.580000000000002</ele>
   </trkpt>
   <trkpt lat="41.129011964176264" lon="25.190682570051308">
    <ele>20.700000000000003</ele>
   </trkpt>
   <trkpt lat="41.12934742915062" lon="25.191780740638517">
    <ele>21.57</ele>
   </trkpt>
   <trkpt lat="41.12968288369663" lon="25.192878922455282">
    <ele>21.95</ele>
   </trkpt>
   <trkpt lat="41.13001832781407" lon="25.193977115501493">
    <ele>22.490000000000002</ele>
   </trkpt>
   <trkpt lat="41.130353761502725" lon="25.195075319777054">
    <ele>22.79</ele>
   </trkpt>
   <trkpt lat="41.13068918476233" lon="25.19617353528186">
    <ele>22.92</ele>
   </trkpt>
   <trkpt lat="41.13102459759268" lon="25.19727176201581">
    <ele>23.17</ele>
   </trkpt>
   <trkpt lat="41.13136" lon="25.19837">
    <ele>23.4</ele>
   </trkpt>
   <trkpt lat="41.13159500296349" lon="25.19919999697385">
    <ele>23.380000000000003</ele>
   </trkpt>
   <trkpt lat="41.13183" lon="25.20003">
    <ele>23.46</ele>
   </trkpt>
   <trkpt lat="41.13213002899226" lon="25.201008718669268">
    <ele>23.62</ele>
   </trkpt>
   <trkpt lat="41.132430049701334" lon="25.201987446290314">
    <ele>23.85</ele>
   </trkpt>
   <trkpt lat="41.132730062127074" lon="25.20296618286308">
    <ele>24.05</ele>
   </trkpt>
   <trkpt lat="41.13303006626931" lon="25.203944928387486">
    <ele>24.790000000000003</ele>
   </trkpt>
   <trkpt lat="41.1333300621279" lon="25.204923682863463">
    <ele>24.880000000000003</ele>
   </trkpt>
   <trkpt lat="41.13363004970265" lon="25.20590244629094">
    <ele>24.73</ele>
   </trkpt>
   <trkpt lat="41.13393002899342" lon="25.20688121866985">
    <ele>24.6</ele>
   </trkpt>
   <trkpt lat="41.13423" lon="25.207860000000004">
    <ele>24.43</ele>
   </trkpt>
   <trkpt lat="41.13454500429257" lon="25.20885499526017">
    <ele>24.34</ele>
   </trkpt>
   <trkpt lat="41.13486" lon="25.209850000000003">
    <ele>24.220000000000002</ele>
   </trkpt>
   <trkpt lat="41.13517" lon="25.210910000000002">
    <ele>25.11</ele>
   </trkpt>
   <trkpt lat="41.13534000000001" lon="25.21179">
    <ele>26.21</ele>
   </trkpt>
   <trkpt lat="41.13543000000001" lon="25.212860000000003">
    <ele>28.3</ele>
   </trkpt>
   <trkpt lat="41.135470000000005" lon="25.213630000000002">
    <ele>31.310000000000002</ele>
   </trkpt>
   <trkpt lat="41.13548" lon="25.214640000000003">
    <ele>33.050000000000004</ele>
   </trkpt>
   <trkpt lat="41.135450000000006" lon="25.2158">
    <ele>32.36</ele>
   </trkpt>
   <trkpt lat="41.135560000000005" lon="25.215880000000002">
    <ele>31.86</ele>
   </trkpt>
   <trkpt lat="41.13575" lon="25.21591">
    <ele>31.13</ele>
   </trkpt>
   <trkpt lat="41.13593" lon="25.21591">
    <ele>30.88</ele>
   </trkpt>
   <trkpt lat="41.136050000000004" lon="25.21589">
    <ele>31.080000000000002</ele>
   </trkpt>
   <trkpt lat="41.136160000000004" lon="25.215840000000004">
    <ele>31.41</ele>
   </trkpt>
   <trkpt lat="41.136300000000006" lon="25.215740000000004">
    <ele>32.300000000000004</ele>
   </trkpt>
   <trkpt lat="41.13689500214269" lon="25.2150350064025">
    <ele>36.42</ele>
   </trkpt>
   <trkpt lat="41.13749000000001" lon="25.21433">
    <ele>38.59</ele>
   </trkpt>
   <trkpt lat="41.13768" lon="25.213990000000003">
    <ele>37.35</ele>
   </trkpt>
   <trkpt lat="41.13788" lon="25.213320000000003">
    <ele>36.42</ele>
   </trkpt>
   <trkpt lat="41.138160000000006" lon="25.212770000000003">
    <ele>36.660000000000004</ele>
   </trkpt>
   <trkpt lat="41.138220000000004" lon="25.21272">
    <ele>36.660000000000004</ele>
   </trkpt>
   <trkpt lat="41.13835" lon="25.2127">
    <ele>36.7</ele>
   </trkpt>
   <trkpt lat="41.13911" lon="25.213050000000003">
    <ele>36.910000000000004</ele>
   </trkpt>
   <trkpt lat="41.13915" lon="25.2131">
    <ele>37.03</ele>
   </trkpt>
   <trkpt lat="41.139190000000006" lon="25.213340000000002">
    <ele>38.24</ele>
   </trkpt>
   <trkpt lat="41.13917" lon="25.213720000000002">
    <ele>39.63</ele>
   </trkpt>
   <trkpt lat="41.13904" lon="25.214170000000003">
    <ele>42.21</ele>
   </trkpt>
   <trkpt lat="41.138720000000006" lon="25.215030000000002">
    <ele>47.74</ele>
   </trkpt>
   <trkpt lat="41.13841" lon="25.21564">
    <ele>51.550000000000004</ele>
   </trkpt>
   <trkpt lat="41.13807000105735" lon="25.21612500245656">
    <ele>54.59</ele>
   </trkpt>
   <trkpt lat="41.137730000000005" lon="25.216610000000003">
    <ele>60.17000000000001</ele>
   </trkpt>
   <trkpt lat="41.13768" lon="25.21675">
    <ele>60.17000000000001</ele>
   </trkpt>
   <trkpt lat="41.13758" lon="25.21731">
    <ele>62.32000000000001</ele>
   </trkpt>
   <trkpt lat="41.1375" lon="25.217460000000003">
    <ele>62.65000000000001</ele>
   </trkpt>
   <trkpt lat="41.137420000000006" lon="25.217560000000002">
    <ele>63.09</ele>
   </trkpt>
   <trkpt lat="41.13712" lon="25.2178">
    <ele>63.82</ele>
   </trkpt>
   <trkpt lat="41.136680000000005" lon="25.218090000000004">
    <ele>63.17</ele>
   </trkpt>
   <trkpt lat="41.136500000000005" lon="25.218180000000004">
    <ele>62.160000000000004</ele>
   </trkpt>
   <trkpt lat="41.135960000000004" lon="25.218390000000003">
    <ele>58.410000000000004</ele>
   </trkpt>
   <trkpt lat="41.13564" lon="25.21844">
    <ele>57.20000000000001</ele>
   </trkpt>
   <trkpt lat="41.13544" lon="25.218500000000002">
    <ele>53.81</ele>
   </trkpt>
   <trkpt lat="41.13514" lon="25.218480000000003">
    <ele>52.81</ele>
   </trkpt>
   <trkpt lat="41.134660000000004" lon="25.21835">
    <ele>48.53</ele>
   </trkpt>
   <trkpt lat="41.13438" lon="25.218370000000004">
    <ele>46.55</ele>
   </trkpt>
   <trkpt lat="41.134240000000005" lon="25.218410000000002">
    <ele>45.19</ele>
   </trkpt>
   <trkpt lat="41.13372500035775" lon="25.218710002373417">
    <ele>41.510000000000005</ele>
   </trkpt>
   <trkpt lat="41.133210000000005" lon="25.21901">
    <ele>36.72</ele>
   </trkpt>
   <trkpt lat="41.132780000000004" lon="25.21919">
    <ele>31.85</ele>
   </trkpt>
   <trkpt lat="41.132160000000006" lon="25.21929">
    <ele>28.560000000000002</ele>
   </trkpt>
   <trkpt lat="41.13144500073573" lon="25.219655003896342">
    <ele>27.48</ele>
   </trkpt>
   <trkpt lat="41.13073000000001" lon="25.22002">
    <ele>27.290000000000003</ele>
   </trkpt>
   <trkpt lat="41.13024500022343" lon="25.22021000137814">
    <ele>27.62</ele>
   </trkpt>
   <trkpt lat="41.129760000000005" lon="25.2204">
    <ele>27.680000000000003</ele>
   </trkpt>
   <trkpt lat="41.12944" lon="25.220550000000003">
    <ele>27.930000000000003</ele>
   </trkpt>
   <trkpt lat="41.1289" lon="25.221130000000002">
    <ele>27.91</ele>
   </trkpt>
   <trkpt lat="41.12852" lon="25.221680000000003">
    <ele>26.89</ele>
   </trkpt>
   <trkpt lat="41.12829000000001" lon="25.2221">
    <ele>25.85</ele>
   </trkpt>
   <trkpt lat="41.12812" lon="25.222510000000003">
    <ele>24.57</ele>
   </trkpt>
   <trkpt lat="41.12805" lon="25.222790000000003">
    <ele>23.82</ele>
   </trkpt>
   <trkpt lat="41.12801" lon="25.223090000000003">
    <ele>23.64</ele>
   </trkpt>
   <trkpt lat="41.127990000000004" lon="25.2235">
    <ele>23.39</ele>
   </trkpt>
   <trkpt lat="41.1280200116377" lon="25.22465999902481">
    <ele>23.39</ele>
   </trkpt>
   <trkpt lat="41.12805001163993" lon="25.225819999110563">
    <ele>23.26</ele>
   </trkpt>
   <trkpt lat="41.128080000000004" lon="25.22698">
    <ele>23.520000000000003</ele>
   </trkpt>
   <trkpt lat="41.128080000000004" lon="25.228140000000003">
    <ele>23.880000000000003</ele>
   </trkpt>
   <trkpt lat="41.12802500591842" lon="25.22931000098218">
    <ele>25.900000000000002</ele>
   </trkpt>
   <trkpt lat="41.127970000000005" lon="25.230480000000004">
    <ele>28.44</ele>
   </trkpt>
   <trkpt lat="41.127946678913275" lon="25.231670000769792">
    <ele>27.94</ele>
   </trkpt>
   <trkpt lat="41.12792334558142" lon="25.232860000693453">
    <ele>26.72</ele>
   </trkpt>
   <trkpt lat="41.127900000000004" lon="25.234050000000003">
    <ele>27.94</ele>
   </trkpt>
   <trkpt lat="41.12790000394318" lon="25.23500499998064">
    <ele>29.51</ele>
   </trkpt>
   <trkpt lat="41.127900000000004" lon="25.235960000000002">
    <ele>32.18</ele>
   </trkpt>
   <trkpt lat="41.12788000436773" lon="25.236965000263528">
    <ele>35.34</ele>
   </trkpt>
   <trkpt lat="41.127860000000005" lon="25.23797">
    <ele>35.730000000000004</ele>
   </trkpt>
   <trkpt lat="41.12785338222227" lon="25.23915888985895">
    <ele>36.06</ele>
   </trkpt>
   <trkpt lat="41.12784675222229" lon="25.240347779477858">
    <ele>36.71</ele>
   </trkpt>
   <trkpt lat="41.127840110000044" lon="25.241536668856288">
    <ele>37.75000000000001</ele>
   </trkpt>
   <trkpt lat="41.12783345555556" lon="25.24272555799379">
    <ele>37.95</ele>
   </trkpt>
   <trkpt lat="41.12782678888885" lon="25.243914446889924">
    <ele>37.85</ele>
   </trkpt>
   <trkpt lat="41.1278201099999" lon="25.245103335544247">
    <ele>35.910000000000004</ele>
   </trkpt>
   <trkpt lat="41.127813418888714" lon="25.24629222395632">
    <ele>34.97</ele>
   </trkpt>
   <trkpt lat="41.12780671555532" lon="25.247481112125694">
    <ele>35.08</ele>
   </trkpt>
   <trkpt lat="41.1278" lon="25.24867">
    <ele>36.94</ele>
   </trkpt>
   <trkpt lat="41.12778000758688" lon="25.249606667217396">
    <ele>37.94</ele>
   </trkpt>
   <trkpt lat="41.127760007587305" lon="25.25054333386389">
    <ele>38.48</ele>
   </trkpt>
   <trkpt lat="41.12774" lon="25.25148">
    <ele>37.95</ele>
   </trkpt>
   <trkpt lat="41.127743340079846" lon="25.252363333087256">
    <ele>37.51</ele>
   </trkpt>
   <trkpt lat="41.12774667341259" lon="25.253246666264353">
    <ele>37.160000000000004</ele>
   </trkpt>
   <trkpt lat="41.127750000000006" lon="25.254130000000004">
    <ele>37.14000000000001</ele>
   </trkpt>
   <trkpt lat="41.127725005376114" lon="25.255245000380445">
    <ele>38.00000000000001</ele>
   </trkpt>
   <trkpt lat="41.127700000000004" lon="25.25636">
    <ele>39.290000000000006</ele>
   </trkpt>
   <trkpt lat="41.12770000428041" lon="25.257354999724623">
    <ele>40.52</ele>
   </trkpt>
   <trkpt lat="41.127700000000004" lon="25.258350000000004">
    <ele>40.970000000000006</ele>
   </trkpt>
   <trkpt lat="41.127685002179994" lon="25.259060000138444">
    <ele>41.330000000000005</ele>
   </trkpt>
   <trkpt lat="41.12767" lon="25.259770000000003">
    <ele>41.620000000000005</ele>
   </trkpt>
   <trkpt lat="41.12765667425311" lon="25.260706667047568">
    <ele>41.89</ele>
   </trkpt>
   <trkpt lat="41.12764334091977" lon="25.261643333714566">
    <ele>42.14</ele>
   </trkpt>
   <trkpt lat="41.12763" lon="25.262580000000003">
    <ele>41.81000000000001</ele>
   </trkpt>
   <trkpt lat="41.12763001342851" lon="25.263597499946666">
    <ele>41.25</ele>
   </trkpt>
   <trkpt lat="41.12763001790468" lon="25.264614999893613">
    <ele>40.39</ele>
   </trkpt>
   <trkpt lat="41.12763001342851" lon="25.265632499840553">
    <ele>39.88</ele>
   </trkpt>
   <trkpt lat="41.12763" lon="25.266650000000002">
    <ele>39.86000000000001</ele>
   </trkpt>
   <trkpt lat="41.12761726413502" lon="25.267834290341206">
    <ele>39.31</ele>
   </trkpt>
   <trkpt lat="41.12760451614218" lon="25.269018580222447">
    <ele>39.86000000000001</ele>
   </trkpt>
   <trkpt lat="41.12759175602151" lon="25.270202869643295">
    <ele>41.07</ele>
   </trkpt>
   <trkpt lat="41.127578983772985" lon="25.271387158603314">
    <ele>41.84</ele>
   </trkpt>
   <trkpt lat="41.12756619939665" lon="25.272571447102067">
    <ele>41.28</ele>
   </trkpt>
   <trkpt lat="41.12755340289252" lon="25.273755735139112">
    <ele>40.89</ele>
   </trkpt>
   <trkpt lat="41.12754059426057" lon="25.274940022714013">
    <ele>40.36</ele>
   </trkpt>
   <trkpt lat="41.12752777350084" lon="25.27612430982633">
    <ele>40.13</ele>
   </trkpt>
   <trkpt lat="41.12751494061333" lon="25.27730859647563">
    <ele>40.230000000000004</ele>
   </trkpt>
   <trkpt lat="41.12750209559804" lon="25.278492882661478">
    <ele>40.31</ele>
   </trkpt>
   <trkpt lat="41.12748923845501" lon="25.27967716838343">
    <ele>39.540000000000006</ele>
   </trkpt>
   <trkpt lat="41.127476369184215" lon="25.280861453641048">
    <ele>38.900000000000006</ele>
   </trkpt>
   <trkpt lat="41.127463487785676" lon="25.282045738433908">
    <ele>38.01</ele>
   </trkpt>
   <trkpt lat="41.12745059425943" lon="25.283230022761554">
    <ele>37.76</ele>
   </trkpt>
   <trkpt lat="41.127437688605454" lon="25.28441430662356">
    <ele>37.82000000000001</ele>
   </trkpt>
   <trkpt lat="41.127424770823765" lon="25.285598590019486">
    <ele>37.900000000000006</ele>
   </trkpt>
   <trkpt lat="41.12741184091438" lon="25.286782872948894">
    <ele>38.00000000000001</ele>
   </trkpt>
   <trkpt lat="41.12739889887731" lon="25.287967155411348">
    <ele>38.25000000000001</ele>
   </trkpt>
   <trkpt lat="41.12738594471257" lon="25.289151437406414">
    <ele>38.61000000000001</ele>
   </trkpt>
   <trkpt lat="41.127372978420155" lon="25.290335718933644">
    <ele>39.910000000000004</ele>
   </trkpt>
   <trkpt lat="41.12736" lon="25.291520000000002">
    <ele>40.970000000000006</ele>
   </trkpt>
   <trkpt lat="41.12735" lon="25.292070000000002">
    <ele>41.0</ele>
   </trkpt>
   <trkpt lat="41.127300000000005" lon="25.292600000000004">
    <ele>40.88</ele>
   </trkpt>
   <trkpt lat="41.12717501245621" lon="25.293580005606145">
    <ele>40.470000000000006</ele>
   </trkpt>
   <trkpt lat="41.12705001660778" lon="25.294560007478708">
    <ele>40.18</ele>
   </trkpt>
   <trkpt lat="41.12692501245473" lon="25.295540005617475">
    <ele>39.89</ele>
   </trkpt>
   <trkpt lat="41.1268" lon="25.29652">
    <ele>39.81</ele>
   </trkpt>
   <trkpt lat="41.12669000240846" lon="25.29727000141763">
    <ele>39.78</ele>
   </trkpt>
   <trkpt lat="41.126580000000004" lon="25.29802">
    <ele>39.74</ele>
   </trkpt>
   <trkpt lat="41.12641" lon="25.29879">
    <ele>39.78</ele>
   </trkpt>
   <trkpt lat="41.126340000000006" lon="25.299030000000002">
    <ele>39.6</ele>
   </trkpt>
   <trkpt lat="41.126050000000006" lon="25.29988">
    <ele>39.02</ele>
   </trkpt>
   <trkpt lat="41.12571304355646" lon="25.300938048900402">
    <ele>38.68000000000001</ele>
   </trkpt>
   <trkpt lat="41.125376077433" lon="25.3019960869346">
    <ele>38.39</ele>
   </trkpt>
   <trkpt lat="41.125039101629866" lon="25.303054114102522">
    <ele>38.040000000000006</ele>
   </trkpt>
   <trkpt lat="41.124702116147276" lon="25.3041121304041">
    <ele>37.660000000000004</ele>
   </trkpt>
   <trkpt lat="41.12436512098541" lon="25.305170135839255">
    <ele>37.36000000000001</ele>
   </trkpt>
   <trkpt lat="41.124028116144515" lon="25.306228130407916">
    <ele>36.550000000000004</ele>
   </trkpt>
   <trkpt lat="41.12369110162479" lon="25.307286114110028">
    <ele>36.43000000000001</ele>
   </trkpt>
   <trkpt lat="41.12335407742647" lon="25.3083440869455">
    <ele>36.57000000000001</ele>
   </trkpt>
   <trkpt lat="41.12301704354973" lon="25.30940204891427">
    <ele>36.660000000000004</ele>
   </trkpt>
   <trkpt lat="41.12268" lon="25.310460000000003">
    <ele>36.62</ele>
   </trkpt>
   <trkpt lat="41.12240250932805" lon="25.31130751071384">
    <ele>36.51</ele>
   </trkpt>
   <trkpt lat="41.122125012445345" lon="25.31215501426062">
    <ele>36.89000000000001</ele>
   </trkpt>
   <trkpt lat="41.121847509352015" lon="25.313002510640327">
    <ele>37.19</ele>
   </trkpt>
   <trkpt lat="41.121570000000006" lon="25.313850000000002">
    <ele>37.03</ele>
   </trkpt>
   <trkpt lat="41.12139000159024" lon="25.314460001735732">
    <ele>36.97</ele>
   </trkpt>
   <trkpt lat="41.121210000000005" lon="25.315070000000002">
    <ele>36.92</ele>
   </trkpt>
   <trkpt lat="41.12086006138072" lon="25.31615776190778">
    <ele>37.46</ele>
   </trkpt>
   <trkpt lat="41.12051011253045" lon="25.31724551221578">
    <ele>38.150000000000006</ele>
   </trkpt>
   <trkpt lat="41.12016015344945" lon="25.31833325092392">
    <ele>38.43000000000001</ele>
   </trkpt>
   <trkpt lat="41.11981018413795" lon="25.319420978032138">
    <ele>38.96</ele>
   </trkpt>
   <trkpt lat="41.119460204596194" lon="25.320508693540354">
    <ele>39.27</ele>
   </trkpt>
   <trkpt lat="41.11911021482439" lon="25.3215963974485">
    <ele>39.550000000000004</ele>
   </trkpt>
   <trkpt lat="41.11876021482282" lon="25.322684089756496">
    <ele>40.050000000000004</ele>
   </trkpt>
   <trkpt lat="41.11841020459167" lon="25.323771770464276">
    <ele>40.11</ele>
   </trkpt>
   <trkpt lat="41.11806018413121" lon="25.324859439571775">
    <ele>39.760000000000005</ele>
   </trkpt>
   <trkpt lat="41.11771015344166" lon="25.325947097078906">
    <ele>39.5</ele>
   </trkpt>
   <trkpt lat="41.11736011252326" lon="25.327034742985607">
    <ele>39.36000000000001</ele>
   </trkpt>
   <trkpt lat="41.11701006137624" lon="25.328122377291802">
    <ele>39.370000000000005</ele>
   </trkpt>
   <trkpt lat="41.11666" lon="25.329210000000003">
    <ele>39.339999999999996</ele>
   </trkpt>
   <trkpt lat="41.116337530035494" lon="25.33020628426558">
    <ele>39.11000000000001</ele>
   </trkpt>
   <trkpt lat="41.116015051488645" lon="25.331202558742405">
    <ele>38.830000000000005</ele>
   </trkpt>
   <trkpt lat="41.11569256435959" lon="25.33219882343044">
    <ele>38.28</ele>
   </trkpt>
   <trkpt lat="41.11537006864855" lon="25.333195078329616">
    <ele>37.68000000000001</ele>
   </trkpt>
   <trkpt lat="41.115047564355706" lon="25.334191323439892">
    <ele>37.25000000000001</ele>
   </trkpt>
   <trkpt lat="41.11472505148122" lon="25.3351875587612">
    <ele>36.75000000000001</ele>
   </trkpt>
   <trkpt lat="41.114402530025295" lon="25.336183784293507">
    <ele>36.65</ele>
   </trkpt>
   <trkpt lat="41.11408" lon="25.337180000000004">
    <ele>36.99</ele>
   </trkpt>
   <trkpt lat="41.11392" lon="25.337600000000002">
    <ele>37.01</ele>
   </trkpt>
   <trkpt lat="41.113556672808286" lon="25.338443342686485">
    <ele>36.96</ele>
   </trkpt>
   <trkpt lat="41.11319333946706" lon="25.33928667603803">
    <ele>37.78</ele>
   </trkpt>
   <trkpt lat="41.11283" lon="25.340130000000002">
    <ele>38.38</ele>
   </trkpt>
   <trkpt lat="41.11238201784513" lon="25.341146027745136">
    <ele>40.040000000000006</ele>
   </trkpt>
   <trkpt lat="41.11193402676456" lon="25.342162041624057">
    <ele>41.370000000000005</ele>
   </trkpt>
   <trkpt lat="41.111486026758584" lon="25.343178041636893">
    <ele>43.85000000000001</ele>
   </trkpt>
   <trkpt lat="41.11103801782745" lon="25.344194027783775">
    <ele>45.26</ele>
   </trkpt>
   <trkpt lat="41.11059" lon="25.34521">
    <ele>46.09</ele>
   </trkpt>
   <trkpt lat="41.11018501164959" lon="25.34615751751963">
    <ele>46.150000000000006</ele>
   </trkpt>
   <trkpt lat="41.109780015536714" lon="25.347105023349965">
    <ele>46.790000000000006</ele>
   </trkpt>
   <trkpt lat="41.10937501166155" lon="25.34805251749111">
    <ele>47.260000000000005</ele>
   </trkpt>
   <trkpt lat="41.10897000000001" lon="25.349000000000004">
    <ele>47.260000000000005</ele>
   </trkpt>
   <trkpt lat="41.10886" lon="25.34918">
    <ele>47.11000000000001</ele>
   </trkpt>
   <trkpt lat="41.10877" lon="25.34927">
    <ele>47.11000000000001</ele>
   </trkpt>
   <trkpt lat="41.108650000000004" lon="25.349320000000002">
    <ele>47.260000000000005</ele>
   </trkpt>
   <trkpt lat="41.108520000000006" lon="25.349320000000002">
    <ele>47.260000000000005</ele>
   </trkpt>
   <trkpt lat="41.10850802342959" lon="25.350484000848763">
    <ele>48.120000000000005</ele>
   </trkpt>
   <trkpt lat="41.10849603514438" lon="25.351648001272682">
    <ele>48.260000000000005</ele>
   </trkpt>
   <trkpt lat="41.10848403514438" lon="25.35281200127134">
    <ele>48.260000000000005</ele>
   </trkpt>
   <trkpt lat="41.10847202342962" lon="25.353976000844323">
    <ele>48.080000000000005</ele>
   </trkpt>
   <trkpt lat="41.10846" lon="25.355140000000002">
    <ele>47.1</ele>
   </trkpt>
   <trkpt lat="41.10847000259334" lon="25.355914999631487">
    <ele>46.36000000000001</ele>
   </trkpt>
   <trkpt lat="41.10848" lon="25.35669">
    <ele>46.160000000000004</ele>
   </trkpt>
   <trkpt lat="41.10853" lon="25.357570000000003">
    <ele>44.24</ele>
   </trkpt>
   <trkpt lat="41.1086000035402" lon="25.358474999027905">
    <ele>41.67</ele>
   </trkpt>
   <trkpt lat="41.108670000000004" lon="25.35938">
    <ele>40.43</ele>
   </trkpt>
   <trkpt lat="41.108650000000004" lon="25.35968">
    <ele>40.43</ele>
   </trkpt>
   <trkpt lat="41.108760004912256" lon="25.360744998301456">
    <ele>38.34</ele>
   </trkpt>
   <trkpt lat="41.10887" lon="25.361810000000002">
    <ele>36.36</ele>
   </trkpt>
   <trkpt lat="41.108965004685885" lon="25.362849998604514">
    <ele>34.25</ele>
   </trkpt>
   <trkpt lat="41.10906000000001" lon="25.36389">
    <ele>32.260000000000005</ele>
   </trkpt>
   <trkpt lat="41.109163339875714" lon="25.364759997244782">
    <ele>30.21</ele>
   </trkpt>
   <trkpt lat="41.109266673207074" lon="25.365629997228066">
    <ele>29.52</ele>
   </trkpt>
   <trkpt lat="41.109370000000006" lon="25.366500000000002">
    <ele>29.84</ele>
   </trkpt>
   <trkpt lat="41.10949" lon="25.367330000000003">
    <ele>30.7</ele>
   </trkpt>
   <trkpt lat="41.10962000000001" lon="25.36792">
    <ele>30.980000000000004</ele>
   </trkpt>
   <trkpt lat="41.1098" lon="25.368560000000002">
    <ele>31.13</ele>
   </trkpt>
   <trkpt lat="41.110217170374014" lon="25.369589960730988">
    <ele>31.59</ele>
   </trkpt>
   <trkpt lat="41.11063433157574" lon="25.37061993455046">
    <ele>31.73</ele>
   </trkpt>
   <trkpt lat="41.11105148360489" lon="25.371649921458488">
    <ele>30.730000000000004</ele>
   </trkpt>
   <trkpt lat="41.111468626461246" lon="25.372679921455145">
    <ele>29.42</ele>
   </trkpt>
   <trkpt lat="41.11188576014454" lon="25.373709934540493">
    <ele>28.700000000000003</ele>
   </trkpt>
   <trkpt lat="41.112302884654504" lon="25.374739960714614">
    <ele>29.35</ele>
   </trkpt>
   <trkpt lat="41.11272" lon="25.375770000000003">
    <ele>30.21</ele>
   </trkpt>
   <trkpt lat="41.11305250904934" lon="25.376604987329152">
    <ele>30.340000000000003</ele>
   </trkpt>
   <trkpt lat="41.113385012070296" lon="25.37743998311659">
    <ele>30.680000000000003</ele>
   </trkpt>
   <trkpt lat="41.11371750906271" lon="25.378274987362342">
    <ele>30.950000000000003</ele>
   </trkpt>
   <trkpt lat="41.114050000000006" lon="25.37911">
    <ele>31.32</ele>
   </trkpt>
   <trkpt lat="41.11421" lon="25.379550000000002">
    <ele>31.39</ele>
   </trkpt>
   <trkpt lat="41.11426" lon="25.379890000000003">
    <ele>31.540000000000006</ele>
   </trkpt>
   <trkpt lat="41.114270000000005" lon="25.380160000000004">
    <ele>31.540000000000006</ele>
   </trkpt>
   <trkpt lat="41.11422" lon="25.380720000000004">
    <ele>31.71</ele>
   </trkpt>
   <trkpt lat="41.114080001461865" lon="25.381305001321405">
    <ele>32.269999999999996</ele>
   </trkpt>
   <trkpt lat="41.11394000000001" lon="25.381890000000002">
    <ele>32.49</ele>
   </trkpt>
   <trkpt lat="41.113780000000006" lon="25.38267">
    <ele>32.82</ele>
   </trkpt>
   <trkpt lat="41.11368" lon="25.383660000000003">
    <ele>32.97</ele>
   </trkpt>
   <trkpt lat="41.11362667764126" lon="25.38478666851948">
    <ele>33.300000000000004</ele>
   </trkpt>
   <trkpt lat="41.11357334430686" lon="25.385913335208503">
    <ele>34.050000000000004</ele>
   </trkpt>
   <trkpt lat="41.11352" lon="25.387040000000002">
    <ele>34.59</ele>
   </trkpt>
   <trkpt lat="41.11354" lon="25.38746">
    <ele>34.89</ele>
   </trkpt>
   <trkpt lat="41.113600000000005" lon="25.38794">
    <ele>34.96</ele>
   </trkpt>
   <trkpt lat="41.113710000000005" lon="25.388420000000004">
    <ele>35.11</ele>
   </trkpt>
   <trkpt lat="41.113950002916766" lon="25.38923499717384">
    <ele>35.10000000000001</ele>
   </trkpt>
   <trkpt lat="41.11419" lon="25.390050000000002">
    <ele>33.14</ele>
   </trkpt>
   <trkpt lat="41.114575012770224" lon="25.391042482522778">
    <ele>35.160000000000004</ele>
   </trkpt>
   <trkpt lat="41.11496001702337" lon="25.39203497668734">
    <ele>36.410000000000004</ele>
   </trkpt>
   <trkpt lat="41.1153450127592" lon="25.393027482493732">
    <ele>36.89000000000001</ele>
   </trkpt>
   <trkpt lat="41.115730000000006" lon="25.39402">
    <ele>37.15</ele>
   </trkpt>
   <trkpt lat="41.11587" lon="25.394330000000004">
    <ele>37.160000000000004</ele>
   </trkpt>
   <trkpt lat="41.11605" lon="25.394610000000004">
    <ele>37.34</ele>
   </trkpt>
   <trkpt lat="41.116310000000006" lon="25.39495">
    <ele>37.50000000000001</ele>
   </trkpt>
   <trkpt lat="41.116400000000006" lon="25.395110000000003">
    <ele>37.55</ele>
   </trkpt>
   <trkpt lat="41.1167" lon="25.395770000000002">
    <ele>37.86000000000001</ele>
   </trkpt>
   <trkpt lat="41.11702000269241" lon="25.396559996134474">
    <ele>38.470000000000006</ele>
   </trkpt>
   <trkpt lat="41.117340000000006" lon="25.397350000000003">
    <ele>39.63</ele>
   </trkpt>
   <trkpt lat="41.117490000000004" lon="25.397630000000003">
    <ele>39.830000000000005</ele>
   </trkpt>
   <trkpt lat="41.11762" lon="25.397740000000002">
    <ele>39.85</ele>
   </trkpt>
   <trkpt lat="41.118030000000005" lon="25.398010000000003">
    <ele>39.92</ele>
   </trkpt>
   <trkpt lat="41.11826000000001" lon="25.398120000000002">
    <ele>40.019999999999996</ele>
   </trkpt>
   <trkpt lat="41.11847" lon="25.39816">
    <ele>40.13</ele>
   </trkpt>
   <trkpt lat="41.118790000000004" lon="25.39806">
    <ele>40.449999999999996</ele>
   </trkpt>
   <trkpt lat="41.119040000000005" lon="25.397910000000003">
    <ele>40.81</ele>
   </trkpt>
   <trkpt lat="41.119200000000006" lon="25.39786">
    <ele>40.85</ele>
   </trkpt>
   <trkpt lat="41.11932" lon="25.39786">
    <ele>41.0</ele>
   </trkpt>
   <trkpt lat="41.119460000000004" lon="25.397920000000003">
    <ele>41.0</ele>
   </trkpt>
   <trkpt lat="41.11959" lon="25.398030000000002">
    <ele>41.28</ele>
   </trkpt>
   <trkpt lat="41.1197" lon="25.398310000000002">
    <ele>41.28</ele>
   </trkpt>
   <trkpt lat="41.11974" lon="25.398550000000004">
    <ele>41.27</ele>
   </trkpt>
   <trkpt lat="41.11972" lon="25.39879">
    <ele>41.17</ele>
   </trkpt>
   <trkpt lat="41.11963" lon="25.399070000000002">
    <ele>41.34</ele>
   </trkpt>
   <trkpt lat="41.119420000000005" lon="25.39947">
    <ele>41.400000000000006</ele>
   </trkpt>
   <trkpt lat="41.11921" lon="25.39974">
    <ele>41.36</ele>
   </trkpt>
   <trkpt lat="41.11892" lon="25.40002">
    <ele>41.43</ele>
   </trkpt>
   <trkpt lat="41.11876" lon="25.40011">
    <ele>41.43</ele>
   </trkpt>
   <trkpt lat="41.118" lon="25.40042">
    <ele>41.760000000000005</ele>
   </trkpt>
   <trkpt lat="41.11782" lon="25.400540000000003">
    <ele>41.75</ele>
   </trkpt>
   <trkpt lat="41.117740000000005" lon="25.400660000000002">
    <ele>41.46</ele>
   </trkpt>
   <trkpt lat="41.11777" lon="25.40097">
    <ele>42.080000000000005</ele>
   </trkpt>
   <trkpt lat="41.11784" lon="25.40125">
    <ele>42.07</ele>
   </trkpt>
   <trkpt lat="41.11782" lon="25.401400000000002">
    <ele>42.13</ele>
   </trkpt>
   <trkpt lat="41.117940000000004" lon="25.40162">
    <ele>42.25</ele>
   </trkpt>
   <trkpt lat="41.118390000000005" lon="25.402120000000004">
    <ele>43.06</ele>
   </trkpt>
   <trkpt lat="41.118480000000005" lon="25.40228">
    <ele>43.22</ele>
   </trkpt>
   <trkpt lat="41.11862" lon="25.40265">
    <ele>43.4</ele>
   </trkpt>
   <trkpt lat="41.118680000000005" lon="25.40285">
    <ele>43.230000000000004</ele>
   </trkpt>
   <trkpt lat="41.11874" lon="25.403200000000002">
    <ele>43.22</ele>
   </trkpt>
   <trkpt lat="41.11872" lon="25.40352">
    <ele>43.02</ele>
   </trkpt>
   <trkpt lat="41.118590000000005" lon="25.40398">
    <ele>43.010000000000005</ele>
   </trkpt>
   <trkpt lat="41.11853000000001" lon="25.404130000000002">
    <ele>43.010000000000005</ele>
   </trkpt>
   <trkpt lat="41.11844000000001" lon="25.404280000000004">
    <ele>43.10000000000001</ele>
   </trkpt>
   <trkpt lat="41.118030000000005" lon="25.40483">
    <ele>43.45</ele>
   </trkpt>
   <trkpt lat="41.11777" lon="25.40527">
    <ele>43.65</ele>
   </trkpt>
   <trkpt lat="41.1176" lon="25.405630000000002">
    <ele>43.47</ele>
   </trkpt>
   <trkpt lat="41.11755" lon="25.405720000000002">
    <ele>43.47</ele>
   </trkpt>
   <trkpt lat="41.117490000000004" lon="25.405710000000003">
    <ele>43.47</ele>
   </trkpt>
   <trkpt lat="41.11748" lon="25.40575">
    <ele>43.47</ele>
   </trkpt>
   <trkpt lat="41.11728" lon="25.40567">
    <ele>43.54</ele>
   </trkpt>
   <trkpt lat="41.11722" lon="25.40567">
    <ele>43.54</ele>
   </trkpt>
   <trkpt lat="41.117140000000006" lon="25.405720000000002">
    <ele>43.690000000000005</ele>
   </trkpt>
   <trkpt lat="41.116710000000005" lon="25.406350000000003">
    <ele>44.09</ele>
   </trkpt>
   <trkpt lat="41.11634500065449" lon="25.406740002171894">
    <ele>44.22</ele>
   </trkpt>
   <trkpt lat="41.11598" lon="25.407130000000002">
    <ele>44.22</ele>
   </trkpt>
  </trkseg>
 </trk>
</gpx>
