<?xml version="1.0" encoding="UTF-8"?>
<gpx creator="StravaGPX" version="1.1" xmlns="http://www.topografix.com/GPX/1/1" xmlns:xsi="http://www.w3.org/2001/XMLSchema-instance" xsi:schemaLocation="http://www.topografix.com/GPX/1/1 http://www.topografix.com/GPX/1/1/gpx.xsd">
 <metadata>
  <name>COP31 GR Day 7</name>
  <author>
   <name>Agis Tsakmakis 🇬🇷</name>
   <link href="https://www.strava.com/athletes/74715064"/>
  </author>
  <copyright author="OpenStreetMap contributors">
   <year>2020</year>
   <license>https://www.openstreetmap.org/copyright</license>
  </copyright>
  <link href="https://www.strava.com/routes/3538267034002047618"/>
 </metadata>
 <wpt lat="41.11598" lon="25.40713">
  <name>Δημ. Κομοτηνής</name>
  <desc></desc>
  <sym>Distance Marker</sym>
  <type>Distance Marker</type>
 </wpt>
 <wpt lat="40.84516" lon="25.87481">
  <name>Δημ. Αλεξανδρούπολης</name>
  <desc></desc>
  <sym>Distance Marker</sym>
  <type>Distance Marker</type>
 </wpt>
 <wpt lat="41.19601" lon="26.30591">
  <name>Δημ. Σουφλίου</name>
  <desc></desc>
  <sym>Distance Marker</sym>
  <type>Distance Marker</type>
 </wpt>
 <trk>
  <name>COP31 GR Day 7</name>
  <link href="https://www.strava.com/routes/3538267034002047618"/>
  <type>cycling</type>
  <trkseg>
   <trkpt lat="41.11598" lon="25.407130000000002">
    <ele>44.22</ele>
   </trkpt>
   <trkpt lat="41.115610000000004" lon="25.407570000000003">
    <ele>44.29</ele>
   </trkpt>
   <trkpt lat="41.11523000119309" lon="25.40808500291828">
    <ele>44.07000000000001</ele>
   </trkpt>
   <trkpt lat="41.114850000000004" lon="25.408600000000003">
    <ele>43.63</ele>
   </trkpt>
   <trkpt lat="41.114650000000005" lon="25.408910000000002">
    <ele>43.49</ele>
   </trkpt>
   <trkpt lat="41.11448" lon="25.409200000000002">
    <ele>43.17000000000001</ele>
   </trkpt>
   <trkpt lat="41.11404" lon="25.409840000000003">
    <ele>43.34</ele>
   </trkpt>
   <trkpt lat="41.11386" lon="25.410110000000003">
    <ele>43.35000000000001</ele>
   </trkpt>
   <trkpt lat="41.11365000000001" lon="25.41036">
    <ele>43.29</ele>
   </trkpt>
   <trkpt lat="41.113420000000005" lon="25.410600000000002">
    <ele>43.22</ele>
   </trkpt>
   <trkpt lat="41.11294" lon="25.411">
    <ele>43.08</ele>
   </trkpt>
   <trkpt lat="41.1122925045401" lon="25.411595017652203">
    <ele>43.07</ele>
   </trkpt>
   <trkpt lat="41.11164500601903" lon="25.412190023567536">
    <ele>43.08</ele>
   </trkpt>
   <trkpt lat="41.11099750443694" lon="25.41278501774644">
    <ele>43.22</ele>
   </trkpt>
   <trkpt lat="41.110350000000004" lon="25.413380000000004">
    <ele>43.36</ele>
   </trkpt>
   <trkpt lat="41.109660000000005" lon="25.41409">
    <ele>43.54</ele>
   </trkpt>
   <trkpt lat="41.10927" lon="25.414540000000002">
    <ele>43.39</ele>
   </trkpt>
   <trkpt lat="41.10897000000001" lon="25.415100000000002">
    <ele>43.38</ele>
   </trkpt>
   <trkpt lat="41.108760000000004" lon="25.41541">
    <ele>43.31</ele>
   </trkpt>
   <trkpt lat="41.10853" lon="25.41588">
    <ele>43.260000000000005</ele>
   </trkpt>
   <trkpt lat="41.10824" lon="25.416310000000003">
    <ele>42.85000000000001</ele>
   </trkpt>
   <trkpt lat="41.107910000000004" lon="25.41692">
    <ele>42.95</ele>
   </trkpt>
   <trkpt lat="41.1075" lon="25.41759">
    <ele>43.38</ele>
   </trkpt>
   <trkpt lat="41.107220000000005" lon="25.41822">
    <ele>43.660000000000004</ele>
   </trkpt>
   <trkpt lat="41.106880000000004" lon="25.419120000000003">
    <ele>43.940000000000005</ele>
   </trkpt>
   <trkpt lat="41.10651500476006" lon="25.420175006013583">
    <ele>44.46000000000001</ele>
   </trkpt>
   <trkpt lat="41.10615000000001" lon="25.42123">
    <ele>44.69</ele>
   </trkpt>
   <trkpt lat="41.10599000218877" lon="25.421945001837347">
    <ele>45.00000000000001</ele>
   </trkpt>
   <trkpt lat="41.105830000000005" lon="25.42266">
    <ele>45.25000000000001</ele>
   </trkpt>
   <trkpt lat="41.10566" lon="25.423280000000002">
    <ele>45.36000000000001</ele>
   </trkpt>
   <trkpt lat="41.105360000000005" lon="25.42414">
    <ele>45.63</ele>
   </trkpt>
   <trkpt lat="41.10513" lon="25.424690000000002">
    <ele>45.720000000000006</ele>
   </trkpt>
   <trkpt lat="41.10487000106114" lon="25.425200002143377">
    <ele>45.910000000000004</ele>
   </trkpt>
   <trkpt lat="41.10461" lon="25.425710000000002">
    <ele>46.13</ele>
   </trkpt>
   <trkpt lat="41.10439" lon="25.4261">
    <ele>46.150000000000006</ele>
   </trkpt>
   <trkpt lat="41.103930000000005" lon="25.426660000000002">
    <ele>46.400000000000006</ele>
   </trkpt>
   <trkpt lat="41.103770000000004" lon="25.426910000000003">
    <ele>46.61000000000001</ele>
   </trkpt>
   <trkpt lat="41.10371000000001" lon="25.42705">
    <ele>46.53</ele>
   </trkpt>
   <trkpt lat="41.103370000000005" lon="25.427930000000003">
    <ele>47.040000000000006</ele>
   </trkpt>
   <trkpt lat="41.102990004494366" lon="25.428650008309017">
    <ele>47.300000000000004</ele>
   </trkpt>
   <trkpt lat="41.10261000450659" lon="25.42937000828577">
    <ele>47.290000000000006</ele>
   </trkpt>
   <trkpt lat="41.102230000000006" lon="25.430090000000003">
    <ele>47.620000000000005</ele>
   </trkpt>
   <trkpt lat="41.101915002326926" lon="25.430820003447575">
    <ele>48.230000000000004</ele>
   </trkpt>
   <trkpt lat="41.101600000000005" lon="25.43155">
    <ele>50.13</ele>
   </trkpt>
   <trkpt lat="41.10152" lon="25.43193">
    <ele>51.080000000000005</ele>
   </trkpt>
   <trkpt lat="41.10120500192476" lon="25.432600003247156">
    <ele>52.25000000000001</ele>
   </trkpt>
   <trkpt lat="41.10089000000001" lon="25.433270000000004">
    <ele>52.72</ele>
   </trkpt>
   <trkpt lat="41.10059500204912" lon="25.43395500302877">
    <ele>52.36</ele>
   </trkpt>
   <trkpt lat="41.100300000000004" lon="25.43464">
    <ele>52.39000000000001</ele>
   </trkpt>
   <trkpt lat="41.10009" lon="25.43533">
    <ele>51.89000000000001</ele>
   </trkpt>
   <trkpt lat="41.099940000000004" lon="25.436210000000003">
    <ele>51.21000000000001</ele>
   </trkpt>
   <trkpt lat="41.099940000000004" lon="25.43635">
    <ele>51.21000000000001</ele>
   </trkpt>
   <trkpt lat="41.099815001994635" lon="25.43703000131749">
    <ele>51.410000000000004</ele>
   </trkpt>
   <trkpt lat="41.09969" lon="25.437710000000003">
    <ele>51.57</ele>
   </trkpt>
   <trkpt lat="41.0996" lon="25.43774">
    <ele>51.49</ele>
   </trkpt>
   <trkpt lat="41.09949" lon="25.43786">
    <ele>51.49</ele>
   </trkpt>
   <trkpt lat="41.09935" lon="25.43841">
    <ele>51.160000000000004</ele>
   </trkpt>
   <trkpt lat="41.099140000000006" lon="25.438380000000002">
    <ele>50.300000000000004</ele>
   </trkpt>
   <trkpt lat="41.09839" lon="25.438150000000004">
    <ele>49.28</ele>
   </trkpt>
   <trkpt lat="41.09832" lon="25.438100000000002">
    <ele>49.28</ele>
   </trkpt>
   <trkpt lat="41.09826" lon="25.438010000000002">
    <ele>49.38000000000001</ele>
   </trkpt>
   <trkpt lat="41.09823" lon="25.437810000000002">
    <ele>49.52</ele>
   </trkpt>
   <trkpt lat="41.09819" lon="25.43767">
    <ele>49.42</ele>
   </trkpt>
   <trkpt lat="41.097730000000006" lon="25.437">
    <ele>48.68</ele>
   </trkpt>
   <trkpt lat="41.09742000000001" lon="25.436380000000003">
    <ele>48.650000000000006</ele>
   </trkpt>
   <trkpt lat="41.09738" lon="25.43634">
    <ele>48.650000000000006</ele>
   </trkpt>
   <trkpt lat="41.09732" lon="25.43634">
    <ele>48.370000000000005</ele>
   </trkpt>
   <trkpt lat="41.09677000000001" lon="25.436650000000004">
    <ele>48.07</ele>
   </trkpt>
   <trkpt lat="41.096265000095826" lon="25.4368500015681">
    <ele>48.480000000000004</ele>
   </trkpt>
   <trkpt lat="41.095760000000006" lon="25.437050000000003">
    <ele>49.31</ele>
   </trkpt>
   <trkpt lat="41.09572" lon="25.43708">
    <ele>49.900000000000006</ele>
   </trkpt>
   <trkpt lat="41.09563" lon="25.43719">
    <ele>49.900000000000006</ele>
   </trkpt>
   <trkpt lat="41.095270000000006" lon="25.438160000000003">
    <ele>52.92</ele>
   </trkpt>
   <trkpt lat="41.095180000000006" lon="25.438270000000003">
    <ele>52.92</ele>
   </trkpt>
   <trkpt lat="41.09508" lon="25.438270000000003">
    <ele>53.300000000000004</ele>
   </trkpt>
   <trkpt lat="41.09497" lon="25.43822">
    <ele>53.46000000000001</ele>
   </trkpt>
   <trkpt lat="41.09445" lon="25.437910000000002">
    <ele>53.52</ele>
   </trkpt>
   <trkpt lat="41.09413" lon="25.438860000000002">
    <ele>56.09</ele>
   </trkpt>
   <trkpt lat="41.09378" lon="25.439750000000004">
    <ele>57.28</ele>
   </trkpt>
   <trkpt lat="41.093340000000005" lon="25.440700000000003">
    <ele>59.81</ele>
   </trkpt>
   <trkpt lat="41.09284" lon="25.44168">
    <ele>63.14</ele>
   </trkpt>
   <trkpt lat="41.092495001521556" lon="25.442275003139795">
    <ele>64.17</ele>
   </trkpt>
   <trkpt lat="41.092150000000004" lon="25.442870000000003">
    <ele>66.89</ele>
   </trkpt>
   <trkpt lat="41.09197" lon="25.443160000000002">
    <ele>68.23</ele>
   </trkpt>
   <trkpt lat="41.09167" lon="25.44359">
    <ele>69.34</ele>
   </trkpt>
   <trkpt lat="41.09111500204754" lon="25.444280005841886">
    <ele>71.84</ele>
   </trkpt>
   <trkpt lat="41.09056" lon="25.44497">
    <ele>74.92</ele>
   </trkpt>
   <trkpt lat="41.09016000077566" lon="25.44539000254322">
    <ele>77.31</ele>
   </trkpt>
   <trkpt lat="41.089760000000005" lon="25.44581">
    <ele>79.12</ele>
   </trkpt>
   <trkpt lat="41.08920333556913" lon="25.44632334207061">
    <ele>81.58</ele>
   </trkpt>
   <trkpt lat="41.08864666886005" lon="25.446836675442935">
    <ele>83.81</ele>
   </trkpt>
   <trkpt lat="41.08809" lon="25.447350000000004">
    <ele>84.72</ele>
   </trkpt>
   <trkpt lat="41.08746000317578" lon="25.447956678305715">
    <ele>82.09</ele>
   </trkpt>
   <trkpt lat="41.08683000316963" lon="25.448563344978133">
    <ele>79.2</ele>
   </trkpt>
   <trkpt lat="41.086200000000005" lon="25.449170000000002">
    <ele>76.96</ele>
   </trkpt>
   <trkpt lat="41.085482870007496" lon="25.449874331829715">
    <ele>75.79</ele>
   </trkpt>
   <trkpt lat="41.084765735726265" lon="25.45057864828672">
    <ele>73.81</ele>
   </trkpt>
   <trkpt lat="41.08404859715656" lon="25.451282949371638">
    <ele>70.67000000000002</ele>
   </trkpt>
   <trkpt lat="41.08333145429856" lon="25.45198723508511">
    <ele>68.24000000000001</ele>
   </trkpt>
   <trkpt lat="41.082614307152454" lon="25.452691505427765">
    <ele>65.83</ele>
   </trkpt>
   <trkpt lat="41.08189715571848" lon="25.453395760400227">
    <ele>62.910000000000004</ele>
   </trkpt>
   <trkpt lat="41.08118" lon="25.4541">
    <ele>61.93000000000001</ele>
   </trkpt>
   <trkpt lat="41.080515005392456" lon="25.45474501958051">
    <ele>60.61</ele>
   </trkpt>
   <trkpt lat="41.07985000718817" lon="25.455390026108624">
    <ele>57.32</ele>
   </trkpt>
   <trkpt lat="41.07918500538733" lon="25.45603501958483">
    <ele>55.080000000000005</ele>
   </trkpt>
   <trkpt lat="41.078520000000005" lon="25.456680000000002">
    <ele>54.080000000000005</ele>
   </trkpt>
   <trkpt lat="41.078250000000004" lon="25.457">
    <ele>53.50000000000001</ele>
   </trkpt>
   <trkpt lat="41.077830000000006" lon="25.457780000000003">
    <ele>53.68000000000001</ele>
   </trkpt>
   <trkpt lat="41.07768" lon="25.457990000000002">
    <ele>54.150000000000006</ele>
   </trkpt>
   <trkpt lat="41.07752" lon="25.458150000000003">
    <ele>55.25000000000001</ele>
   </trkpt>
   <trkpt lat="41.077050000615884" lon="25.45855500297606">
    <ele>56.74</ele>
   </trkpt>
   <trkpt lat="41.07658" lon="25.45896">
    <ele>57.88000000000001</ele>
   </trkpt>
   <trkpt lat="41.07609" lon="25.45933">
    <ele>57.980000000000004</ele>
   </trkpt>
   <trkpt lat="41.07530857820528" lon="25.459841465051895">
    <ele>55.66</ele>
   </trkpt>
   <trkpt lat="41.07452715414917" lon="25.46035291794417">
    <ele>51.04</ele>
   </trkpt>
   <trkpt lat="41.07374572783175" lon="25.46086435867741">
    <ele>47.66</ele>
   </trkpt>
   <trkpt lat="41.072964299253144" lon="25.461375787252205">
    <ele>45.94</ele>
   </trkpt>
   <trkpt lat="41.07218286841346" lon="25.46188720366915">
    <ele>44.160000000000004</ele>
   </trkpt>
   <trkpt lat="41.071401435312836" lon="25.462398607928826">
    <ele>42.36</ele>
   </trkpt>
   <trkpt lat="41.070620000000005" lon="25.46291">
    <ele>38.81</ele>
   </trkpt>
   <trkpt lat="41.070420000000006" lon="25.4631">
    <ele>38.18000000000001</ele>
   </trkpt>
   <trkpt lat="41.06994" lon="25.46384">
    <ele>37.68000000000001</ele>
   </trkpt>
   <trkpt lat="41.069680000000005" lon="25.4642">
    <ele>37.7</ele>
   </trkpt>
   <trkpt lat="41.06933" lon="25.46461">
    <ele>37.970000000000006</ele>
   </trkpt>
   <trkpt lat="41.06882" lon="25.465120000000002">
    <ele>38.06</ele>
   </trkpt>
   <trkpt lat="41.06821834111033" lon="25.465720027453976">
    <ele>35.870000000000005</ele>
   </trkpt>
   <trkpt lat="41.06761667910838" lon="25.466320043927176">
    <ele>32.77</ele>
   </trkpt>
   <trkpt lat="41.067015013994265" lon="25.466920049419965">
    <ele>30.910000000000004</ele>
   </trkpt>
   <trkpt lat="41.066413345768126" lon="25.467520043932737">
    <ele>29.14</ele>
   </trkpt>
   <trkpt lat="41.06581167443007" lon="25.468120027465854">
    <ele>28.720000000000002</ele>
   </trkpt>
   <trkpt lat="41.06521" lon="25.46872">
    <ele>28.98</ele>
   </trkpt>
   <trkpt lat="41.06449251504008" lon="25.46942505384029">
    <ele>28.770000000000003</ele>
   </trkpt>
   <trkpt lat="41.06377502578311" lon="25.47013009229587">
    <ele>28.600000000000005</ele>
   </trkpt>
   <trkpt lat="41.06305753222926" lon="25.470835115367386">
    <ele>27.76</ele>
   </trkpt>
   <trkpt lat="41.06234003437877" lon="25.47154012305545">
    <ele>27.020000000000003</ele>
   </trkpt>
   <trkpt lat="41.06162253223183" lon="25.472245115360714">
    <ele>27.19</ele>
   </trkpt>
   <trkpt lat="41.060905025788635" lon="25.472950092283796">
    <ele>28.19</ele>
   </trkpt>
   <trkpt lat="41.06018751504939" lon="25.473655053825336">
    <ele>30.050000000000004</ele>
   </trkpt>
   <trkpt lat="41.059470000000005" lon="25.47436">
    <ele>30.830000000000002</ele>
   </trkpt>
   <trkpt lat="41.058910000000004" lon="25.47491">
    <ele>30.51</ele>
   </trkpt>
   <trkpt lat="41.058640000000004" lon="25.47512">
    <ele>29.200000000000003</ele>
   </trkpt>
   <trkpt lat="41.058580000000006" lon="25.47521">
    <ele>28.830000000000002</ele>
   </trkpt>
   <trkpt lat="41.058460000000004" lon="25.475220000000004">
    <ele>28.600000000000005</ele>
   </trkpt>
   <trkpt lat="41.05818" lon="25.47528">
    <ele>28.110000000000003</ele>
   </trkpt>
   <trkpt lat="41.05749" lon="25.47558">
    <ele>26.900000000000002</ele>
   </trkpt>
   <trkpt lat="41.05733" lon="25.475690000000004">
    <ele>26.55</ele>
   </trkpt>
   <trkpt lat="41.057210000000005" lon="25.475800000000003">
    <ele>26.400000000000002</ele>
   </trkpt>
   <trkpt lat="41.057" lon="25.47614">
    <ele>25.910000000000004</ele>
   </trkpt>
   <trkpt lat="41.05688000000001" lon="25.476490000000002">
    <ele>25.310000000000002</ele>
   </trkpt>
   <trkpt lat="41.056630000000006" lon="25.477100000000004">
    <ele>23.91</ele>
   </trkpt>
   <trkpt lat="41.056490000000004" lon="25.47728">
    <ele>22.87</ele>
   </trkpt>
   <trkpt lat="41.05624" lon="25.477520000000002">
    <ele>22.150000000000002</ele>
   </trkpt>
   <trkpt lat="41.055546668244254" lon="25.477946675658153">
    <ele>20.200000000000003</ele>
   </trkpt>
   <trkpt lat="41.054853334914874" lon="25.478373342322243">
    <ele>19.590000000000003</ele>
   </trkpt>
   <trkpt lat="41.05416" lon="25.478800000000003">
    <ele>19.14</ele>
   </trkpt>
   <trkpt lat="41.05346666824346" lon="25.479230009076854">
    <ele>18.65</ele>
   </trkpt>
   <trkpt lat="41.05277333488862" lon="25.47966000909005">
    <ele>18.53</ele>
   </trkpt>
   <trkpt lat="41.052080000000004" lon="25.48009">
    <ele>17.720000000000002</ele>
   </trkpt>
   <trkpt lat="41.05172" lon="25.480300000000003">
    <ele>17.550000000000004</ele>
   </trkpt>
   <trkpt lat="41.05094000100511" lon="25.48078000568484">
    <ele>17.45</ele>
   </trkpt>
   <trkpt lat="41.050160000000005" lon="25.481260000000002">
    <ele>17.44</ele>
   </trkpt>
   <trkpt lat="41.04975000069114" lon="25.481580001800037">
    <ele>17.240000000000002</ele>
   </trkpt>
   <trkpt lat="41.04934" lon="25.481900000000003">
    <ele>16.95</ele>
   </trkpt>
   <trkpt lat="41.04875500335789" lon="25.48240501342522">
    <ele>17.130000000000003</ele>
   </trkpt>
   <trkpt lat="41.04817000451132" lon="25.48291001787057">
    <ele>17.220000000000002</ele>
   </trkpt>
   <trkpt lat="41.047585003460384" lon="25.483415013336362">
    <ele>17.36</ele>
   </trkpt>
   <trkpt lat="41.047000000000004" lon="25.48392">
    <ele>18.36</ele>
   </trkpt>
   <trkpt lat="41.04635500107048" lon="25.484430005041375">
    <ele>16.990000000000002</ele>
   </trkpt>
   <trkpt lat="41.04571000000001" lon="25.48494">
    <ele>17.23</ele>
   </trkpt>
   <trkpt lat="41.04509000119093" lon="25.485460004880505">
    <ele>17.45</ele>
   </trkpt>
   <trkpt lat="41.044470000000004" lon="25.48598">
    <ele>17.27</ele>
   </trkpt>
   <trkpt lat="41.04379000174431" lon="25.486645007034546">
    <ele>17.12</ele>
   </trkpt>
   <trkpt lat="41.043110000000006" lon="25.48731">
    <ele>16.77</ele>
   </trkpt>
   <trkpt lat="41.04258666919116" lon="25.487853342002584">
    <ele>16.439999999999998</ele>
   </trkpt>
   <trkpt lat="41.042063335830605" lon="25.488396675364058">
    <ele>16.380000000000003</ele>
   </trkpt>
   <trkpt lat="41.041540000000005" lon="25.488940000000003">
    <ele>16.48</ele>
   </trkpt>
   <trkpt lat="41.04117" lon="25.48929">
    <ele>16.41</ele>
   </trkpt>
   <trkpt lat="41.040910000000004" lon="25.489500000000003">
    <ele>16.290000000000003</ele>
   </trkpt>
   <trkpt lat="41.040710000000004" lon="25.489620000000002">
    <ele>16.290000000000003</ele>
   </trkpt>
   <trkpt lat="41.04014000075521" lon="25.489916671807926">
    <ele>16.310000000000002</ele>
   </trkpt>
   <trkpt lat="41.03957000074969" lon="25.4902133384774">
    <ele>16.28</ele>
   </trkpt>
   <trkpt lat="41.039" lon="25.49051">
    <ele>17.17</ele>
   </trkpt>
   <trkpt lat="41.03876" lon="25.490650000000002">
    <ele>17.980000000000004</ele>
   </trkpt>
   <trkpt lat="41.03848" lon="25.490850000000002">
    <ele>18.61</ele>
   </trkpt>
   <trkpt lat="41.038180000000004" lon="25.49114">
    <ele>18.72</ele>
   </trkpt>
   <trkpt lat="41.03757" lon="25.491880000000002">
    <ele>18.430000000000003</ele>
   </trkpt>
   <trkpt lat="41.03727000000001" lon="25.49219">
    <ele>18.53</ele>
   </trkpt>
   <trkpt lat="41.03656200568882" lon="25.492764024699884">
    <ele>18.8</ele>
   </trkpt>
   <trkpt lat="41.0358540085297" lon="25.493338037052055">
    <ele>18.94</ele>
   </trkpt>
   <trkpt lat="41.03514600852278" lon="25.493912037057033">
    <ele>18.42</ele>
   </trkpt>
   <trkpt lat="41.0344380056682" lon="25.49448602471534">
    <ele>17.88</ele>
   </trkpt>
   <trkpt lat="41.033730000000006" lon="25.495060000000002">
    <ele>18.21</ele>
   </trkpt>
   <trkpt lat="41.03321500070068" lon="25.49545500306971">
    <ele>18.05</ele>
   </trkpt>
   <trkpt lat="41.032700000000006" lon="25.49585">
    <ele>18.11</ele>
   </trkpt>
   <trkpt lat="41.03194333651064" lon="25.496460014052683">
    <ele>18.330000000000002</ele>
   </trkpt>
   <trkpt lat="41.03118666980512" lon="25.49707001408375">
    <ele>18.19</ele>
   </trkpt>
   <trkpt lat="41.03043" lon="25.497680000000003">
    <ele>18.520000000000003</ele>
   </trkpt>
   <trkpt lat="41.03016" lon="25.497840000000004">
    <ele>18.590000000000003</ele>
   </trkpt>
   <trkpt lat="41.02984" lon="25.497970000000002">
    <ele>18.840000000000003</ele>
   </trkpt>
   <trkpt lat="41.029120000000006" lon="25.498150000000003">
    <ele>19.48</ele>
   </trkpt>
   <trkpt lat="41.02860000018263" lon="25.49825500080197">
    <ele>19.700000000000003</ele>
   </trkpt>
   <trkpt lat="41.02808" lon="25.49836">
    <ele>21.1</ele>
   </trkpt>
   <trkpt lat="41.02729000019765" lon="25.498575002580008">
    <ele>22.7</ele>
   </trkpt>
   <trkpt lat="41.026500000000006" lon="25.498790000000003">
    <ele>23.4</ele>
   </trkpt>
   <trkpt lat="41.025785000232844" lon="25.499000002267724">
    <ele>23.680000000000003</ele>
   </trkpt>
   <trkpt lat="41.02507000000001" lon="25.49921">
    <ele>23.630000000000003</ele>
   </trkpt>
   <trkpt lat="41.024660000000004" lon="25.499360000000003">
    <ele>23.680000000000003</ele>
   </trkpt>
   <trkpt lat="41.024350000000005" lon="25.499570000000002">
    <ele>23.470000000000002</ele>
   </trkpt>
   <trkpt lat="41.023970000000006" lon="25.49996">
    <ele>22.580000000000002</ele>
   </trkpt>
   <trkpt lat="41.02349500121697" lon="25.500495003881188">
    <ele>20.55</ele>
   </trkpt>
   <trkpt lat="41.02302" lon="25.501030000000004">
    <ele>18.53</ele>
   </trkpt>
   <trkpt lat="41.022670000000005" lon="25.50139">
    <ele>18.340000000000003</ele>
   </trkpt>
   <trkpt lat="41.02237" lon="25.50165">
    <ele>19.16</ele>
   </trkpt>
   <trkpt lat="41.02216000000001" lon="25.50177">
    <ele>19.540000000000003</ele>
   </trkpt>
   <trkpt lat="41.021930000000005" lon="25.501880000000003">
    <ele>19.64</ele>
   </trkpt>
   <trkpt lat="41.02183" lon="25.50196">
    <ele>19.55</ele>
   </trkpt>
   <trkpt lat="41.02176" lon="25.502090000000003">
    <ele>19.290000000000003</ele>
   </trkpt>
   <trkpt lat="41.021730000000005" lon="25.50224">
    <ele>19.21</ele>
   </trkpt>
   <trkpt lat="41.021640005838876" lon="25.50340000127436">
    <ele>19.35</ele>
   </trkpt>
   <trkpt lat="41.021550000000005" lon="25.50456">
    <ele>19.91</ele>
   </trkpt>
   <trkpt lat="41.02145" lon="25.505280000000003">
    <ele>20.26</ele>
   </trkpt>
   <trkpt lat="41.021390000000004" lon="25.505550000000003">
    <ele>20.34</ele>
   </trkpt>
   <trkpt lat="41.02127" lon="25.5058">
    <ele>20.44</ele>
   </trkpt>
   <trkpt lat="41.021190000000004" lon="25.505910000000004">
    <ele>20.86</ele>
   </trkpt>
   <trkpt lat="41.02074000105886" lon="25.506385003156844">
    <ele>21.220000000000002</ele>
   </trkpt>
   <trkpt lat="41.02029" lon="25.506860000000003">
    <ele>22.11</ele>
   </trkpt>
   <trkpt lat="41.01993" lon="25.50728">
    <ele>22.660000000000004</ele>
   </trkpt>
   <trkpt lat="41.01964" lon="25.50766">
    <ele>23.32</ele>
   </trkpt>
   <trkpt lat="41.01917" lon="25.508460000000003">
    <ele>24.19</ele>
   </trkpt>
   <trkpt lat="41.018890000000006" lon="25.508830000000003">
    <ele>25.19</ele>
   </trkpt>
   <trkpt lat="41.01872" lon="25.509010000000004">
    <ele>25.19</ele>
   </trkpt>
   <trkpt lat="41.01807" lon="25.50953">
    <ele>28.51</ele>
   </trkpt>
   <trkpt lat="41.01756" lon="25.509970000000003">
    <ele>30.230000000000004</ele>
   </trkpt>
   <trkpt lat="41.017430000000004" lon="25.510140000000003">
    <ele>31.37</ele>
   </trkpt>
   <trkpt lat="41.01719000000001" lon="25.510540000000002">
    <ele>32.300000000000004</ele>
   </trkpt>
   <trkpt lat="41.01673" lon="25.511450000000004">
    <ele>34.15</ele>
   </trkpt>
   <trkpt lat="41.016650000000006" lon="25.511560000000003">
    <ele>34.15</ele>
   </trkpt>
   <trkpt lat="41.016540000000006" lon="25.511650000000003">
    <ele>34.35</ele>
   </trkpt>
   <trkpt lat="41.01589000134141" lon="25.511970009465642">
    <ele>36.13</ele>
   </trkpt>
   <trkpt lat="41.01524000179781" lon="25.51229001261611">
    <ele>37.51</ele>
   </trkpt>
   <trkpt lat="41.01459000136922" lon="25.51261000945167">
    <ele>40.24</ele>
   </trkpt>
   <trkpt lat="41.013940000000005" lon="25.51293">
    <ele>42.89</ele>
   </trkpt>
   <trkpt lat="41.013250000000006" lon="25.513370000000002">
    <ele>45.27</ele>
   </trkpt>
   <trkpt lat="41.01319" lon="25.513450000000002">
    <ele>45.75000000000001</ele>
   </trkpt>
   <trkpt lat="41.01306" lon="25.513710000000003">
    <ele>46.61000000000001</ele>
   </trkpt>
   <trkpt lat="41.01290500154889" lon="25.51432500178605">
    <ele>48.1</ele>
   </trkpt>
   <trkpt lat="41.012750000000004" lon="25.514940000000003">
    <ele>49.82</ele>
   </trkpt>
   <trkpt lat="41.01261" lon="25.51518">
    <ele>50.38</ele>
   </trkpt>
   <trkpt lat="41.01252" lon="25.515300000000003">
    <ele>50.38</ele>
   </trkpt>
   <trkpt lat="41.01207" lon="25.515760000000004">
    <ele>54.28</ele>
   </trkpt>
   <trkpt lat="41.01173" lon="25.51641">
    <ele>57.02</ele>
   </trkpt>
   <trkpt lat="41.011520000000004" lon="25.516700000000004">
    <ele>59.300000000000004</ele>
   </trkpt>
   <trkpt lat="41.010945001036234" lon="25.517195004339385">
    <ele>62.690000000000005</ele>
   </trkpt>
   <trkpt lat="41.01037" lon="25.51769">
    <ele>65.56</ele>
   </trkpt>
   <trkpt lat="41.010020000000004" lon="25.51809">
    <ele>65.18</ele>
   </trkpt>
   <trkpt lat="41.009820000000005" lon="25.518430000000002">
    <ele>64.89999999999999</ele>
   </trkpt>
   <trkpt lat="41.00976" lon="25.518590000000003">
    <ele>64.96000000000001</ele>
   </trkpt>
   <trkpt lat="41.00967" lon="25.518990000000002">
    <ele>65.61</ele>
   </trkpt>
   <trkpt lat="41.00954500298994" lon="25.519820001487307">
    <ele>67.33</ele>
   </trkpt>
   <trkpt lat="41.009420000000006" lon="25.520650000000003">
    <ele>69.79</ele>
   </trkpt>
   <trkpt lat="41.00943" lon="25.520970000000002">
    <ele>69.75</ele>
   </trkpt>
   <trkpt lat="41.009620000000005" lon="25.521980000000003">
    <ele>66.41000000000001</ele>
   </trkpt>
   <trkpt lat="41.009690000000006" lon="25.522440000000003">
    <ele>65.95</ele>
   </trkpt>
   <trkpt lat="41.0097" lon="25.522550000000003">
    <ele>65.34</ele>
   </trkpt>
   <trkpt lat="41.00967" lon="25.52278">
    <ele>64.92</ele>
   </trkpt>
   <trkpt lat="41.009530000000005" lon="25.523090000000003">
    <ele>63.410000000000004</ele>
   </trkpt>
   <trkpt lat="41.00891500242867" lon="25.52385000717659">
    <ele>58.99000000000001</ele>
   </trkpt>
   <trkpt lat="41.008300000000006" lon="25.524610000000003">
    <ele>59.980000000000004</ele>
   </trkpt>
   <trkpt lat="41.00822" lon="25.52475">
    <ele>59.980000000000004</ele>
   </trkpt>
   <trkpt lat="41.00815" lon="25.52492">
    <ele>60.13</ele>
   </trkpt>
   <trkpt lat="41.008030000000005" lon="25.52532">
    <ele>61.230000000000004</ele>
   </trkpt>
   <trkpt lat="41.00784000288896" lon="25.526135002269275">
    <ele>63.86</ele>
   </trkpt>
   <trkpt lat="41.007650000000005" lon="25.526950000000003">
    <ele>66.61</ele>
   </trkpt>
   <trkpt lat="41.00753" lon="25.527350000000002">
    <ele>67.75</ele>
   </trkpt>
   <trkpt lat="41.00732000162812" lon="25.527950001704852">
    <ele>70.33</ele>
   </trkpt>
   <trkpt lat="41.007110000000004" lon="25.528550000000003">
    <ele>69.13000000000001</ele>
   </trkpt>
   <trkpt lat="41.006690000000006" lon="25.529480000000003">
    <ele>66.23</ele>
   </trkpt>
   <trkpt lat="41.006640000000004" lon="25.5298">
    <ele>66.27000000000001</ele>
   </trkpt>
   <trkpt lat="41.006660000000004" lon="25.530160000000002">
    <ele>65.50999999999999</ele>
   </trkpt>
   <trkpt lat="41.00661" lon="25.53077">
    <ele>65.25999999999999</ele>
   </trkpt>
   <trkpt lat="41.00632000278923" lon="25.531565003338972">
    <ele>69.07000000000001</ele>
   </trkpt>
   <trkpt lat="41.00603" lon="25.53236">
    <ele>74.72000000000001</ele>
   </trkpt>
   <trkpt lat="41.00576751619613" lon="25.53347751332082">
    <ele>75.15</ele>
   </trkpt>
   <trkpt lat="41.00550502159996" lon="25.534595017738948">
    <ele>71.57000000000001</ele>
   </trkpt>
   <trkpt lat="41.00524251621165" lon="25.535712513254182">
    <ele>71.93</ele>
   </trkpt>
   <trkpt lat="41.00498" lon="25.536830000000002">
    <ele>71.5</ele>
   </trkpt>
   <trkpt lat="41.00479" lon="25.537490000000002">
    <ele>70.53</ele>
   </trkpt>
   <trkpt lat="41.004690000000004" lon="25.5377">
    <ele>70.45000000000002</ele>
   </trkpt>
   <trkpt lat="41.00457" lon="25.5379">
    <ele>70.53</ele>
   </trkpt>
   <trkpt lat="41.004470000000005" lon="25.538030000000003">
    <ele>70.52</ele>
   </trkpt>
   <trkpt lat="41.003823343766165" lon="25.53872503410093">
    <ele>70.72</ele>
   </trkpt>
   <trkpt lat="41.00317668335772" lon="25.539420054562143">
    <ele>76.04</ele>
   </trkpt>
   <trkpt lat="41.0025300187749" lon="25.54011506138411">
    <ele>75.43</ele>
   </trkpt>
   <trkpt lat="41.001883350017884" lon="25.54081005456733">
    <ele>80.60000000000001</ele>
   </trkpt>
   <trkpt lat="41.00123667708679" lon="25.5415050341123">
    <ele>87.76</ele>
   </trkpt>
   <trkpt lat="41.00059" lon="25.5422">
    <ele>93.25000000000001</ele>
   </trkpt>
   <trkpt lat="41.000330000000005" lon="25.542460000000002">
    <ele>94.26</ele>
   </trkpt>
   <trkpt lat="41.0001" lon="25.542620000000003">
    <ele>94.39</ele>
   </trkpt>
   <trkpt lat="40.999650000158816" lon="25.54286000168659">
    <ele>93.16000000000001</ele>
   </trkpt>
   <trkpt lat="40.9992" lon="25.543100000000003">
    <ele>91.19000000000001</ele>
   </trkpt>
   <trkpt lat="40.99884" lon="25.54332">
    <ele>91.02</ele>
   </trkpt>
   <trkpt lat="40.99814000000001" lon="25.543930000000003">
    <ele>91.21000000000001</ele>
   </trkpt>
   <trkpt lat="40.997620000000005" lon="25.544210000000003">
    <ele>87.06000000000002</ele>
   </trkpt>
   <trkpt lat="40.99683500062757" lon="25.54459500459114">
    <ele>84.57000000000001</ele>
   </trkpt>
   <trkpt lat="40.996050000000004" lon="25.544980000000002">
    <ele>86.93</ele>
   </trkpt>
   <trkpt lat="40.995740000000005" lon="25.545170000000002">
    <ele>87.9</ele>
   </trkpt>
   <trkpt lat="40.995345000506774" lon="25.54549000186531">
    <ele>87.9</ele>
   </trkpt>
   <trkpt lat="40.99495" lon="25.545810000000003">
    <ele>87.89000000000001</ele>
   </trkpt>
   <trkpt lat="40.994730000000004" lon="25.546070000000004">
    <ele>89.19</ele>
   </trkpt>
   <trkpt lat="40.99447000000001" lon="25.546460000000003">
    <ele>92.45</ele>
   </trkpt>
   <trkpt lat="40.994330000000005" lon="25.54662">
    <ele>93.27000000000001</ele>
   </trkpt>
   <trkpt lat="40.994200000000006" lon="25.546650000000003">
    <ele>94.03</ele>
   </trkpt>
   <trkpt lat="40.99401" lon="25.546640000000004">
    <ele>94.16000000000001</ele>
   </trkpt>
   <trkpt lat="40.993990000000004" lon="25.546770000000002">
    <ele>93.83000000000001</ele>
   </trkpt>
   <trkpt lat="40.99401" lon="25.546820000000004">
    <ele>93.83000000000001</ele>
   </trkpt>
   <trkpt lat="40.99454000203637" lon="25.54751499434607">
    <ele>90.76</ele>
   </trkpt>
   <trkpt lat="40.995070000000005" lon="25.54821">
    <ele>88.09</ele>
   </trkpt>
   <trkpt lat="40.99571750856449" lon="25.549022476067112">
    <ele>83.31</ele>
   </trkpt>
   <trkpt lat="40.99636501142442" lon="25.549834968095332">
    <ele>80.10000000000001</ele>
   </trkpt>
   <trkpt lat="40.99701250857959" lon="25.550647476085214">
    <ele>76.62</ele>
   </trkpt>
   <trkpt lat="40.99766" lon="25.551460000000002">
    <ele>73.96000000000001</ele>
   </trkpt>
   <trkpt lat="40.997160001682346" lon="25.5520850047476">
    <ele>76.47000000000001</ele>
   </trkpt>
   <trkpt lat="40.996660000000006" lon="25.55271">
    <ele>77.42</ele>
   </trkpt>
   <trkpt lat="40.996100000000006" lon="25.55336">
    <ele>76.34</ele>
   </trkpt>
   <trkpt lat="40.995960000000004" lon="25.55347">
    <ele>76.02</ele>
   </trkpt>
   <trkpt lat="40.99584" lon="25.55354">
    <ele>75.72000000000001</ele>
   </trkpt>
   <trkpt lat="40.99564" lon="25.55355">
    <ele>75.23</ele>
   </trkpt>
   <trkpt lat="40.99559" lon="25.553580000000004">
    <ele>75.23</ele>
   </trkpt>
   <trkpt lat="40.995450000000005" lon="25.553880000000003">
    <ele>74.61000000000001</ele>
   </trkpt>
   <trkpt lat="40.99510500085583" lon="25.554330002379988">
    <ele>73.64000000000001</ele>
   </trkpt>
   <trkpt lat="40.99476000000001" lon="25.55478">
    <ele>72.3</ele>
   </trkpt>
   <trkpt lat="40.99417667152493" lon="25.555530013275966">
    <ele>68.32000000000001</ele>
   </trkpt>
   <trkpt lat="40.99359333818896" lon="25.556280013279164">
    <ele>64.53999999999999</ele>
   </trkpt>
   <trkpt lat="40.993010000000005" lon="25.55703">
    <ele>63.87000000000001</ele>
   </trkpt>
   <trkpt lat="40.99256666989187" lon="25.55763667476438">
    <ele>67.33</ele>
   </trkpt>
   <trkpt lat="40.99212333660327" lon="25.55824334136973">
    <ele>73.58</ele>
   </trkpt>
   <trkpt lat="40.99168" lon="25.558850000000003">
    <ele>74.86000000000001</ele>
   </trkpt>
   <trkpt lat="40.991490000000006" lon="25.559060000000002">
    <ele>73.59</ele>
   </trkpt>
   <trkpt lat="40.991290000000006" lon="25.559210000000004">
    <ele>71.75</ele>
   </trkpt>
   <trkpt lat="40.991060000000004" lon="25.5593">
    <ele>70.16</ele>
   </trkpt>
   <trkpt lat="40.990590000000005" lon="25.55938">
    <ele>66.58</ele>
   </trkpt>
   <trkpt lat="40.99034" lon="25.559450000000002">
    <ele>65.18</ele>
   </trkpt>
   <trkpt lat="40.990190000000005" lon="25.559540000000002">
    <ele>64.84</ele>
   </trkpt>
   <trkpt lat="40.99" lon="25.55986">
    <ele>65.01</ele>
   </trkpt>
   <trkpt lat="40.989696671470256" lon="25.560606673571215">
    <ele>66.74000000000001</ele>
   </trkpt>
   <trkpt lat="40.989393338122866" lon="25.561353340272408">
    <ele>70.54</ele>
   </trkpt>
   <trkpt lat="40.989090000000004" lon="25.5621">
    <ele>72.83</ele>
   </trkpt>
   <trkpt lat="40.988980000000005" lon="25.562310000000004">
    <ele>73.51</ele>
   </trkpt>
   <trkpt lat="40.988535001165644" lon="25.56283000351248">
    <ele>75.76</ele>
   </trkpt>
   <trkpt lat="40.98809000000001" lon="25.563350000000003">
    <ele>76.35</ele>
   </trkpt>
   <trkpt lat="40.987660000000005" lon="25.5638">
    <ele>78.0</ele>
   </trkpt>
   <trkpt lat="40.98747" lon="25.56396">
    <ele>78.86</ele>
   </trkpt>
   <trkpt lat="40.9868800011979" lon="25.564333340018063">
    <ele>81.42</ele>
   </trkpt>
   <trkpt lat="40.98629000119137" lon="25.564706673355428">
    <ele>85.37</ele>
   </trkpt>
   <trkpt lat="40.9857" lon="25.565080000000002">
    <ele>87.39</ele>
   </trkpt>
   <trkpt lat="40.98521000049281" lon="25.56540000234481">
    <ele>89.33</ele>
   </trkpt>
   <trkpt lat="40.98472" lon="25.565720000000002">
    <ele>88.92000000000002</ele>
   </trkpt>
   <trkpt lat="40.98415666747958" lon="25.566030005305695">
    <ele>87.9</ele>
   </trkpt>
   <trkpt lat="40.983593334128756" lon="25.566340005315265">
    <ele>86.29</ele>
   </trkpt>
   <trkpt lat="40.98303000000001" lon="25.566650000000003">
    <ele>84.2</ele>
   </trkpt>
   <trkpt lat="40.98286" lon="25.566850000000002">
    <ele>84.19</ele>
   </trkpt>
   <trkpt lat="40.982580000000006" lon="25.567380000000004">
    <ele>84.28</ele>
   </trkpt>
   <trkpt lat="40.98246" lon="25.567670000000003">
    <ele>83.71000000000001</ele>
   </trkpt>
   <trkpt lat="40.982330000000005" lon="25.567890000000002">
    <ele>83.2</ele>
   </trkpt>
   <trkpt lat="40.981820000000006" lon="25.568430000000003">
    <ele>81.38000000000001</ele>
   </trkpt>
   <trkpt lat="40.98181" lon="25.568970000000004">
    <ele>78.38000000000001</ele>
   </trkpt>
   <trkpt lat="40.98183" lon="25.569360000000003">
    <ele>76.19000000000001</ele>
   </trkpt>
   <trkpt lat="40.981910000000006" lon="25.56971">
    <ele>74.83000000000001</ele>
   </trkpt>
   <trkpt lat="40.98203" lon="25.570120000000003">
    <ele>73.9</ele>
   </trkpt>
   <trkpt lat="40.98205" lon="25.57025">
    <ele>73.82000000000001</ele>
   </trkpt>
   <trkpt lat="40.98205" lon="25.57056">
    <ele>73.8</ele>
   </trkpt>
   <trkpt lat="40.982020000000006" lon="25.57073">
    <ele>73.84</ele>
   </trkpt>
   <trkpt lat="40.981880000000004" lon="25.570950000000003">
    <ele>73.89000000000001</ele>
   </trkpt>
   <trkpt lat="40.981680000000004" lon="25.57112">
    <ele>74.05</ele>
   </trkpt>
   <trkpt lat="40.9812450003303" lon="25.57144000219302">
    <ele>74.3</ele>
   </trkpt>
   <trkpt lat="40.980810000000005" lon="25.57176">
    <ele>74.25000000000001</ele>
   </trkpt>
   <trkpt lat="40.98075" lon="25.57184">
    <ele>74.09</ele>
   </trkpt>
   <trkpt lat="40.98071" lon="25.57195">
    <ele>73.73</ele>
   </trkpt>
   <trkpt lat="40.980700000000006" lon="25.57222">
    <ele>72.18</ele>
   </trkpt>
   <trkpt lat="40.980790000000006" lon="25.57272">
    <ele>71.19</ele>
   </trkpt>
   <trkpt lat="40.980790000000006" lon="25.57287">
    <ele>71.19</ele>
   </trkpt>
   <trkpt lat="40.98071" lon="25.57309">
    <ele>70.54</ele>
   </trkpt>
   <trkpt lat="40.98029500121818" lon="25.57360000309286">
    <ele>70.25</ele>
   </trkpt>
   <trkpt lat="40.97988" lon="25.57411">
    <ele>70.3</ele>
   </trkpt>
   <trkpt lat="40.97937" lon="25.574790000000004">
    <ele>70.8</ele>
   </trkpt>
   <trkpt lat="40.979030000886475" lon="25.575215002058094">
    <ele>70.78</ele>
   </trkpt>
   <trkpt lat="40.97869" lon="25.575640000000003">
    <ele>70.73</ele>
   </trkpt>
   <trkpt lat="40.97823333592873" lon="25.576193341055852">
    <ele>70.83</ele>
   </trkpt>
   <trkpt lat="40.977776669211785" lon="25.57674667445">
    <ele>70.89</ele>
   </trkpt>
   <trkpt lat="40.977320000000006" lon="25.5773">
    <ele>72.56</ele>
   </trkpt>
   <trkpt lat="40.976940000000006" lon="25.577730000000003">
    <ele>73.45</ele>
   </trkpt>
   <trkpt lat="40.97625500225857" lon="25.578460007626997">
    <ele>75.7</ele>
   </trkpt>
   <trkpt lat="40.975570000000005" lon="25.57919">
    <ele>78.39</ele>
   </trkpt>
   <trkpt lat="40.974970000000006" lon="25.57991">
    <ele>79.92</ele>
   </trkpt>
   <trkpt lat="40.97457" lon="25.580450000000003">
    <ele>80.49000000000001</ele>
   </trkpt>
   <trkpt lat="40.97435" lon="25.580820000000003">
    <ele>79.78999999999999</ele>
   </trkpt>
   <trkpt lat="40.9742" lon="25.58114">
    <ele>78.37</ele>
   </trkpt>
   <trkpt lat="40.97394000163831" lon="25.581755002413676">
    <ele>72.46000000000001</ele>
   </trkpt>
   <trkpt lat="40.97368" lon="25.58237">
    <ele>69.70000000000002</ele>
   </trkpt>
   <trkpt lat="40.97329500215044" lon="25.583085004280612">
    <ele>68.84000000000002</ele>
   </trkpt>
   <trkpt lat="40.972910000000006" lon="25.583800000000004">
    <ele>67.33</ele>
   </trkpt>
   <trkpt lat="40.972660000000005" lon="25.584410000000002">
    <ele>63.97</ele>
   </trkpt>
   <trkpt lat="40.97222" lon="25.58508">
    <ele>60.910000000000004</ele>
   </trkpt>
   <trkpt lat="40.97169000738632" lon="25.586003348133083">
    <ele>59.260000000000005</ele>
   </trkpt>
   <trkpt lat="40.97116000740611" lon="25.5869266814317">
    <ele>55.45</ele>
   </trkpt>
   <trkpt lat="40.97063" lon="25.587850000000003">
    <ele>55.24</ele>
   </trkpt>
   <trkpt lat="40.97032000138288" lon="25.5884500031527">
    <ele>57.330000000000005</ele>
   </trkpt>
   <trkpt lat="40.97001" lon="25.589050000000004">
    <ele>60.13</ele>
   </trkpt>
   <trkpt lat="40.96994" lon="25.589100000000002">
    <ele>60.13</ele>
   </trkpt>
   <trkpt lat="40.969910000000006" lon="25.589100000000002">
    <ele>60.660000000000004</ele>
   </trkpt>
   <trkpt lat="40.96985" lon="25.589060000000003">
    <ele>60.660000000000004</ele>
   </trkpt>
   <trkpt lat="40.96934" lon="25.588530000000002">
    <ele>61.88</ele>
   </trkpt>
   <trkpt lat="40.969260000000006" lon="25.58848">
    <ele>61.88</ele>
   </trkpt>
   <trkpt lat="40.969170000000005" lon="25.588520000000003">
    <ele>62.09</ele>
   </trkpt>
   <trkpt lat="40.96909" lon="25.588620000000002">
    <ele>62.230000000000004</ele>
   </trkpt>
   <trkpt lat="40.96884" lon="25.589090000000002">
    <ele>62.07000000000001</ele>
   </trkpt>
   <trkpt lat="40.96873" lon="25.589260000000003">
    <ele>61.800000000000004</ele>
   </trkpt>
   <trkpt lat="40.968700000000005" lon="25.589380000000002">
    <ele>61.800000000000004</ele>
   </trkpt>
   <trkpt lat="40.96871" lon="25.5895">
    <ele>61.160000000000004</ele>
   </trkpt>
   <trkpt lat="40.96875" lon="25.589620000000004">
    <ele>61.160000000000004</ele>
   </trkpt>
   <trkpt lat="40.969030000000004" lon="25.59008">
    <ele>60.81</ele>
   </trkpt>
   <trkpt lat="40.96907" lon="25.590220000000002">
    <ele>60.65</ele>
   </trkpt>
   <trkpt lat="40.969100000000005" lon="25.59043">
    <ele>60.65</ele>
   </trkpt>
   <trkpt lat="40.96909" lon="25.59062">
    <ele>60.45</ele>
   </trkpt>
   <trkpt lat="40.969060000000006" lon="25.590760000000003">
    <ele>60.4</ele>
   </trkpt>
   <trkpt lat="40.968700000000005" lon="25.59156">
    <ele>60.15</ele>
   </trkpt>
   <trkpt lat="40.96849000117316" lon="25.592110002100565">
    <ele>59.81</ele>
   </trkpt>
   <trkpt lat="40.96828" lon="25.592660000000002">
    <ele>59.57</ele>
   </trkpt>
   <trkpt lat="40.968025002155564" lon="25.593365002701443">
    <ele>58.39</ele>
   </trkpt>
   <trkpt lat="40.96777" lon="25.594070000000002">
    <ele>54.89</ele>
   </trkpt>
   <trkpt lat="40.967560000000006" lon="25.59476">
    <ele>51.84</ele>
   </trkpt>
   <trkpt lat="40.96714" lon="25.59577">
    <ele>50.150000000000006</ele>
   </trkpt>
   <trkpt lat="40.966910000000006" lon="25.596410000000002">
    <ele>50.1</ele>
   </trkpt>
   <trkpt lat="40.96655667415346" lon="25.59734000992294">
    <ele>49.760000000000005</ele>
   </trkpt>
   <trkpt lat="40.966203340833836" lon="25.598270009886694">
    <ele>49.78</ele>
   </trkpt>
   <trkpt lat="40.96585" lon="25.599200000000003">
    <ele>50.0</ele>
   </trkpt>
   <trkpt lat="40.965590000000006" lon="25.59991">
    <ele>50.400000000000006</ele>
   </trkpt>
   <trkpt lat="40.96549" lon="25.600260000000002">
    <ele>51.21000000000001</ele>
   </trkpt>
   <trkpt lat="40.96510000000001" lon="25.60123">
    <ele>55.910000000000004</ele>
   </trkpt>
   <trkpt lat="40.96478500327237" lon="25.602100004145893">
    <ele>56.300000000000004</ele>
   </trkpt>
   <trkpt lat="40.964470000000006" lon="25.602970000000003">
    <ele>56.7</ele>
   </trkpt>
   <trkpt lat="40.96437" lon="25.6031">
    <ele>56.720000000000006</ele>
   </trkpt>
   <trkpt lat="40.96425" lon="25.6032">
    <ele>56.71</ele>
   </trkpt>
   <trkpt lat="40.964130000000004" lon="25.603240000000003">
    <ele>56.61000000000001</ele>
   </trkpt>
   <trkpt lat="40.96403" lon="25.603250000000003">
    <ele>56.57</ele>
   </trkpt>
   <trkpt lat="40.963860000000004" lon="25.603180000000002">
    <ele>56.6</ele>
   </trkpt>
   <trkpt lat="40.96374" lon="25.603060000000003">
    <ele>56.6</ele>
   </trkpt>
   <trkpt lat="40.963620000000006" lon="25.602770000000003">
    <ele>56.74</ele>
   </trkpt>
   <trkpt lat="40.9635" lon="25.602610000000002">
    <ele>56.82</ele>
   </trkpt>
   <trkpt lat="40.96343" lon="25.602590000000003">
    <ele>57.040000000000006</ele>
   </trkpt>
   <trkpt lat="40.963280000000005" lon="25.602590000000003">
    <ele>56.970000000000006</ele>
   </trkpt>
   <trkpt lat="40.9632" lon="25.60263">
    <ele>56.970000000000006</ele>
   </trkpt>
   <trkpt lat="40.96305" lon="25.60284">
    <ele>57.21</ele>
   </trkpt>
   <trkpt lat="40.963010000000004" lon="25.60302">
    <ele>57.77</ele>
   </trkpt>
   <trkpt lat="40.963010000000004" lon="25.603130000000004">
    <ele>57.77</ele>
   </trkpt>
   <trkpt lat="40.96305" lon="25.603320000000004">
    <ele>57.89</ele>
   </trkpt>
   <trkpt lat="40.963170000000005" lon="25.603530000000003">
    <ele>57.830000000000005</ele>
   </trkpt>
   <trkpt lat="40.96359" lon="25.604090000000003">
    <ele>55.34</ele>
   </trkpt>
   <trkpt lat="40.96369000000001" lon="25.604270000000003">
    <ele>54.78</ele>
   </trkpt>
   <trkpt lat="40.963750000000005" lon="25.604540000000004">
    <ele>54.50000000000001</ele>
   </trkpt>
   <trkpt lat="40.963730000000005" lon="25.60472">
    <ele>54.150000000000006</ele>
   </trkpt>
   <trkpt lat="40.96347500156803" lon="25.605330002451378">
    <ele>52.26</ele>
   </trkpt>
   <trkpt lat="40.96322000000001" lon="25.60594">
    <ele>50.660000000000004</ele>
   </trkpt>
   <trkpt lat="40.96289334061113" lon="25.60685667569149">
    <ele>50.730000000000004</ele>
   </trkpt>
   <trkpt lat="40.96256667396207" lon="25.607773342308622">
    <ele>51.85000000000001</ele>
   </trkpt>
   <trkpt lat="40.96224" lon="25.608690000000003">
    <ele>56.410000000000004</ele>
   </trkpt>
   <trkpt lat="40.962050000000005" lon="25.609320000000004">
    <ele>57.27</ele>
   </trkpt>
   <trkpt lat="40.961780000000005" lon="25.610390000000002">
    <ele>57.5</ele>
   </trkpt>
   <trkpt lat="40.96157" lon="25.61154">
    <ele>55.32</ele>
   </trkpt>
   <trkpt lat="40.96149500338241" lon="25.612425001019307">
    <ele>52.410000000000004</ele>
   </trkpt>
   <trkpt lat="40.961420000000004" lon="25.613310000000002">
    <ele>51.49</ele>
   </trkpt>
   <trkpt lat="40.961405002058115" lon="25.61400000009519">
    <ele>52.54</ele>
   </trkpt>
   <trkpt lat="40.96139" lon="25.614690000000003">
    <ele>53.01</ele>
   </trkpt>
   <trkpt lat="40.961330000000004" lon="25.615560000000002">
    <ele>52.76</ele>
   </trkpt>
   <trkpt lat="40.96121" lon="25.616460000000004">
    <ele>52.76</ele>
   </trkpt>
   <trkpt lat="40.961180000000006" lon="25.6168">
    <ele>52.800000000000004</ele>
   </trkpt>
   <trkpt lat="40.96117" lon="25.6172">
    <ele>53.62</ele>
   </trkpt>
   <trkpt lat="40.96119" lon="25.617900000000002">
    <ele>55.290000000000006</ele>
   </trkpt>
   <trkpt lat="40.96117" lon="25.618290000000002">
    <ele>57.42</ele>
   </trkpt>
   <trkpt lat="40.96110000213819" lon="25.61899500083809">
    <ele>60.29</ele>
   </trkpt>
   <trkpt lat="40.96103" lon="25.6197">
    <ele>61.58</ele>
   </trkpt>
   <trkpt lat="40.96098500232675" lon="25.62043500061603">
    <ele>62.56</ele>
   </trkpt>
   <trkpt lat="40.96094" lon="25.621170000000003">
    <ele>63.410000000000004</ele>
   </trkpt>
   <trkpt lat="40.96092" lon="25.621930000000003">
    <ele>63.660000000000004</ele>
   </trkpt>
   <trkpt lat="40.96088" lon="25.62264">
    <ele>64.56</ele>
   </trkpt>
   <trkpt lat="40.96084751625802" lon="25.62376000162366">
    <ele>65.39</ele>
   </trkpt>
   <trkpt lat="40.960815021677924" lon="25.62488000214469">
    <ele>66.77000000000001</ele>
   </trkpt>
   <trkpt lat="40.96078251625978" lon="25.62600000156273">
    <ele>67.54</ele>
   </trkpt>
   <trkpt lat="40.960750000000004" lon="25.62712">
    <ele>67.98</ele>
   </trkpt>
   <trkpt lat="40.960755002208906" lon="25.62783500000232">
    <ele>68.2</ele>
   </trkpt>
   <trkpt lat="40.96076" lon="25.62855">
    <ele>68.92</ele>
   </trkpt>
   <trkpt lat="40.96072" lon="25.629730000000002">
    <ele>70.68</ele>
   </trkpt>
   <trkpt lat="40.96066334007561" lon="25.630613334840024">
    <ele>71.60000000000001</ele>
   </trkpt>
   <trkpt lat="40.960606673409586" lon="25.63149666816336">
    <ele>73.16</ele>
   </trkpt>
   <trkpt lat="40.960550000000005" lon="25.63238">
    <ele>75.63</ele>
   </trkpt>
   <trkpt lat="40.96047" lon="25.632830000000002">
    <ele>79.11</ele>
   </trkpt>
   <trkpt lat="40.960280000000004" lon="25.63342">
    <ele>81.28</ele>
   </trkpt>
   <trkpt lat="40.95994000169604" lon="25.634050003279643">
    <ele>82.71000000000001</ele>
   </trkpt>
   <trkpt lat="40.9596" lon="25.634680000000003">
    <ele>83.13000000000001</ele>
   </trkpt>
   <trkpt lat="40.95929" lon="25.635330000000003">
    <ele>84.19</ele>
   </trkpt>
   <trkpt lat="40.95891" lon="25.63606">
    <ele>86.81000000000002</ele>
   </trkpt>
   <trkpt lat="40.95877" lon="25.636370000000003">
    <ele>87.59</ele>
   </trkpt>
   <trkpt lat="40.95871" lon="25.636730000000004">
    <ele>88.32000000000001</ele>
   </trkpt>
   <trkpt lat="40.95879" lon="25.637410000000003">
    <ele>89.73</ele>
   </trkpt>
   <trkpt lat="40.958830000000006" lon="25.637510000000002">
    <ele>89.72000000000001</ele>
   </trkpt>
   <trkpt lat="40.958920000000006" lon="25.637570000000004">
    <ele>89.65</ele>
   </trkpt>
   <trkpt lat="40.95918" lon="25.637670000000004">
    <ele>89.31</ele>
   </trkpt>
   <trkpt lat="40.95924" lon="25.637710000000002">
    <ele>89.31</ele>
   </trkpt>
   <trkpt lat="40.959340000000005" lon="25.63783">
    <ele>88.71000000000001</ele>
   </trkpt>
   <trkpt lat="40.95951" lon="25.638130000000004">
    <ele>88.15</ele>
   </trkpt>
   <trkpt lat="40.959700000000005" lon="25.638340000000003">
    <ele>88.05</ele>
   </trkpt>
   <trkpt lat="40.95987" lon="25.63847">
    <ele>88.31000000000002</ele>
   </trkpt>
   <trkpt lat="40.96005" lon="25.638560000000002">
    <ele>88.55</ele>
   </trkpt>
   <trkpt lat="40.960100000000004" lon="25.638610000000003">
    <ele>88.66</ele>
   </trkpt>
   <trkpt lat="40.96016" lon="25.638710000000003">
    <ele>88.92000000000002</ele>
   </trkpt>
   <trkpt lat="40.960170000000005" lon="25.63896">
    <ele>89.89000000000001</ele>
   </trkpt>
   <trkpt lat="40.96013000000001" lon="25.639580000000002">
    <ele>91.11000000000001</ele>
   </trkpt>
   <trkpt lat="40.960080000000005" lon="25.639830000000003">
    <ele>92.39000000000001</ele>
   </trkpt>
   <trkpt lat="40.960040000000006" lon="25.639940000000003">
    <ele>92.59</ele>
   </trkpt>
   <trkpt lat="40.95998" lon="25.640040000000003">
    <ele>93.03</ele>
   </trkpt>
   <trkpt lat="40.959830000000004" lon="25.64018">
    <ele>94.55000000000001</ele>
   </trkpt>
   <trkpt lat="40.959340000000005" lon="25.640430000000002">
    <ele>97.34</ele>
   </trkpt>
   <trkpt lat="40.95909" lon="25.640610000000002">
    <ele>99.24000000000001</ele>
   </trkpt>
   <trkpt lat="40.95891" lon="25.640880000000003">
    <ele>100.38000000000001</ele>
   </trkpt>
   <trkpt lat="40.95882" lon="25.6411">
    <ele>100.86</ele>
   </trkpt>
   <trkpt lat="40.958760000000005" lon="25.6414">
    <ele>101.21000000000001</ele>
   </trkpt>
   <trkpt lat="40.95875" lon="25.64157">
    <ele>101.32000000000001</ele>
   </trkpt>
   <trkpt lat="40.95877" lon="25.64188">
    <ele>101.4</ele>
   </trkpt>
   <trkpt lat="40.95884" lon="25.642110000000002">
    <ele>100.92</ele>
   </trkpt>
   <trkpt lat="40.959" lon="25.64243">
    <ele>99.57000000000001</ele>
   </trkpt>
   <trkpt lat="40.959030000000006" lon="25.642570000000003">
    <ele>99.03</ele>
   </trkpt>
   <trkpt lat="40.95902" lon="25.642780000000002">
    <ele>98.96000000000001</ele>
   </trkpt>
   <trkpt lat="40.958960000000005" lon="25.643110000000004">
    <ele>98.28</ele>
   </trkpt>
   <trkpt lat="40.958830000000006" lon="25.643500000000003">
    <ele>96.44000000000001</ele>
   </trkpt>
   <trkpt lat="40.9587" lon="25.64366">
    <ele>95.69000000000001</ele>
   </trkpt>
   <trkpt lat="40.958400000000005" lon="25.64391">
    <ele>94.29</ele>
   </trkpt>
   <trkpt lat="40.958310000000004" lon="25.64401">
    <ele>94.2</ele>
   </trkpt>
   <trkpt lat="40.95799" lon="25.64449">
    <ele>95.08000000000001</ele>
   </trkpt>
   <trkpt lat="40.95781" lon="25.644640000000003">
    <ele>96.4</ele>
   </trkpt>
   <trkpt lat="40.957660000000004" lon="25.64469">
    <ele>97.34</ele>
   </trkpt>
   <trkpt lat="40.95718" lon="25.644740000000002">
    <ele>100.39</ele>
   </trkpt>
   <trkpt lat="40.957080000000005" lon="25.644730000000003">
    <ele>101.52000000000001</ele>
   </trkpt>
   <trkpt lat="40.95682" lon="25.644640000000003">
    <ele>102.94</ele>
   </trkpt>
   <trkpt lat="40.956500000000005" lon="25.644470000000002">
    <ele>103.59000000000002</ele>
   </trkpt>
   <trkpt lat="40.95617" lon="25.64441">
    <ele>103.74000000000001</ele>
   </trkpt>
   <trkpt lat="40.956070000000004" lon="25.644440000000003">
    <ele>104.01</ele>
   </trkpt>
   <trkpt lat="40.95599" lon="25.644530000000003">
    <ele>104.32000000000001</ele>
   </trkpt>
   <trkpt lat="40.955870000000004" lon="25.64498">
    <ele>105.25000000000001</ele>
   </trkpt>
   <trkpt lat="40.95577" lon="25.645270000000004">
    <ele>104.44</ele>
   </trkpt>
   <trkpt lat="40.955630000000006" lon="25.645480000000003">
    <ele>103.35000000000001</ele>
   </trkpt>
   <trkpt lat="40.95557" lon="25.64553">
    <ele>103.35000000000001</ele>
   </trkpt>
   <trkpt lat="40.95526" lon="25.645680000000002">
    <ele>100.02000000000001</ele>
   </trkpt>
   <trkpt lat="40.955110000000005" lon="25.645780000000002">
    <ele>99.22</ele>
   </trkpt>
   <trkpt lat="40.95487000000001" lon="25.646020000000004">
    <ele>98.08000000000001</ele>
   </trkpt>
   <trkpt lat="40.954620000000006" lon="25.646320000000003">
    <ele>97.86</ele>
   </trkpt>
   <trkpt lat="40.95441" lon="25.646790000000003">
    <ele>97.44000000000001</ele>
   </trkpt>
   <trkpt lat="40.95452" lon="25.64685">
    <ele>97.37</ele>
   </trkpt>
   <trkpt lat="40.95461" lon="25.646880000000003">
    <ele>97.33000000000001</ele>
   </trkpt>
   <trkpt lat="40.95476" lon="25.646880000000003">
    <ele>97.36</ele>
   </trkpt>
   <trkpt lat="40.955330000000004" lon="25.646770000000004">
    <ele>100.30000000000001</ele>
   </trkpt>
   <trkpt lat="40.9555" lon="25.646770000000004">
    <ele>102.85000000000001</ele>
   </trkpt>
   <trkpt lat="40.955760000000005" lon="25.64682">
    <ele>102.85000000000001</ele>
   </trkpt>
   <trkpt lat="40.95597" lon="25.64693">
    <ele>105.21000000000001</ele>
   </trkpt>
   <trkpt lat="40.956100000000006" lon="25.647070000000003">
    <ele>106.38</ele>
   </trkpt>
   <trkpt lat="40.95617" lon="25.647180000000002">
    <ele>106.82000000000001</ele>
   </trkpt>
   <trkpt lat="40.956230000000005" lon="25.647360000000003">
    <ele>107.14000000000001</ele>
   </trkpt>
   <trkpt lat="40.956320000000005" lon="25.647910000000003">
    <ele>108.39000000000001</ele>
   </trkpt>
   <trkpt lat="40.95644" lon="25.648280000000003">
    <ele>108.7</ele>
   </trkpt>
   <trkpt lat="40.95658" lon="25.648460000000004">
    <ele>108.86000000000001</ele>
   </trkpt>
   <trkpt lat="40.956860000000006" lon="25.64873">
    <ele>110.56</ele>
   </trkpt>
   <trkpt lat="40.95660000129853" lon="25.6492450017258">
    <ele>113.07000000000001</ele>
   </trkpt>
   <trkpt lat="40.956340000000004" lon="25.64976">
    <ele>116.72</ele>
   </trkpt>
   <trkpt lat="40.956005001385584" lon="25.650325002856153">
    <ele>121.38000000000001</ele>
   </trkpt>
   <trkpt lat="40.955670000000005" lon="25.65089">
    <ele>124.98</ele>
   </trkpt>
   <trkpt lat="40.95532" lon="25.651600000000002">
    <ele>128.32999999999998</ele>
   </trkpt>
   <trkpt lat="40.955005000795396" lon="25.6520650024235">
    <ele>131.17000000000002</ele>
   </trkpt>
   <trkpt lat="40.95469000000001" lon="25.652530000000002">
    <ele>136.06</ele>
   </trkpt>
   <trkpt lat="40.95452" lon="25.652680000000004">
    <ele>136.06</ele>
   </trkpt>
   <trkpt lat="40.95434" lon="25.652780000000003">
    <ele>138.49</ele>
   </trkpt>
   <trkpt lat="40.95387" lon="25.652890000000003">
    <ele>140.95000000000002</ele>
   </trkpt>
   <trkpt lat="40.95373" lon="25.65295">
    <ele>143.12000000000003</ele>
   </trkpt>
   <trkpt lat="40.9536" lon="25.65305">
    <ele>143.12000000000003</ele>
   </trkpt>
   <trkpt lat="40.95344" lon="25.653200000000002">
    <ele>146.02</ele>
   </trkpt>
   <trkpt lat="40.95329" lon="25.653470000000002">
    <ele>146.02</ele>
   </trkpt>
   <trkpt lat="40.953230000000005" lon="25.653650000000003">
    <ele>148.28000000000003</ele>
   </trkpt>
   <trkpt lat="40.953190000000006" lon="25.653850000000002">
    <ele>148.28000000000003</ele>
   </trkpt>
   <trkpt lat="40.95317" lon="25.654110000000003">
    <ele>150.36</ele>
   </trkpt>
   <trkpt lat="40.95317" lon="25.654930000000004">
    <ele>153.31</ele>
   </trkpt>
   <trkpt lat="40.95315" lon="25.655120000000004">
    <ele>153.75000000000003</ele>
   </trkpt>
   <trkpt lat="40.95304" lon="25.655640000000002">
    <ele>155.32000000000002</ele>
   </trkpt>
   <trkpt lat="40.95291" lon="25.655970000000003">
    <ele>156.97000000000003</ele>
   </trkpt>
   <trkpt lat="40.95275" lon="25.656270000000003">
    <ele>158.32000000000002</ele>
   </trkpt>
   <trkpt lat="40.952670000000005" lon="25.656380000000002">
    <ele>158.32000000000002</ele>
   </trkpt>
   <trkpt lat="40.95223500101451" lon="25.656825002769253">
    <ele>161.11</ele>
   </trkpt>
   <trkpt lat="40.951800000000006" lon="25.65727">
    <ele>162.86</ele>
   </trkpt>
   <trkpt lat="40.951600000000006" lon="25.65745">
    <ele>163.55</ele>
   </trkpt>
   <trkpt lat="40.951370000000004" lon="25.657600000000002">
    <ele>164.10000000000002</ele>
   </trkpt>
   <trkpt lat="40.95109" lon="25.65771">
    <ele>165.41</ele>
   </trkpt>
   <trkpt lat="40.950810000000004" lon="25.657760000000003">
    <ele>166.84</ele>
   </trkpt>
   <trkpt lat="40.950630000000004" lon="25.657760000000003">
    <ele>167.19</ele>
   </trkpt>
   <trkpt lat="40.95036" lon="25.657700000000002">
    <ele>168.18</ele>
   </trkpt>
   <trkpt lat="40.94974000005537" lon="25.657509998185095">
    <ele>169.21000000000004</ele>
   </trkpt>
   <trkpt lat="40.94912" lon="25.657320000000002">
    <ele>170.78</ele>
   </trkpt>
   <trkpt lat="40.949020000000004" lon="25.657310000000003">
    <ele>171.59</ele>
   </trkpt>
   <trkpt lat="40.94886" lon="25.65733">
    <ele>171.86</ele>
   </trkpt>
   <trkpt lat="40.94877" lon="25.657370000000004">
    <ele>171.86</ele>
   </trkpt>
   <trkpt lat="40.94861" lon="25.657480000000003">
    <ele>172.72</ele>
   </trkpt>
   <trkpt lat="40.94825" lon="25.65793">
    <ele>174.01000000000002</ele>
   </trkpt>
   <trkpt lat="40.94812" lon="25.658060000000003">
    <ele>174.35</ele>
   </trkpt>
   <trkpt lat="40.947770000000006" lon="25.658320000000003">
    <ele>175.01000000000002</ele>
   </trkpt>
   <trkpt lat="40.94729" lon="25.658510000000003">
    <ele>176.17000000000002</ele>
   </trkpt>
   <trkpt lat="40.94715" lon="25.658590000000004">
    <ele>176.17000000000002</ele>
   </trkpt>
   <trkpt lat="40.94698" lon="25.658780000000004">
    <ele>176.17000000000002</ele>
   </trkpt>
   <trkpt lat="40.94684" lon="25.659070000000003">
    <ele>177.46</ele>
   </trkpt>
   <trkpt lat="40.94679" lon="25.659290000000002">
    <ele>177.46</ele>
   </trkpt>
   <trkpt lat="40.94673" lon="25.660030000000003">
    <ele>178.98000000000002</ele>
   </trkpt>
   <trkpt lat="40.94668" lon="25.66037">
    <ele>179.49</ele>
   </trkpt>
   <trkpt lat="40.946540000000006" lon="25.66074">
    <ele>180.73</ele>
   </trkpt>
   <trkpt lat="40.94644" lon="25.660890000000002">
    <ele>180.73</ele>
   </trkpt>
   <trkpt lat="40.94635" lon="25.66099">
    <ele>181.38</ele>
   </trkpt>
   <trkpt lat="40.946160000000006" lon="25.661150000000003">
    <ele>181.85</ele>
   </trkpt>
   <trkpt lat="40.94540000000001" lon="25.661550000000002">
    <ele>183.49</ele>
   </trkpt>
   <trkpt lat="40.94462" lon="25.66213">
    <ele>185.27</ele>
   </trkpt>
   <trkpt lat="40.944520000000004" lon="25.662180000000003">
    <ele>185.27</ele>
   </trkpt>
   <trkpt lat="40.94431" lon="25.66222">
    <ele>186.33</ele>
   </trkpt>
   <trkpt lat="40.944160000000004" lon="25.66223">
    <ele>186.33</ele>
   </trkpt>
   <trkpt lat="40.94397" lon="25.66221">
    <ele>187.09</ele>
   </trkpt>
   <trkpt lat="40.94371" lon="25.66224">
    <ele>187.9</ele>
   </trkpt>
   <trkpt lat="40.943090000000005" lon="25.66252">
    <ele>189.20000000000002</ele>
   </trkpt>
   <trkpt lat="40.942930000000004" lon="25.662640000000003">
    <ele>189.53</ele>
   </trkpt>
   <trkpt lat="40.942400000000006" lon="25.663300000000003">
    <ele>191.28</ele>
   </trkpt>
   <trkpt lat="40.941880000000005" lon="25.663750000000004">
    <ele>192.95000000000002</ele>
   </trkpt>
   <trkpt lat="40.941680000000005" lon="25.663950000000003">
    <ele>192.95000000000002</ele>
   </trkpt>
   <trkpt lat="40.941160002020695" lon="25.664650005640237">
    <ele>194.9</ele>
   </trkpt>
   <trkpt lat="40.94064" lon="25.665350000000004">
    <ele>196.22</ele>
   </trkpt>
   <trkpt lat="40.940490000000004" lon="25.66551">
    <ele>196.69</ele>
   </trkpt>
   <trkpt lat="40.93986000153283" lon="25.666125005964453">
    <ele>198.75</ele>
   </trkpt>
   <trkpt lat="40.93923" lon="25.66674">
    <ele>200.16</ele>
   </trkpt>
   <trkpt lat="40.93882000000001" lon="25.667080000000002">
    <ele>201.07000000000002</ele>
   </trkpt>
   <trkpt lat="40.93854" lon="25.667250000000003">
    <ele>202.11</ele>
   </trkpt>
   <trkpt lat="40.93797000071906" lon="25.667530004811766">
    <ele>203.36</ele>
   </trkpt>
   <trkpt lat="40.937400000760825" lon="25.667810004791196">
    <ele>204.8</ele>
   </trkpt>
   <trkpt lat="40.93683" lon="25.668090000000003">
    <ele>206.21</ele>
   </trkpt>
   <trkpt lat="40.93666" lon="25.66814">
    <ele>207.07</ele>
   </trkpt>
   <trkpt lat="40.936510000000006" lon="25.668160000000004">
    <ele>207.42000000000002</ele>
   </trkpt>
   <trkpt lat="40.93620000000001" lon="25.66813">
    <ele>207.97</ele>
   </trkpt>
   <trkpt lat="40.935970000000005" lon="25.66805">
    <ele>208.27</ele>
   </trkpt>
   <trkpt lat="40.935860000000005" lon="25.667990000000003">
    <ele>208.44</ele>
   </trkpt>
   <trkpt lat="40.93574" lon="25.667890000000003">
    <ele>208.44</ele>
   </trkpt>
   <trkpt lat="40.93564000000001" lon="25.66776">
    <ele>208.44</ele>
   </trkpt>
   <trkpt lat="40.93551" lon="25.667430000000003">
    <ele>209.71</ele>
   </trkpt>
   <trkpt lat="40.935480000000005" lon="25.66722">
    <ele>210.15</ele>
   </trkpt>
   <trkpt lat="40.93549" lon="25.666600000000003">
    <ele>210.85</ele>
   </trkpt>
   <trkpt lat="40.93545" lon="25.666380000000004">
    <ele>211.58</ele>
   </trkpt>
   <trkpt lat="40.935390000000005" lon="25.666190000000004">
    <ele>211.58</ele>
   </trkpt>
   <trkpt lat="40.935300000000005" lon="25.666050000000002">
    <ele>211.58</ele>
   </trkpt>
   <trkpt lat="40.93516" lon="25.665910000000004">
    <ele>212.24</ele>
   </trkpt>
   <trkpt lat="40.934940000000005" lon="25.66579">
    <ele>212.47000000000003</ele>
   </trkpt>
   <trkpt lat="40.934650000000005" lon="25.6657">
    <ele>213.43</ele>
   </trkpt>
   <trkpt lat="40.93451" lon="25.66569">
    <ele>213.83</ele>
   </trkpt>
   <trkpt lat="40.934360000000005" lon="25.66571">
    <ele>215.45000000000002</ele>
   </trkpt>
   <trkpt lat="40.93406" lon="25.665830000000003">
    <ele>215.45000000000002</ele>
   </trkpt>
   <trkpt lat="40.93388" lon="25.665930000000003">
    <ele>217.74</ele>
   </trkpt>
   <trkpt lat="40.933730000000004" lon="25.666050000000002">
    <ele>218.31</ele>
   </trkpt>
   <trkpt lat="40.933550000000004" lon="25.666230000000002">
    <ele>219.16000000000003</ele>
   </trkpt>
   <trkpt lat="40.93341" lon="25.666430000000002">
    <ele>219.94000000000003</ele>
   </trkpt>
   <trkpt lat="40.933310000000006" lon="25.66663">
    <ele>220.75000000000003</ele>
   </trkpt>
   <trkpt lat="40.93299000251072" lon="25.667400003850524">
    <ele>222.61</ele>
   </trkpt>
   <trkpt lat="40.93267" lon="25.668170000000003">
    <ele>224.34</ele>
   </trkpt>
   <trkpt lat="40.932590000000005" lon="25.668300000000002">
    <ele>225.15</ele>
   </trkpt>
   <trkpt lat="40.932480000000005" lon="25.66843">
    <ele>225.15</ele>
   </trkpt>
   <trkpt lat="40.93236" lon="25.66851">
    <ele>225.75</ele>
   </trkpt>
   <trkpt lat="40.932210000000005" lon="25.668570000000003">
    <ele>226.87</ele>
   </trkpt>
   <trkpt lat="40.932080000000006" lon="25.668580000000002">
    <ele>226.87</ele>
   </trkpt>
   <trkpt lat="40.93168" lon="25.668550000000003">
    <ele>227.79000000000002</ele>
   </trkpt>
   <trkpt lat="40.931050000000006" lon="25.668650000000003">
    <ele>228.46</ele>
   </trkpt>
   <trkpt lat="40.930910000000004" lon="25.668660000000003">
    <ele>228.56</ele>
   </trkpt>
   <trkpt lat="40.930730000000004" lon="25.668640000000003">
    <ele>228.71</ele>
   </trkpt>
   <trkpt lat="40.93056" lon="25.668590000000002">
    <ele>228.74</ele>
   </trkpt>
   <trkpt lat="40.93029000000001" lon="25.668450000000004">
    <ele>228.63000000000002</ele>
   </trkpt>
   <trkpt lat="40.92980500050076" lon="25.668124997644274">
    <ele>228.49</ele>
   </trkpt>
   <trkpt lat="40.929320000000004" lon="25.667800000000003">
    <ele>228.99</ele>
   </trkpt>
   <trkpt lat="40.92902" lon="25.667720000000003">
    <ele>229.65</ele>
   </trkpt>
   <trkpt lat="40.92884" lon="25.667740000000002">
    <ele>230.42000000000002</ele>
   </trkpt>
   <trkpt lat="40.928670000000004" lon="25.667790000000004">
    <ele>230.42000000000002</ele>
   </trkpt>
   <trkpt lat="40.92848" lon="25.667900000000003">
    <ele>231.36</ele>
   </trkpt>
   <trkpt lat="40.927730000000004" lon="25.668470000000003">
    <ele>233.83</ele>
   </trkpt>
   <trkpt lat="40.927350000000004" lon="25.668840000000003">
    <ele>236.13</ele>
   </trkpt>
   <trkpt lat="40.92719" lon="25.669030000000003">
    <ele>236.63</ele>
   </trkpt>
   <trkpt lat="40.92699" lon="25.669320000000003">
    <ele>238.71000000000004</ele>
   </trkpt>
   <trkpt lat="40.92681" lon="25.66963">
    <ele>239.17000000000002</ele>
   </trkpt>
   <trkpt lat="40.9266" lon="25.670040000000004">
    <ele>238.77</ele>
   </trkpt>
   <trkpt lat="40.926105011769515" lon="25.670992521378366">
    <ele>236.68000000000004</ele>
   </trkpt>
   <trkpt lat="40.9256100157014" lon="25.671945028487226">
    <ele>237.14000000000001</ele>
   </trkpt>
   <trkpt lat="40.925115011795924" lon="25.672897521326824">
    <ele>242.37000000000003</ele>
   </trkpt>
   <trkpt lat="40.924620000000004" lon="25.67385">
    <ele>245.00000000000003</ele>
   </trkpt>
   <trkpt lat="40.92416" lon="25.67472">
    <ele>246.19000000000003</ele>
   </trkpt>
   <trkpt lat="40.923970000000004" lon="25.675040000000003">
    <ele>246.14000000000001</ele>
   </trkpt>
   <trkpt lat="40.92374" lon="25.675330000000002">
    <ele>245.84000000000003</ele>
   </trkpt>
   <trkpt lat="40.923500000000004" lon="25.675590000000003">
    <ele>245.37000000000003</ele>
   </trkpt>
   <trkpt lat="40.923105000511846" lon="25.67593000202127">
    <ele>243.73000000000002</ele>
   </trkpt>
   <trkpt lat="40.92271" lon="25.676270000000002">
    <ele>243.23000000000002</ele>
   </trkpt>
   <trkpt lat="40.922230000000006" lon="25.676610000000004">
    <ele>242.39000000000001</ele>
   </trkpt>
   <trkpt lat="40.921870000000006" lon="25.676800000000004">
    <ele>242.07</ele>
   </trkpt>
   <trkpt lat="40.921760000000006" lon="25.676890000000004">
    <ele>242.1</ele>
   </trkpt>
   <trkpt lat="40.92168" lon="25.677000000000003">
    <ele>242.23000000000002</ele>
   </trkpt>
   <trkpt lat="40.92157" lon="25.677220000000002">
    <ele>242.41</ele>
   </trkpt>
   <trkpt lat="40.92154" lon="25.67735">
    <ele>242.41</ele>
   </trkpt>
   <trkpt lat="40.92156000000001" lon="25.67762">
    <ele>243.16</ele>
   </trkpt>
   <trkpt lat="40.921795004140264" lon="25.678599996482625">
    <ele>244.26000000000002</ele>
   </trkpt>
   <trkpt lat="40.92203000000001" lon="25.67958">
    <ele>244.68</ele>
   </trkpt>
   <trkpt lat="40.92208" lon="25.68004">
    <ele>244.92000000000002</ele>
   </trkpt>
   <trkpt lat="40.92202000168703" lon="25.680670000858225">
    <ele>245.15</ele>
   </trkpt>
   <trkpt lat="40.921960000000006" lon="25.681300000000004">
    <ele>245.56000000000003</ele>
   </trkpt>
   <trkpt lat="40.921890000000005" lon="25.681530000000002">
    <ele>245.56000000000003</ele>
   </trkpt>
   <trkpt lat="40.92183" lon="25.68164">
    <ele>245.65</ele>
   </trkpt>
   <trkpt lat="40.92172" lon="25.681800000000003">
    <ele>245.95000000000002</ele>
   </trkpt>
   <trkpt lat="40.921580000000006" lon="25.68194">
    <ele>246.04</ele>
   </trkpt>
   <trkpt lat="40.921490000000006" lon="25.682000000000002">
    <ele>246.21</ele>
   </trkpt>
   <trkpt lat="40.921170000000004" lon="25.68212">
    <ele>246.45000000000002</ele>
   </trkpt>
   <trkpt lat="40.92061" lon="25.682240000000004">
    <ele>246.86</ele>
   </trkpt>
   <trkpt lat="40.92045" lon="25.6823">
    <ele>247.24</ele>
   </trkpt>
   <trkpt lat="40.920230000000004" lon="25.682470000000002">
    <ele>248.11</ele>
   </trkpt>
   <trkpt lat="40.92018" lon="25.682560000000002">
    <ele>248.11</ele>
   </trkpt>
   <trkpt lat="40.920080000000006" lon="25.68286">
    <ele>249.26</ele>
   </trkpt>
   <trkpt lat="40.92006000000001" lon="25.682990000000004">
    <ele>249.26</ele>
   </trkpt>
   <trkpt lat="40.92006000000001" lon="25.683230000000002">
    <ele>249.76</ele>
   </trkpt>
   <trkpt lat="40.92016" lon="25.683550000000004">
    <ele>250.13000000000002</ele>
   </trkpt>
   <trkpt lat="40.92038" lon="25.68409">
    <ele>250.29000000000002</ele>
   </trkpt>
   <trkpt lat="40.920440000000006" lon="25.684400000000004">
    <ele>250.49000000000004</ele>
   </trkpt>
   <trkpt lat="40.920440000000006" lon="25.68464">
    <ele>250.86</ele>
   </trkpt>
   <trkpt lat="40.920350000000006" lon="25.684960000000004">
    <ele>251.0</ele>
   </trkpt>
   <trkpt lat="40.920300000000005" lon="25.68523">
    <ele>251.23</ele>
   </trkpt>
   <trkpt lat="40.92029" lon="25.6854">
    <ele>251.23</ele>
   </trkpt>
   <trkpt lat="40.92029" lon="25.68561">
    <ele>251.49000000000004</ele>
   </trkpt>
   <trkpt lat="40.9204" lon="25.686370000000004">
    <ele>252.13000000000002</ele>
   </trkpt>
   <trkpt lat="40.920390000000005" lon="25.68664">
    <ele>252.4</ele>
   </trkpt>
   <trkpt lat="40.920350000000006" lon="25.686960000000003">
    <ele>253.36</ele>
   </trkpt>
   <trkpt lat="40.920230000000004" lon="25.68738">
    <ele>254.89</ele>
   </trkpt>
   <trkpt lat="40.920010000000005" lon="25.68783">
    <ele>256.69</ele>
   </trkpt>
   <trkpt lat="40.919630000000005" lon="25.688380000000002">
    <ele>259.52000000000004</ele>
   </trkpt>
   <trkpt lat="40.919360000000005" lon="25.6887">
    <ele>260.67</ele>
   </trkpt>
   <trkpt lat="40.91921000000001" lon="25.688830000000003">
    <ele>260.67</ele>
   </trkpt>
   <trkpt lat="40.91872" lon="25.68916">
    <ele>262.86</ele>
   </trkpt>
   <trkpt lat="40.918420000000005" lon="25.689280000000004">
    <ele>263.59000000000003</ele>
   </trkpt>
   <trkpt lat="40.91789" lon="25.689420000000002">
    <ele>263.70000000000005</ele>
   </trkpt>
   <trkpt lat="40.91714" lon="25.689680000000003">
    <ele>261.75000000000006</ele>
   </trkpt>
   <trkpt lat="40.916650000000004" lon="25.6898">
    <ele>260.31000000000006</ele>
   </trkpt>
   <trkpt lat="40.916380000000004" lon="25.68983">
    <ele>259.72</ele>
   </trkpt>
   <trkpt lat="40.915960000000005" lon="25.6898">
    <ele>259.23</ele>
   </trkpt>
   <trkpt lat="40.91526" lon="25.68972">
    <ele>259.67</ele>
   </trkpt>
   <trkpt lat="40.914820000000006" lon="25.68971">
    <ele>259.83</ele>
   </trkpt>
   <trkpt lat="40.91461" lon="25.689660000000003">
    <ele>259.55</ele>
   </trkpt>
   <trkpt lat="40.91393500039127" lon="25.68935999693813">
    <ele>256.09000000000003</ele>
   </trkpt>
   <trkpt lat="40.91326" lon="25.68906">
    <ele>251.75000000000003</ele>
   </trkpt>
   <trkpt lat="40.912980000000005" lon="25.68897">
    <ele>249.82000000000002</ele>
   </trkpt>
   <trkpt lat="40.91274000000001" lon="25.688930000000003">
    <ele>248.24</ele>
   </trkpt>
   <trkpt lat="40.91218500021453" lon="25.688869999517852">
    <ele>246.6</ele>
   </trkpt>
   <trkpt lat="40.91163" lon="25.688810000000004">
    <ele>241.79000000000002</ele>
   </trkpt>
   <trkpt lat="40.91096" lon="25.688810000000004">
    <ele>238.52</ele>
   </trkpt>
   <trkpt lat="40.91055" lon="25.688730000000003">
    <ele>235.97</ele>
   </trkpt>
   <trkpt lat="40.90995" lon="25.688570000000002">
    <ele>232.92000000000002</ele>
   </trkpt>
   <trkpt lat="40.90936000000001" lon="25.68852">
    <ele>231.07000000000002</ele>
   </trkpt>
   <trkpt lat="40.90917" lon="25.688450000000003">
    <ele>230.24</ele>
   </trkpt>
   <trkpt lat="40.90894" lon="25.68833">
    <ele>229.70000000000002</ele>
   </trkpt>
   <trkpt lat="40.908460000505926" lon="25.687994997583033">
    <ele>228.13000000000002</ele>
   </trkpt>
   <trkpt lat="40.90798" lon="25.68766">
    <ele>225.07000000000002</ele>
   </trkpt>
   <trkpt lat="40.907720000000005" lon="25.68755">
    <ele>223.38000000000002</ele>
   </trkpt>
   <trkpt lat="40.907540000000004" lon="25.687530000000002">
    <ele>221.02</ele>
   </trkpt>
   <trkpt lat="40.90731" lon="25.68756">
    <ele>221.02</ele>
   </trkpt>
   <trkpt lat="40.90715" lon="25.687630000000002">
    <ele>219.04000000000002</ele>
   </trkpt>
   <trkpt lat="40.907000000000004" lon="25.687720000000002">
    <ele>218.11</ele>
   </trkpt>
   <trkpt lat="40.90637000303183" lon="25.688313344646932">
    <ele>212.46</ele>
   </trkpt>
   <trkpt lat="40.90574000302274" lon="25.68890667798864">
    <ele>206.92000000000002</ele>
   </trkpt>
   <trkpt lat="40.90511" lon="25.689500000000002">
    <ele>202.32000000000002</ele>
   </trkpt>
   <trkpt lat="40.90471" lon="25.689840000000004">
    <ele>198.94</ele>
   </trkpt>
   <trkpt lat="40.904540000000004" lon="25.68993">
    <ele>198.94</ele>
   </trkpt>
   <trkpt lat="40.90435" lon="25.68999">
    <ele>197.44</ele>
   </trkpt>
   <trkpt lat="40.90408" lon="25.69001">
    <ele>196.19</ele>
   </trkpt>
   <trkpt lat="40.903870000000005" lon="25.689980000000002">
    <ele>195.31</ele>
   </trkpt>
   <trkpt lat="40.90377" lon="25.689950000000003">
    <ele>195.31</ele>
   </trkpt>
   <trkpt lat="40.90357" lon="25.689850000000003">
    <ele>193.39000000000001</ele>
   </trkpt>
   <trkpt lat="40.90314500057249" lon="25.68948499765201">
    <ele>191.05</ele>
   </trkpt>
   <trkpt lat="40.90272" lon="25.689120000000003">
    <ele>188.76000000000002</ele>
   </trkpt>
   <trkpt lat="40.90254" lon="25.689040000000002">
    <ele>187.21</ele>
   </trkpt>
   <trkpt lat="40.90241" lon="25.689020000000003">
    <ele>186.81</ele>
   </trkpt>
   <trkpt lat="40.90223" lon="25.689030000000002">
    <ele>185.64000000000001</ele>
   </trkpt>
   <trkpt lat="40.902150000000006" lon="25.68905">
    <ele>185.64000000000001</ele>
   </trkpt>
   <trkpt lat="40.90191" lon="25.68915">
    <ele>184.69000000000003</ele>
   </trkpt>
   <trkpt lat="40.90175" lon="25.689290000000003">
    <ele>184.13000000000002</ele>
   </trkpt>
   <trkpt lat="40.901630000000004" lon="25.689470000000004">
    <ele>183.39000000000001</ele>
   </trkpt>
   <trkpt lat="40.90153" lon="25.689680000000003">
    <ele>182.92000000000002</ele>
   </trkpt>
   <trkpt lat="40.901340000000005" lon="25.690310000000004">
    <ele>181.63000000000002</ele>
   </trkpt>
   <trkpt lat="40.901180000000004" lon="25.69068">
    <ele>181.29</ele>
   </trkpt>
   <trkpt lat="40.901" lon="25.690900000000003">
    <ele>180.84000000000003</ele>
   </trkpt>
   <trkpt lat="40.90086" lon="25.69103">
    <ele>180.71</ele>
   </trkpt>
   <trkpt lat="40.90072000000001" lon="25.69113">
    <ele>180.61</ele>
   </trkpt>
   <trkpt lat="40.90055" lon="25.691200000000002">
    <ele>180.59000000000003</ele>
   </trkpt>
   <trkpt lat="40.90041" lon="25.69123">
    <ele>180.59000000000003</ele>
   </trkpt>
   <trkpt lat="40.90025000000001" lon="25.69124">
    <ele>180.71</ele>
   </trkpt>
   <trkpt lat="40.90001" lon="25.691180000000003">
    <ele>180.83</ele>
   </trkpt>
   <trkpt lat="40.899820000000005" lon="25.691090000000003">
    <ele>181.20000000000002</ele>
   </trkpt>
   <trkpt lat="40.899210000000004" lon="25.690600000000003">
    <ele>182.6</ele>
   </trkpt>
   <trkpt lat="40.89907" lon="25.690530000000003">
    <ele>182.97000000000003</ele>
   </trkpt>
   <trkpt lat="40.89896" lon="25.690500000000004">
    <ele>183.25000000000003</ele>
   </trkpt>
   <trkpt lat="40.89884" lon="25.69049">
    <ele>183.57</ele>
   </trkpt>
   <trkpt lat="40.89871" lon="25.690510000000003">
    <ele>184.46</ele>
   </trkpt>
   <trkpt lat="40.89853" lon="25.690590000000004">
    <ele>185.03000000000003</ele>
   </trkpt>
   <trkpt lat="40.898430000000005" lon="25.69066">
    <ele>185.64000000000001</ele>
   </trkpt>
   <trkpt lat="40.898320000000005" lon="25.69077">
    <ele>185.64000000000001</ele>
   </trkpt>
   <trkpt lat="40.898230000000005" lon="25.690910000000002">
    <ele>187.63000000000002</ele>
   </trkpt>
   <trkpt lat="40.897920000000006" lon="25.691540000000003">
    <ele>188.85000000000002</ele>
   </trkpt>
   <trkpt lat="40.89773" lon="25.691760000000002">
    <ele>191.47000000000003</ele>
   </trkpt>
   <trkpt lat="40.89762" lon="25.691830000000003">
    <ele>191.47000000000003</ele>
   </trkpt>
   <trkpt lat="40.89748" lon="25.69189">
    <ele>191.88000000000002</ele>
   </trkpt>
   <trkpt lat="40.89726" lon="25.691950000000002">
    <ele>193.25</ele>
   </trkpt>
   <trkpt lat="40.89649200029484" lon="25.69208200613083">
    <ele>196.37</ele>
   </trkpt>
   <trkpt lat="40.89572400043918" lon="25.69221400919662">
    <ele>198.3</ele>
   </trkpt>
   <trkpt lat="40.894956000433" lon="25.692346009197518">
    <ele>199.79000000000002</ele>
   </trkpt>
   <trkpt lat="40.89418800027634" lon="25.692478006133697">
    <ele>199.87</ele>
   </trkpt>
   <trkpt lat="40.893420000000006" lon="25.692610000000002">
    <ele>198.98000000000002</ele>
   </trkpt>
   <trkpt lat="40.893150000000006" lon="25.692670000000003">
    <ele>198.53</ele>
   </trkpt>
   <trkpt lat="40.892880000000005" lon="25.692800000000002">
    <ele>197.49</ele>
   </trkpt>
   <trkpt lat="40.89274" lon="25.69293">
    <ele>197.20000000000002</ele>
   </trkpt>
   <trkpt lat="40.8926" lon="25.69312">
    <ele>196.53</ele>
   </trkpt>
   <trkpt lat="40.892070000000004" lon="25.69405">
    <ele>192.9</ele>
   </trkpt>
   <trkpt lat="40.89188" lon="25.694300000000002">
    <ele>191.44000000000003</ele>
   </trkpt>
   <trkpt lat="40.89173" lon="25.6944">
    <ele>189.59</ele>
   </trkpt>
   <trkpt lat="40.89161" lon="25.694450000000003">
    <ele>189.01000000000002</ele>
   </trkpt>
   <trkpt lat="40.89146" lon="25.694480000000002">
    <ele>187.73000000000002</ele>
   </trkpt>
   <trkpt lat="40.89106" lon="25.6945">
    <ele>184.94000000000003</ele>
   </trkpt>
   <trkpt lat="40.890910000000005" lon="25.694530000000004">
    <ele>184.94000000000003</ele>
   </trkpt>
   <trkpt lat="40.8907" lon="25.694630000000004">
    <ele>183.00000000000003</ele>
   </trkpt>
   <trkpt lat="40.890570000000004" lon="25.694740000000003">
    <ele>182.05</ele>
   </trkpt>
   <trkpt lat="40.890420000000006" lon="25.694940000000003">
    <ele>181.12</ele>
   </trkpt>
   <trkpt lat="40.89031000000001" lon="25.695190000000004">
    <ele>180.72000000000003</ele>
   </trkpt>
   <trkpt lat="40.890260000000005" lon="25.69537">
    <ele>180.41000000000003</ele>
   </trkpt>
   <trkpt lat="40.89016" lon="25.69602">
    <ele>179.44000000000003</ele>
   </trkpt>
   <trkpt lat="40.890060000000005" lon="25.696340000000003">
    <ele>179.08</ele>
   </trkpt>
   <trkpt lat="40.88993000000001" lon="25.69658">
    <ele>178.99</ele>
   </trkpt>
   <trkpt lat="40.88982" lon="25.696730000000002">
    <ele>178.78000000000003</ele>
   </trkpt>
   <trkpt lat="40.8891500022636" lon="25.697445007180114">
    <ele>177.97000000000003</ele>
   </trkpt>
   <trkpt lat="40.88848" lon="25.69816">
    <ele>176.83</ele>
   </trkpt>
   <trkpt lat="40.8883" lon="25.698320000000002">
    <ele>176.83</ele>
   </trkpt>
   <trkpt lat="40.888020000000004" lon="25.69847">
    <ele>176.76000000000002</ele>
   </trkpt>
   <trkpt lat="40.887640000000005" lon="25.69854">
    <ele>175.81000000000003</ele>
   </trkpt>
   <trkpt lat="40.88702500003637" lon="25.69857000027723">
    <ele>174.95000000000002</ele>
   </trkpt>
   <trkpt lat="40.886410000000005" lon="25.698600000000003">
    <ele>174.35</ele>
   </trkpt>
   <trkpt lat="40.88571500008869" lon="25.6986500005195">
    <ele>172.94</ele>
   </trkpt>
   <trkpt lat="40.885020000000004" lon="25.698700000000002">
    <ele>171.42000000000002</ele>
   </trkpt>
   <trkpt lat="40.884800000000006" lon="25.698760000000004">
    <ele>170.91</ele>
   </trkpt>
   <trkpt lat="40.8847" lon="25.69882">
    <ele>170.91</ele>
   </trkpt>
   <trkpt lat="40.884440000000005" lon="25.699050000000003">
    <ele>169.66</ele>
   </trkpt>
   <trkpt lat="40.884050001165505" lon="25.699580003187826">
    <ele>167.24000000000004</ele>
   </trkpt>
   <trkpt lat="40.883660000000006" lon="25.700110000000002">
    <ele>164.77</ele>
   </trkpt>
   <trkpt lat="40.883410000000005" lon="25.70033">
    <ele>164.01000000000002</ele>
   </trkpt>
   <trkpt lat="40.88329" lon="25.700400000000002">
    <ele>162.18</ele>
   </trkpt>
   <trkpt lat="40.883070000000004" lon="25.700490000000002">
    <ele>161.37</ele>
   </trkpt>
   <trkpt lat="40.882600000000004" lon="25.70053">
    <ele>158.28</ele>
   </trkpt>
   <trkpt lat="40.882380000000005" lon="25.7006">
    <ele>156.82000000000002</ele>
   </trkpt>
   <trkpt lat="40.88217" lon="25.700740000000003">
    <ele>154.51000000000002</ele>
   </trkpt>
   <trkpt lat="40.882070000000006" lon="25.700830000000003">
    <ele>153.8</ele>
   </trkpt>
   <trkpt lat="40.88181" lon="25.701120000000003">
    <ele>150.78000000000003</ele>
   </trkpt>
   <trkpt lat="40.88165" lon="25.701240000000002">
    <ele>150.78000000000003</ele>
   </trkpt>
   <trkpt lat="40.88147" lon="25.701330000000002">
    <ele>148.99</ele>
   </trkpt>
   <trkpt lat="40.88071" lon="25.70147">
    <ele>144.70000000000002</ele>
   </trkpt>
   <trkpt lat="40.88054" lon="25.70153">
    <ele>143.88</ele>
   </trkpt>
   <trkpt lat="40.880390000000006" lon="25.701620000000002">
    <ele>143.46</ele>
   </trkpt>
   <trkpt lat="40.880250000000004" lon="25.70174">
    <ele>143.1</ele>
   </trkpt>
   <trkpt lat="40.88007" lon="25.701970000000003">
    <ele>142.19</ele>
   </trkpt>
   <trkpt lat="40.879960000000004" lon="25.702150000000003">
    <ele>142.19</ele>
   </trkpt>
   <trkpt lat="40.87984" lon="25.702530000000003">
    <ele>140.96</ele>
   </trkpt>
   <trkpt lat="40.87984" lon="25.70287">
    <ele>140.96</ele>
   </trkpt>
   <trkpt lat="40.87991" lon="25.70322">
    <ele>140.5</ele>
   </trkpt>
   <trkpt lat="40.880050000000004" lon="25.703560000000003">
    <ele>140.11</ele>
   </trkpt>
   <trkpt lat="40.88027" lon="25.703850000000003">
    <ele>138.8</ele>
   </trkpt>
   <trkpt lat="40.88092" lon="25.70463">
    <ele>136.25</ele>
   </trkpt>
   <trkpt lat="40.881310000497066" lon="25.705024997493556">
    <ele>135.22</ele>
   </trkpt>
   <trkpt lat="40.8817" lon="25.705420000000004">
    <ele>133.84</ele>
   </trkpt>
   <trkpt lat="40.881870000000006" lon="25.705710000000003">
    <ele>133.68</ele>
   </trkpt>
   <trkpt lat="40.881910000000005" lon="25.705810000000003">
    <ele>133.68</ele>
   </trkpt>
   <trkpt lat="40.88194" lon="25.706080000000004">
    <ele>133.23000000000002</ele>
   </trkpt>
   <trkpt lat="40.881930000000004" lon="25.706460000000003">
    <ele>132.9</ele>
   </trkpt>
   <trkpt lat="40.88185" lon="25.706780000000002">
    <ele>132.67000000000002</ele>
   </trkpt>
   <trkpt lat="40.88177" lon="25.706960000000002">
    <ele>132.67000000000002</ele>
   </trkpt>
   <trkpt lat="40.88167000000001" lon="25.707130000000003">
    <ele>132.45000000000002</ele>
   </trkpt>
   <trkpt lat="40.881460000000004" lon="25.707340000000002">
    <ele>132.20000000000002</ele>
   </trkpt>
   <trkpt lat="40.88129" lon="25.707430000000002">
    <ele>131.99</ele>
   </trkpt>
   <trkpt lat="40.8811" lon="25.70746">
    <ele>131.99</ele>
   </trkpt>
   <trkpt lat="40.880230000000005" lon="25.707340000000002">
    <ele>131.31</ele>
   </trkpt>
   <trkpt lat="40.880100000000006" lon="25.70735">
    <ele>131.17000000000002</ele>
   </trkpt>
   <trkpt lat="40.8798" lon="25.707420000000003">
    <ele>131.17000000000002</ele>
   </trkpt>
   <trkpt lat="40.87948" lon="25.707590000000003">
    <ele>130.92000000000002</ele>
   </trkpt>
   <trkpt lat="40.87894" lon="25.708070000000003">
    <ele>130.61</ele>
   </trkpt>
   <trkpt lat="40.878690000000006" lon="25.708270000000002">
    <ele>130.25</ele>
   </trkpt>
   <trkpt lat="40.87854" lon="25.708360000000003">
    <ele>129.92000000000002</ele>
   </trkpt>
   <trkpt lat="40.878310000000006" lon="25.708420000000004">
    <ele>129.66</ele>
   </trkpt>
   <trkpt lat="40.878060000000005" lon="25.70841">
    <ele>129.04999999999998</ele>
   </trkpt>
   <trkpt lat="40.877790000000005" lon="25.70832">
    <ele>127.97</ele>
   </trkpt>
   <trkpt lat="40.87724" lon="25.70793">
    <ele>125.84</ele>
   </trkpt>
   <trkpt lat="40.876632502741415" lon="25.70746998733609">
    <ele>120.70000000000002</ele>
   </trkpt>
   <trkpt lat="40.87602500365528" lon="25.70700998311508">
    <ele>116.07000000000001</ele>
   </trkpt>
   <trkpt lat="40.87541750274168" lon="25.70654998733667">
    <ele>111.85000000000001</ele>
   </trkpt>
   <trkpt lat="40.874810000000004" lon="25.706090000000003">
    <ele>110.22000000000001</ele>
   </trkpt>
   <trkpt lat="40.87449" lon="25.705920000000003">
    <ele>109.96</ele>
   </trkpt>
   <trkpt lat="40.87417000000001" lon="25.70585">
    <ele>109.63000000000001</ele>
   </trkpt>
   <trkpt lat="40.873870000000004" lon="25.705840000000002">
    <ele>109.29</ele>
   </trkpt>
   <trkpt lat="40.87348" lon="25.705920000000003">
    <ele>108.66000000000001</ele>
   </trkpt>
   <trkpt lat="40.873090000000005" lon="25.706120000000002">
    <ele>108.17</ele>
   </trkpt>
   <trkpt lat="40.87281" lon="25.706360000000004">
    <ele>107.32000000000001</ele>
   </trkpt>
   <trkpt lat="40.87256" lon="25.706670000000003">
    <ele>105.93</ele>
   </trkpt>
   <trkpt lat="40.87243" lon="25.7069">
    <ele>104.8</ele>
   </trkpt>
   <trkpt lat="40.872310000000006" lon="25.70718">
    <ele>103.18</ele>
   </trkpt>
   <trkpt lat="40.872150000000005" lon="25.707790000000003">
    <ele>99.95</ele>
   </trkpt>
   <trkpt lat="40.87214" lon="25.70812">
    <ele>97.85000000000001</ele>
   </trkpt>
   <trkpt lat="40.87216" lon="25.70859">
    <ele>95.4</ele>
   </trkpt>
   <trkpt lat="40.872240000000005" lon="25.709020000000002">
    <ele>93.08000000000001</ele>
   </trkpt>
   <trkpt lat="40.872400000000006" lon="25.70943">
    <ele>90.03000000000002</ele>
   </trkpt>
   <trkpt lat="40.87254" lon="25.7097">
    <ele>88.36</ele>
   </trkpt>
   <trkpt lat="40.872710000000005" lon="25.709940000000003">
    <ele>85.56</ele>
   </trkpt>
   <trkpt lat="40.872930000000004" lon="25.71017">
    <ele>83.93</ele>
   </trkpt>
   <trkpt lat="40.87345000074066" lon="25.71056999689657">
    <ele>79.78</ele>
   </trkpt>
   <trkpt lat="40.87397" lon="25.710970000000003">
    <ele>74.85</ele>
   </trkpt>
   <trkpt lat="40.87458" lon="25.71148">
    <ele>71.17000000000002</ele>
   </trkpt>
   <trkpt lat="40.87485" lon="25.71179">
    <ele>70.85000000000001</ele>
   </trkpt>
   <trkpt lat="40.874930000000006" lon="25.71195">
    <ele>70.86</ele>
   </trkpt>
   <trkpt lat="40.87458" lon="25.712470000000003">
    <ele>71.32000000000001</ele>
   </trkpt>
   <trkpt lat="40.8744" lon="25.7131">
    <ele>71.56000000000002</ele>
   </trkpt>
   <trkpt lat="40.874280000000006" lon="25.713340000000002">
    <ele>71.69</ele>
   </trkpt>
   <trkpt lat="40.873850000000004" lon="25.713890000000003">
    <ele>71.86</ele>
   </trkpt>
   <trkpt lat="40.873630000000006" lon="25.714250000000003">
    <ele>72.22</ele>
   </trkpt>
   <trkpt lat="40.87339" lon="25.71469">
    <ele>72.97</ele>
   </trkpt>
   <trkpt lat="40.8731" lon="25.71536">
    <ele>76.95</ele>
   </trkpt>
   <trkpt lat="40.87276500501055" lon="25.716440005548787">
    <ele>80.5</ele>
   </trkpt>
   <trkpt lat="40.87243" lon="25.71752">
    <ele>81.42</ele>
   </trkpt>
   <trkpt lat="40.87207" lon="25.718460000000004">
    <ele>82.17</ele>
   </trkpt>
   <trkpt lat="40.87184500145405" lon="25.719040001967286">
    <ele>79.9</ele>
   </trkpt>
   <trkpt lat="40.87162" lon="25.719620000000003">
    <ele>78.38000000000001</ele>
   </trkpt>
   <trkpt lat="40.871460000000006" lon="25.719890000000003">
    <ele>78.27000000000001</ele>
   </trkpt>
   <trkpt lat="40.87133" lon="25.72003">
    <ele>78.34</ele>
   </trkpt>
   <trkpt lat="40.87075" lon="25.720470000000002">
    <ele>79.66000000000001</ele>
   </trkpt>
   <trkpt lat="40.870450000000005" lon="25.72061">
    <ele>80.4</ele>
   </trkpt>
   <trkpt lat="40.8703" lon="25.720640000000003">
    <ele>80.84</ele>
   </trkpt>
   <trkpt lat="40.86981" lon="25.720670000000002">
    <ele>82.14</ele>
   </trkpt>
   <trkpt lat="40.869600000000005" lon="25.720730000000003">
    <ele>82.14</ele>
   </trkpt>
   <trkpt lat="40.86947000000001" lon="25.72079">
    <ele>82.7</ele>
   </trkpt>
   <trkpt lat="40.86923" lon="25.72098">
    <ele>82.81</ele>
   </trkpt>
   <trkpt lat="40.86912" lon="25.721100000000003">
    <ele>82.91000000000001</ele>
   </trkpt>
   <trkpt lat="40.868970000000004" lon="25.72134">
    <ele>83.03</ele>
   </trkpt>
   <trkpt lat="40.86872" lon="25.721840000000004">
    <ele>83.16000000000001</ele>
   </trkpt>
   <trkpt lat="40.86835000373264" lon="25.722770005201546">
    <ele>83.27000000000001</ele>
   </trkpt>
   <trkpt lat="40.86798" lon="25.7237">
    <ele>83.36</ele>
   </trkpt>
   <trkpt lat="40.86780000147517" lon="25.724280001503793">
    <ele>83.86</ele>
   </trkpt>
   <trkpt lat="40.86762" lon="25.724860000000003">
    <ele>85.60000000000001</ele>
   </trkpt>
   <trkpt lat="40.867380000000004" lon="25.72576">
    <ele>89.57000000000001</ele>
   </trkpt>
   <trkpt lat="40.86719" lon="25.72659">
    <ele>95.11000000000001</ele>
   </trkpt>
   <trkpt lat="40.86702500193489" lon="25.727250001428633">
    <ele>97.26</ele>
   </trkpt>
   <trkpt lat="40.86686" lon="25.72791">
    <ele>101.95000000000002</ele>
   </trkpt>
   <trkpt lat="40.86684" lon="25.728260000000002">
    <ele>103.62</ele>
   </trkpt>
   <trkpt lat="40.86675" lon="25.728620000000003">
    <ele>106.34</ele>
   </trkpt>
   <trkpt lat="40.86661" lon="25.728820000000002">
    <ele>107.95</ele>
   </trkpt>
   <trkpt lat="40.8661" lon="25.72924">
    <ele>110.94000000000001</ele>
   </trkpt>
   <trkpt lat="40.86587" lon="25.729480000000002">
    <ele>111.36000000000001</ele>
   </trkpt>
   <trkpt lat="40.86558" lon="25.729840000000003">
    <ele>112.71000000000001</ele>
   </trkpt>
   <trkpt lat="40.865185001734694" lon="25.730445003372328">
    <ele>115.19000000000001</ele>
   </trkpt>
   <trkpt lat="40.864790000000006" lon="25.731050000000003">
    <ele>116.72</ele>
   </trkpt>
   <trkpt lat="40.86441000000001" lon="25.731720000000003">
    <ele>122.55</ele>
   </trkpt>
   <trkpt lat="40.863995003079914" lon="25.732570005407783">
    <ele>126.06</ele>
   </trkpt>
   <trkpt lat="40.863580000000006" lon="25.733420000000002">
    <ele>128.01000000000002</ele>
   </trkpt>
   <trkpt lat="40.86321000647392" lon="25.734283342892574">
    <ele>128.79000000000002</ele>
   </trkpt>
   <trkpt lat="40.86284000651112" lon="25.735146676138992">
    <ele>127.93</ele>
   </trkpt>
   <trkpt lat="40.86247" lon="25.736010000000004">
    <ele>125.55000000000003</ele>
   </trkpt>
   <trkpt lat="40.86229" lon="25.73637">
    <ele>125.21000000000001</ele>
   </trkpt>
   <trkpt lat="40.86193333693134" lon="25.737013340219058">
    <ele>122.28000000000002</ele>
   </trkpt>
   <trkpt lat="40.861576670288486" lon="25.737656673509374">
    <ele>118.29</ele>
   </trkpt>
   <trkpt lat="40.86122" lon="25.738300000000002">
    <ele>114.74000000000001</ele>
   </trkpt>
   <trkpt lat="40.86101500131728" lon="25.738855001752242">
    <ele>111.02000000000001</ele>
   </trkpt>
   <trkpt lat="40.86081" lon="25.739410000000003">
    <ele>108.39000000000001</ele>
   </trkpt>
   <trkpt lat="40.86075" lon="25.73964">
    <ele>106.54</ele>
   </trkpt>
   <trkpt lat="40.860710000000005" lon="25.739910000000002">
    <ele>105.04</ele>
   </trkpt>
   <trkpt lat="40.8607" lon="25.740160000000003">
    <ele>105.04</ele>
   </trkpt>
   <trkpt lat="40.86072" lon="25.740460000000002">
    <ele>101.29</ele>
   </trkpt>
   <trkpt lat="40.86085000331711" lon="25.74133499835843">
    <ele>98.16000000000001</ele>
   </trkpt>
   <trkpt lat="40.860980000000005" lon="25.742210000000004">
    <ele>94.09</ele>
   </trkpt>
   <trkpt lat="40.86099" lon="25.742430000000002">
    <ele>94.09</ele>
   </trkpt>
   <trkpt lat="40.86094000000001" lon="25.742870000000003">
    <ele>92.48</ele>
   </trkpt>
   <trkpt lat="40.8609" lon="25.74301">
    <ele>91.44000000000001</ele>
   </trkpt>
   <trkpt lat="40.86079" lon="25.743280000000002">
    <ele>90.12</ele>
   </trkpt>
   <trkpt lat="40.860640000000004" lon="25.743520000000004">
    <ele>89.09</ele>
   </trkpt>
   <trkpt lat="40.86047000000001" lon="25.743710000000004">
    <ele>89.09</ele>
   </trkpt>
   <trkpt lat="40.860220000000005" lon="25.743850000000002">
    <ele>88.06000000000002</ele>
   </trkpt>
   <trkpt lat="40.859750000000005" lon="25.744000000000003">
    <ele>86.73</ele>
   </trkpt>
   <trkpt lat="40.859390000000005" lon="25.74417">
    <ele>84.44</ele>
   </trkpt>
   <trkpt lat="40.859140000000004" lon="25.744320000000002">
    <ele>83.62000000000002</ele>
   </trkpt>
   <trkpt lat="40.858810000000005" lon="25.744600000000002">
    <ele>81.43</ele>
   </trkpt>
   <trkpt lat="40.85869" lon="25.744770000000003">
    <ele>80.75</ele>
   </trkpt>
   <trkpt lat="40.85858" lon="25.74498">
    <ele>80.46000000000001</ele>
   </trkpt>
   <trkpt lat="40.85842" lon="25.745400000000004">
    <ele>80.49000000000001</ele>
   </trkpt>
   <trkpt lat="40.85835" lon="25.74557">
    <ele>80.65</ele>
   </trkpt>
   <trkpt lat="40.85828" lon="25.745690000000003">
    <ele>80.65</ele>
   </trkpt>
   <trkpt lat="40.858160000000005" lon="25.74583">
    <ele>81.10000000000001</ele>
   </trkpt>
   <trkpt lat="40.85797" lon="25.745990000000003">
    <ele>81.66000000000001</ele>
   </trkpt>
   <trkpt lat="40.85772" lon="25.746160000000003">
    <ele>81.9</ele>
   </trkpt>
   <trkpt lat="40.85752" lon="25.746430000000004">
    <ele>81.02000000000001</ele>
   </trkpt>
   <trkpt lat="40.857350000000004" lon="25.74678">
    <ele>79.86</ele>
   </trkpt>
   <trkpt lat="40.85721" lon="25.747120000000002">
    <ele>76.53</ele>
   </trkpt>
   <trkpt lat="40.85708" lon="25.747560000000004">
    <ele>75.12</ele>
   </trkpt>
   <trkpt lat="40.856880003680565" lon="25.748480002658003">
    <ele>72.66</ele>
   </trkpt>
   <trkpt lat="40.856680000000004" lon="25.7494">
    <ele>70.79</ele>
   </trkpt>
   <trkpt lat="40.85667" lon="25.749810000000004">
    <ele>67.77000000000001</ele>
   </trkpt>
   <trkpt lat="40.85672" lon="25.75027">
    <ele>67.27000000000001</ele>
   </trkpt>
   <trkpt lat="40.856845001710155" lon="25.75089999879326">
    <ele>63.21</ele>
   </trkpt>
   <trkpt lat="40.856970000000004" lon="25.751530000000002">
    <ele>61.470000000000006</ele>
   </trkpt>
   <trkpt lat="40.857200000000006" lon="25.752370000000003">
    <ele>61.21000000000001</ele>
   </trkpt>
   <trkpt lat="40.85741" lon="25.753040000000002">
    <ele>61.38</ele>
   </trkpt>
   <trkpt lat="40.85756000000001" lon="25.753840000000004">
    <ele>61.33</ele>
   </trkpt>
   <trkpt lat="40.85768500311872" lon="25.754689998389953">
    <ele>61.02</ele>
   </trkpt>
   <trkpt lat="40.85781" lon="25.755540000000003">
    <ele>60.92</ele>
   </trkpt>
   <trkpt lat="40.857960000000006" lon="25.75644">
    <ele>60.32000000000001</ele>
   </trkpt>
   <trkpt lat="40.85811" lon="25.75701">
    <ele>60.22</ele>
   </trkpt>
   <trkpt lat="40.858445005107036" lon="25.758094994590618">
    <ele>59.370000000000005</ele>
   </trkpt>
   <trkpt lat="40.85878" lon="25.75918">
    <ele>57.900000000000006</ele>
   </trkpt>
   <trkpt lat="40.85902" lon="25.76009">
    <ele>56.650000000000006</ele>
   </trkpt>
   <trkpt lat="40.859100000000005" lon="25.760530000000003">
    <ele>55.92</ele>
   </trkpt>
   <trkpt lat="40.859170000000006" lon="25.761190000000003">
    <ele>55.25000000000001</ele>
   </trkpt>
   <trkpt lat="40.859170000000006" lon="25.761860000000002">
    <ele>51.97</ele>
   </trkpt>
   <trkpt lat="40.859115003256136" lon="25.76273000091256">
    <ele>49.31</ele>
   </trkpt>
   <trkpt lat="40.85906000000001" lon="25.763600000000004">
    <ele>47.910000000000004</ele>
   </trkpt>
   <trkpt lat="40.859010001847274" lon="25.76425500056239">
    <ele>45.730000000000004</ele>
   </trkpt>
   <trkpt lat="40.85896" lon="25.76491">
    <ele>45.00000000000001</ele>
   </trkpt>
   <trkpt lat="40.85886" lon="25.765810000000002">
    <ele>43.510000000000005</ele>
   </trkpt>
   <trkpt lat="40.85865500490243" lon="25.76687500326968">
    <ele>41.910000000000004</ele>
   </trkpt>
   <trkpt lat="40.858450000000005" lon="25.767940000000003">
    <ele>41.2</ele>
   </trkpt>
   <trkpt lat="40.85827667278741" lon="25.76878333784899">
    <ele>39.470000000000006</ele>
   </trkpt>
   <trkpt lat="40.85810333943304" lon="25.769626671284566">
    <ele>38.00000000000001</ele>
   </trkpt>
   <trkpt lat="40.85793" lon="25.770470000000003">
    <ele>36.54</ele>
   </trkpt>
   <trkpt lat="40.857820000000004" lon="25.770870000000002">
    <ele>35.440000000000005</ele>
   </trkpt>
   <trkpt lat="40.857670000000006" lon="25.771310000000003">
    <ele>34.050000000000004</ele>
   </trkpt>
   <trkpt lat="40.8575" lon="25.771700000000003">
    <ele>33.21</ele>
   </trkpt>
   <trkpt lat="40.857200000000006" lon="25.77221">
    <ele>31.21</ele>
   </trkpt>
   <trkpt lat="40.85685" lon="25.77268">
    <ele>30.21</ele>
   </trkpt>
   <trkpt lat="40.85661" lon="25.77296">
    <ele>29.48</ele>
   </trkpt>
   <trkpt lat="40.856100000000005" lon="25.773480000000003">
    <ele>28.330000000000002</ele>
   </trkpt>
   <trkpt lat="40.855430000000005" lon="25.774120000000003">
    <ele>25.09</ele>
   </trkpt>
   <trkpt lat="40.85519" lon="25.77438">
    <ele>24.26</ele>
   </trkpt>
   <trkpt lat="40.85502" lon="25.774600000000003">
    <ele>22.340000000000003</ele>
   </trkpt>
   <trkpt lat="40.85466" lon="25.7752">
    <ele>19.919999999999998</ele>
   </trkpt>
   <trkpt lat="40.854400000000005" lon="25.77577">
    <ele>17.93</ele>
   </trkpt>
   <trkpt lat="40.85408667392462" lon="25.77668667533212">
    <ele>15.05</ele>
   </trkpt>
   <trkpt lat="40.853773340593015" lon="25.777603341993604">
    <ele>13.770000000000001</ele>
   </trkpt>
   <trkpt lat="40.853460000000005" lon="25.778520000000004">
    <ele>13.760000000000002</ele>
   </trkpt>
   <trkpt lat="40.853260000000006" lon="25.77898">
    <ele>13.860000000000001</ele>
   </trkpt>
   <trkpt lat="40.85283000661408" lon="25.779853344613027">
    <ele>14.270000000000001</ele>
   </trkpt>
   <trkpt lat="40.85240000664177" lon="25.78072667788992">
    <ele>14.8</ele>
   </trkpt>
   <trkpt lat="40.85197" lon="25.7816">
    <ele>14.730000000000002</ele>
   </trkpt>
   <trkpt lat="40.85188" lon="25.781820000000003">
    <ele>14.730000000000002</ele>
   </trkpt>
   <trkpt lat="40.85177" lon="25.782200000000003">
    <ele>14.450000000000001</ele>
   </trkpt>
   <trkpt lat="40.851620000000004" lon="25.78302">
    <ele>14.020000000000001</ele>
   </trkpt>
   <trkpt lat="40.85159" lon="25.783360000000002">
    <ele>13.55</ele>
   </trkpt>
   <trkpt lat="40.85159" lon="25.78412">
    <ele>12.820000000000002</ele>
   </trkpt>
   <trkpt lat="40.85162574871665" lon="25.785272853410962">
    <ele>11.66</ele>
   </trkpt>
   <trkpt lat="40.85166148595634" lon="25.78642570806575">
    <ele>11.290000000000001</ele>
   </trkpt>
   <trkpt lat="40.85169721171904" lon="25.787578563963987">
    <ele>12.010000000000002</ele>
   </trkpt>
   <trkpt lat="40.851732926004736" lon="25.788731421105265">
    <ele>12.47</ele>
   </trkpt>
   <trkpt lat="40.851768628813396" lon="25.78988427948919">
    <ele>12.06</ele>
   </trkpt>
   <trkpt lat="40.851804320144986" lon="25.791037139115364">
    <ele>12.22</ele>
   </trkpt>
   <trkpt lat="40.85184" lon="25.79219">
    <ele>13.46</ele>
   </trkpt>
   <trkpt lat="40.85191500275646" lon="25.79298999902147">
    <ele>13.790000000000001</ele>
   </trkpt>
   <trkpt lat="40.85199" lon="25.79379">
    <ele>14.63</ele>
   </trkpt>
   <trkpt lat="40.852130010904865" lon="25.794707494190153">
    <ele>15.19</ele>
   </trkpt>
   <trkpt lat="40.8522700145405" lon="25.795624992257892">
    <ele>15.850000000000003</ele>
   </trkpt>
   <trkpt lat="40.85241001090688" lon="25.796542494203038">
    <ele>16.37</ele>
   </trkpt>
   <trkpt lat="40.85255" lon="25.79746">
    <ele>16.75</ele>
   </trkpt>
   <trkpt lat="40.85271500433241" lon="25.798464997323173">
    <ele>17.330000000000002</ele>
   </trkpt>
   <trkpt lat="40.852880000000006" lon="25.799470000000003">
    <ele>17.79</ele>
   </trkpt>
   <trkpt lat="40.85298" lon="25.80018">
    <ele>17.96</ele>
   </trkpt>
   <trkpt lat="40.853030000000004" lon="25.80075">
    <ele>18.150000000000002</ele>
   </trkpt>
   <trkpt lat="40.853195004801066" lon="25.80180499734294">
    <ele>18.45</ele>
   </trkpt>
   <trkpt lat="40.85336" lon="25.802860000000003">
    <ele>18.85</ele>
   </trkpt>
   <trkpt lat="40.853513339377926" lon="25.803696662792404">
    <ele>18.830000000000002</ele>
   </trkpt>
   <trkpt lat="40.85366667271099" lon="25.804533329457595">
    <ele>18.750000000000004</ele>
   </trkpt>
   <trkpt lat="40.853820000000006" lon="25.805370000000003">
    <ele>18.76</ele>
   </trkpt>
   <trkpt lat="40.853970005325806" lon="25.80615666300914">
    <ele>18.62</ele>
   </trkpt>
   <trkpt lat="40.85412000530765" lon="25.80694332958051">
    <ele>18.500000000000004</ele>
   </trkpt>
   <trkpt lat="40.85427000000001" lon="25.807730000000003">
    <ele>17.820000000000004</ele>
   </trkpt>
   <trkpt lat="40.854390002296206" lon="25.808459998649056">
    <ele>17.490000000000002</ele>
   </trkpt>
   <trkpt lat="40.854510000000005" lon="25.80919">
    <ele>17.11</ele>
   </trkpt>
   <trkpt lat="40.854610002029034" lon="25.809869999194756">
    <ele>16.68</ele>
   </trkpt>
   <trkpt lat="40.854710000000004" lon="25.810550000000003">
    <ele>16.720000000000002</ele>
   </trkpt>
   <trkpt lat="40.85472" lon="25.810910000000003">
    <ele>16.89</ele>
   </trkpt>
   <trkpt lat="40.85465000000001" lon="25.81181">
    <ele>17.48</ele>
   </trkpt>
   <trkpt lat="40.85461" lon="25.8121">
    <ele>17.560000000000002</ele>
   </trkpt>
   <trkpt lat="40.85439" lon="25.81295">
    <ele>17.740000000000002</ele>
   </trkpt>
   <trkpt lat="40.85417" lon="25.8135">
    <ele>17.730000000000004</ele>
   </trkpt>
   <trkpt lat="40.85384000257803" lon="25.814275003896196">
    <ele>17.23</ele>
   </trkpt>
   <trkpt lat="40.85351" lon="25.815050000000003">
    <ele>16.69</ele>
   </trkpt>
   <trkpt lat="40.853167507935794" lon="25.81583251212512">
    <ele>15.67</ele>
   </trkpt>
   <trkpt lat="40.85282501058396" lon="25.816615016159936">
    <ele>15.21</ele>
   </trkpt>
   <trkpt lat="40.85248250794467" lon="25.817397512104513">
    <ele>14.540000000000001</ele>
   </trkpt>
   <trkpt lat="40.852140000000006" lon="25.81818">
    <ele>14.300000000000002</ele>
   </trkpt>
   <trkpt lat="40.85201" lon="25.81857">
    <ele>13.91</ele>
   </trkpt>
   <trkpt lat="40.85183000000001" lon="25.819350000000004">
    <ele>13.36</ele>
   </trkpt>
   <trkpt lat="40.851780000000005" lon="25.819720000000004">
    <ele>13.21</ele>
   </trkpt>
   <trkpt lat="40.85173" lon="25.82025">
    <ele>12.67</ele>
   </trkpt>
   <trkpt lat="40.85172" lon="25.820680000000003">
    <ele>12.67</ele>
   </trkpt>
   <trkpt lat="40.85174000000001" lon="25.821350000000002">
    <ele>12.4</ele>
   </trkpt>
   <trkpt lat="40.851842512763206" lon="25.822342495430423">
    <ele>12.450000000000001</ele>
   </trkpt>
   <trkpt lat="40.851945017020164" lon="25.823334993931923">
    <ele>13.070000000000002</ele>
   </trkpt>
   <trkpt lat="40.85204751277085" lon="25.824327495504264">
    <ele>15.13</ele>
   </trkpt>
   <trkpt lat="40.85215" lon="25.82532">
    <ele>16.05</ele>
   </trkpt>
   <trkpt lat="40.85223500454281" lon="25.82634499876407">
    <ele>17.75</ele>
   </trkpt>
   <trkpt lat="40.852320000000006" lon="25.827370000000002">
    <ele>18.240000000000002</ele>
   </trkpt>
   <trkpt lat="40.85230000000001" lon="25.82777">
    <ele>18.070000000000004</ele>
   </trkpt>
   <trkpt lat="40.852250000000005" lon="25.82804">
    <ele>17.580000000000002</ele>
   </trkpt>
   <trkpt lat="40.85206000213159" lon="25.828750002204053">
    <ele>16.8</ele>
   </trkpt>
   <trkpt lat="40.851870000000005" lon="25.82946">
    <ele>16.62</ele>
   </trkpt>
   <trkpt lat="40.85156500440313" lon="25.8304700046537">
    <ele>16.580000000000002</ele>
   </trkpt>
   <trkpt lat="40.85126" lon="25.831480000000003">
    <ele>16.75</ele>
   </trkpt>
   <trkpt lat="40.85105000178945" lon="25.83212500206517">
    <ele>17.07</ele>
   </trkpt>
   <trkpt lat="40.850840000000005" lon="25.832770000000004">
    <ele>17.66</ele>
   </trkpt>
   <trkpt lat="40.85071000000001" lon="25.833280000000002">
    <ele>18.05</ele>
   </trkpt>
   <trkpt lat="40.85061" lon="25.83351">
    <ele>18.060000000000002</ele>
   </trkpt>
   <trkpt lat="40.85050000207458" lon="25.834210001423415">
    <ele>17.820000000000004</ele>
   </trkpt>
   <trkpt lat="40.850390000000004" lon="25.83491">
    <ele>17.1</ele>
   </trkpt>
   <trkpt lat="40.85028500253678" lon="25.835680001389953">
    <ele>15.770000000000003</ele>
   </trkpt>
   <trkpt lat="40.85018" lon="25.836450000000003">
    <ele>15.030000000000001</ele>
   </trkpt>
   <trkpt lat="40.850008788251316" lon="25.837575020354326">
    <ele>13.930000000000001</ele>
   </trkpt>
   <trkpt lat="40.84983756557329" lon="25.83870003489458">
    <ele>13.05</ele>
   </trkpt>
   <trkpt lat="40.849666331966084" lon="25.83982504362046">
    <ele>11.840000000000002</ele>
   </trkpt>
   <trkpt lat="40.8494950874298" lon="25.840950046531663">
    <ele>10.34</ele>
   </trkpt>
   <trkpt lat="40.84932383196457" lon="25.84207504362788">
    <ele>9.290000000000001</ele>
   </trkpt>
   <trkpt lat="40.84915256557052" lon="25.843200034908804">
    <ele>8.58</ele>
   </trkpt>
   <trkpt lat="40.84898128824777" lon="25.844325020374132">
    <ele>7.83</ele>
   </trkpt>
   <trkpt lat="40.84881" lon="25.845450000000003">
    <ele>7.220000000000001</ele>
   </trkpt>
   <trkpt lat="40.84866501085358" lon="25.846365005948712">
    <ele>7.010000000000001</ele>
   </trkpt>
   <trkpt lat="40.8485200144775" lon="25.847280007893154">
    <ele>6.800000000000001</ele>
   </trkpt>
   <trkpt lat="40.848375010871855" lon="25.848195005833183">
    <ele>6.6000000000000005</ele>
   </trkpt>
   <trkpt lat="40.84823" lon="25.849110000000003">
    <ele>6.59</ele>
   </trkpt>
   <trkpt lat="40.848093340524855" lon="25.85002333717919">
    <ele>6.74</ele>
   </trkpt>
   <trkpt lat="40.84795667384641" lon="25.850936670591125">
    <ele>6.83</ele>
   </trkpt>
   <trkpt lat="40.847820000000006" lon="25.851850000000002">
    <ele>6.49</ele>
   </trkpt>
   <trkpt lat="40.84769334016644" lon="25.852740003450204">
    <ele>6.38</ele>
   </trkpt>
   <trkpt lat="40.847566673492956" lon="25.853630003498058">
    <ele>6.32</ele>
   </trkpt>
   <trkpt lat="40.847440000000006" lon="25.85452">
    <ele>6.090000000000001</ele>
   </trkpt>
   <trkpt lat="40.84727" lon="25.855430000000002">
    <ele>6.21</ele>
   </trkpt>
   <trkpt lat="40.84713" lon="25.85603">
    <ele>6.280000000000001</ele>
   </trkpt>
   <trkpt lat="40.84686667424485" lon="25.85696667410297">
    <ele>6.66</ele>
   </trkpt>
   <trkpt lat="40.84660334091367" lon="25.857903340761844">
    <ele>6.87</ele>
   </trkpt>
   <trkpt lat="40.846340000000005" lon="25.85884">
    <ele>7.090000000000001</ele>
   </trkpt>
   <trkpt lat="40.846340000000005" lon="25.858990000000002">
    <ele>7.17</ele>
   </trkpt>
   <trkpt lat="40.84602500517745" lon="25.8600850052027">
    <ele>8.06</ele>
   </trkpt>
   <trkpt lat="40.845710000000004" lon="25.86118">
    <ele>8.85</ele>
   </trkpt>
   <trkpt lat="40.84555" lon="25.86182">
    <ele>9.24</ele>
   </trkpt>
   <trkpt lat="40.84534" lon="25.862900000000003">
    <ele>9.49</ele>
   </trkpt>
   <trkpt lat="40.84515835774122" lon="25.86396334791186">
    <ele>9.73</ele>
   </trkpt>
   <trkpt lat="40.8449767057188" lon="25.865026689994604">
    <ele>10.450000000000001</ele>
   </trkpt>
   <trkpt lat="40.84479504393284" lon="25.866090026248006">
    <ele>10.76</ele>
   </trkpt>
   <trkpt lat="40.84461337238346" lon="25.867153356671817">
    <ele>11.23</ele>
   </trkpt>
   <trkpt lat="40.84443169107079" lon="25.868216681265793">
    <ele>11.88</ele>
   </trkpt>
   <trkpt lat="40.84425" lon="25.869280000000003">
    <ele>12.14</ele>
   </trkpt>
   <trkpt lat="40.844150000000006" lon="25.870120000000004">
    <ele>12.3</ele>
   </trkpt>
   <trkpt lat="40.84413500269327" lon="25.870910000245523">
    <ele>12.440000000000001</ele>
   </trkpt>
   <trkpt lat="40.844120000000004" lon="25.8717">
    <ele>12.650000000000002</ele>
   </trkpt>
   <trkpt lat="40.844466675889265" lon="25.87273332252994">
    <ele>13.46</ele>
   </trkpt>
   <trkpt lat="40.844813342558375" lon="25.873766655870345">
    <ele>14.22</ele>
   </trkpt>
   <trkpt lat="40.84516" lon="25.8748">
    <ele>14.34</ele>
   </trkpt>
   <trkpt lat="40.84543000479383" lon="25.87554332733862">
    <ele>14.75</ele>
   </trkpt>
   <trkpt lat="40.84570000481646" lon="25.876286660734166">
    <ele>14.76</ele>
   </trkpt>
   <trkpt lat="40.84597" lon="25.87703">
    <ele>13.46</ele>
   </trkpt>
   <trkpt lat="40.84632334187093" lon="25.878023322789424">
    <ele>12.08</ele>
   </trkpt>
   <trkpt lat="40.846676675221616" lon="25.879016656171377">
    <ele>10.63</ele>
   </trkpt>
   <trkpt lat="40.847030000000004" lon="25.880010000000002">
    <ele>10.64</ele>
   </trkpt>
   <trkpt lat="40.84709" lon="25.880200000000002">
    <ele>10.64</ele>
   </trkpt>
   <trkpt lat="40.84713" lon="25.88042">
    <ele>11.46</ele>
   </trkpt>
   <trkpt lat="40.84728669318474" lon="25.881528320229098">
    <ele>11.8</ele>
   </trkpt>
   <trkpt lat="40.84744337576228" lon="25.882636645699428">
    <ele>11.18</ele>
   </trkpt>
   <trkpt lat="40.84760004773249" lon="25.883744976410686">
    <ele>10.360000000000001</ele>
   </trkpt>
   <trkpt lat="40.8477567090953" lon="25.884853312362573">
    <ele>9.840000000000002</ele>
   </trkpt>
   <trkpt lat="40.847913359850544" lon="25.885961653554794">
    <ele>9.18</ele>
   </trkpt>
   <trkpt lat="40.84807" lon="25.88707">
    <ele>8.620000000000001</ele>
   </trkpt>
   <trkpt lat="40.84808" lon="25.88736">
    <ele>8.6</ele>
   </trkpt>
   <trkpt lat="40.84821251120225" lon="25.888289994417253">
    <ele>8.6</ele>
   </trkpt>
   <trkpt lat="40.848345014936" lon="25.88921999255386">
    <ele>8.47</ele>
   </trkpt>
   <trkpt lat="40.848477511201196" lon="25.890149994409636">
    <ele>8.5</ele>
   </trkpt>
   <trkpt lat="40.84861" lon="25.891080000000002">
    <ele>8.370000000000001</ele>
   </trkpt>
   <trkpt lat="40.84866" lon="25.891560000000002">
    <ele>8.14</ele>
   </trkpt>
   <trkpt lat="40.848710000000004" lon="25.892460000000003">
    <ele>7.91</ele>
   </trkpt>
   <trkpt lat="40.848830004427725" lon="25.89346999836738">
    <ele>8.030000000000001</ele>
   </trkpt>
   <trkpt lat="40.84895" lon="25.89448">
    <ele>8.21</ele>
   </trkpt>
   <trkpt lat="40.8490480181801" lon="25.895505993930204">
    <ele>7.9700000000000015</ele>
   </trkpt>
   <trkpt lat="40.84914602727022" lon="25.896531990895628">
    <ele>7.7700000000000005</ele>
   </trkpt>
   <trkpt lat="40.84924402727029" lon="25.89755799089601">
    <ele>7.82</ele>
   </trkpt>
   <trkpt lat="40.84934201818024" lon="25.8985839939311">
    <ele>8.360000000000001</ele>
   </trkpt>
   <trkpt lat="40.84944" lon="25.899610000000003">
    <ele>9.600000000000001</ele>
   </trkpt>
   <trkpt lat="40.849580004584965" lon="25.900639997856224">
    <ele>9.89</ele>
   </trkpt>
   <trkpt lat="40.849720000000005" lon="25.901670000000003">
    <ele>10.3</ele>
   </trkpt>
   <trkpt lat="40.849810000000005" lon="25.90218">
    <ele>10.43</ele>
   </trkpt>
   <trkpt lat="40.849900000000005" lon="25.902500000000003">
    <ele>10.17</ele>
   </trkpt>
   <trkpt lat="40.85002" lon="25.902810000000002">
    <ele>10.17</ele>
   </trkpt>
   <trkpt lat="40.85016" lon="25.903080000000003">
    <ele>9.91</ele>
   </trkpt>
   <trkpt lat="40.850300000000004" lon="25.90332">
    <ele>9.72</ele>
   </trkpt>
   <trkpt lat="40.85078" lon="25.904040000000002">
    <ele>9.600000000000001</ele>
   </trkpt>
   <trkpt lat="40.851020000000005" lon="25.90444">
    <ele>9.57</ele>
   </trkpt>
   <trkpt lat="40.85148" lon="25.905320000000003">
    <ele>9.420000000000002</ele>
   </trkpt>
   <trkpt lat="40.851780000000005" lon="25.906070000000003">
    <ele>9.45</ele>
   </trkpt>
   <trkpt lat="40.851940000000006" lon="25.90658">
    <ele>9.63</ele>
   </trkpt>
   <trkpt lat="40.85211" lon="25.907230000000002">
    <ele>9.82</ele>
   </trkpt>
   <trkpt lat="40.85230001036854" lon="25.90812499226658">
    <ele>10.51</ele>
   </trkpt>
   <trkpt lat="40.85249001382001" lon="25.909019989666472">
    <ele>11.36</ele>
   </trkpt>
   <trkpt lat="40.85268001035437" lon="25.909914992199564">
    <ele>12.15</ele>
   </trkpt>
   <trkpt lat="40.85287" lon="25.91081">
    <ele>12.450000000000001</ele>
   </trkpt>
   <trkpt lat="40.853120011029034" lon="25.911939991483543">
    <ele>12.93</ele>
   </trkpt>
   <trkpt lat="40.85337001103163" lon="25.913069991495085">
    <ele>13.09</ele>
   </trkpt>
   <trkpt lat="40.85362000000001" lon="25.9142">
    <ele>13.040000000000001</ele>
   </trkpt>
   <trkpt lat="40.85375000205296" lon="25.914884998798147">
    <ele>12.66</ele>
   </trkpt>
   <trkpt lat="40.853880000000004" lon="25.915570000000002">
    <ele>12.41</ele>
   </trkpt>
   <trkpt lat="40.85398" lon="25.916190000000004">
    <ele>12.010000000000002</ele>
   </trkpt>
   <trkpt lat="40.85403" lon="25.916690000000003">
    <ele>11.430000000000001</ele>
   </trkpt>
   <trkpt lat="40.853860000000005" lon="25.916660000000004">
    <ele>10.870000000000001</ele>
   </trkpt>
   <trkpt lat="40.853970001655476" lon="25.917284998785416">
    <ele>10.370000000000001</ele>
   </trkpt>
   <trkpt lat="40.85408" lon="25.917910000000003">
    <ele>9.62</ele>
   </trkpt>
   <trkpt lat="40.85416" lon="25.91908">
    <ele>8.92</ele>
   </trkpt>
   <trkpt lat="40.854213340115955" lon="25.919966665133288">
    <ele>8.450000000000001</ele>
   </trkpt>
   <trkpt lat="40.85426667344292" lon="25.920853331694236">
    <ele>8.200000000000001</ele>
   </trkpt>
   <trkpt lat="40.85432" lon="25.921740000000003">
    <ele>8.14</ele>
   </trkpt>
   <trkpt lat="40.854400002754396" lon="25.922539998944576">
    <ele>8.049999999999999</ele>
   </trkpt>
   <trkpt lat="40.85448" lon="25.923340000000003">
    <ele>7.95</ele>
   </trkpt>
   <trkpt lat="40.85461" lon="25.92434">
    <ele>7.7700000000000005</ele>
   </trkpt>
   <trkpt lat="40.85475000991617" lon="25.92521499444597">
    <ele>7.78</ele>
   </trkpt>
   <trkpt lat="40.85489001322089" lon="25.926089992590224">
    <ele>7.680000000000001</ele>
   </trkpt>
   <trkpt lat="40.85503000991408" lon="25.92696499443263">
    <ele>7.580000000000001</ele>
   </trkpt>
   <trkpt lat="40.85517" lon="25.927840000000003">
    <ele>7.34</ele>
   </trkpt>
   <trkpt lat="40.85525500183317" lon="25.928489999234326">
    <ele>7.38</ele>
   </trkpt>
   <trkpt lat="40.855340000000005" lon="25.929140000000004">
    <ele>7.25</ele>
   </trkpt>
   <trkpt lat="40.85547000988711" lon="25.93020999580346">
    <ele>7.090000000000001</ele>
   </trkpt>
   <trkpt lat="40.85560000988748" lon="25.931279995806435">
    <ele>7.11</ele>
   </trkpt>
   <trkpt lat="40.85573" lon="25.932350000000003">
    <ele>7.050000000000001</ele>
   </trkpt>
   <trkpt lat="40.8558680236399" lon="25.933519990231193">
    <ele>7.04</ele>
   </trkpt>
   <trkpt lat="40.85600603545881" lon="25.934689985337453">
    <ele>7.2700000000000005</ele>
   </trkpt>
   <trkpt lat="40.856144035456644" lon="25.935859985318416">
    <ele>7.450000000000001</ele>
   </trkpt>
   <trkpt lat="40.85628202363324" lon="25.937029990173702">
    <ele>7.450000000000001</ele>
   </trkpt>
   <trkpt lat="40.85642" lon="25.938200000000002">
    <ele>7.2</ele>
   </trkpt>
   <trkpt lat="40.85652" lon="25.938350000000003">
    <ele>7.25</ele>
   </trkpt>
   <trkpt lat="40.85665253436157" lon="25.939416235070592">
    <ele>6.85</ele>
   </trkpt>
   <trkpt lat="40.85678505890573" lon="25.94048247440738">
    <ele>6.48</ele>
   </trkpt>
   <trkpt lat="40.856917573632394" lon="25.94154871801009">
    <ele>6.19</ele>
   </trkpt>
   <trkpt lat="40.85705007854148" lon="25.94261496587844">
    <ele>5.930000000000001</ele>
   </trkpt>
   <trkpt lat="40.857182573632905" lon="25.94368121801216">
    <ele>5.83</ele>
   </trkpt>
   <trkpt lat="40.85731505890658" lon="25.944747474410967">
    <ele>5.800000000000001</ele>
   </trkpt>
   <trkpt lat="40.85744753436242" lon="25.945813735074577">
    <ele>5.790000000000001</ele>
   </trkpt>
   <trkpt lat="40.857580000000006" lon="25.946880000000004">
    <ele>6.050000000000001</ele>
   </trkpt>
   <trkpt lat="40.85763" lon="25.947080000000003">
    <ele>6.08</ele>
   </trkpt>
   <trkpt lat="40.85775503436139" lon="25.9481462359118">
    <ele>6.470000000000001</ele>
   </trkpt>
   <trkpt lat="40.857880058905295" lon="25.94921247584853">
    <ele>6.85</ele>
   </trkpt>
   <trkpt lat="40.858005073631645" lon="25.9502787198099">
    <ele>7.260000000000001</ele>
   </trkpt>
   <trkpt lat="40.85813007854037" lon="25.951344967795638">
    <ele>7.46</ele>
   </trkpt>
   <trkpt lat="40.85825507363137" lon="25.95241121980546">
    <ele>7.72</ele>
   </trkpt>
   <trkpt lat="40.858380058904565" lon="25.953477475839087">
    <ele>7.87</ele>
   </trkpt>
   <trkpt lat="40.858505034359894" lon="25.954543735896223">
    <ele>8.450000000000001</ele>
   </trkpt>
   <trkpt lat="40.858630000000005" lon="25.955610000000004">
    <ele>8.68</ele>
   </trkpt>
   <trkpt lat="40.8587575337207" lon="25.95666623576981">
    <ele>9.09</ele>
   </trkpt>
   <trkpt lat="40.85888505780715" lon="25.957722475606644">
    <ele>9.340000000000002</ele>
   </trkpt>
   <trkpt lat="40.85901257225928" lon="25.958778719510242">
    <ele>9.540000000000001</ele>
   </trkpt>
   <trkpt lat="40.85914007707703" lon="25.959834967480326">
    <ele>9.63</ele>
   </trkpt>
   <trkpt lat="40.85926757226029" lon="25.960891219516625">
    <ele>9.780000000000001</ele>
   </trkpt>
   <trkpt lat="40.859395057808996" lon="25.96194747561886">
    <ele>9.850000000000001</ele>
   </trkpt>
   <trkpt lat="40.859522533723066" lon="25.963003735786764">
    <ele>9.940000000000001</ele>
   </trkpt>
   <trkpt lat="40.85965" lon="25.964060000000003">
    <ele>10.06</ele>
   </trkpt>
   <trkpt lat="40.859750000000005" lon="25.964710000000004">
    <ele>10.030000000000001</ele>
   </trkpt>
   <trkpt lat="40.85994" lon="25.96573">
    <ele>10.25</ele>
   </trkpt>
   <trkpt lat="40.86008500180162" lon="25.96636999874478">
    <ele>10.23</ele>
   </trkpt>
   <trkpt lat="40.86023" lon="25.967010000000002">
    <ele>10.440000000000001</ele>
   </trkpt>
   <trkpt lat="40.860467515813795" lon="25.96811498810056">
    <ele>10.94</ele>
   </trkpt>
   <trkpt lat="40.860705021083334" lon="25.969219984125683">
    <ele>11.510000000000002</ele>
   </trkpt>
   <trkpt lat="40.860942515808446" lon="25.970324988075145">
    <ele>12.100000000000001</ele>
   </trkpt>
   <trkpt lat="40.861180000000004" lon="25.97143">
    <ele>12.74</ele>
   </trkpt>
   <trkpt lat="40.86129000174972" lon="25.972074998655422">
    <ele>12.950000000000001</ele>
   </trkpt>
   <trkpt lat="40.8614" lon="25.972720000000002">
    <ele>13.1</ele>
   </trkpt>
   <trkpt lat="40.861546284684024" lon="25.973791233430873">
    <ele>13.27</ele>
   </trkpt>
   <trkpt lat="40.86169255945811" lon="25.974862471593465">
    <ele>13.47</ele>
   </trkpt>
   <trkpt lat="40.861838824322206" lon="25.975933714487507">
    <ele>13.9</ele>
   </trkpt>
   <trkpt lat="40.86198507927617" lon="25.977004962112723">
    <ele>14.260000000000002</ele>
   </trkpt>
   <trkpt lat="40.86213132431994" lon="25.978076214468835">
    <ele>14.5</ele>
   </trkpt>
   <trkpt lat="40.8622775594534" lon="25.97914747155557">
    <ele>14.55</ele>
   </trkpt>
   <trkpt lat="40.86242378467647" lon="25.980218733372652">
    <ele>14.700000000000001</ele>
   </trkpt>
   <trkpt lat="40.862570000000005" lon="25.98129">
    <ele>14.860000000000001</ele>
   </trkpt>
   <trkpt lat="40.862712017896975" lon="25.982307991255475">
    <ele>15.0</ele>
   </trkpt>
   <trkpt lat="40.862854026844595" lon="25.983325986876537">
    <ele>15.0</ele>
   </trkpt>
   <trkpt lat="40.862996026842744" lon="25.984343986862942">
    <ele>15.030000000000001</ele>
   </trkpt>
   <trkpt lat="40.863138017891366" lon="25.985361991214464">
    <ele>15.040000000000001</ele>
   </trkpt>
   <trkpt lat="40.86328" lon="25.98638">
    <ele>15.170000000000002</ele>
   </trkpt>
   <trkpt lat="40.86343" lon="25.987470000000002">
    <ele>15.31</ele>
   </trkpt>
   <trkpt lat="40.86349000156785" lon="25.988069999590362">
    <ele>15.330000000000002</ele>
   </trkpt>
   <trkpt lat="40.863550000000004" lon="25.988670000000003">
    <ele>15.39</ele>
   </trkpt>
   <trkpt lat="40.863600028552035" lon="25.98981999565449">
    <ele>15.39</ele>
   </trkpt>
   <trkpt lat="40.86365004568323" lon="25.990969993046164">
    <ele>15.38</ele>
   </trkpt>
   <trkpt lat="40.863700051393565" lon="25.992119992174633">
    <ele>15.4</ele>
   </trkpt>
   <trkpt lat="40.86375004568299" lon="25.993269993039505">
    <ele>15.370000000000001</ele>
   </trkpt>
   <trkpt lat="40.863800028551495" lon="25.994419995640396">
    <ele>15.530000000000001</ele>
   </trkpt>
   <trkpt lat="40.863850000000006" lon="25.99557">
    <ele>15.600000000000001</ele>
   </trkpt>
   <trkpt lat="40.8638957490605" lon="25.99672856661528">
    <ele>15.500000000000002</ele>
   </trkpt>
   <trkpt lat="40.863941486529264" lon="25.99788713483098">
    <ele>15.63</ele>
   </trkpt>
   <trkpt lat="40.86398721240628" lon="25.9990457046467">
    <ele>15.84</ele>
   </trkpt>
   <trkpt lat="40.86403292669151" lon="26.000204276062043">
    <ele>15.89</ele>
   </trkpt>
   <trkpt lat="40.86407862938493" lon="26.001362849076607">
    <ele>15.860000000000003</ele>
   </trkpt>
   <trkpt lat="40.864124320486475" lon="26.002521423689988">
    <ele>15.93</ele>
   </trkpt>
   <trkpt lat="40.86417" lon="26.003680000000003">
    <ele>16.009999999999998</ele>
   </trkpt>
   <trkpt lat="40.864217051215505" lon="26.004827992667085">
    <ele>16.060000000000002</ele>
   </trkpt>
   <trkpt lat="40.8642640910499" lon="26.005975986965144">
    <ele>15.75</ele>
   </trkpt>
   <trkpt lat="40.86431111950313" lon="26.0071239828938">
    <ele>15.63</ele>
   </trkpt>
   <trkpt lat="40.86435813657519" lon="26.00827198045265">
    <ele>15.500000000000002</ele>
   </trkpt>
   <trkpt lat="40.86440514226604" lon="26.009419979641322">
    <ele>15.340000000000002</ele>
   </trkpt>
   <trkpt lat="40.86445213657563" lon="26.010567980459406">
    <ele>15.23</ele>
   </trkpt>
   <trkpt lat="40.86449911950392" lon="26.011715982906527">
    <ele>14.96</ele>
   </trkpt>
   <trkpt lat="40.8645460910509" lon="26.012863986982293">
    <ele>14.84</ele>
   </trkpt>
   <trkpt lat="40.86459305121652" lon="26.01401199268631">
    <ele>14.71</ele>
   </trkpt>
   <trkpt lat="40.86464" lon="26.01516">
    <ele>14.48</ele>
   </trkpt>
   <trkpt lat="40.864689047967545" lon="26.016270992602987">
    <ele>14.4</ele>
   </trkpt>
   <trkpt lat="40.86473808527574" lon="26.017381986851422">
    <ele>14.440000000000001</ele>
   </trkpt>
   <trkpt lat="40.86478711192459" lon="26.018492982744956">
    <ele>14.520000000000001</ele>
   </trkpt>
   <trkpt lat="40.864836127914046" lon="26.01960398028322">
    <ele>14.430000000000001</ele>
   </trkpt>
   <trkpt lat="40.86488513324406" lon="26.020714979465875">
    <ele>14.540000000000001</ele>
   </trkpt>
   <trkpt lat="40.864934127914594" lon="26.021825980292572">
    <ele>14.75</ele>
   </trkpt>
   <trkpt lat="40.86498311192565" lon="26.02293698276295">
    <ele>14.900000000000002</ele>
   </trkpt>
   <trkpt lat="40.86503208527716" lon="26.02404798687666">
    <ele>15.110000000000001</ele>
   </trkpt>
   <trkpt lat="40.865081047969106" lon="26.025158992633347">
    <ele>15.780000000000003</ele>
   </trkpt>
   <trkpt lat="40.86513" lon="26.026270000000004">
    <ele>16.28</ele>
   </trkpt>
   <trkpt lat="40.86504" lon="26.02729">
    <ele>16.59</ele>
   </trkpt>
   <trkpt lat="40.864940000000004" lon="26.027720000000002">
    <ele>16.720000000000002</ele>
   </trkpt>
   <trkpt lat="40.86482" lon="26.028150000000004">
    <ele>16.720000000000002</ele>
   </trkpt>
   <trkpt lat="40.86446" lon="26.02897">
    <ele>17.040000000000003</ele>
   </trkpt>
   <trkpt lat="40.86413" lon="26.02952">
    <ele>17.23</ele>
   </trkpt>
   <trkpt lat="40.863640000000004" lon="26.030230000000003">
    <ele>17.29</ele>
   </trkpt>
   <trkpt lat="40.8631100153589" lon="26.031000036972983">
    <ele>16.880000000000003</ele>
   </trkpt>
   <trkpt lat="40.8625800255972" lon="26.03177006162208">
    <ele>16.53</ele>
   </trkpt>
   <trkpt lat="40.862050030715096" lon="26.032540073947604">
    <ele>16.220000000000002</ele>
   </trkpt>
   <trkpt lat="40.861520030712775" lon="26.033310073949856">
    <ele>16.19</ele>
   </trkpt>
   <trkpt lat="40.86099002559038" lon="26.03408006162915">
    <ele>16.94</ele>
   </trkpt>
   <trkpt lat="40.860460015348124" lon="26.034850036985798">
    <ele>18.520000000000003</ele>
   </trkpt>
   <trkpt lat="40.859930000000006" lon="26.03562">
    <ele>20.630000000000003</ele>
   </trkpt>
   <trkpt lat="40.8594" lon="26.03647">
    <ele>23.94</ele>
   </trkpt>
   <trkpt lat="40.85905" lon="26.037180000000003">
    <ele>26.42</ele>
   </trkpt>
   <trkpt lat="40.85878" lon="26.03787">
    <ele>28.67</ele>
   </trkpt>
   <trkpt lat="40.858540000000005" lon="26.03865">
    <ele>30.130000000000003</ele>
   </trkpt>
   <trkpt lat="40.858430000000006" lon="26.039130000000004">
    <ele>30.61</ele>
   </trkpt>
   <trkpt lat="40.858340000000005" lon="26.039690000000004">
    <ele>32.35</ele>
   </trkpt>
   <trkpt lat="40.85822" lon="26.040770000000002">
    <ele>33.35</ele>
   </trkpt>
   <trkpt lat="40.85821000153119" lon="26.041364999936626">
    <ele>34.18</ele>
   </trkpt>
   <trkpt lat="40.858200000000004" lon="26.041960000000003">
    <ele>34.480000000000004</ele>
   </trkpt>
   <trkpt lat="40.858233345020466" lon="26.04312333216934">
    <ele>34.99</ele>
   </trkpt>
   <trkpt lat="40.858266678354" lon="26.044286665509688">
    <ele>35.11</ele>
   </trkpt>
   <trkpt lat="40.8583" lon="26.045450000000002">
    <ele>34.65</ele>
   </trkpt>
   <trkpt lat="40.85831000202749" lon="26.046134999996465">
    <ele>34.47</ele>
   </trkpt>
   <trkpt lat="40.858320000000006" lon="26.046820000000004">
    <ele>33.77</ele>
   </trkpt>
   <trkpt lat="40.85836001713095" lon="26.047969997918404">
    <ele>32.190000000000005</ele>
   </trkpt>
   <trkpt lat="40.85840002284132" lon="26.049119997226057">
    <ele>30.27</ele>
   </trkpt>
   <trkpt lat="40.85844001713111" lon="26.05026999792258">
    <ele>28.690000000000005</ele>
   </trkpt>
   <trkpt lat="40.85848" lon="26.051420000000004">
    <ele>28.17</ele>
   </trkpt>
   <trkpt lat="40.85844" lon="26.052270000000004">
    <ele>28.270000000000003</ele>
   </trkpt>
   <trkpt lat="40.858290000000004" lon="26.05317">
    <ele>29.300000000000004</ele>
   </trkpt>
   <trkpt lat="40.85801" lon="26.054160000000003">
    <ele>30.02</ele>
   </trkpt>
   <trkpt lat="40.857613342136474" lon="26.05517001211118">
    <ele>30.19</ele>
   </trkpt>
   <trkpt lat="40.85721667546369" lon="26.056180012126553">
    <ele>30.0</ele>
   </trkpt>
   <trkpt lat="40.856820000000006" lon="26.057190000000002">
    <ele>29.61</ele>
   </trkpt>
   <trkpt lat="40.85669" lon="26.057620000000004">
    <ele>29.380000000000003</ele>
   </trkpt>
   <trkpt lat="40.85647000484358" lon="26.05868000355806">
    <ele>28.14</ele>
   </trkpt>
   <trkpt lat="40.85625" lon="26.05974">
    <ele>26.660000000000004</ele>
   </trkpt>
   <trkpt lat="40.85607251151483" lon="26.060682507531585">
    <ele>24.84</ele>
   </trkpt>
   <trkpt lat="40.85589501535861" lon="26.061625010012726">
    <ele>23.67</ele>
   </trkpt>
   <trkpt lat="40.8557175115314" lon="26.06256750744327">
    <ele>23.110000000000003</ele>
   </trkpt>
   <trkpt lat="40.855540000000005" lon="26.06351">
    <ele>21.060000000000002</ele>
   </trkpt>
   <trkpt lat="40.855363338979785" lon="26.06432000440856">
    <ele>19.94</ele>
   </trkpt>
   <trkpt lat="40.855186672293804" lon="26.06513000449707">
    <ele>18.680000000000003</ele>
   </trkpt>
   <trkpt lat="40.85501" lon="26.06594">
    <ele>18.230000000000004</ele>
   </trkpt>
   <trkpt lat="40.854695004410985" lon="26.066955004946063">
    <ele>18.03</ele>
   </trkpt>
   <trkpt lat="40.854380000000006" lon="26.067970000000003">
    <ele>17.63</ele>
   </trkpt>
   <trkpt lat="40.85415500157274" lon="26.06856500190394">
    <ele>17.5</ele>
   </trkpt>
   <trkpt lat="40.853930000000005" lon="26.069160000000004">
    <ele>17.27</ele>
   </trkpt>
   <trkpt lat="40.853570000000005" lon="26.070010000000003">
    <ele>16.790000000000003</ele>
   </trkpt>
   <trkpt lat="40.85331500134238" lon="26.07056500210911">
    <ele>16.55</ele>
   </trkpt>
   <trkpt lat="40.853060000000006" lon="26.07112">
    <ele>16.020000000000003</ele>
   </trkpt>
   <trkpt lat="40.85269" lon="26.07185">
    <ele>15.23</ele>
   </trkpt>
   <trkpt lat="40.85224401196426" lon="26.072682022385436">
    <ele>14.66</ele>
   </trkpt>
   <trkpt lat="40.851798017950685" lon="26.07351403356963">
    <ele>13.940000000000001</ele>
   </trkpt>
   <trkpt lat="40.851352017959464" lon="26.07434603355277">
    <ele>13.260000000000002</ele>
   </trkpt>
   <trkpt lat="40.85090601199075" lon="26.075178022335038">
    <ele>12.75</ele>
   </trkpt>
   <trkpt lat="40.850460000000005" lon="26.076010000000004">
    <ele>12.41</ele>
   </trkpt>
   <trkpt lat="40.85018" lon="26.07656">
    <ele>12.33</ele>
   </trkpt>
   <trkpt lat="40.84991" lon="26.07719">
    <ele>12.33</ele>
   </trkpt>
   <trkpt lat="40.84956312969658" lon="26.078199294173572">
    <ele>12.08</ele>
   </trkpt>
   <trkpt lat="40.84921625059679" lon="26.07920857778007">
    <ele>11.49</ele>
   </trkpt>
   <trkpt lat="40.848869362700775" lon="26.080217850819466">
    <ele>11.13</ele>
   </trkpt>
   <trkpt lat="40.848522466008795" lon="26.08122711329173">
    <ele>10.860000000000001</ele>
   </trkpt>
   <trkpt lat="40.848175560521014" lon="26.08223636519684">
    <ele>10.71</ele>
   </trkpt>
   <trkpt lat="40.84782864623764" lon="26.08324560653477">
    <ele>10.360000000000001</ele>
   </trkpt>
   <trkpt lat="40.84748172315888" lon="26.084254837305483">
    <ele>10.09</ele>
   </trkpt>
   <trkpt lat="40.84713479128492" lon="26.08526405750896">
    <ele>9.510000000000002</ele>
   </trkpt>
   <trkpt lat="40.84678785061598" lon="26.086273267145167">
    <ele>9.02</ele>
   </trkpt>
   <trkpt lat="40.84644090115223" lon="26.087282466214077">
    <ele>8.74</ele>
   </trkpt>
   <trkpt lat="40.846093942893894" lon="26.088291654715665">
    <ele>8.47</ele>
   </trkpt>
   <trkpt lat="40.845746975841166" lon="26.089300832649897">
    <ele>8.42</ele>
   </trkpt>
   <trkpt lat="40.845400000000005" lon="26.090310000000002">
    <ele>8.990000000000002</ele>
   </trkpt>
   <trkpt lat="40.845200000000006" lon="26.090960000000003">
    <ele>9.120000000000001</ele>
   </trkpt>
   <trkpt lat="40.845060000000004" lon="26.091500000000003">
    <ele>9.340000000000002</ele>
   </trkpt>
   <trkpt lat="40.84498000000001" lon="26.09193">
    <ele>9.540000000000001</ele>
   </trkpt>
   <trkpt lat="40.84489000000001" lon="26.09258">
    <ele>9.840000000000002</ele>
   </trkpt>
   <trkpt lat="40.84485" lon="26.09353">
    <ele>9.840000000000002</ele>
   </trkpt>
   <trkpt lat="40.844910000000006" lon="26.09455">
    <ele>9.74</ele>
   </trkpt>
   <trkpt lat="40.84498000000001" lon="26.09504">
    <ele>9.430000000000001</ele>
   </trkpt>
   <trkpt lat="40.845090000000006" lon="26.095560000000003">
    <ele>9.250000000000002</ele>
   </trkpt>
   <trkpt lat="40.84534" lon="26.096570000000003">
    <ele>8.32</ele>
   </trkpt>
   <trkpt lat="40.84555000252177" lon="26.097329997692977">
    <ele>8.07</ele>
   </trkpt>
   <trkpt lat="40.845760000000006" lon="26.098090000000003">
    <ele>7.9300000000000015</ele>
   </trkpt>
   <trkpt lat="40.84605001969227" lon="26.099044979116943">
    <ele>8.100000000000001</ele>
   </trkpt>
   <trkpt lat="40.846340031509406" lon="26.09999996659241">
    <ele>8.370000000000001</ele>
   </trkpt>
   <trkpt lat="40.84663003545127" lon="26.10095496242634">
    <ele>8.81</ele>
   </trkpt>
   <trkpt lat="40.84692003151772" lon="26.101909966618678">
    <ele>9.39</ele>
   </trkpt>
   <trkpt lat="40.84721001970861" lon="26.102864979169336">
    <ele>9.850000000000001</ele>
   </trkpt>
   <trkpt lat="40.847500000000004" lon="26.103820000000002">
    <ele>10.81</ele>
   </trkpt>
   <trkpt lat="40.84772" lon="26.104460000000003">
    <ele>11.06</ele>
   </trkpt>
   <trkpt lat="40.848000000000006" lon="26.10506">
    <ele>11.3</ele>
   </trkpt>
   <trkpt lat="40.84854000350357" lon="26.105959992676247">
    <ele>11.35</ele>
   </trkpt>
   <trkpt lat="40.84908" lon="26.10686">
    <ele>11.53</ele>
   </trkpt>
   <trkpt lat="40.8495533382279" lon="26.107613322561043">
    <ele>11.79</ele>
   </trkpt>
   <trkpt lat="40.85002667155527" lon="26.108366655884748">
    <ele>11.71</ele>
   </trkpt>
   <trkpt lat="40.850500000000004" lon="26.10912">
    <ele>11.840000000000002</ele>
   </trkpt>
   <trkpt lat="40.8509500042676" lon="26.10982332377346">
    <ele>11.82</ele>
   </trkpt>
   <trkpt lat="40.85140000426358" lon="26.11052665710038">
    <ele>11.950000000000001</ele>
   </trkpt>
   <trkpt lat="40.851850000000006" lon="26.111230000000003">
    <ele>11.930000000000001</ele>
   </trkpt>
   <trkpt lat="40.852345008494744" lon="26.112039981839057">
    <ele>12.260000000000002</ele>
   </trkpt>
   <trkpt lat="40.85284001132402" lon="26.112849975781252">
    <ele>13.01</ele>
   </trkpt>
   <trkpt lat="40.85333500848761" lon="26.113659981826828">
    <ele>13.65</ele>
   </trkpt>
   <trkpt lat="40.85383" lon="26.11447">
    <ele>14.650000000000002</ele>
   </trkpt>
   <trkpt lat="40.85396" lon="26.11465">
    <ele>15.05</ele>
   </trkpt>
   <trkpt lat="40.854393337388885" lon="26.115333324430914">
    <ele>16.25</ele>
   </trkpt>
   <trkpt lat="40.854826670745574" lon="26.116016657800937">
    <ele>17.57</ele>
   </trkpt>
   <trkpt lat="40.85526" lon="26.1167">
    <ele>19.520000000000003</ele>
   </trkpt>
   <trkpt lat="40.85576834768118" lon="26.117514968744093">
    <ele>21.14</ele>
   </trkpt>
   <trkpt lat="40.85627668962679" lon="26.11832994999551">
    <ele>24.0</ele>
   </trkpt>
   <trkpt lat="40.85678502583666" lon="26.11914494375452">
    <ele>26.160000000000004</ele>
   </trkpt>
   <trkpt lat="40.857293356310564" lon="26.119959950021407">
    <ele>30.0</ele>
   </trkpt>
   <trkpt lat="40.857801681048365" lon="26.120774968796436">
    <ele>32.35</ele>
   </trkpt>
   <trkpt lat="40.85831" lon="26.12159">
    <ele>35.9</ele>
   </trkpt>
   <trkpt lat="40.85871" lon="26.122190000000003">
    <ele>38.39</ele>
   </trkpt>
   <trkpt lat="40.85907" lon="26.122660000000003">
    <ele>39.63</ele>
   </trkpt>
   <trkpt lat="40.859480000000005" lon="26.123130000000003">
    <ele>41.63</ele>
   </trkpt>
   <trkpt lat="40.86015500212864" lon="26.12383499279737">
    <ele>44.57000000000001</ele>
   </trkpt>
   <trkpt lat="40.86083" lon="26.124540000000003">
    <ele>47.13</ele>
   </trkpt>
   <trkpt lat="40.86148500189256" lon="26.125204993406513">
    <ele>49.45</ele>
   </trkpt>
   <trkpt lat="40.862140000000004" lon="26.125870000000003">
    <ele>51.160000000000004</ele>
   </trkpt>
   <trkpt lat="40.862750000000005" lon="26.126430000000003">
    <ele>53.13</ele>
   </trkpt>
   <trkpt lat="40.8634300102166" lon="26.12701120822792">
    <ele>54.42</ele>
   </trkpt>
   <trkpt lat="40.864110017515934" lon="26.12759242839104">
    <ele>56.07</ele>
   </trkpt>
   <trkpt lat="40.86479002189785" lon="26.128173660489843">
    <ele>56.7</ele>
   </trkpt>
   <trkpt lat="40.865470023362256" lon="26.128754904524804">
    <ele>57.49</ele>
   </trkpt>
   <trkpt lat="40.86615002190899" lon="26.129336160496408">
    <ele>57.92</ele>
   </trkpt>
   <trkpt lat="40.86683001753795" lon="26.129917428405133">
    <ele>58.400000000000006</ele>
   </trkpt>
   <trkpt lat="40.86751001024898" lon="26.13049870825146">
    <ele>58.510000000000005</ele>
   </trkpt>
   <trkpt lat="40.868190000000006" lon="26.13108">
    <ele>58.29</ele>
   </trkpt>
   <trkpt lat="40.86856" lon="26.13145">
    <ele>58.07</ele>
   </trkpt>
   <trkpt lat="40.86892500079019" lon="26.131859997812242">
    <ele>57.470000000000006</ele>
   </trkpt>
   <trkpt lat="40.86929000000001" lon="26.132270000000002">
    <ele>57.120000000000005</ele>
   </trkpt>
   <trkpt lat="40.86968000118057" lon="26.132769997184592">
    <ele>56.57</ele>
   </trkpt>
   <trkpt lat="40.870070000000005" lon="26.133270000000003">
    <ele>55.980000000000004</ele>
   </trkpt>
   <trkpt lat="40.87044500139677" lon="26.133819997017877">
    <ele>54.75000000000001</ele>
   </trkpt>
   <trkpt lat="40.87082" lon="26.13437">
    <ele>54.14000000000001</ele>
   </trkpt>
   <trkpt lat="40.87130200982611" lon="26.13512397805431">
    <ele>52.71000000000001</ele>
   </trkpt>
   <trkpt lat="40.871784014742644" lon="26.13587796708641">
    <ele>50.78</ele>
   </trkpt>
   <trkpt lat="40.87226601474943" lon="26.136631967096545">
    <ele>49.160000000000004</ele>
   </trkpt>
   <trkpt lat="40.87274800984631" lon="26.13738597808494">
    <ele>47.34</ele>
   </trkpt>
   <trkpt lat="40.87323000000001" lon="26.138140000000003">
    <ele>44.18</ele>
   </trkpt>
   <trkpt lat="40.87366" lon="26.138830000000002">
    <ele>43.24</ele>
   </trkpt>
   <trkpt lat="40.87418000268958" lon="26.139614993877455">
    <ele>39.96</ele>
   </trkpt>
   <trkpt lat="40.874700000000004" lon="26.140400000000003">
    <ele>36.95</ele>
   </trkpt>
   <trkpt lat="40.87517667162231" lon="26.14115665578776">
    <ele>34.77</ele>
   </trkpt>
   <trkpt lat="40.87565333830002" lon="26.14191332247178">
    <ele>33.22</ele>
   </trkpt>
   <trkpt lat="40.87613" lon="26.142670000000003">
    <ele>32.28</ele>
   </trkpt>
   <trkpt lat="40.876590006520885" lon="26.143379985184346">
    <ele>32.14</ele>
   </trkpt>
   <trkpt lat="40.87705000868829" lon="26.144089980235904">
    <ele>32.61</ele>
   </trkpt>
   <trkpt lat="40.877510006502085" lon="26.14479998515489">
    <ele>33.1</ele>
   </trkpt>
   <trkpt lat="40.877970000000005" lon="26.14551">
    <ele>33.54</ele>
   </trkpt>
   <trkpt lat="40.87853667241054" lon="26.146326652660857">
    <ele>34.050000000000004</ele>
   </trkpt>
   <trkpt lat="40.87910333906111" lon="26.147143319304103">
    <ele>34.620000000000005</ele>
   </trkpt>
   <trkpt lat="40.879670000000004" lon="26.14796">
    <ele>35.120000000000005</ele>
   </trkpt>
   <trkpt lat="40.880000000869636" lon="26.148399997851158">
    <ele>35.2</ele>
   </trkpt>
   <trkpt lat="40.88033" lon="26.148840000000003">
    <ele>35.29</ele>
   </trkpt>
   <trkpt lat="40.88069500087482" lon="26.149289997518917">
    <ele>35.47</ele>
   </trkpt>
   <trkpt lat="40.881060000000005" lon="26.14974">
    <ele>35.620000000000005</ele>
   </trkpt>
   <trkpt lat="40.88151500170845" lon="26.150364995733153">
    <ele>36.46000000000001</ele>
   </trkpt>
   <trkpt lat="40.88197" lon="26.150990000000004">
    <ele>37.540000000000006</ele>
   </trkpt>
   <trkpt lat="40.882583338917435" lon="26.15179331845804">
    <ele>38.85</ele>
   </trkpt>
   <trkpt lat="40.883196672261356" lon="26.152596651804974">
    <ele>40.46</ele>
   </trkpt>
   <trkpt lat="40.883810000000004" lon="26.1534">
    <ele>41.28</ele>
   </trkpt>
   <trkpt lat="40.88420500133154" lon="26.153939996875856">
    <ele>41.410000000000004</ele>
   </trkpt>
   <trkpt lat="40.884600000000006" lon="26.154480000000003">
    <ele>41.36</ele>
   </trkpt>
   <trkpt lat="40.885020001322424" lon="26.15499999689144">
    <ele>41.300000000000004</ele>
   </trkpt>
   <trkpt lat="40.88544" lon="26.155520000000003">
    <ele>41.220000000000006</ele>
   </trkpt>
   <trkpt lat="40.886057505597336" lon="26.156177481590785">
    <ele>41.32</ele>
   </trkpt>
   <trkpt lat="40.886675007461044" lon="26.156834975451797">
    <ele>41.36</ele>
   </trkpt>
   <trkpt lat="40.887292505591006" lon="26.157492481583468">
    <ele>41.17</ele>
   </trkpt>
   <trkpt lat="40.887910000000005" lon="26.158150000000003">
    <ele>41.150000000000006</ele>
   </trkpt>
   <trkpt lat="40.88853" lon="26.15875">
    <ele>40.910000000000004</ele>
   </trkpt>
   <trkpt lat="40.88916626347185" lon="26.159417455073815">
    <ele>40.67</ele>
   </trkpt>
   <trkpt lat="40.88980252309588" lon="26.160084922983778">
    <ele>40.550000000000004</ele>
   </trkpt>
   <trkpt lat="40.89043877887195" lon="26.16075240373036">
    <ele>40.269999999999996</ele>
   </trkpt>
   <trkpt lat="40.891075030799904" lon="26.161419897314023">
    <ele>40.06</ele>
   </trkpt>
   <trkpt lat="40.89171127887956" lon="26.162087403735217">
    <ele>40.14</ele>
   </trkpt>
   <trkpt lat="40.89234752311077" lon="26.162754922994395">
    <ele>40.0</ele>
   </trkpt>
   <trkpt lat="40.89298376349337" lon="26.163422455092025">
    <ele>40.480000000000004</ele>
   </trkpt>
   <trkpt lat="40.893620000000006" lon="26.16409">
    <ele>41.620000000000005</ele>
   </trkpt>
   <trkpt lat="40.894040000000004" lon="26.164510000000003">
    <ele>42.27</ele>
   </trkpt>
   <trkpt lat="40.89426" lon="26.164700000000003">
    <ele>42.730000000000004</ele>
   </trkpt>
   <trkpt lat="40.894690000000004" lon="26.16504">
    <ele>43.38</ele>
   </trkpt>
   <trkpt lat="40.89513" lon="26.16532">
    <ele>43.68</ele>
   </trkpt>
   <trkpt lat="40.89557500036273" lon="26.16550499884492">
    <ele>44.01</ele>
   </trkpt>
   <trkpt lat="40.89602" lon="26.16569">
    <ele>44.9</ele>
   </trkpt>
   <trkpt lat="40.896840000000005" lon="26.16599">
    <ele>45.84</ele>
   </trkpt>
   <trkpt lat="40.897470000000006" lon="26.16626">
    <ele>46.32000000000001</ele>
   </trkpt>
   <trkpt lat="40.897980000000004" lon="26.16653">
    <ele>46.85</ele>
   </trkpt>
   <trkpt lat="40.89847" lon="26.166850000000004">
    <ele>47.92</ele>
   </trkpt>
   <trkpt lat="40.89907" lon="26.167340000000003">
    <ele>49.25</ele>
   </trkpt>
   <trkpt lat="40.899640000000005" lon="26.167880000000004">
    <ele>51.550000000000004</ele>
   </trkpt>
   <trkpt lat="40.900090000000006" lon="26.168390000000002">
    <ele>54.49</ele>
   </trkpt>
   <trkpt lat="40.90059" lon="26.169040000000003">
    <ele>56.050000000000004</ele>
   </trkpt>
   <trkpt lat="40.90099" lon="26.169600000000003">
    <ele>58.24000000000001</ele>
   </trkpt>
   <trkpt lat="40.90155902690947" lon="26.170431935585313">
    <ele>59.64000000000001</ele>
   </trkpt>
   <trkpt lat="40.90212804784066" lon="26.17126388548548">
    <ele>60.59</ele>
   </trkpt>
   <trkpt lat="40.902697062793386" lon="26.17209584970089">
    <ele>60.81</ele>
   </trkpt>
   <trkpt lat="40.90326607176742" lon="26.17292782823192">
    <ele>60.68000000000001</ele>
   </trkpt>
   <trkpt lat="40.9038350747625" lon="26.17375982107896">
    <ele>60.63</ele>
   </trkpt>
   <trkpt lat="40.90440407177845" lon="26.174591828242384">
    <ele>61.22</ele>
   </trkpt>
   <trkpt lat="40.904973062815" lon="26.175423849722584">
    <ele>62.050000000000004</ele>
   </trkpt>
   <trkpt lat="40.905542047872" lon="26.17625588551994">
    <ele>62.72000000000001</ele>
   </trkpt>
   <trkpt lat="40.90611102694915" lon="26.177087935634834">
    <ele>63.300000000000004</ele>
   </trkpt>
   <trkpt lat="40.90668" lon="26.177920000000004">
    <ele>63.09</ele>
   </trkpt>
   <trkpt lat="40.907025001111975" lon="26.178444997141664">
    <ele>62.64</ele>
   </trkpt>
   <trkpt lat="40.90737" lon="26.178970000000003">
    <ele>62.26</ele>
   </trkpt>
   <trkpt lat="40.907975002889685" lon="26.179794992383872">
    <ele>60.63</ele>
   </trkpt>
   <trkpt lat="40.90858" lon="26.18062">
    <ele>58.940000000000005</ele>
   </trkpt>
   <trkpt lat="40.9090533357295" lon="26.18114332587456">
    <ele>57.190000000000005</ele>
   </trkpt>
   <trkpt lat="40.90952666909334" lon="26.181666659241525">
    <ele>54.830000000000005</ele>
   </trkpt>
   <trkpt lat="40.910000000000004" lon="26.182190000000002">
    <ele>52.480000000000004</ele>
   </trkpt>
   <trkpt lat="40.91057750370649" lon="26.182724985979583">
    <ele>48.980000000000004</ele>
   </trkpt>
   <trkpt lat="40.911155004940674" lon="26.18325998130463">
    <ele>46.400000000000006</ele>
   </trkpt>
   <trkpt lat="40.91173250370247" lon="26.183794985975464">
    <ele>41.97</ele>
   </trkpt>
   <trkpt lat="40.912310000000005" lon="26.184330000000003">
    <ele>38.080000000000005</ele>
   </trkpt>
   <trkpt lat="40.912850000000006" lon="26.184900000000003">
    <ele>36.02</ele>
   </trkpt>
   <trkpt lat="40.913450000000005" lon="26.185620000000004">
    <ele>32.43</ele>
   </trkpt>
   <trkpt lat="40.91382000125501" lon="26.186169996845326">
    <ele>27.67</ele>
   </trkpt>
   <trkpt lat="40.914190000000005" lon="26.18672">
    <ele>25.45</ele>
   </trkpt>
   <trkpt lat="40.914705002915326" lon="26.18753999363">
    <ele>22.53</ele>
   </trkpt>
   <trkpt lat="40.915220000000005" lon="26.188360000000003">
    <ele>20.900000000000002</ele>
   </trkpt>
   <trkpt lat="40.915736010828304" lon="26.189151975259087">
    <ele>19.96</ele>
   </trkpt>
   <trkpt lat="40.91625201623849" lon="26.18994396288197">
    <ele>20.0</ele>
   </trkpt>
   <trkpt lat="40.916768016230364" lon="26.190735962868935">
    <ele>20.009999999999998</ele>
   </trkpt>
   <trkpt lat="40.91728401080375" lon="26.191527975220264">
    <ele>19.82</ele>
   </trkpt>
   <trkpt lat="40.91780000000001" lon="26.192320000000002">
    <ele>19.57</ele>
   </trkpt>
   <trkpt lat="40.918155001104964" lon="26.192834997175332">
    <ele>19.12</ele>
   </trkpt>
   <trkpt lat="40.918510000000005" lon="26.193350000000002">
    <ele>18.840000000000003</ele>
   </trkpt>
   <trkpt lat="40.91888" lon="26.193820000000002">
    <ele>18.14</ele>
   </trkpt>
   <trkpt lat="40.9193550014347" lon="26.194379996070314">
    <ele>17.67</ele>
   </trkpt>
   <trkpt lat="40.919830000000005" lon="26.194940000000003">
    <ele>16.87</ele>
   </trkpt>
   <trkpt lat="40.92051500565929" lon="26.19559997949421">
    <ele>16.200000000000003</ele>
   </trkpt>
   <trkpt lat="40.92120000755587" lon="26.196259972668265">
    <ele>15.98</ele>
   </trkpt>
   <trkpt lat="40.921885005689596" lon="26.196919979522708">
    <ele>15.97</ele>
   </trkpt>
   <trkpt lat="40.92257" lon="26.197580000000002">
    <ele>16.150000000000002</ele>
   </trkpt>
   <trkpt lat="40.923122503548676" lon="26.198102486906492">
    <ele>16.490000000000002</ele>
   </trkpt>
   <trkpt lat="40.92367500473909" lon="26.19862498254886">
    <ele>16.71</ele>
   </trkpt>
   <trkpt lat="40.92422750357115" lon="26.199147486927387">
    <ele>16.970000000000002</ele>
   </trkpt>
   <trkpt lat="40.924780000000005" lon="26.19967">
    <ele>17.44</ele>
   </trkpt>
   <trkpt lat="40.925320000000006" lon="26.20025">
    <ele>18.36</ele>
   </trkpt>
   <trkpt lat="40.925700000000006" lon="26.200750000000003">
    <ele>19.360000000000003</ele>
   </trkpt>
   <trkpt lat="40.92598" lon="26.201230000000002">
    <ele>20.040000000000003</ele>
   </trkpt>
   <trkpt lat="40.926170000000006" lon="26.201600000000003">
    <ele>20.43</ele>
   </trkpt>
   <trkpt lat="40.926350000000006" lon="26.202">
    <ele>20.71</ele>
   </trkpt>
   <trkpt lat="40.92664000244731" lon="26.202759996540205">
    <ele>21.240000000000002</ele>
   </trkpt>
   <trkpt lat="40.926930000000006" lon="26.20352">
    <ele>21.48</ele>
   </trkpt>
   <trkpt lat="40.92739" lon="26.204420000000002">
    <ele>21.57</ele>
   </trkpt>
   <trkpt lat="40.927600000000005" lon="26.204780000000003">
    <ele>21.44</ele>
   </trkpt>
   <trkpt lat="40.92779" lon="26.205060000000003">
    <ele>21.210000000000004</ele>
   </trkpt>
   <trkpt lat="40.92799" lon="26.20531">
    <ele>21.16</ele>
   </trkpt>
   <trkpt lat="40.92832000000001" lon="26.205650000000002">
    <ele>20.93</ele>
   </trkpt>
   <trkpt lat="40.928965001313856" lon="26.206219994356903">
    <ele>20.94</ele>
   </trkpt>
   <trkpt lat="40.929610000000004" lon="26.20679">
    <ele>21.490000000000002</ele>
   </trkpt>
   <trkpt lat="40.93012" lon="26.207210000000003">
    <ele>21.630000000000003</ele>
   </trkpt>
   <trkpt lat="40.93085000144029" lon="26.20777499380514">
    <ele>22.150000000000002</ele>
   </trkpt>
   <trkpt lat="40.931580000000004" lon="26.208340000000003">
    <ele>22.500000000000004</ele>
   </trkpt>
   <trkpt lat="40.93225" lon="26.20888">
    <ele>23.000000000000004</ele>
   </trkpt>
   <trkpt lat="40.932790000000004" lon="26.209280000000003">
    <ele>23.14</ele>
   </trkpt>
   <trkpt lat="40.93351750472662" lon="26.209884979999856">
    <ele>23.46</ele>
   </trkpt>
   <trkpt lat="40.93424500629132" lon="26.21048997332366">
    <ele>24.05</ele>
   </trkpt>
   <trkpt lat="40.934972504693974" lon="26.211094979972">
    <ele>25.290000000000003</ele>
   </trkpt>
   <trkpt lat="40.935700000000004" lon="26.2117">
    <ele>27.110000000000003</ele>
   </trkpt>
   <trkpt lat="40.93635000475402" lon="26.212223979383836">
    <ele>29.400000000000002</ele>
   </trkpt>
   <trkpt lat="40.937000007136106" lon="26.21274796907937">
    <ele>31.17</ele>
   </trkpt>
   <trkpt lat="40.93765000714617" lon="26.213271969087">
    <ele>33.53</ele>
   </trkpt>
   <trkpt lat="40.93830000478411" lon="26.213795979407124">
    <ele>36.71</ele>
   </trkpt>
   <trkpt lat="40.938950000000006" lon="26.21432">
    <ele>38.25000000000001</ele>
   </trkpt>
   <trkpt lat="40.93936" lon="26.21467">
    <ele>39.690000000000005</ele>
   </trkpt>
   <trkpt lat="40.93996750310843" lon="26.215159986477243">
    <ele>40.910000000000004</ele>
   </trkpt>
   <trkpt lat="40.94057500414265" lon="26.21564998196786">
    <ele>41.92</ele>
   </trkpt>
   <trkpt lat="40.941182503102624" lon="26.216139986472168">
    <ele>42.79</ele>
   </trkpt>
   <trkpt lat="40.941790000000005" lon="26.216630000000002">
    <ele>43.15</ele>
   </trkpt>
   <trkpt lat="40.942450001081134" lon="26.21713999487072">
    <ele>43.42</ele>
   </trkpt>
   <trkpt lat="40.943110000000004" lon="26.217650000000003">
    <ele>43.64000000000001</ele>
   </trkpt>
   <trkpt lat="40.94379000131133" lon="26.218209994198297">
    <ele>44.190000000000005</ele>
   </trkpt>
   <trkpt lat="40.94447" lon="26.218770000000003">
    <ele>44.58</ele>
   </trkpt>
   <trkpt lat="40.94505000084204" lon="26.219219996022414">
    <ele>45.01</ele>
   </trkpt>
   <trkpt lat="40.94563" lon="26.21967">
    <ele>45.230000000000004</ele>
   </trkpt>
   <trkpt lat="40.94617000173233" lon="26.220109992852617">
    <ele>45.540000000000006</ele>
   </trkpt>
   <trkpt lat="40.94671000179208" lon="26.22054999290121">
    <ele>45.75000000000001</ele>
   </trkpt>
   <trkpt lat="40.947250000000004" lon="26.22099">
    <ele>45.84</ele>
   </trkpt>
   <trkpt lat="40.94747" lon="26.221200000000003">
    <ele>46.11000000000001</ele>
   </trkpt>
   <trkpt lat="40.947680000000005" lon="26.22152">
    <ele>46.48</ele>
   </trkpt>
   <trkpt lat="40.94796" lon="26.221870000000003">
    <ele>47.5</ele>
   </trkpt>
   <trkpt lat="40.9482" lon="26.22221">
    <ele>47.870000000000005</ele>
   </trkpt>
   <trkpt lat="40.948420000000006" lon="26.222610000000003">
    <ele>47.970000000000006</ele>
   </trkpt>
   <trkpt lat="40.948750000000004" lon="26.223290000000002">
    <ele>47.63</ele>
   </trkpt>
   <trkpt lat="40.94888" lon="26.22362">
    <ele>47.620000000000005</ele>
   </trkpt>
   <trkpt lat="40.94899" lon="26.224020000000003">
    <ele>47.85</ele>
   </trkpt>
   <trkpt lat="40.94919" lon="26.224990000000002">
    <ele>49.52</ele>
   </trkpt>
   <trkpt lat="40.949400000000004" lon="26.22568">
    <ele>51.330000000000005</ele>
   </trkpt>
   <trkpt lat="40.94964" lon="26.22622">
    <ele>52.730000000000004</ele>
   </trkpt>
   <trkpt lat="40.94991" lon="26.22669">
    <ele>53.35</ele>
   </trkpt>
   <trkpt lat="40.950190000000006" lon="26.227020000000003">
    <ele>54.67</ele>
   </trkpt>
   <trkpt lat="40.950500000000005" lon="26.227300000000003">
    <ele>55.260000000000005</ele>
   </trkpt>
   <trkpt lat="40.950720000000004" lon="26.22745">
    <ele>55.74</ele>
   </trkpt>
   <trkpt lat="40.95111" lon="26.227690000000003">
    <ele>58.14</ele>
   </trkpt>
   <trkpt lat="40.951660000142674" lon="26.22798999736665">
    <ele>59.260000000000005</ele>
   </trkpt>
   <trkpt lat="40.95221" lon="26.22829">
    <ele>61.63</ele>
   </trkpt>
   <trkpt lat="40.95253" lon="26.22849">
    <ele>63.14</ele>
   </trkpt>
   <trkpt lat="40.95318500062147" lon="26.228859996346138">
    <ele>65.82000000000001</ele>
   </trkpt>
   <trkpt lat="40.95384000000001" lon="26.22923">
    <ele>68.61</ele>
   </trkpt>
   <trkpt lat="40.95405" lon="26.229400000000002">
    <ele>69.08</ele>
   </trkpt>
   <trkpt lat="40.95471000070786" lon="26.22977499630797">
    <ele>69.86</ele>
   </trkpt>
   <trkpt lat="40.95537" lon="26.230150000000002">
    <ele>69.61</ele>
   </trkpt>
   <trkpt lat="40.955997501432094" lon="26.230487490351756">
    <ele>69.60000000000001</ele>
   </trkpt>
   <trkpt lat="40.956625001880084" lon="26.230824987119693">
    <ele>70.08</ele>
   </trkpt>
   <trkpt lat="40.95725250134393" lon="26.23116249030406">
    <ele>71.21000000000001</ele>
   </trkpt>
   <trkpt lat="40.95788" lon="26.2315">
    <ele>71.60000000000001</ele>
   </trkpt>
   <trkpt lat="40.958420000000004" lon="26.23176">
    <ele>71.75</ele>
   </trkpt>
   <trkpt lat="40.95918143365977" lon="26.23220282649288">
    <ele>72.47</ele>
   </trkpt>
   <trkpt lat="40.959942865625216" lon="26.232645663202575">
    <ele>73.41</ele>
   </trkpt>
   <trkpt lat="40.96070429589629" lon="26.233088510129583">
    <ele>74.03000000000002</ele>
   </trkpt>
   <trkpt lat="40.961465724472895" lon="26.233531367274377">
    <ele>75.72000000000001</ele>
   </trkpt>
   <trkpt lat="40.96222715135496" lon="26.23397423463745">
    <ele>76.83000000000001</ele>
   </trkpt>
   <trkpt lat="40.96298857654238" lon="26.234417112219294">
    <ele>78.09</ele>
   </trkpt>
   <trkpt lat="40.963750000000005" lon="26.23486">
    <ele>79.42</ele>
   </trkpt>
   <trkpt lat="40.964330000000004" lon="26.23522">
    <ele>79.82000000000001</ele>
   </trkpt>
   <trkpt lat="40.964940000000006" lon="26.235670000000002">
    <ele>80.15</ele>
   </trkpt>
   <trkpt lat="40.965585005516274" lon="26.236174975326136">
    <ele>80.36</ele>
   </trkpt>
   <trkpt lat="40.96623000882921" lon="26.236679960523706">
    <ele>80.49000000000001</ele>
   </trkpt>
   <trkpt lat="40.96687500993877" lon="26.2371849555931">
    <ele>80.75</ele>
   </trkpt>
   <trkpt lat="40.96752000884483" lon="26.237689960534713">
    <ele>81.37</ele>
   </trkpt>
   <trkpt lat="40.9681650055473" lon="26.23819497534891">
    <ele>81.47</ele>
   </trkpt>
   <trkpt lat="40.968810000000005" lon="26.2387">
    <ele>81.99000000000001</ele>
   </trkpt>
   <trkpt lat="40.96939500106181" lon="26.23916999591933">
    <ele>81.96000000000001</ele>
   </trkpt>
   <trkpt lat="40.96998000000001" lon="26.23964">
    <ele>82.21000000000001</ele>
   </trkpt>
   <trkpt lat="40.97064000121101" lon="26.24014999496589">
    <ele>82.43</ele>
   </trkpt>
   <trkpt lat="40.97130000000001" lon="26.240660000000002">
    <ele>82.73</ele>
   </trkpt>
   <trkpt lat="40.97203232508671" lon="26.241239153615414">
    <ele>82.64</ele>
   </trkpt>
   <trkpt lat="40.97276464727516" lon="26.24181832008796">
    <ele>82.25</ele>
   </trkpt>
   <trkpt lat="40.9734969665652" lon="26.242397499418185">
    <ele>81.82000000000001</ele>
   </trkpt>
   <trkpt lat="40.97422928295671" lon="26.24297669160667">
    <ele>81.39</ele>
   </trkpt>
   <trkpt lat="40.97496159644953" lon="26.24355589665399">
    <ele>80.87</ele>
   </trkpt>
   <trkpt lat="40.975693907043535" lon="26.2441351145607">
    <ele>80.66000000000001</ele>
   </trkpt>
   <trkpt lat="40.97642621473859" lon="26.244714345327356">
    <ele>80.03999999999999</ele>
   </trkpt>
   <trkpt lat="40.97715851953454" lon="26.24529358895455">
    <ele>79.65</ele>
   </trkpt>
   <trkpt lat="40.97789082143126" lon="26.24587284544283">
    <ele>79.26</ele>
   </trkpt>
   <trkpt lat="40.97862312042861" lon="26.246452114792763">
    <ele>78.86</ele>
   </trkpt>
   <trkpt lat="40.97935541652644" lon="26.24703139700493">
    <ele>78.37</ele>
   </trkpt>
   <trkpt lat="40.98008770972462" lon="26.24761069207988">
    <ele>77.51</ele>
   </trkpt>
   <trkpt lat="40.98082" lon="26.24819">
    <ele>75.76</ele>
   </trkpt>
   <trkpt lat="40.981486668960635" lon="26.24870332296882">
    <ele>74.16</ele>
   </trkpt>
   <trkpt lat="40.98215333564434" lon="26.249216656315106">
    <ele>72.22</ele>
   </trkpt>
   <trkpt lat="40.982820000000004" lon="26.249730000000003">
    <ele>70.8</ele>
   </trkpt>
   <trkpt lat="40.983255000624034" lon="26.2500799977677">
    <ele>70.03</ele>
   </trkpt>
   <trkpt lat="40.98369" lon="26.25043">
    <ele>68.33</ele>
   </trkpt>
   <trkpt lat="40.98407000066501" lon="26.25074999834358">
    <ele>68.33</ele>
   </trkpt>
   <trkpt lat="40.98445" lon="26.251070000000002">
    <ele>67.82000000000001</ele>
   </trkpt>
   <trkpt lat="40.9851730129051" lon="26.25164594316609">
    <ele>65.94</ele>
   </trkpt>
   <trkpt lat="40.98589602294379" lon="26.25222189896129">
    <ele>64.39999999999999</ele>
   </trkpt>
   <trkpt lat="40.98661903011594" lon="26.252797867386167">
    <ele>62.79</ele>
   </trkpt>
   <trkpt lat="40.98734203442142" lon="26.253373848441253">
    <ele>60.980000000000004</ele>
   </trkpt>
   <trkpt lat="40.988065035860075" lon="26.253949842127106">
    <ele>59.300000000000004</ele>
   </trkpt>
   <trkpt lat="40.988788034431806" lon="26.25452584844427">
    <ele>58.21</ele>
   </trkpt>
   <trkpt lat="40.98951103013643" lon="26.255101867393297">
    <ele>55.260000000000005</ele>
   </trkpt>
   <trkpt lat="40.990234022973844" lon="26.255677898974735">
    <ele>53.92</ele>
   </trkpt>
   <trkpt lat="40.99095701294391" lon="26.256253943189133">
    <ele>51.74</ele>
   </trkpt>
   <trkpt lat="40.99168" lon="26.25683">
    <ele>48.99</ele>
   </trkpt>
   <trkpt lat="40.99223500059315" lon="26.257224996617207">
    <ele>47.64</ele>
   </trkpt>
   <trkpt lat="40.99279000000001" lon="26.257620000000003">
    <ele>44.0</ele>
   </trkpt>
   <trkpt lat="40.993300000000005" lon="26.257920000000002">
    <ele>41.470000000000006</ele>
   </trkpt>
   <trkpt lat="40.99385" lon="26.258190000000003">
    <ele>40.300000000000004</ele>
   </trkpt>
   <trkpt lat="40.99425" lon="26.25833">
    <ele>38.85</ele>
   </trkpt>
   <trkpt lat="40.99468" lon="26.25842">
    <ele>37.26</ele>
   </trkpt>
   <trkpt lat="40.99521" lon="26.258470000000003">
    <ele>33.65</ele>
   </trkpt>
   <trkpt lat="40.99573" lon="26.258480000000002">
    <ele>32.080000000000005</ele>
   </trkpt>
   <trkpt lat="40.99662250005215" lon="26.25846750050703">
    <ele>28.580000000000002</ele>
   </trkpt>
   <trkpt lat="40.99751500010294" lon="26.258455000675585">
    <ele>24.53</ele>
   </trkpt>
   <trkpt lat="40.99840750015238" lon="26.258442500505648">
    <ele>21.550000000000004</ele>
   </trkpt>
   <trkpt lat="40.999300000000005" lon="26.25843">
    <ele>20.1</ele>
   </trkpt>
   <trkpt lat="41.000131250010156" lon="26.258412501544967">
    <ele>19.55</ele>
   </trkpt>
   <trkpt lat="41.00096250001768" lon="26.25839500264856">
    <ele>19.32</ele>
   </trkpt>
   <trkpt lat="41.00179375002256" lon="26.25837750331075">
    <ele>18.45</ele>
   </trkpt>
   <trkpt lat="41.002625000024786" lon="26.25836000353152">
    <ele>17.890000000000004</ele>
   </trkpt>
   <trkpt lat="41.00345625002434" lon="26.258342503310832">
    <ele>17.63</ele>
   </trkpt>
   <trkpt lat="41.00428750002128" lon="26.25832500264868">
    <ele>17.48</ele>
   </trkpt>
   <trkpt lat="41.00511875001556" lon="26.258307501545026">
    <ele>17.470000000000002</ele>
   </trkpt>
   <trkpt lat="41.005950000000006" lon="26.258290000000002">
    <ele>17.39</ele>
   </trkpt>
   <trkpt lat="41.006839999986006" lon="26.258278000648534">
    <ele>17.150000000000002</ele>
   </trkpt>
   <trkpt lat="41.00772999997077" lon="26.258266000972935">
    <ele>16.96</ele>
   </trkpt>
   <trkpt lat="41.00861999995429" lon="26.258254000973174">
    <ele>16.830000000000002</ele>
   </trkpt>
   <trkpt lat="41.00950999993656" lon="26.25824200064924">
    <ele>16.68</ele>
   </trkpt>
   <trkpt lat="41.010400000000004" lon="26.25823">
    <ele>17.36</ele>
   </trkpt>
   <trkpt lat="41.011094999960825" lon="26.25821000021215">
    <ele>18.39</ele>
   </trkpt>
   <trkpt lat="41.011790000000005" lon="26.258190000000003">
    <ele>18.950000000000003</ele>
   </trkpt>
   <trkpt lat="41.012220000000006" lon="26.258210000000002">
    <ele>19.69</ele>
   </trkpt>
   <trkpt lat="41.012480000000004" lon="26.258250000000004">
    <ele>20.060000000000002</ele>
   </trkpt>
   <trkpt lat="41.01287000000001" lon="26.25834">
    <ele>20.71</ele>
   </trkpt>
   <trkpt lat="41.013490000000004" lon="26.258580000000002">
    <ele>21.77</ele>
   </trkpt>
   <trkpt lat="41.01386" lon="26.258750000000003">
    <ele>22.38</ele>
   </trkpt>
   <trkpt lat="41.014230000000005" lon="26.25898">
    <ele>22.89</ele>
   </trkpt>
   <trkpt lat="41.014680000000006" lon="26.259310000000003">
    <ele>23.24</ele>
   </trkpt>
   <trkpt lat="41.01507" lon="26.25965">
    <ele>23.62</ele>
   </trkpt>
   <trkpt lat="41.015640000000005" lon="26.260230000000004">
    <ele>23.26</ele>
   </trkpt>
   <trkpt lat="41.01622750572422" lon="26.26089498219753">
    <ele>21.61</ele>
   </trkpt>
   <trkpt lat="41.01681500762668" lon="26.26155997625666">
    <ele>20.650000000000002</ele>
   </trkpt>
   <trkpt lat="41.01740250570726" lon="26.262224982177777">
    <ele>19.12</ele>
   </trkpt>
   <trkpt lat="41.017990000000005" lon="26.262890000000002">
    <ele>18.04</ele>
   </trkpt>
   <trkpt lat="41.018555001659564" lon="26.263504994752072">
    <ele>18.340000000000003</ele>
   </trkpt>
   <trkpt lat="41.01912" lon="26.264120000000002">
    <ele>19.07</ele>
   </trkpt>
   <trkpt lat="41.01964250442165" lon="26.264704986061147">
    <ele>19.669999999999998</ele>
   </trkpt>
   <trkpt lat="41.02016500588568" lon="26.26528998140359">
    <ele>20.41</ele>
   </trkpt>
   <trkpt lat="41.02068750439202" lon="26.2658749860276">
    <ele>21.2</ele>
   </trkpt>
   <trkpt lat="41.02121" lon="26.266460000000002">
    <ele>21.77</ele>
   </trkpt>
   <trkpt lat="41.0219" lon="26.267170000000004">
    <ele>22.78</ele>
   </trkpt>
   <trkpt lat="41.02228" lon="26.26753">
    <ele>23.180000000000003</ele>
   </trkpt>
   <trkpt lat="41.022740000000006" lon="26.267870000000002">
    <ele>23.58</ele>
   </trkpt>
   <trkpt lat="41.023340000000005" lon="26.268200000000004">
    <ele>24.91</ele>
   </trkpt>
   <trkpt lat="41.023590000000006" lon="26.268310000000003">
    <ele>25.200000000000003</ele>
   </trkpt>
   <trkpt lat="41.02432" lon="26.268520000000002">
    <ele>26.46</ele>
   </trkpt>
   <trkpt lat="41.02469000000001" lon="26.268580000000004">
    <ele>27.500000000000004</ele>
   </trkpt>
   <trkpt lat="41.02552" lon="26.268590000000003">
    <ele>28.580000000000002</ele>
   </trkpt>
   <trkpt lat="41.02572000000001" lon="26.268580000000004">
    <ele>29.200000000000003</ele>
   </trkpt>
   <trkpt lat="41.02613" lon="26.268500000000003">
    <ele>29.200000000000003</ele>
   </trkpt>
   <trkpt lat="41.02644" lon="26.268410000000003">
    <ele>30.76</ele>
   </trkpt>
   <trkpt lat="41.027100000000004" lon="26.268130000000003">
    <ele>31.82</ele>
   </trkpt>
   <trkpt lat="41.02756" lon="26.267860000000002">
    <ele>32.150000000000006</ele>
   </trkpt>
   <trkpt lat="41.02802500060042" lon="26.26746500285218">
    <ele>33.330000000000005</ele>
   </trkpt>
   <trkpt lat="41.028490000000005" lon="26.267070000000004">
    <ele>34.18</ele>
   </trkpt>
   <trkpt lat="41.02910000000001" lon="26.26631">
    <ele>34.5</ele>
   </trkpt>
   <trkpt lat="41.029598346882274" lon="26.265518363281718">
    <ele>35.31</ele>
   </trkpt>
   <trkpt lat="41.030096688347996" lon="26.264726714579968">
    <ele>35.89000000000001</ele>
   </trkpt>
   <trkpt lat="41.030595024397016" lon="26.263935053894507">
    <ele>36.42</ele>
   </trkpt>
   <trkpt lat="41.03109335502916" lon="26.263143381225063">
    <ele>37.18000000000001</ele>
   </trkpt>
   <trkpt lat="41.031591680244226" lon="26.262351696571386">
    <ele>37.93000000000001</ele>
   </trkpt>
   <trkpt lat="41.032090000000004" lon="26.261560000000003">
    <ele>38.99</ele>
   </trkpt>
   <trkpt lat="41.03263000324016" lon="26.26069000718561">
    <ele>39.720000000000006</ele>
   </trkpt>
   <trkpt lat="41.033170000000005" lon="26.25982">
    <ele>39.980000000000004</ele>
   </trkpt>
   <trkpt lat="41.03347" lon="26.259400000000003">
    <ele>40.470000000000006</ele>
   </trkpt>
   <trkpt lat="41.03405" lon="26.258750000000003">
    <ele>43.42</ele>
   </trkpt>
   <trkpt lat="41.03439" lon="26.25843">
    <ele>45.51</ele>
   </trkpt>
   <trkpt lat="41.03475" lon="26.258160000000004">
    <ele>46.64</ele>
   </trkpt>
   <trkpt lat="41.035120000000006" lon="26.25795">
    <ele>48.790000000000006</ele>
   </trkpt>
   <trkpt lat="41.035540000000005" lon="26.257780000000004">
    <ele>50.580000000000005</ele>
   </trkpt>
   <trkpt lat="41.03596" lon="26.25767">
    <ele>52.26</ele>
   </trkpt>
   <trkpt lat="41.03645" lon="26.25759">
    <ele>52.97</ele>
   </trkpt>
   <trkpt lat="41.03725333338479" lon="26.257538336486533">
    <ele>54.21</ele>
   </trkpt>
   <trkpt lat="41.038056666746506" lon="26.257486671712034">
    <ele>55.45</ele>
   </trkpt>
   <trkpt lat="41.03886000008515" lon="26.257435005676438">
    <ele>56.35</ele>
   </trkpt>
   <trkpt lat="41.03966333340072" lon="26.25738333837968">
    <ele>57.09</ele>
   </trkpt>
   <trkpt lat="41.04046666669321" lon="26.25733166982169">
    <ele>58.27</ele>
   </trkpt>
   <trkpt lat="41.041270000000004" lon="26.25728">
    <ele>59.39</ele>
   </trkpt>
   <trkpt lat="41.04211000006993" lon="26.25721500082562">
    <ele>61.27</ele>
   </trkpt>
   <trkpt lat="41.042950000000005" lon="26.257150000000003">
    <ele>62.84</ele>
   </trkpt>
   <trkpt lat="41.043836666724395" lon="26.257090001615">
    <ele>64.88000000000001</ele>
   </trkpt>
   <trkpt lat="41.044723333417686" lon="26.257030001613234">
    <ele>66.98</ele>
   </trkpt>
   <trkpt lat="41.04561" lon="26.256970000000003">
    <ele>69.09000000000002</ele>
   </trkpt>
   <trkpt lat="41.04616" lon="26.256950000000003">
    <ele>69.96000000000001</ele>
   </trkpt>
   <trkpt lat="41.04654" lon="26.256980000000002">
    <ele>70.53</ele>
   </trkpt>
   <trkpt lat="41.046820000000004" lon="26.257030000000004">
    <ele>70.83</ele>
   </trkpt>
   <trkpt lat="41.04711" lon="26.25712">
    <ele>71.62</ele>
   </trkpt>
   <trkpt lat="41.04739" lon="26.257230000000003">
    <ele>71.95</ele>
   </trkpt>
   <trkpt lat="41.047810000000005" lon="26.257440000000003">
    <ele>72.28000000000002</ele>
   </trkpt>
   <trkpt lat="41.04848500176845" lon="26.257807488699296">
    <ele>73.62</ele>
   </trkpt>
   <trkpt lat="41.04916000236955" lon="26.258174984938485">
    <ele>74.73</ele>
   </trkpt>
   <trkpt lat="41.049835001803245" lon="26.258542488717893">
    <ele>75.28</ele>
   </trkpt>
   <trkpt lat="41.05051" lon="26.258910000000004">
    <ele>75.07000000000001</ele>
   </trkpt>
   <trkpt lat="41.05113" lon="26.259210000000003">
    <ele>74.33000000000001</ele>
   </trkpt>
   <trkpt lat="41.05158" lon="26.259390000000003">
    <ele>73.50000000000001</ele>
   </trkpt>
   <trkpt lat="41.05212" lon="26.259500000000003">
    <ele>72.26</ele>
   </trkpt>
   <trkpt lat="41.052980000000005" lon="26.259570000000004">
    <ele>69.56</ele>
   </trkpt>
   <trkpt lat="41.05370000006184" lon="26.259619997812376">
    <ele>66.59</ele>
   </trkpt>
   <trkpt lat="41.05442000010207" lon="26.25966999671915">
    <ele>62.800000000000004</ele>
   </trkpt>
   <trkpt lat="41.05514000012068" lon="26.25971999672039">
    <ele>60.22</ele>
   </trkpt>
   <trkpt lat="41.05586000011768" lon="26.25976999781615">
    <ele>57.36</ele>
   </trkpt>
   <trkpt lat="41.056580000000004" lon="26.25982">
    <ele>55.470000000000006</ele>
   </trkpt>
   <trkpt lat="41.057190000000006" lon="26.259890000000002">
    <ele>52.92</ele>
   </trkpt>
   <trkpt lat="41.057880000000004" lon="26.260060000000003">
    <ele>48.81</ele>
   </trkpt>
   <trkpt lat="41.058530000000005" lon="26.26029">
    <ele>45.59</ele>
   </trkpt>
   <trkpt lat="41.059135000382625" lon="26.260574997393395">
    <ele>43.59</ele>
   </trkpt>
   <trkpt lat="41.059740000000005" lon="26.26086">
    <ele>40.78</ele>
   </trkpt>
   <trkpt lat="41.06052571814899" lon="26.26124568664049">
    <ele>37.46</ele>
   </trkpt>
   <trkpt lat="41.061311435012065" lon="26.261631382496144">
    <ele>34.85000000000001</ele>
   </trkpt>
   <trkpt lat="41.06209715058917" lon="26.26201708756742">
    <ele>30.09</ele>
   </trkpt>
   <trkpt lat="41.06288286488025" lon="26.26240280185478">
    <ele>26.320000000000004</ele>
   </trkpt>
   <trkpt lat="41.063668577885224" lon="26.262788525358687">
    <ele>22.73</ele>
   </trkpt>
   <trkpt lat="41.064454289604036" lon="26.263174258079594">
    <ele>20.540000000000003</ele>
   </trkpt>
   <trkpt lat="41.06524" lon="26.263560000000002">
    <ele>18.94</ele>
   </trkpt>
   <trkpt lat="41.066060004663996" lon="26.263952465739067">
    <ele>18.430000000000003</ele>
   </trkpt>
   <trkpt lat="41.06688000799647" lon="26.264344941266376">
    <ele>18.73</ele>
   </trkpt>
   <trkpt lat="41.06770000999732" lon="26.26473742658244">
    <ele>18.64</ele>
   </trkpt>
   <trkpt lat="41.06852001066648" lon="26.26512992168776">
    <ele>18.46</ele>
   </trkpt>
   <trkpt lat="41.069340010003884" lon="26.265522426582862">
    <ele>18.35</ele>
   </trkpt>
   <trkpt lat="41.07016000800948" lon="26.265914941268246">
    <ele>18.71</ele>
   </trkpt>
   <trkpt lat="41.07098000468316" lon="26.266307465744426">
    <ele>19.16</ele>
   </trkpt>
   <trkpt lat="41.0718" lon="26.266700000000004">
    <ele>20.17</ele>
   </trkpt>
   <trkpt lat="41.07262333463438" lon="26.26708665698575">
    <ele>20.810000000000002</ele>
   </trkpt>
   <trkpt lat="41.0734466679763" lon="26.267473323656272">
    <ele>21.87</ele>
   </trkpt>
   <trkpt lat="41.074270000000006" lon="26.267860000000002">
    <ele>24.12</ele>
   </trkpt>
   <trkpt lat="41.0749250015546" lon="26.26820498969318">
    <ele>25.830000000000002</ele>
   </trkpt>
   <trkpt lat="41.07558000208028" lon="26.26854998626131">
    <ele>28.040000000000003</ele>
   </trkpt>
   <trkpt lat="41.076235001577004" lon="26.26889498970467">
    <ele>30.62</ele>
   </trkpt>
   <trkpt lat="41.076890000000006" lon="26.269240000000003">
    <ele>32.980000000000004</ele>
   </trkpt>
   <trkpt lat="41.077560001232676" lon="26.269547490599866">
    <ele>35.11</ele>
   </trkpt>
   <trkpt lat="41.078230001647945" lon="26.269854987468307">
    <ele>38.7</ele>
   </trkpt>
   <trkpt lat="41.07890000124578" lon="26.270162490605593">
    <ele>41.43</ele>
   </trkpt>
   <trkpt lat="41.079570000000004" lon="26.270470000000003">
    <ele>42.82</ele>
   </trkpt>
   <trkpt lat="41.08007000037632" lon="26.270684998440313">
    <ele>43.78000000000001</ele>
   </trkpt>
   <trkpt lat="41.08057" lon="26.2709">
    <ele>44.68000000000001</ele>
   </trkpt>
   <trkpt lat="41.08120666710143" lon="26.271139995326326">
    <ele>45.290000000000006</ele>
   </trkpt>
   <trkpt lat="41.081843333704896" lon="26.271379995302432">
    <ele>45.38</ele>
   </trkpt>
   <trkpt lat="41.082480000000004" lon="26.271620000000002">
    <ele>44.99</ele>
   </trkpt>
   <trkpt lat="41.083020000000005" lon="26.271870000000003">
    <ele>44.68000000000001</ele>
   </trkpt>
   <trkpt lat="41.08347500029092" lon="26.272149998031882">
    <ele>44.28000000000001</ele>
   </trkpt>
   <trkpt lat="41.08393" lon="26.272430000000004">
    <ele>43.78000000000001</ele>
   </trkpt>
   <trkpt lat="41.08410000000001" lon="26.27257">
    <ele>43.78000000000001</ele>
   </trkpt>
   <trkpt lat="41.08481000188499" lon="26.273229992871066">
    <ele>43.9</ele>
   </trkpt>
   <trkpt lat="41.08552" lon="26.27389">
    <ele>44.45</ele>
   </trkpt>
   <trkpt lat="41.08608" lon="26.274350000000002">
    <ele>45.53</ele>
   </trkpt>
   <trkpt lat="41.086380000000005" lon="26.27456">
    <ele>46.18000000000001</ele>
   </trkpt>
   <trkpt lat="41.08673" lon="26.27476">
    <ele>46.8</ele>
   </trkpt>
   <trkpt lat="41.08753667003906" lon="26.275154975753495">
    <ele>49.89</ele>
   </trkpt>
   <trkpt lat="41.088343338729324" lon="26.275549961204963">
    <ele>51.89000000000001</ele>
   </trkpt>
   <trkpt lat="41.08915000607077" lon="26.275944956354927">
    <ele>54.230000000000004</ele>
   </trkpt>
   <trkpt lat="41.08995667206331" lon="26.27633996120386">
    <ele>56.910000000000004</ele>
   </trkpt>
   <trkpt lat="41.09076333670686" lon="26.27673497575228">
    <ele>59.99</ele>
   </trkpt>
   <trkpt lat="41.091570000000004" lon="26.277130000000003">
    <ele>61.61000000000001</ele>
   </trkpt>
   <trkpt lat="41.09223750136088" lon="26.277452490175737">
    <ele>62.690000000000005</ele>
   </trkpt>
   <trkpt lat="41.092905001822594" lon="26.27777498690469">
    <ele>63.28</ele>
   </trkpt>
   <trkpt lat="41.093572501385125" lon="26.278097490187143">
    <ele>63.85</ele>
   </trkpt>
   <trkpt lat="41.094240000000006" lon="26.27842">
    <ele>63.98000000000001</ele>
   </trkpt>
   <trkpt lat="41.094820000000006" lon="26.278750000000002">
    <ele>63.61</ele>
   </trkpt>
   <trkpt lat="41.09543" lon="26.279230000000002">
    <ele>62.81</ele>
   </trkpt>
   <trkpt lat="41.09535" lon="26.279410000000002">
    <ele>62.38</ele>
   </trkpt>
   <trkpt lat="41.09555" lon="26.27962">
    <ele>61.43000000000001</ele>
   </trkpt>
   <trkpt lat="41.09608000420431" lon="26.280313322208194">
    <ele>57.830000000000005</ele>
   </trkpt>
   <trkpt lat="41.096610004252575" lon="26.281006655604504">
    <ele>52.68000000000001</ele>
   </trkpt>
   <trkpt lat="41.09714" lon="26.2817">
    <ele>50.95</ele>
   </trkpt>
   <trkpt lat="41.09732" lon="26.281910000000003">
    <ele>51.29</ele>
   </trkpt>
   <trkpt lat="41.09769000059191" lon="26.282274997959732">
    <ele>52.660000000000004</ele>
   </trkpt>
   <trkpt lat="41.098060000000004" lon="26.28264">
    <ele>53.31</ele>
   </trkpt>
   <trkpt lat="41.098620002461296" lon="26.283176657487946">
    <ele>53.14000000000001</ele>
   </trkpt>
   <trkpt lat="41.099180002432526" lon="26.28371332412691">
    <ele>52.59</ele>
   </trkpt>
   <trkpt lat="41.099740000000004" lon="26.284250000000004">
    <ele>51.13</ele>
   </trkpt>
   <trkpt lat="41.10017000077512" lon="26.284634997599696">
    <ele>48.82</ele>
   </trkpt>
   <trkpt lat="41.1006" lon="26.285020000000003">
    <ele>45.62</ele>
   </trkpt>
   <trkpt lat="41.10087" lon="26.285200000000003">
    <ele>43.67</ele>
   </trkpt>
   <trkpt lat="41.101130000000005" lon="26.285330000000002">
    <ele>43.08</ele>
   </trkpt>
   <trkpt lat="41.1017875005122" lon="26.285527494070106">
    <ele>37.57000000000001</ele>
   </trkpt>
   <trkpt lat="41.102445000687155" lon="26.285724992094632">
    <ele>34.5</ele>
   </trkpt>
   <trkpt lat="41.10310250052488" lon="26.285922494073745">
    <ele>31.240000000000002</ele>
   </trkpt>
   <trkpt lat="41.10376" lon="26.28612">
    <ele>28.93</ele>
   </trkpt>
   <trkpt lat="41.10434500001367" lon="26.286279998548142">
    <ele>27.770000000000003</ele>
   </trkpt>
   <trkpt lat="41.10493" lon="26.286440000000002">
    <ele>25.78</ele>
   </trkpt>
   <trkpt lat="41.10570833469709" lon="26.28669165174978">
    <ele>24.26</ele>
   </trkpt>
   <trkpt lat="41.10648666884661" lon="26.286943309465236">
    <ele>22.9</ele>
   </trkpt>
   <trkpt lat="41.107265002448536" lon="26.28719497314667">
    <ele>22.1</ele>
   </trkpt>
   <trkpt lat="41.10804333550285" lon="26.287446642794375">
    <ele>21.59</ele>
   </trkpt>
   <trkpt lat="41.10882166800953" lon="26.287698318408662">
    <ele>21.150000000000002</ele>
   </trkpt>
   <trkpt lat="41.1096" lon="26.287950000000002">
    <ele>20.53</ele>
   </trkpt>
   <trkpt lat="41.11023500009193" lon="26.288144998091774">
    <ele>19.87</ele>
   </trkpt>
   <trkpt lat="41.110870000000006" lon="26.28834">
    <ele>18.930000000000003</ele>
   </trkpt>
   <trkpt lat="41.11147333364214" lon="26.288536663043665">
    <ele>18.01</ele>
   </trkpt>
   <trkpt lat="41.112076666949854" lon="26.288733329701927">
    <ele>18.400000000000002</ele>
   </trkpt>
   <trkpt lat="41.112680000000005" lon="26.28893">
    <ele>18.19</ele>
   </trkpt>
   <trkpt lat="41.11348000053363" lon="26.289176660657112">
    <ele>18.27</ele>
   </trkpt>
   <trkpt lat="41.11428000054116" lon="26.289423327325995">
    <ele>18.38</ele>
   </trkpt>
   <trkpt lat="41.115080000000006" lon="26.28967">
    <ele>18.38</ele>
   </trkpt>
   <trkpt lat="41.11509" lon="26.28967">
    <ele>18.38</ele>
   </trkpt>
   <trkpt lat="41.115320000000004" lon="26.28975">
    <ele>18.400000000000002</ele>
   </trkpt>
   <trkpt lat="41.11567" lon="26.289830000000002">
    <ele>18.47</ele>
   </trkpt>
   <trkpt lat="41.116310000000006" lon="26.289920000000002">
    <ele>18.38</ele>
   </trkpt>
   <trkpt lat="41.11716000013003" lon="26.29002333066168">
    <ele>18.36</ele>
   </trkpt>
   <trkpt lat="41.118010000167736" lon="26.290126663999548">
    <ele>18.250000000000004</ele>
   </trkpt>
   <trkpt lat="41.118860000000005" lon="26.29023">
    <ele>18.14</ele>
   </trkpt>
   <trkpt lat="41.11940999983734" lon="26.290274999608886">
    <ele>18.2</ele>
   </trkpt>
   <trkpt lat="41.119960000000006" lon="26.29032">
    <ele>19.1</ele>
   </trkpt>
   <trkpt lat="41.120180000000005" lon="26.29032">
    <ele>19.340000000000003</ele>
   </trkpt>
   <trkpt lat="41.120995000046555" lon="26.290240000991584">
    <ele>23.290000000000003</ele>
   </trkpt>
   <trkpt lat="41.12181" lon="26.290160000000004">
    <ele>29.040000000000003</ele>
   </trkpt>
   <trkpt lat="41.122400000000006" lon="26.290080000000003">
    <ele>33.6</ele>
   </trkpt>
   <trkpt lat="41.12306" lon="26.29003">
    <ele>37.1</ele>
   </trkpt>
   <trkpt lat="41.123400000000004" lon="26.29004">
    <ele>37.68000000000001</ele>
   </trkpt>
   <trkpt lat="41.123610000000006" lon="26.290090000000003">
    <ele>37.56</ele>
   </trkpt>
   <trkpt lat="41.123810000000006" lon="26.290180000000003">
    <ele>37.1</ele>
   </trkpt>
   <trkpt lat="41.124575000776346" lon="26.290609994974282">
    <ele>33.85</ele>
   </trkpt>
   <trkpt lat="41.12534" lon="26.291040000000002">
    <ele>29.07</ele>
   </trkpt>
   <trkpt lat="41.12557" lon="26.291140000000002">
    <ele>28.430000000000003</ele>
   </trkpt>
   <trkpt lat="41.12599" lon="26.291420000000002">
    <ele>26.17</ele>
   </trkpt>
   <trkpt lat="41.126616667688815" lon="26.29176999329407">
    <ele>22.570000000000004</ele>
   </trkpt>
   <trkpt lat="41.127243334318386" lon="26.292119993273253">
    <ele>20.75</ele>
   </trkpt>
   <trkpt lat="41.12787" lon="26.29247">
    <ele>19.16</ele>
   </trkpt>
   <trkpt lat="41.128170000000004" lon="26.292620000000003">
    <ele>18.830000000000002</ele>
   </trkpt>
   <trkpt lat="41.128420000000006" lon="26.292710000000003">
    <ele>18.78</ele>
   </trkpt>
   <trkpt lat="41.12897500015698" lon="26.292824999047923">
    <ele>18.42</ele>
   </trkpt>
   <trkpt lat="41.12953" lon="26.29294">
    <ele>17.830000000000002</ele>
   </trkpt>
   <trkpt lat="41.12993" lon="26.293190000000003">
    <ele>17.240000000000002</ele>
   </trkpt>
   <trkpt lat="41.13049000027934" lon="26.29345499772662">
    <ele>16.89</ele>
   </trkpt>
   <trkpt lat="41.13105" lon="26.29372">
    <ele>16.650000000000002</ele>
   </trkpt>
   <trkpt lat="41.131130000000006" lon="26.293210000000002">
    <ele>17.17</ele>
   </trkpt>
   <trkpt lat="41.13123" lon="26.292920000000002">
    <ele>17.68</ele>
   </trkpt>
   <trkpt lat="41.13129" lon="26.29285">
    <ele>17.8</ele>
   </trkpt>
   <trkpt lat="41.13138" lon="26.292790000000004">
    <ele>18.03</ele>
   </trkpt>
   <trkpt lat="41.13176" lon="26.292690000000004">
    <ele>17.71</ele>
   </trkpt>
   <trkpt lat="41.13263250002671" lon="26.292675000598077">
    <ele>16.85</ele>
   </trkpt>
   <trkpt lat="41.133505000051464" lon="26.29266000079718">
    <ele>16.92</ele>
   </trkpt>
   <trkpt lat="41.13437750007427" lon="26.292645000597286">
    <ele>18.830000000000002</ele>
   </trkpt>
   <trkpt lat="41.135250000000006" lon="26.292630000000003">
    <ele>21.66</ele>
   </trkpt>
   <trkpt lat="41.13596000008196" lon="26.292634999946458">
    <ele>24.25</ele>
   </trkpt>
   <trkpt lat="41.13667" lon="26.292640000000002">
    <ele>26.28</ele>
   </trkpt>
   <trkpt lat="41.13698" lon="26.292690000000004">
    <ele>27.13</ele>
   </trkpt>
   <trkpt lat="41.13761" lon="26.292830000000002">
    <ele>28.59</ele>
   </trkpt>
   <trkpt lat="41.138442001034136" lon="26.293073987620776">
    <ele>29.68</ele>
   </trkpt>
   <trkpt lat="41.139274001553474" lon="26.293317981431482">
    <ele>30.160000000000004</ele>
   </trkpt>
   <trkpt lat="41.14010600155799" lon="26.293561981432465">
    <ele>30.1</ele>
   </trkpt>
   <trkpt lat="41.140938001047644" lon="26.29380598762405">
    <ele>29.41</ele>
   </trkpt>
   <trkpt lat="41.14177" lon="26.294050000000002">
    <ele>28.040000000000003</ele>
   </trkpt>
   <trkpt lat="41.14211" lon="26.294210000000003">
    <ele>27.78</ele>
   </trkpt>
   <trkpt lat="41.14274" lon="26.29456">
    <ele>25.43</ele>
   </trkpt>
   <trkpt lat="41.14298" lon="26.29472">
    <ele>24.740000000000002</ele>
   </trkpt>
   <trkpt lat="41.14351500070218" lon="26.295114996797885">
    <ele>22.430000000000003</ele>
   </trkpt>
   <trkpt lat="41.14405" lon="26.295510000000004">
    <ele>20.94</ele>
   </trkpt>
   <trkpt lat="41.144782504211285" lon="26.296079980896177">
    <ele>18.89</ele>
   </trkpt>
   <trkpt lat="41.145515005613035" lon="26.296649974526225">
    <ele>19.020000000000003</ele>
   </trkpt>
   <trkpt lat="41.14624750420512" lon="26.297219980890713">
    <ele>20.05</ele>
   </trkpt>
   <trkpt lat="41.146980000000006" lon="26.297790000000003">
    <ele>21.59</ele>
   </trkpt>
   <trkpt lat="41.147290000000005" lon="26.29801">
    <ele>22.570000000000004</ele>
   </trkpt>
   <trkpt lat="41.147900003028845" lon="26.298492486540532">
    <ele>23.13</ele>
   </trkpt>
   <trkpt lat="41.14851000404449" lon="26.29897498205855">
    <ele>23.05</ele>
   </trkpt>
   <trkpt lat="41.14912000304683" lon="26.299457486554367">
    <ele>22.28</ele>
   </trkpt>
   <trkpt lat="41.149730000000005" lon="26.299940000000003">
    <ele>21.900000000000002</ele>
   </trkpt>
   <trkpt lat="41.150510000000004" lon="26.300510000000003">
    <ele>20.94</ele>
   </trkpt>
   <trkpt lat="41.1510800008292" lon="26.300954996109976">
    <ele>20.18</ele>
   </trkpt>
   <trkpt lat="41.151650000000004" lon="26.3014">
    <ele>19.98</ele>
   </trkpt>
   <trkpt lat="41.15196" lon="26.3016">
    <ele>19.990000000000002</ele>
   </trkpt>
   <trkpt lat="41.15260000000001" lon="26.301920000000003">
    <ele>19.610000000000003</ele>
   </trkpt>
   <trkpt lat="41.15296" lon="26.30204">
    <ele>19.450000000000003</ele>
   </trkpt>
   <trkpt lat="41.153580000000005" lon="26.302170000000004">
    <ele>19.380000000000003</ele>
   </trkpt>
   <trkpt lat="41.15393" lon="26.302200000000003">
    <ele>19.41</ele>
   </trkpt>
   <trkpt lat="41.15429" lon="26.302210000000002">
    <ele>19.66</ele>
   </trkpt>
   <trkpt lat="41.15457000000001" lon="26.302180000000003">
    <ele>19.66</ele>
   </trkpt>
   <trkpt lat="41.154990000000005" lon="26.302090000000003">
    <ele>19.98</ele>
   </trkpt>
   <trkpt lat="41.155300000000004" lon="26.301990000000004">
    <ele>20.130000000000003</ele>
   </trkpt>
   <trkpt lat="41.155800000000006" lon="26.30179">
    <ele>20.43</ele>
   </trkpt>
   <trkpt lat="41.15655600653947" lon="26.301380042561295">
    <ele>20.810000000000002</ele>
   </trkpt>
   <trkpt lat="41.15731201162541" lon="26.300970075665997">
    <ele>21.0</ele>
   </trkpt>
   <trkpt lat="41.1580680152578" lon="26.300560099313643">
    <ele>21.32</ele>
   </trkpt>
   <trkpt lat="41.15882401743652" lon="26.300150113503783">
    <ele>21.57</ele>
   </trkpt>
   <trkpt lat="41.159580018161556" lon="26.299740118235963">
    <ele>21.79</ele>
   </trkpt>
   <trkpt lat="41.16033601743278" lon="26.29933011350974">
    <ele>22.04</ele>
   </trkpt>
   <trkpt lat="41.16109201525017" lon="26.29892009932465">
    <ele>22.28</ele>
   </trkpt>
   <trkpt lat="41.16184801161361" lon="26.298510075680255">
    <ele>22.750000000000004</ele>
   </trkpt>
   <trkpt lat="41.16260400652305" lon="26.298100042576092">
    <ele>23.39</ele>
   </trkpt>
   <trkpt lat="41.163360000000004" lon="26.297690000000003">
    <ele>25.080000000000002</ele>
   </trkpt>
   <trkpt lat="41.164080000000006" lon="26.297290000000004">
    <ele>26.13</ele>
   </trkpt>
   <trkpt lat="41.164860000000004" lon="26.296940000000003">
    <ele>27.05</ele>
   </trkpt>
   <trkpt lat="41.165240000000004" lon="26.29681">
    <ele>27.37</ele>
   </trkpt>
   <trkpt lat="41.16566" lon="26.29671">
    <ele>27.32</ele>
   </trkpt>
   <trkpt lat="41.16621000000001" lon="26.29662">
    <ele>27.080000000000002</ele>
   </trkpt>
   <trkpt lat="41.166610000000006" lon="26.296590000000002">
    <ele>26.930000000000003</ele>
   </trkpt>
   <trkpt lat="41.16719000009286" lon="26.296629999651863">
    <ele>26.02</ele>
   </trkpt>
   <trkpt lat="41.167770000000004" lon="26.296670000000002">
    <ele>25.48</ele>
   </trkpt>
   <trkpt lat="41.16827500005357" lon="26.296739999464975">
    <ele>25.220000000000002</ele>
   </trkpt>
   <trkpt lat="41.168780000000005" lon="26.29681">
    <ele>25.210000000000004</ele>
   </trkpt>
   <trkpt lat="41.16957" lon="26.29689">
    <ele>24.68</ele>
   </trkpt>
   <trkpt lat="41.16989" lon="26.296920000000004">
    <ele>24.68</ele>
   </trkpt>
   <trkpt lat="41.17042" lon="26.29691">
    <ele>24.41</ele>
   </trkpt>
   <trkpt lat="41.17103" lon="26.296860000000002">
    <ele>23.919999999999998</ele>
   </trkpt>
   <trkpt lat="41.17179000012784" lon="26.29676500109096">
    <ele>23.48</ele>
   </trkpt>
   <trkpt lat="41.17255" lon="26.296670000000002">
    <ele>22.240000000000002</ele>
   </trkpt>
   <trkpt lat="41.17333" lon="26.296650000000003">
    <ele>20.740000000000002</ele>
   </trkpt>
   <trkpt lat="41.173700000000004" lon="26.296670000000002">
    <ele>20.39</ele>
   </trkpt>
   <trkpt lat="41.17418000004809" lon="26.29671499967396">
    <ele>20.060000000000002</ele>
   </trkpt>
   <trkpt lat="41.17466" lon="26.296760000000003">
    <ele>20.19</ele>
   </trkpt>
   <trkpt lat="41.175140000000006" lon="26.296770000000002">
    <ele>20.41</ele>
   </trkpt>
   <trkpt lat="41.17591250004299" lon="26.296745000883373">
    <ele>21.27</ele>
   </trkpt>
   <trkpt lat="41.17668500008057" lon="26.296720001177093">
    <ele>22.97</ele>
   </trkpt>
   <trkpt lat="41.177457500112745" lon="26.296695000881144">
    <ele>24.37</ele>
   </trkpt>
   <trkpt lat="41.178230000000006" lon="26.296670000000002">
    <ele>25.240000000000002</ele>
   </trkpt>
   <trkpt lat="41.178695000134184" lon="26.296674999965944">
    <ele>25.5</ele>
   </trkpt>
   <trkpt lat="41.17916" lon="26.296680000000002">
    <ele>25.87</ele>
   </trkpt>
   <trkpt lat="41.179550000000006" lon="26.29672">
    <ele>26.37</ele>
   </trkpt>
   <trkpt lat="41.179750000000006" lon="26.296760000000003">
    <ele>26.37</ele>
   </trkpt>
   <trkpt lat="41.180130000000005" lon="26.29688">
    <ele>26.62</ele>
   </trkpt>
   <trkpt lat="41.180510000000005" lon="26.297040000000003">
    <ele>26.97</ele>
   </trkpt>
   <trkpt lat="41.180690000000006" lon="26.297140000000002">
    <ele>26.97</ele>
   </trkpt>
   <trkpt lat="41.18104" lon="26.29738">
    <ele>27.13</ele>
   </trkpt>
   <trkpt lat="41.18155" lon="26.297810000000002">
    <ele>26.98</ele>
   </trkpt>
   <trkpt lat="41.18195" lon="26.298250000000003">
    <ele>26.410000000000004</ele>
   </trkpt>
   <trkpt lat="41.182140000000004" lon="26.29811">
    <ele>26.770000000000003</ele>
   </trkpt>
   <trkpt lat="41.18225" lon="26.29793">
    <ele>27.15</ele>
   </trkpt>
   <trkpt lat="41.182390000000005" lon="26.297880000000003">
    <ele>27.160000000000004</ele>
   </trkpt>
   <trkpt lat="41.182460000000006" lon="26.297870000000003">
    <ele>26.87</ele>
   </trkpt>
   <trkpt lat="41.18263" lon="26.29794">
    <ele>26.53</ele>
   </trkpt>
   <trkpt lat="41.18292" lon="26.29813">
    <ele>24.990000000000002</ele>
   </trkpt>
   <trkpt lat="41.18361000255421" lon="26.298666655406453">
    <ele>22.770000000000003</ele>
   </trkpt>
   <trkpt lat="41.18430000261737" lon="26.299203322122057">
    <ele>22.54</ele>
   </trkpt>
   <trkpt lat="41.184990000000006" lon="26.299740000000003">
    <ele>22.39</ele>
   </trkpt>
   <trkpt lat="41.18525" lon="26.2999">
    <ele>22.39</ele>
   </trkpt>
   <trkpt lat="41.18567" lon="26.30008">
    <ele>21.470000000000002</ele>
   </trkpt>
   <trkpt lat="41.18598" lon="26.30017">
    <ele>21.35</ele>
   </trkpt>
   <trkpt lat="41.18619" lon="26.300200000000004">
    <ele>21.09</ele>
   </trkpt>
   <trkpt lat="41.18656" lon="26.300140000000003">
    <ele>20.98</ele>
   </trkpt>
   <trkpt lat="41.18694" lon="26.300140000000003">
    <ele>20.68</ele>
   </trkpt>
   <trkpt lat="41.18769000016353" lon="26.300279998411085">
    <ele>19.87</ele>
   </trkpt>
   <trkpt lat="41.18844" lon="26.300420000000003">
    <ele>20.110000000000003</ele>
   </trkpt>
   <trkpt lat="41.18858" lon="26.300480000000004">
    <ele>20.110000000000003</ele>
   </trkpt>
   <trkpt lat="41.189020000000006" lon="26.300770000000004">
    <ele>20.610000000000003</ele>
   </trkpt>
   <trkpt lat="41.189510000000006" lon="26.30112">
    <ele>20.39</ele>
   </trkpt>
   <trkpt lat="41.189640000000004" lon="26.301240000000004">
    <ele>20.39</ele>
   </trkpt>
   <trkpt lat="41.189750000000004" lon="26.30138">
    <ele>20.200000000000003</ele>
   </trkpt>
   <trkpt lat="41.189820000000005" lon="26.301530000000003">
    <ele>20.03</ele>
   </trkpt>
   <trkpt lat="41.190180000000005" lon="26.30242">
    <ele>18.430000000000003</ele>
   </trkpt>
   <trkpt lat="41.190250000000006" lon="26.30252">
    <ele>18.29</ele>
   </trkpt>
   <trkpt lat="41.19037" lon="26.30263">
    <ele>18.19</ele>
   </trkpt>
   <trkpt lat="41.19087500071886" lon="26.302989997336038">
    <ele>17.57</ele>
   </trkpt>
   <trkpt lat="41.19138" lon="26.303350000000002">
    <ele>17.25</ele>
   </trkpt>
   <trkpt lat="41.19201000105679" lon="26.303834995363143">
    <ele>17.7</ele>
   </trkpt>
   <trkpt lat="41.192640000000004" lon="26.30432">
    <ele>17.95</ele>
   </trkpt>
   <trkpt lat="41.19321" lon="26.304730000000003">
    <ele>17.85</ele>
   </trkpt>
   <trkpt lat="41.193540000000006" lon="26.304920000000003">
    <ele>17.810000000000002</ele>
   </trkpt>
   <trkpt lat="41.193900000000006" lon="26.305090000000003">
    <ele>17.87</ele>
   </trkpt>
   <trkpt lat="41.19442500024329" lon="26.305279998507743">
    <ele>18.160000000000004</ele>
   </trkpt>
   <trkpt lat="41.194950000000006" lon="26.305470000000003">
    <ele>18.27</ele>
   </trkpt>
   <trkpt lat="41.19546500022075" lon="26.30568499831718">
    <ele>17.97</ele>
   </trkpt>
   <trkpt lat="41.195980000000006" lon="26.3059">
    <ele>17.740000000000002</ele>
   </trkpt>
   <trkpt lat="41.196000000000005" lon="26.30591">
    <ele>17.740000000000002</ele>
   </trkpt>
   <trkpt lat="41.19626" lon="26.306030000000003">
    <ele>17.550000000000004</ele>
   </trkpt>
   <trkpt lat="41.19673" lon="26.30628">
    <ele>17.220000000000002</ele>
   </trkpt>
   <trkpt lat="41.19716000022383" lon="26.306549998168837">
    <ele>17.330000000000002</ele>
   </trkpt>
   <trkpt lat="41.197590000000005" lon="26.306820000000002">
    <ele>17.67</ele>
   </trkpt>
   <trkpt lat="41.1978" lon="26.30693">
    <ele>18.02</ele>
   </trkpt>
   <trkpt lat="41.198310000203286" lon="26.307119998537104">
    <ele>18.37</ele>
   </trkpt>
   <trkpt lat="41.198820000000005" lon="26.30731">
    <ele>18.910000000000004</ele>
   </trkpt>
   <trkpt lat="41.199290000000005" lon="26.30751">
    <ele>19.33</ele>
   </trkpt>
   <trkpt lat="41.19987000092404" lon="26.30783999414092">
    <ele>19.26</ele>
   </trkpt>
   <trkpt lat="41.20045000090611" lon="26.308169994130637">
    <ele>19.49</ele>
   </trkpt>
   <trkpt lat="41.20103" lon="26.308500000000002">
    <ele>19.590000000000003</ele>
   </trkpt>
   <trkpt lat="41.20172500070847" lon="26.30890999563497">
    <ele>19.380000000000003</ele>
   </trkpt>
   <trkpt lat="41.202420000000004" lon="26.309320000000003">
    <ele>19.66</ele>
   </trkpt>
   <trkpt lat="41.20309200257455" lon="26.309703984240453">
    <ele>20.110000000000003</ele>
   </trkpt>
   <trkpt lat="41.203764003873665" lon="26.310087976367083">
    <ele>20.59</ele>
   </trkpt>
   <trkpt lat="41.20443600389729" lon="26.310471976380217">
    <ele>20.48</ele>
   </trkpt>
   <trkpt lat="41.20510800264538" lon="26.310855984280195">
    <ele>20.18</ele>
   </trkpt>
   <trkpt lat="41.205780000000004" lon="26.31124">
    <ele>19.62</ele>
   </trkpt>
   <trkpt lat="41.2064" lon="26.311570000000003">
    <ele>19.15</ele>
   </trkpt>
   <trkpt lat="41.20694" lon="26.311880000000002">
    <ele>18.69</ele>
   </trkpt>
   <trkpt lat="41.20714" lon="26.311970000000002">
    <ele>18.76</ele>
   </trkpt>
   <trkpt lat="41.20749" lon="26.31208">
    <ele>19.07</ele>
   </trkpt>
   <trkpt lat="41.207930000000005" lon="26.31218">
    <ele>19.96</ele>
   </trkpt>
   <trkpt lat="41.208310000000004" lon="26.312220000000003">
    <ele>20.450000000000003</ele>
   </trkpt>
   <trkpt lat="41.2087" lon="26.312230000000003">
    <ele>21.93</ele>
   </trkpt>
   <trkpt lat="41.209" lon="26.312210000000004">
    <ele>22.330000000000002</ele>
   </trkpt>
   <trkpt lat="41.209140000000005" lon="26.31218">
    <ele>22.64</ele>
   </trkpt>
   <trkpt lat="41.209410000000005" lon="26.31208">
    <ele>22.830000000000002</ele>
   </trkpt>
   <trkpt lat="41.20987" lon="26.31171">
    <ele>24.3</ele>
   </trkpt>
   <trkpt lat="41.20996" lon="26.311660000000003">
    <ele>24.3</ele>
   </trkpt>
   <trkpt lat="41.210060000000006" lon="26.311650000000004">
    <ele>25.05</ele>
   </trkpt>
   <trkpt lat="41.21014" lon="26.311670000000003">
    <ele>25.52</ele>
   </trkpt>
   <trkpt lat="41.21031000000001" lon="26.31181">
    <ele>25.560000000000002</ele>
   </trkpt>
   <trkpt lat="41.210440000000006" lon="26.312240000000003">
    <ele>24.26</ele>
   </trkpt>
   <trkpt lat="41.210770000000004" lon="26.312120000000004">
    <ele>23.880000000000003</ele>
   </trkpt>
   <trkpt lat="41.211090000000006" lon="26.312040000000003">
    <ele>23.53</ele>
   </trkpt>
   <trkpt lat="41.211510000000004" lon="26.311980000000002">
    <ele>23.340000000000003</ele>
   </trkpt>
   <trkpt lat="41.21213" lon="26.311940000000003">
    <ele>22.590000000000003</ele>
   </trkpt>
   <trkpt lat="41.212410000000006" lon="26.311980000000002">
    <ele>21.980000000000004</ele>
   </trkpt>
   <trkpt lat="41.213210000000004" lon="26.3122">
    <ele>20.25</ele>
   </trkpt>
   <trkpt lat="41.2139" lon="26.312430000000003">
    <ele>19.19</ele>
   </trkpt>
   <trkpt lat="41.214530000517186" lon="26.312659995591556">
    <ele>19.19</ele>
   </trkpt>
   <trkpt lat="41.21516000057678" lon="26.312889995613247">
    <ele>19.44</ele>
   </trkpt>
   <trkpt lat="41.215790000000005" lon="26.31312">
    <ele>19.720000000000002</ele>
   </trkpt>
   <trkpt lat="41.21664400181489" lon="26.31344398307852">
    <ele>20.200000000000003</ele>
   </trkpt>
   <trkpt lat="41.21749800272175" lon="26.313767974617072">
    <ele>20.37</ele>
   </trkpt>
   <trkpt lat="41.21835200272049" lon="26.31409197461611">
    <ele>20.78</ele>
   </trkpt>
   <trkpt lat="41.21920600181111" lon="26.314415983076117">
    <ele>21.23</ele>
   </trkpt>
   <trkpt lat="41.220060000000004" lon="26.31474">
    <ele>21.68</ele>
   </trkpt>
   <trkpt lat="41.22073" lon="26.314940000000004">
    <ele>21.810000000000002</ele>
   </trkpt>
   <trkpt lat="41.22128" lon="26.315040000000003">
    <ele>22.0</ele>
   </trkpt>
   <trkpt lat="41.22185" lon="26.315070000000002">
    <ele>22.01</ele>
   </trkpt>
   <trkpt lat="41.2227145454578" lon="26.31506818205856">
    <ele>21.910000000000004</ele>
   </trkpt>
   <trkpt lat="41.22357909091556" lon="26.315066364069043">
    <ele>21.490000000000002</ele>
   </trkpt>
   <trkpt lat="41.2244436363733" lon="26.31506454603146">
    <ele>21.470000000000002</ele>
   </trkpt>
   <trkpt lat="41.22530818183099" lon="26.315062727945804">
    <ele>21.17</ele>
   </trkpt>
   <trkpt lat="41.22617272728868" lon="26.315060909812072">
    <ele>20.8</ele>
   </trkpt>
   <trkpt lat="41.227037272746315" lon="26.31505909163026">
    <ele>20.64</ele>
   </trkpt>
   <trkpt lat="41.22790181820393" lon="26.31505727340037">
    <ele>20.23</ele>
   </trkpt>
   <trkpt lat="41.228766363661535" lon="26.31505545512239">
    <ele>19.930000000000003</ele>
   </trkpt>
   <trkpt lat="41.22963090911908" lon="26.31505363679633">
    <ele>19.35</ele>
   </trkpt>
   <trkpt lat="41.23049545457661" lon="26.315051818422177">
    <ele>19.76</ele>
   </trkpt>
   <trkpt lat="41.23136" lon="26.315050000000003">
    <ele>20.270000000000003</ele>
   </trkpt>
   <trkpt lat="41.232020000000006" lon="26.315080000000002">
    <ele>21.6</ele>
   </trkpt>
   <trkpt lat="41.2326533333089" lon="26.315080000000002">
    <ele>24.450000000000003</ele>
   </trkpt>
   <trkpt lat="41.23328666661779" lon="26.315080000000002">
    <ele>26.060000000000002</ele>
   </trkpt>
   <trkpt lat="41.233920000000005" lon="26.315080000000002">
    <ele>27.930000000000003</ele>
   </trkpt>
   <trkpt lat="41.23464000002365" lon="26.315109999339793">
    <ele>29.69</ele>
   </trkpt>
   <trkpt lat="41.235360000039506" lon="26.315139999340442">
    <ele>31.060000000000002</ele>
   </trkpt>
   <trkpt lat="41.23608" lon="26.315170000000002">
    <ele>31.990000000000006</ele>
   </trkpt>
   <trkpt lat="41.236880000000006" lon="26.315260000000002">
    <ele>33.18</ele>
   </trkpt>
   <trkpt lat="41.23774111165592" lon="26.315385542321778">
    <ele>33.67</ele>
   </trkpt>
   <trkpt lat="41.23860222317547" lon="26.315511087951542">
    <ele>34.39</ele>
   </trkpt>
   <trkpt lat="41.23946333455866" lon="26.31563663688947">
    <ele>34.28</ele>
   </trkpt>
   <trkpt lat="41.24032444580546" lon="26.315762189135757">
    <ele>33.870000000000005</ele>
   </trkpt>
   <trkpt lat="41.241185556915894" lon="26.315887744690585">
    <ele>33.370000000000005</ele>
   </trkpt>
   <trkpt lat="41.24204666788992" lon="26.316013303554147">
    <ele>32.99</ele>
   </trkpt>
   <trkpt lat="41.242907778727556" lon="26.31613886572662">
    <ele>32.25</ele>
   </trkpt>
   <trkpt lat="41.24376888942879" lon="26.3162644312082">
    <ele>31.64</ele>
   </trkpt>
   <trkpt lat="41.24463" lon="26.316390000000002">
    <ele>31.090000000000003</ele>
   </trkpt>
   <trkpt lat="41.245428000840704" lon="26.31660798935571">
    <ele>30.950000000000003</ele>
   </trkpt>
   <trkpt lat="41.246226001270244" lon="26.31682598403579">
    <ele>30.79</ele>
   </trkpt>
   <trkpt lat="41.24702400128863" lon="26.317043984040534">
    <ele>30.67</ele>
   </trkpt>
   <trkpt lat="41.247822000895844" lon="26.31726198937021">
    <ele>30.2</ele>
   </trkpt>
   <trkpt lat="41.24862" lon="26.317480000000003">
    <ele>29.650000000000002</ele>
   </trkpt>
   <trkpt lat="41.249410000000005" lon="26.317750000000004">
    <ele>28.62</ele>
   </trkpt>
   <trkpt lat="41.24987" lon="26.317980000000002">
    <ele>28.080000000000002</ele>
   </trkpt>
   <trkpt lat="41.250280000000004" lon="26.318220000000004">
    <ele>26.87</ele>
   </trkpt>
   <trkpt lat="41.25095000251816" lon="26.31865998646638">
    <ele>26.35</ele>
   </trkpt>
   <trkpt lat="41.251620003361346" lon="26.319099981957386">
    <ele>26.050000000000004</ele>
   </trkpt>
   <trkpt lat="41.252290002529506" lon="26.3195399864734">
    <ele>25.5</ele>
   </trkpt>
   <trkpt lat="41.25296" lon="26.31998">
    <ele>25.130000000000003</ele>
   </trkpt>
   <trkpt lat="41.25347" lon="26.320230000000002">
    <ele>24.740000000000002</ele>
   </trkpt>
   <trkpt lat="41.253930000000004" lon="26.320420000000002">
    <ele>24.470000000000002</ele>
   </trkpt>
   <trkpt lat="41.25461500065778" lon="26.32064499292187">
    <ele>24.09</ele>
   </trkpt>
   <trkpt lat="41.25530000087757" lon="26.32086999056252">
    <ele>23.790000000000003</ele>
   </trkpt>
   <trkpt lat="41.25598500065934" lon="26.321094992922163">
    <ele>23.560000000000002</ele>
   </trkpt>
   <trkpt lat="41.25667000000001" lon="26.321320000000004">
    <ele>23.41</ele>
   </trkpt>
   <trkpt lat="41.257070000000006" lon="26.321500000000004">
    <ele>23.12</ele>
   </trkpt>
   <trkpt lat="41.25739" lon="26.32167">
    <ele>22.9</ele>
   </trkpt>
   <trkpt lat="41.25809" lon="26.32215">
    <ele>22.47</ele>
   </trkpt>
   <trkpt lat="41.25842" lon="26.322460000000003">
    <ele>22.36</ele>
   </trkpt>
   <trkpt lat="41.25887" lon="26.322950000000002">
    <ele>22.060000000000002</ele>
   </trkpt>
   <trkpt lat="41.25923500106337" lon="26.32342999740508">
    <ele>21.85</ele>
   </trkpt>
   <trkpt lat="41.259600000000006" lon="26.32391">
    <ele>21.51</ele>
   </trkpt>
   <trkpt lat="41.260090005721416" lon="26.324574985007622">
    <ele>21.120000000000005</ele>
   </trkpt>
   <trkpt lat="41.26058000761663" lon="26.325239979993718">
    <ele>20.810000000000002</ele>
   </trkpt>
   <trkpt lat="41.26107000568553" lon="26.32590498495853">
    <ele>20.44</ele>
   </trkpt>
   <trkpt lat="41.26156" lon="26.326570000000004">
    <ele>20.360000000000003</ele>
   </trkpt>
   <trkpt lat="41.26216667289352" lon="26.327419984173066">
    <ele>19.900000000000002</ele>
   </trkpt>
   <trkpt lat="41.26277333953574" lon="26.32826998413854">
    <ele>19.89</ele>
   </trkpt>
   <trkpt lat="41.263380000000005" lon="26.329120000000003">
    <ele>20.26</ele>
   </trkpt>
   <trkpt lat="41.26392500681906" lon="26.329844981843603">
    <ele>20.85</ele>
   </trkpt>
   <trkpt lat="41.26447000909026" lon="26.330569975788702">
    <ele>20.880000000000003</ele>
   </trkpt>
   <trkpt lat="41.26501500681348" lon="26.331294981835626">
    <ele>21.02</ele>
   </trkpt>
   <trkpt lat="41.26556" lon="26.332020000000004">
    <ele>21.080000000000002</ele>
   </trkpt>
   <trkpt lat="41.26568" lon="26.332200000000004">
    <ele>21.11</ele>
   </trkpt>
   <trkpt lat="41.265890000000006" lon="26.332620000000002">
    <ele>22.09</ele>
   </trkpt>
   <trkpt lat="41.266070000000006" lon="26.333090000000002">
    <ele>24.16</ele>
   </trkpt>
   <trkpt lat="41.26621" lon="26.333620000000003">
    <ele>25.92</ele>
   </trkpt>
   <trkpt lat="41.26625000000001" lon="26.33385">
    <ele>25.93</ele>
   </trkpt>
   <trkpt lat="41.266270000000006" lon="26.33404">
    <ele>26.060000000000002</ele>
   </trkpt>
   <trkpt lat="41.266290000000005" lon="26.334480000000003">
    <ele>26.11</ele>
   </trkpt>
   <trkpt lat="41.26628" lon="26.335140000000003">
    <ele>25.39</ele>
   </trkpt>
   <trkpt lat="41.266310000000004" lon="26.335790000000003">
    <ele>24.89</ele>
   </trkpt>
   <trkpt lat="41.26639" lon="26.336330000000004">
    <ele>24.200000000000003</ele>
   </trkpt>
   <trkpt lat="41.266600000000004" lon="26.337080000000004">
    <ele>23.46</ele>
   </trkpt>
   <trkpt lat="41.26693000334074" lon="26.337954995653018">
    <ele>22.820000000000004</ele>
   </trkpt>
   <trkpt lat="41.26726" lon="26.33883">
    <ele>22.69</ele>
   </trkpt>
   <trkpt lat="41.26755" lon="26.339650000000002">
    <ele>22.22</ele>
   </trkpt>
   <trkpt lat="41.267735001461986" lon="26.34022999837734">
    <ele>22.150000000000002</ele>
   </trkpt>
   <trkpt lat="41.267920000000004" lon="26.34081">
    <ele>21.970000000000002</ele>
   </trkpt>
   <trkpt lat="41.26809000223013" lon="26.341519998356905">
    <ele>21.77</ele>
   </trkpt>
   <trkpt lat="41.268260000000005" lon="26.34223">
    <ele>21.52</ele>
   </trkpt>
   <trkpt lat="41.26839500247721" lon="26.34298499850087">
    <ele>21.890000000000004</ele>
   </trkpt>
   <trkpt lat="41.268530000000005" lon="26.343740000000004">
    <ele>22.2</ele>
   </trkpt>
   <trkpt lat="41.26859500171106" lon="26.34436499958043">
    <ele>22.53</ele>
   </trkpt>
   <trkpt lat="41.268660000000004" lon="26.344990000000003">
    <ele>22.860000000000003</ele>
   </trkpt>
   <trkpt lat="41.268705001678576" lon="26.34561499941066">
    <ele>23.06</ele>
   </trkpt>
   <trkpt lat="41.268750000000004" lon="26.34624">
    <ele>23.500000000000004</ele>
   </trkpt>
   <trkpt lat="41.26876251227536" lon="26.347212499463808">
    <ele>23.330000000000002</ele>
   </trkpt>
   <trkpt lat="41.26877501636733" lon="26.348184999300237">
    <ele>23.17</ele>
   </trkpt>
   <trkpt lat="41.26878751227594" lon="26.349157499509037">
    <ele>22.22</ele>
   </trkpt>
   <trkpt lat="41.268800000000006" lon="26.350130000000004">
    <ele>21.720000000000002</ele>
   </trkpt>
   <trkpt lat="41.26880667497643" lon="26.351109999752882">
    <ele>20.900000000000002</ele>
   </trkpt>
   <trkpt lat="41.26881334164278" lon="26.35208999970602">
    <ele>20.44</ele>
   </trkpt>
   <trkpt lat="41.268820000000005" lon="26.353070000000002">
    <ele>20.14</ele>
   </trkpt>
   <trkpt lat="41.26876" lon="26.353910000000003">
    <ele>20.37</ele>
   </trkpt>
   <trkpt lat="41.268655004495486" lon="26.354930001695326">
    <ele>21.41</ele>
   </trkpt>
   <trkpt lat="41.268550000000005" lon="26.355950000000004">
    <ele>22.6</ele>
   </trkpt>
   <trkpt lat="41.26852500155264" lon="26.356550000346274">
    <ele>23.020000000000003</ele>
   </trkpt>
   <trkpt lat="41.2685" lon="26.35715">
    <ele>23.540000000000003</ele>
   </trkpt>
   <trkpt lat="41.268510000000006" lon="26.357660000000003">
    <ele>24.180000000000003</ele>
   </trkpt>
   <trkpt lat="41.268550000000005" lon="26.358330000000002">
    <ele>24.84</ele>
   </trkpt>
   <trkpt lat="41.2686550238488" lon="26.359379991554306">
    <ele>24.96</ele>
   </trkpt>
   <trkpt lat="41.26876003815807" lon="26.360429986486423">
    <ele>24.720000000000002</ele>
   </trkpt>
   <trkpt lat="41.26886504292778" lon="26.361479984796066">
    <ele>24.080000000000002</ele>
   </trkpt>
   <trkpt lat="41.26897003815783" lon="26.362529986482954">
    <ele>22.990000000000002</ele>
   </trkpt>
   <trkpt lat="41.26907502384817" lon="26.363579991546803">
    <ele>22.13</ele>
   </trkpt>
   <trkpt lat="41.269180000000006" lon="26.364630000000002">
    <ele>21.6</ele>
   </trkpt>
   <trkpt lat="41.26919" lon="26.365150000000003">
    <ele>21.41</ele>
   </trkpt>
   <trkpt lat="41.26926500281952" lon="26.365959998864284">
    <ele>20.970000000000002</ele>
   </trkpt>
   <trkpt lat="41.26934000000001" lon="26.366770000000002">
    <ele>20.67</ele>
   </trkpt>
   <trkpt lat="41.269360000000006" lon="26.36767">
    <ele>20.34</ele>
   </trkpt>
   <trkpt lat="41.26934500166059" lon="26.36829000024486">
    <ele>20.490000000000002</ele>
   </trkpt>
   <trkpt lat="41.269330000000004" lon="26.368910000000003">
    <ele>20.52</ele>
   </trkpt>
   <trkpt lat="41.26923" lon="26.369880000000002">
    <ele>21.490000000000002</ele>
   </trkpt>
   <trkpt lat="41.26972000000001" lon="26.369970000000002">
    <ele>21.45</ele>
   </trkpt>
   <trkpt lat="41.269830000000006" lon="26.370060000000002">
    <ele>21.53</ele>
   </trkpt>
   <trkpt lat="41.269980000000004" lon="26.370260000000002">
    <ele>21.85</ele>
   </trkpt>
   <trkpt lat="41.27020000501363" lon="26.37133499644571">
    <ele>22.240000000000002</ele>
   </trkpt>
   <trkpt lat="41.27042" lon="26.372410000000002">
    <ele>22.26</ele>
   </trkpt>
   <trkpt lat="41.270500000000006" lon="26.373420000000003">
    <ele>22.400000000000002</ele>
   </trkpt>
   <trkpt lat="41.27051667336566" lon="26.3742999994591">
    <ele>23.83</ele>
   </trkpt>
   <trkpt lat="41.27053334003059" lon="26.3751799993676">
    <ele>23.73</ele>
   </trkpt>
   <trkpt lat="41.27055" lon="26.376060000000003">
    <ele>24.0</ele>
   </trkpt>
   <trkpt lat="41.270540000000004" lon="26.376420000000003">
    <ele>23.69</ele>
   </trkpt>
   <trkpt lat="41.270480000000006" lon="26.37683">
    <ele>23.14</ele>
   </trkpt>
   <trkpt lat="41.27029" lon="26.377480000000002">
    <ele>22.39</ele>
   </trkpt>
   <trkpt lat="41.269910004177554" lon="26.378455005508687">
    <ele>22.69</ele>
   </trkpt>
   <trkpt lat="41.26953" lon="26.379430000000003">
    <ele>23.75</ele>
   </trkpt>
   <trkpt lat="41.26941" lon="26.37986">
    <ele>24.270000000000003</ele>
   </trkpt>
   <trkpt lat="41.26934000165872" lon="26.38048000070315">
    <ele>25.220000000000002</ele>
   </trkpt>
   <trkpt lat="41.269270000000006" lon="26.381100000000004">
    <ele>26.44</ele>
   </trkpt>
   <trkpt lat="41.269290000000005" lon="26.38143">
    <ele>27.76</ele>
   </trkpt>
   <trkpt lat="41.26939" lon="26.382150000000003">
    <ele>29.330000000000002</ele>
   </trkpt>
   <trkpt lat="41.26942500172223" lon="26.382779999753843">
    <ele>28.130000000000003</ele>
   </trkpt>
   <trkpt lat="41.26946" lon="26.38341">
    <ele>27.39</ele>
   </trkpt>
   <trkpt lat="41.26946" lon="26.383440000000004">
    <ele>27.360000000000003</ele>
   </trkpt>
   <trkpt lat="41.26946" lon="26.384220000000003">
    <ele>26.44</ele>
   </trkpt>
   <trkpt lat="41.26944" lon="26.384610000000002">
    <ele>26.21</ele>
   </trkpt>
   <trkpt lat="41.26934000000001" lon="26.38511">
    <ele>26.160000000000004</ele>
   </trkpt>
   <trkpt lat="41.269330000000004" lon="26.385410000000004">
    <ele>26.28</ele>
   </trkpt>
   <trkpt lat="41.26935500166054" lon="26.386029999700163">
    <ele>26.520000000000003</ele>
   </trkpt>
   <trkpt lat="41.269380000000005" lon="26.386650000000003">
    <ele>25.68</ele>
   </trkpt>
   <trkpt lat="41.26947500360965" lon="26.387564998548143">
    <ele>24.900000000000002</ele>
   </trkpt>
   <trkpt lat="41.26957" lon="26.38848">
    <ele>25.57</ele>
   </trkpt>
   <trkpt lat="41.26959" lon="26.38894">
    <ele>25.900000000000002</ele>
   </trkpt>
   <trkpt lat="41.26955" lon="26.38932">
    <ele>25.630000000000003</ele>
   </trkpt>
   <trkpt lat="41.269330000000004" lon="26.390320000000003">
    <ele>24.51</ele>
   </trkpt>
   <trkpt lat="41.2693" lon="26.39102">
    <ele>24.93</ele>
   </trkpt>
   <trkpt lat="41.269330000000004" lon="26.391510000000004">
    <ele>25.28</ele>
   </trkpt>
   <trkpt lat="41.269450000000006" lon="26.392580000000002">
    <ele>24.62</ele>
   </trkpt>
   <trkpt lat="41.2695800224318" lon="26.393598323190844">
    <ele>25.42</ele>
   </trkpt>
   <trkpt lat="41.26971003589078" lon="26.39461665043756">
    <ele>26.070000000000004</ele>
   </trkpt>
   <trkpt lat="41.269840040376906" lon="26.395634981739907">
    <ele>25.87</ele>
   </trkpt>
   <trkpt lat="41.26997003589006" lon="26.39665331709764">
    <ele>25.68</ele>
   </trkpt>
   <trkpt lat="41.270100022430206" lon="26.397671656510507">
    <ele>23.28</ele>
   </trkpt>
   <trkpt lat="41.270230000000005" lon="26.398690000000002">
    <ele>23.03</ele>
   </trkpt>
   <trkpt lat="41.27037000000001" lon="26.399400000000004">
    <ele>23.73</ele>
   </trkpt>
   <trkpt lat="41.270522510052984" lon="26.400279993844265">
    <ele>24.17</ele>
   </trkpt>
   <trkpt lat="41.2706750134053" lon="26.401159991799815">
    <ele>24.35</ele>
   </trkpt>
   <trkpt lat="41.27082751005688" lon="26.402039993866527">
    <ele>25.35</ele>
   </trkpt>
   <trkpt lat="41.27098" lon="26.40292">
    <ele>26.18</ele>
   </trkpt>
   <trkpt lat="41.270970000000005" lon="26.402890000000003">
    <ele>26.150000000000002</ele>
   </trkpt>
   <trkpt lat="41.271180005784046" lon="26.404044996353477">
    <ele>26.650000000000002</ele>
   </trkpt>
   <trkpt lat="41.271390000000004" lon="26.4052">
    <ele>26.0</ele>
   </trkpt>
   <trkpt lat="41.271550000000005" lon="26.405800000000003">
    <ele>25.540000000000003</ele>
   </trkpt>
   <trkpt lat="41.27178500140418" lon="26.406364998021633">
    <ele>25.16</ele>
   </trkpt>
   <trkpt lat="41.272020000000005" lon="26.406930000000003">
    <ele>25.16</ele>
   </trkpt>
   <trkpt lat="41.27224000176627" lon="26.407559998017547">
    <ele>24.6</ele>
   </trkpt>
   <trkpt lat="41.27246" lon="26.40819">
    <ele>24.23</ele>
   </trkpt>
   <trkpt lat="41.27273000455948" lon="26.408913327436206">
    <ele>24.77</ele>
   </trkpt>
   <trkpt lat="41.27300000459171" lon="26.409636660855796">
    <ele>24.98</ele>
   </trkpt>
   <trkpt lat="41.273270000000004" lon="26.41036">
    <ele>24.900000000000002</ele>
   </trkpt>
   <trkpt lat="41.27363000305313" lon="26.411194995480074">
    <ele>25.17</ele>
   </trkpt>
   <trkpt lat="41.273990000000005" lon="26.41203">
    <ele>26.1</ele>
   </trkpt>
   <trkpt lat="41.27427" lon="26.41261">
    <ele>26.830000000000002</ele>
   </trkpt>
   <trkpt lat="41.27473333971546" lon="26.41346998775871">
    <ele>27.76</ele>
   </trkpt>
   <trkpt lat="41.27519667303127" lon="26.414329987726">
    <ele>29.400000000000002</ele>
   </trkpt>
   <trkpt lat="41.27566" lon="26.415190000000003">
    <ele>31.01</ele>
   </trkpt>
   <trkpt lat="41.27616500349536" lon="26.416084993128305">
    <ele>32.53</ele>
   </trkpt>
   <trkpt lat="41.27667" lon="26.416980000000002">
    <ele>33.96</ele>
   </trkpt>
   <trkpt lat="41.277090002085075" lon="26.41766999560147">
    <ele>35.52</ele>
   </trkpt>
   <trkpt lat="41.27751000000001" lon="26.418360000000003">
    <ele>35.4</ele>
   </trkpt>
   <trkpt lat="41.27808" lon="26.419220000000003">
    <ele>34.72</ele>
   </trkpt>
   <trkpt lat="41.27860667173767" lon="26.419986654271632">
    <ele>33.43</ele>
   </trkpt>
   <trkpt lat="41.2791333383893" lon="26.42075332091622">
    <ele>32.400000000000006</ele>
   </trkpt>
   <trkpt lat="41.27966000000001" lon="26.42152">
    <ele>31.12</ele>
   </trkpt>
   <trkpt lat="41.280146670803305" lon="26.422209989733346">
    <ele>30.310000000000002</ele>
   </trkpt>
   <trkpt lat="41.28063333748686" lon="26.422899989757166">
    <ele>29.490000000000002</ele>
   </trkpt>
   <trkpt lat="41.28112" lon="26.42359">
    <ele>28.98</ele>
   </trkpt>
   <trkpt lat="41.281270000000006" lon="26.423830000000002">
    <ele>28.880000000000003</ele>
   </trkpt>
   <trkpt lat="41.281650000000006" lon="26.424590000000002">
    <ele>28.290000000000003</ele>
   </trkpt>
   <trkpt lat="41.281973337774666" lon="26.42530332634905">
    <ele>27.28</ele>
   </trkpt>
   <trkpt lat="41.28229667114622" lon="26.426016659766603">
    <ele>26.72</ele>
   </trkpt>
   <trkpt lat="41.28262" lon="26.426730000000003">
    <ele>25.810000000000002</ele>
   </trkpt>
   <trkpt lat="41.283010008469006" lon="26.427537485533367">
    <ele>25.52</ele>
   </trkpt>
   <trkpt lat="41.28340001129569" lon="26.42834498071853">
    <ele>25.240000000000002</ele>
   </trkpt>
   <trkpt lat="41.28379000847993" lon="26.429152485555605">
    <ele>25.0</ele>
   </trkpt>
   <trkpt lat="41.284180000000006" lon="26.42996">
    <ele>24.64</ele>
   </trkpt>
   <trkpt lat="41.28461000219046" lon="26.430664995419853">
    <ele>24.96</ele>
   </trkpt>
   <trkpt lat="41.28504" lon="26.43137">
    <ele>25.34</ele>
   </trkpt>
   <trkpt lat="41.28542" lon="26.43192">
    <ele>25.95</ele>
   </trkpt>
   <trkpt lat="41.28589" lon="26.432570000000002">
    <ele>26.42</ele>
   </trkpt>
   <trkpt lat="41.28652" lon="26.433320000000002">
    <ele>26.990000000000002</ele>
   </trkpt>
   <trkpt lat="41.28663" lon="26.43343">
    <ele>27.040000000000003</ele>
   </trkpt>
   <trkpt lat="41.28698000000001" lon="26.4337">
    <ele>26.88</ele>
   </trkpt>
   <trkpt lat="41.287560000000006" lon="26.434060000000002">
    <ele>25.730000000000004</ele>
   </trkpt>
   <trkpt lat="41.28807500058982" lon="26.434409997278006">
    <ele>25.35</ele>
   </trkpt>
   <trkpt lat="41.288590000000006" lon="26.43476">
    <ele>25.42</ele>
   </trkpt>
   <trkpt lat="41.28930500080622" lon="26.435194995225213">
    <ele>25.380000000000003</ele>
   </trkpt>
   <trkpt lat="41.290020000000005" lon="26.435630000000003">
    <ele>25.5</ele>
   </trkpt>
   <trkpt lat="41.29027000000001" lon="26.4358">
    <ele>25.42</ele>
   </trkpt>
   <trkpt lat="41.29059" lon="26.436090000000004">
    <ele>25.17</ele>
   </trkpt>
   <trkpt lat="41.291180002989655" lon="26.436673322826813">
    <ele>25.02</ele>
   </trkpt>
   <trkpt lat="41.29177000303473" lon="26.437256656204553">
    <ele>24.51</ele>
   </trkpt>
   <trkpt lat="41.29236" lon="26.43784">
    <ele>24.28</ele>
   </trkpt>
   <trkpt lat="41.29269" lon="26.43814">
    <ele>24.59</ele>
   </trkpt>
   <trkpt lat="41.292880000000004" lon="26.438250000000004">
    <ele>24.700000000000003</ele>
   </trkpt>
   <trkpt lat="41.29363" lon="26.438360000000003">
    <ele>25.540000000000003</ele>
   </trkpt>
   <trkpt lat="41.29381" lon="26.438450000000003">
    <ele>25.66</ele>
   </trkpt>
   <trkpt lat="41.29388" lon="26.43851">
    <ele>25.66</ele>
   </trkpt>
   <trkpt lat="41.293960000000006" lon="26.43861">
    <ele>25.630000000000003</ele>
   </trkpt>
   <trkpt lat="41.294090000000004" lon="26.43888">
    <ele>25.240000000000002</ele>
   </trkpt>
   <trkpt lat="41.29412000000001" lon="26.43908">
    <ele>25.240000000000002</ele>
   </trkpt>
   <trkpt lat="41.29412000000001" lon="26.439850000000003">
    <ele>24.16</ele>
   </trkpt>
   <trkpt lat="41.29419" lon="26.440240000000003">
    <ele>24.130000000000003</ele>
   </trkpt>
   <trkpt lat="41.29433" lon="26.440510000000003">
    <ele>24.41</ele>
   </trkpt>
   <trkpt lat="41.29495000318011" lon="26.44137499169828">
    <ele>25.030000000000005</ele>
   </trkpt>
   <trkpt lat="41.295570000000005" lon="26.44224">
    <ele>25.57</ele>
   </trkpt>
   <trkpt lat="41.29589000120465" lon="26.442754997565267">
    <ele>25.580000000000002</ele>
   </trkpt>
   <trkpt lat="41.29621" lon="26.443270000000002">
    <ele>25.330000000000002</ele>
   </trkpt>
   <trkpt lat="41.29657000139179" lon="26.443809997214707">
    <ele>24.66</ele>
   </trkpt>
   <trkpt lat="41.29693" lon="26.444350000000004">
    <ele>24.810000000000002</ele>
   </trkpt>
   <trkpt lat="41.29735000324105" lon="26.44495999217447">
    <ele>25.0</ele>
   </trkpt>
   <trkpt lat="41.29777000326205" lon="26.44556999220486">
    <ele>25.240000000000002</ele>
   </trkpt>
   <trkpt lat="41.298190000000005" lon="26.446180000000002">
    <ele>25.27</ele>
   </trkpt>
   <trkpt lat="41.29859000148991" lon="26.446784996147606">
    <ele>25.470000000000002</ele>
   </trkpt>
   <trkpt lat="41.29899" lon="26.447390000000002">
    <ele>26.03</ele>
   </trkpt>
   <trkpt lat="41.29916" lon="26.44771">
    <ele>26.160000000000004</ele>
   </trkpt>
   <trkpt lat="41.29932" lon="26.44807">
    <ele>26.44</ele>
   </trkpt>
   <trkpt lat="41.299620000000004" lon="26.44881">
    <ele>27.360000000000003</ele>
   </trkpt>
   <trkpt lat="41.29991750888918" lon="26.449637488676952">
    <ele>27.720000000000002</ele>
   </trkpt>
   <trkpt lat="41.30021501185259" lon="26.450464984903398">
    <ele>27.76</ele>
   </trkpt>
   <trkpt lat="41.300512508890144" lon="26.45129248867934">
    <ele>27.380000000000003</ele>
   </trkpt>
   <trkpt lat="41.300810000000006" lon="26.45212">
    <ele>26.770000000000003</ele>
   </trkpt>
   <trkpt lat="41.30114667405936" lon="26.453043323840696">
    <ele>25.96</ele>
   </trkpt>
   <trkpt lat="41.30148334074086" lon="26.45396665721458">
    <ele>25.23</ele>
   </trkpt>
   <trkpt lat="41.301820000000006" lon="26.454890000000002">
    <ele>25.44</ele>
   </trkpt>
   <trkpt lat="41.30212" lon="26.455930000000002">
    <ele>26.29</ele>
   </trkpt>
   <trkpt lat="41.30239000438836" lon="26.45692999608685">
    <ele>27.000000000000004</ele>
   </trkpt>
   <trkpt lat="41.30266" lon="26.45793">
    <ele>26.840000000000003</ele>
   </trkpt>
   <trkpt lat="41.3029400041017" lon="26.45890499577291">
    <ele>26.54</ele>
   </trkpt>
   <trkpt lat="41.30322" lon="26.459880000000002">
    <ele>25.810000000000002</ele>
   </trkpt>
   <trkpt lat="41.30355667713601" lon="26.460979988634943">
    <ele>25.1</ele>
   </trkpt>
   <trkpt lat="41.30389334380065" lon="26.462079988628137">
    <ele>24.740000000000002</ele>
   </trkpt>
   <trkpt lat="41.304230000000004" lon="26.46318">
    <ele>24.610000000000003</ele>
   </trkpt>
   <trkpt lat="41.304450002146844" lon="26.463869997944112">
    <ele>24.84</ele>
   </trkpt>
   <trkpt lat="41.30467" lon="26.464560000000002">
    <ele>25.34</ele>
   </trkpt>
   <trkpt lat="41.30491000000001" lon="26.46526">
    <ele>25.42</ele>
   </trkpt>
   <trkpt lat="41.305170001573316" lon="26.465854997722307">
    <ele>25.39</ele>
   </trkpt>
   <trkpt lat="41.30543" lon="26.466450000000002">
    <ele>25.23</ele>
   </trkpt>
   <trkpt lat="41.30572" lon="26.467010000000002">
    <ele>25.26</ele>
   </trkpt>
   <trkpt lat="41.30615" lon="26.467720000000003">
    <ele>25.41</ele>
   </trkpt>
   <trkpt lat="41.30662500184639" lon="26.46836999528969">
    <ele>25.79</ele>
   </trkpt>
   <trkpt lat="41.307100000000005" lon="26.46902">
    <ele>26.2</ele>
   </trkpt>
   <trkpt lat="41.307725002452656" lon="26.469764992919373">
    <ele>26.2</ele>
   </trkpt>
   <trkpt lat="41.308350000000004" lon="26.47051">
    <ele>25.67</ele>
   </trkpt>
   <trkpt lat="41.30875500086262" lon="26.470959997189546">
    <ele>25.62</ele>
   </trkpt>
   <trkpt lat="41.309160000000006" lon="26.471410000000002">
    <ele>25.59</ele>
   </trkpt>
   <trkpt lat="41.30969000178576" lon="26.47186665922546">
    <ele>26.29</ele>
   </trkpt>
   <trkpt lat="41.31022000176674" lon="26.472323325875635">
    <ele>27.020000000000003</ele>
   </trkpt>
   <trkpt lat="41.310750000000006" lon="26.472780000000004">
    <ele>28.16</ele>
   </trkpt>
   <trkpt lat="41.311320000987855" lon="26.47324999591698">
    <ele>28.66</ele>
   </trkpt>
   <trkpt lat="41.311890000000005" lon="26.473720000000004">
    <ele>28.66</ele>
   </trkpt>
   <trkpt lat="41.312310000000004" lon="26.474100000000004">
    <ele>28.600000000000005</ele>
   </trkpt>
   <trkpt lat="41.31282500083389" lon="26.47448999705203">
    <ele>28.39</ele>
   </trkpt>
   <trkpt lat="41.313340000000004" lon="26.474880000000002">
    <ele>27.930000000000003</ele>
   </trkpt>
   <trkpt lat="41.314020000000006" lon="26.475360000000002">
    <ele>27.06</ele>
   </trkpt>
   <trkpt lat="41.3145950006526" lon="26.475719996881885">
    <ele>25.84</ele>
   </trkpt>
   <trkpt lat="41.31517" lon="26.476080000000003">
    <ele>25.45</ele>
   </trkpt>
   <trkpt lat="41.315690000000004" lon="26.476440000000004">
    <ele>25.300000000000004</ele>
   </trkpt>
   <trkpt lat="41.31593" lon="26.476630000000004">
    <ele>25.43</ele>
   </trkpt>
   <trkpt lat="41.316410000000005" lon="26.47715">
    <ele>25.800000000000004</ele>
   </trkpt>
   <trkpt lat="41.31676" lon="26.47762">
    <ele>26.150000000000002</ele>
   </trkpt>
   <trkpt lat="41.31698" lon="26.477860000000003">
    <ele>26.42</ele>
   </trkpt>
   <trkpt lat="41.317190000000004" lon="26.478050000000003">
    <ele>26.67</ele>
   </trkpt>
   <trkpt lat="41.31741" lon="26.47828">
    <ele>26.750000000000004</ele>
   </trkpt>
   <trkpt lat="41.317530000000005" lon="26.47847">
    <ele>26.89</ele>
   </trkpt>
   <trkpt lat="41.31758000000001" lon="26.478600000000004">
    <ele>26.860000000000003</ele>
   </trkpt>
   <trkpt lat="41.317690000000006" lon="26.478930000000002">
    <ele>26.900000000000002</ele>
   </trkpt>
   <trkpt lat="41.31783" lon="26.479630000000004">
    <ele>27.070000000000004</ele>
   </trkpt>
   <trkpt lat="41.31796000000001" lon="26.47997">
    <ele>26.990000000000002</ele>
   </trkpt>
   <trkpt lat="41.31838201079555" lon="26.480759979526166">
    <ele>26.62</ele>
   </trkpt>
   <trkpt lat="41.318804016189915" lon="26.481549969282444">
    <ele>25.580000000000002</ele>
   </trkpt>
   <trkpt lat="41.31922601618295" lon="26.482339969268978">
    <ele>24.94</ele>
   </trkpt>
   <trkpt lat="41.319648010774515" lon="26.483129979485927">
    <ele>24.400000000000002</ele>
   </trkpt>
   <trkpt lat="41.32007" lon="26.48392">
    <ele>24.0</ele>
   </trkpt>
   <trkpt lat="41.32036" lon="26.48441">
    <ele>24.080000000000002</ele>
   </trkpt>
   <trkpt lat="41.32052" lon="26.484630000000003">
    <ele>24.080000000000002</ele>
   </trkpt>
   <trkpt lat="41.3207" lon="26.484830000000002">
    <ele>24.080000000000002</ele>
   </trkpt>
   <trkpt lat="41.32108" lon="26.485200000000003">
    <ele>24.19</ele>
   </trkpt>
   <trkpt lat="41.32159333527844" lon="26.485669992626075">
    <ele>24.57</ele>
   </trkpt>
   <trkpt lat="41.32210666864506" lon="26.486139992656465">
    <ele>25.0</ele>
   </trkpt>
   <trkpt lat="41.32262" lon="26.486610000000002">
    <ele>25.720000000000002</ele>
   </trkpt>
   <trkpt lat="41.322900000000004" lon="26.486890000000002">
    <ele>25.970000000000002</ele>
   </trkpt>
   <trkpt lat="41.323130000000006" lon="26.487170000000003">
    <ele>26.400000000000002</ele>
   </trkpt>
   <trkpt lat="41.32354000225077" lon="26.487879995652847">
    <ele>28.060000000000002</ele>
   </trkpt>
   <trkpt lat="41.32395" lon="26.488590000000002">
    <ele>27.950000000000003</ele>
   </trkpt>
   <trkpt lat="41.3241" lon="26.4888">
    <ele>27.590000000000003</ele>
   </trkpt>
   <trkpt lat="41.324580000000005" lon="26.489320000000003">
    <ele>25.34</ele>
   </trkpt>
   <trkpt lat="41.324670000000005" lon="26.48946">
    <ele>25.040000000000003</ele>
   </trkpt>
   <trkpt lat="41.325010000000006" lon="26.490160000000003">
    <ele>26.01</ele>
   </trkpt>
   <trkpt lat="41.325320000000005" lon="26.490620000000003">
    <ele>28.970000000000002</ele>
   </trkpt>
   <trkpt lat="41.325700000000005" lon="26.49107">
    <ele>30.88</ele>
   </trkpt>
   <trkpt lat="41.3262925040688" lon="26.49162998472082">
    <ele>31.060000000000002</ele>
   </trkpt>
   <trkpt lat="41.32688500542348" lon="26.492189979625973">
    <ele>31.650000000000002</ele>
   </trkpt>
   <trkpt lat="41.32747750406396" lon="26.49274998471579">
    <ele>29.580000000000002</ele>
   </trkpt>
   <trkpt lat="41.328070000000004" lon="26.49331">
    <ele>29.990000000000002</ele>
   </trkpt>
   <trkpt lat="41.32859000094575" lon="26.493764996412153">
    <ele>30.12</ele>
   </trkpt>
   <trkpt lat="41.32911" lon="26.494220000000002">
    <ele>28.82</ele>
   </trkpt>
   <trkpt lat="41.32938" lon="26.49444">
    <ele>27.87</ele>
   </trkpt>
   <trkpt lat="41.329600000000006" lon="26.494570000000003">
    <ele>26.740000000000002</ele>
   </trkpt>
   <trkpt lat="41.32977" lon="26.49463">
    <ele>26.140000000000004</ele>
   </trkpt>
   <trkpt lat="41.329950000000004" lon="26.494670000000003">
    <ele>25.650000000000002</ele>
   </trkpt>
   <trkpt lat="41.3301" lon="26.494680000000002">
    <ele>25.540000000000003</ele>
   </trkpt>
   <trkpt lat="41.33046" lon="26.49463">
    <ele>26.150000000000002</ele>
   </trkpt>
   <trkpt lat="41.330740000000006" lon="26.494570000000003">
    <ele>26.72</ele>
   </trkpt>
   <trkpt lat="41.33090000000001" lon="26.494470000000003">
    <ele>27.330000000000002</ele>
   </trkpt>
   <trkpt lat="41.331050000000005" lon="26.49433">
    <ele>27.49</ele>
   </trkpt>
   <trkpt lat="41.33142" lon="26.49386">
    <ele>26.430000000000003</ele>
   </trkpt>
   <trkpt lat="41.331630000000004" lon="26.493710000000004">
    <ele>25.080000000000002</ele>
   </trkpt>
   <trkpt lat="41.33171" lon="26.4937">
    <ele>24.690000000000005</ele>
   </trkpt>
   <trkpt lat="41.3318" lon="26.49377">
    <ele>23.22</ele>
   </trkpt>
   <trkpt lat="41.332080000000005" lon="26.493160000000003">
    <ele>23.040000000000003</ele>
   </trkpt>
   <trkpt lat="41.33216" lon="26.49303">
    <ele>23.040000000000003</ele>
   </trkpt>
   <trkpt lat="41.33263" lon="26.492500000000003">
    <ele>24.040000000000003</ele>
   </trkpt>
   <trkpt lat="41.333000000000006" lon="26.492230000000003">
    <ele>24.16</ele>
   </trkpt>
   <trkpt lat="41.333666669213144" lon="26.491690011034652">
    <ele>24.490000000000002</ele>
   </trkpt>
   <trkpt lat="41.33433333590247" lon="26.491150011016476">
    <ele>25.32</ele>
   </trkpt>
   <trkpt lat="41.335" lon="26.490610000000004">
    <ele>26.09</ele>
   </trkpt>
   <trkpt lat="41.33534" lon="26.490350000000003">
    <ele>26.1</ele>
   </trkpt>
   <trkpt lat="41.335570000000004" lon="26.490240000000004">
    <ele>25.810000000000002</ele>
   </trkpt>
   <trkpt lat="41.335820000000005" lon="26.490170000000003">
    <ele>25.200000000000003</ele>
   </trkpt>
   <trkpt lat="41.33652" lon="26.490080000000003">
    <ele>24.220000000000002</ele>
   </trkpt>
   <trkpt lat="41.336870000000005" lon="26.490060000000003">
    <ele>24.240000000000002</ele>
   </trkpt>
   <trkpt lat="41.33724" lon="26.490070000000003">
    <ele>24.44</ele>
   </trkpt>
   <trkpt lat="41.337700000000005" lon="26.490150000000003">
    <ele>24.41</ele>
   </trkpt>
   <trkpt lat="41.337880000000006" lon="26.4902">
    <ele>24.41</ele>
   </trkpt>
   <trkpt lat="41.33807" lon="26.49031">
    <ele>24.07</ele>
   </trkpt>
   <trkpt lat="41.33823" lon="26.49048">
    <ele>23.85</ele>
   </trkpt>
   <trkpt lat="41.338330000000006" lon="26.490630000000003">
    <ele>23.720000000000002</ele>
   </trkpt>
   <trkpt lat="41.33878" lon="26.491470000000003">
    <ele>24.25</ele>
   </trkpt>
   <trkpt lat="41.338930000000005" lon="26.4917">
    <ele>24.82</ele>
   </trkpt>
   <trkpt lat="41.33903" lon="26.49181">
    <ele>24.82</ele>
   </trkpt>
   <trkpt lat="41.339180000000006" lon="26.491930000000004">
    <ele>26.29</ele>
   </trkpt>
   <trkpt lat="41.33979" lon="26.492140000000003">
    <ele>27.66</ele>
   </trkpt>
   <trkpt lat="41.34013" lon="26.492240000000002">
    <ele>29.380000000000003</ele>
   </trkpt>
   <trkpt lat="41.340520000000005" lon="26.492390000000004">
    <ele>30.45</ele>
   </trkpt>
   <trkpt lat="41.34094" lon="26.492580000000004">
    <ele>30.950000000000003</ele>
   </trkpt>
   <trkpt lat="41.34131" lon="26.492770000000004">
    <ele>30.79</ele>
   </trkpt>
   <trkpt lat="41.34172" lon="26.493090000000002">
    <ele>30.150000000000002</ele>
   </trkpt>
   <trkpt lat="41.342165000353866" lon="26.493394997882415">
    <ele>28.64</ele>
   </trkpt>
   <trkpt lat="41.34261" lon="26.4937">
    <ele>27.51</ele>
   </trkpt>
   <trkpt lat="41.3430150001598" lon="26.493999997964053">
    <ele>26.94</ele>
   </trkpt>
   <trkpt lat="41.34342" lon="26.494300000000003">
    <ele>26.85</ele>
   </trkpt>
   <trkpt lat="41.34346" lon="26.494320000000002">
    <ele>26.89</ele>
   </trkpt>
   <trkpt lat="41.34420000124924" lon="26.494854993927763">
    <ele>27.880000000000003</ele>
   </trkpt>
   <trkpt lat="41.34494" lon="26.49539">
    <ele>26.220000000000002</ele>
   </trkpt>
   <trkpt lat="41.3455" lon="26.495770000000004">
    <ele>25.400000000000002</ele>
   </trkpt>
   <trkpt lat="41.345890000000004" lon="26.49593">
    <ele>24.110000000000003</ele>
   </trkpt>
   <trkpt lat="41.345960000000005" lon="26.49594">
    <ele>24.110000000000003</ele>
   </trkpt>
   <trkpt lat="41.3461" lon="26.49592">
    <ele>23.69</ele>
   </trkpt>
   <trkpt lat="41.3462" lon="26.495880000000003">
    <ele>23.76</ele>
   </trkpt>
   <trkpt lat="41.346900000000005" lon="26.495430000000002">
    <ele>23.790000000000003</ele>
   </trkpt>
   <trkpt lat="41.34736" lon="26.495590000000004">
    <ele>24.110000000000003</ele>
   </trkpt>
   <trkpt lat="41.34782999991349" lon="26.495674999365114">
    <ele>25.18</ele>
   </trkpt>
   <trkpt lat="41.3483" lon="26.49576">
    <ele>27.380000000000003</ele>
   </trkpt>
   <trkpt lat="41.34897" lon="26.49584">
    <ele>31.470000000000006</ele>
   </trkpt>
   <trkpt lat="41.349230000000006" lon="26.495970000000003">
    <ele>32.760000000000005</ele>
   </trkpt>
   <trkpt lat="41.3496" lon="26.496380000000002">
    <ele>33.910000000000004</ele>
   </trkpt>
   <trkpt lat="41.35014" lon="26.49706">
    <ele>35.06</ele>
   </trkpt>
   <trkpt lat="41.35042000000001" lon="26.497280000000003">
    <ele>35.61</ele>
   </trkpt>
   <trkpt lat="41.350930000000005" lon="26.49808">
    <ele>37.15</ele>
   </trkpt>
   <trkpt lat="41.35126" lon="26.49864">
    <ele>37.71</ele>
   </trkpt>
   <trkpt lat="41.351490000000005" lon="26.49911">
    <ele>38.3</ele>
   </trkpt>
   <trkpt lat="41.35173" lon="26.499730000000003">
    <ele>39.03</ele>
   </trkpt>
   <trkpt lat="41.35181" lon="26.49996">
    <ele>39.220000000000006</ele>
   </trkpt>
   <trkpt lat="41.351960000000005" lon="26.500590000000003">
    <ele>39.74</ele>
   </trkpt>
   <trkpt lat="41.35204" lon="26.5008">
    <ele>40.13</ele>
   </trkpt>
   <trkpt lat="41.352180000000004" lon="26.501050000000003">
    <ele>40.440000000000005</ele>
   </trkpt>
   <trkpt lat="41.35260000190031" lon="26.501694995991766">
    <ele>40.2</ele>
   </trkpt>
   <trkpt lat="41.35302" lon="26.502340000000004">
    <ele>39.769999999999996</ele>
   </trkpt>
   <trkpt lat="41.353500000000004" lon="26.503020000000003">
    <ele>39.25</ele>
   </trkpt>
   <trkpt lat="41.35399000138244" lon="26.50354499625113">
    <ele>38.71</ele>
   </trkpt>
   <trkpt lat="41.35448" lon="26.504070000000002">
    <ele>38.01</ele>
   </trkpt>
   <trkpt lat="41.35501" lon="26.50468">
    <ele>36.46000000000001</ele>
   </trkpt>
   <trkpt lat="41.35547000354372" lon="26.5053233241861">
    <ele>35.33</ele>
   </trkpt>
   <trkpt lat="41.35593000350493" lon="26.50596665746505">
    <ele>34.33</ele>
   </trkpt>
   <trkpt lat="41.356390000000005" lon="26.506610000000002">
    <ele>32.96</ele>
   </trkpt>
   <trkpt lat="41.356700000000004" lon="26.50701">
    <ele>32.07</ele>
   </trkpt>
   <trkpt lat="41.356970000000004" lon="26.50728">
    <ele>31.810000000000006</ele>
   </trkpt>
   <trkpt lat="41.35754" lon="26.50768">
    <ele>31.52</ele>
   </trkpt>
   <trkpt lat="41.35828500060251" lon="26.50807999537305">
    <ele>32.36</ele>
   </trkpt>
   <trkpt lat="41.359030000000004" lon="26.508480000000002">
    <ele>35.74</ele>
   </trkpt>
   <trkpt lat="41.359350000000006" lon="26.5087">
    <ele>36.980000000000004</ele>
   </trkpt>
   <trkpt lat="41.35965" lon="26.508960000000002">
    <ele>38.09</ele>
   </trkpt>
   <trkpt lat="41.36009000000001" lon="26.509390000000003">
    <ele>41.2</ele>
   </trkpt>
   <trkpt lat="41.36021" lon="26.509400000000003">
    <ele>42.13</ele>
   </trkpt>
   <trkpt lat="41.360380000000006" lon="26.50944">
    <ele>42.95</ele>
   </trkpt>
   <trkpt lat="41.360620000000004" lon="26.50965">
    <ele>45.26</ele>
   </trkpt>
   <trkpt lat="41.36101" lon="26.510070000000002">
    <ele>48.830000000000005</ele>
   </trkpt>
   <trkpt lat="41.361395000737545" lon="26.510459997773008">
    <ele>51.410000000000004</ele>
   </trkpt>
   <trkpt lat="41.36178" lon="26.51085">
    <ele>52.21000000000001</ele>
   </trkpt>
   <trkpt lat="41.362080000000006" lon="26.511120000000002">
    <ele>52.15</ele>
   </trkpt>
   <trkpt lat="41.36234" lon="26.511260000000004">
    <ele>52.17</ele>
   </trkpt>
   <trkpt lat="41.36265" lon="26.51133">
    <ele>52.35000000000001</ele>
   </trkpt>
   <trkpt lat="41.36318500020083" lon="26.511414999328117">
    <ele>52.620000000000005</ele>
   </trkpt>
   <trkpt lat="41.36372" lon="26.5115">
    <ele>53.03000000000001</ele>
   </trkpt>
   <trkpt lat="41.364160000000005" lon="26.51162">
    <ele>55.18000000000001</ele>
   </trkpt>
   <trkpt lat="41.3648350001916" lon="26.511839997712002">
    <ele>57.74</ele>
   </trkpt>
   <trkpt lat="41.36551" lon="26.51206">
    <ele>60.660000000000004</ele>
   </trkpt>
   <trkpt lat="41.365500000000004" lon="26.51206">
    <ele>60.620000000000005</ele>
   </trkpt>
   <trkpt lat="41.36629500265682" lon="26.512320971299125">
    <ele>63.97</ele>
   </trkpt>
   <trkpt lat="41.367090004724076" lon="26.512581948975583">
    <ele>65.98</ele>
   </trkpt>
   <trkpt lat="41.36788500620171" lon="26.51284293302971">
    <ele>67.85000000000001</ele>
   </trkpt>
   <trkpt lat="41.3686800070897" lon="26.513103923461838">
    <ele>69.02000000000001</ele>
   </trkpt>
   <trkpt lat="41.36947500738803" lon="26.513364920272295">
    <ele>70.87</ele>
   </trkpt>
   <trkpt lat="41.37027000709666" lon="26.5136259234614">
    <ele>74.38</ele>
   </trkpt>
   <trkpt lat="41.37106500621556" lon="26.5138869330295">
    <ele>76.00000000000001</ele>
   </trkpt>
   <trkpt lat="41.37186000474469" lon="26.514147948976916">
    <ele>78.4</ele>
   </trkpt>
   <trkpt lat="41.372655002684034" lon="26.51440897130398">
    <ele>81.79</ele>
   </trkpt>
   <trkpt lat="41.373450000000005" lon="26.514670000000002">
    <ele>83.99000000000001</ele>
   </trkpt>
   <trkpt lat="41.37419000017961" lon="26.514894997428357">
    <ele>86.23</ele>
   </trkpt>
   <trkpt lat="41.374930000000006" lon="26.515120000000003">
    <ele>87.9</ele>
   </trkpt>
   <trkpt lat="41.37534" lon="26.515210000000003">
    <ele>88.23</ele>
   </trkpt>
   <trkpt lat="41.37580000006682" lon="26.515284999476528">
    <ele>89.01</ele>
   </trkpt>
   <trkpt lat="41.37626" lon="26.51536">
    <ele>90.4</ele>
   </trkpt>
   <trkpt lat="41.37628" lon="26.51537">
    <ele>90.47000000000001</ele>
   </trkpt>
   <trkpt lat="41.3765" lon="26.515410000000003">
    <ele>91.47000000000001</ele>
   </trkpt>
   <trkpt lat="41.37704500010207" lon="26.51545499963064">
    <ele>93.61000000000001</ele>
   </trkpt>
   <trkpt lat="41.377590000000005" lon="26.515500000000003">
    <ele>94.51</ele>
   </trkpt>
   <trkpt lat="41.3782300000455" lon="26.515534999657792">
    <ele>96.07000000000001</ele>
   </trkpt>
   <trkpt lat="41.378870000000006" lon="26.515570000000004">
    <ele>96.63000000000001</ele>
   </trkpt>
   <trkpt lat="41.379644999986255" lon="26.51553500041794">
    <ele>97.81</ele>
   </trkpt>
   <trkpt lat="41.38042" lon="26.515500000000003">
    <ele>99.71000000000001</ele>
   </trkpt>
   <trkpt lat="41.380930000000006" lon="26.515500000000003">
    <ele>100.67</ele>
   </trkpt>
   <trkpt lat="41.38138" lon="26.51554">
    <ele>101.27000000000001</ele>
   </trkpt>
   <trkpt lat="41.38196000000001" lon="26.51563">
    <ele>102.54</ele>
   </trkpt>
   <trkpt lat="41.38278000038137" lon="26.515797493666984">
    <ele>104.95000000000002</ele>
   </trkpt>
   <trkpt lat="41.38360000051989" lon="26.515964991558146">
    <ele>107.12</ele>
   </trkpt>
   <trkpt lat="41.38442000041551" lon="26.51613249367372">
    <ele>108.13</ele>
   </trkpt>
   <trkpt lat="41.38524" lon="26.5163">
    <ele>109.23</ele>
   </trkpt>
   <trkpt lat="41.38588" lon="26.516460000000002">
    <ele>110.32000000000001</ele>
   </trkpt>
   <trkpt lat="41.386390000000006" lon="26.516620000000003">
    <ele>109.27000000000001</ele>
   </trkpt>
   <trkpt lat="41.38689" lon="26.516820000000003">
    <ele>108.18</ele>
   </trkpt>
   <trkpt lat="41.38772" lon="26.517200000000003">
    <ele>106.11000000000001</ele>
   </trkpt>
   <trkpt lat="41.388330001478614" lon="26.51761332557696">
    <ele>106.28000000000002</ele>
   </trkpt>
   <trkpt lat="41.38894000147817" lon="26.518026658909882">
    <ele>106.00000000000001</ele>
   </trkpt>
   <trkpt lat="41.38955" lon="26.518440000000002">
    <ele>104.13000000000001</ele>
   </trkpt>
   <trkpt lat="41.390335000933504" lon="26.51892499409138">
    <ele>101.37</ele>
   </trkpt>
   <trkpt lat="41.39112" lon="26.51941">
    <ele>97.77000000000001</ele>
   </trkpt>
   <trkpt lat="41.39185250205811" lon="26.51980998646769">
    <ele>94.98</ele>
   </trkpt>
   <trkpt lat="41.39258500273107" lon="26.520209981949485">
    <ele>92.47000000000001</ele>
   </trkpt>
   <trkpt lat="41.39331750201882" lon="26.520609986445788">
    <ele>88.16</ele>
   </trkpt>
   <trkpt lat="41.39405" lon="26.52101">
    <ele>84.39</ele>
   </trkpt>
   <trkpt lat="41.39446" lon="26.52126">
    <ele>82.09</ele>
   </trkpt>
   <trkpt lat="41.39473" lon="26.521480000000004">
    <ele>80.96000000000001</ele>
   </trkpt>
   <trkpt lat="41.39504" lon="26.521770000000004">
    <ele>78.54</ele>
   </trkpt>
   <trkpt lat="41.395410000000005" lon="26.522170000000003">
    <ele>76.48</ele>
   </trkpt>
   <trkpt lat="41.39585" lon="26.522700000000004">
    <ele>72.65</ele>
   </trkpt>
   <trkpt lat="41.39613000000001" lon="26.522930000000002">
    <ele>70.44</ele>
   </trkpt>
   <trkpt lat="41.39627" lon="26.523010000000003">
    <ele>69.62</ele>
   </trkpt>
   <trkpt lat="41.396420000000006" lon="26.52306">
    <ele>69.32000000000001</ele>
   </trkpt>
   <trkpt lat="41.39712" lon="26.52315">
    <ele>67.52000000000001</ele>
   </trkpt>
   <trkpt lat="41.3973" lon="26.523190000000003">
    <ele>66.69</ele>
   </trkpt>
   <trkpt lat="41.3975" lon="26.523270000000004">
    <ele>66.05000000000001</ele>
   </trkpt>
   <trkpt lat="41.3977" lon="26.523390000000003">
    <ele>64.94000000000001</ele>
   </trkpt>
   <trkpt lat="41.398480001273086" lon="26.523919993678096">
    <ele>63.68</ele>
   </trkpt>
   <trkpt lat="41.399260000000005" lon="26.52445">
    <ele>61.660000000000004</ele>
   </trkpt>
   <trkpt lat="41.39936" lon="26.524540000000002">
    <ele>61.51</ele>
   </trkpt>
   <trkpt lat="41.39945" lon="26.524720000000002">
    <ele>61.290000000000006</ele>
   </trkpt>
   <trkpt lat="41.399480000000004" lon="26.524960000000004">
    <ele>60.93000000000001</ele>
   </trkpt>
   <trkpt lat="41.3994" lon="26.52559">
    <ele>60.14000000000001</ele>
   </trkpt>
   <trkpt lat="41.39943" lon="26.525740000000003">
    <ele>59.53000000000001</ele>
   </trkpt>
   <trkpt lat="41.39949" lon="26.52586">
    <ele>59.53000000000001</ele>
   </trkpt>
   <trkpt lat="41.399570000000004" lon="26.525940000000002">
    <ele>59.09</ele>
   </trkpt>
   <trkpt lat="41.40020666724882" lon="26.526196661642505">
    <ele>58.03</ele>
   </trkpt>
   <trkpt lat="41.4008433339273" lon="26.526453328313856">
    <ele>56.68</ele>
   </trkpt>
   <trkpt lat="41.40148000000001" lon="26.52671">
    <ele>54.88</ele>
   </trkpt>
   <trkpt lat="41.40184" lon="26.526870000000002">
    <ele>53.46000000000001</ele>
   </trkpt>
   <trkpt lat="41.40229500031595" lon="26.52711499831479">
    <ele>50.97</ele>
   </trkpt>
   <trkpt lat="41.402750000000005" lon="26.52736">
    <ele>48.46</ele>
   </trkpt>
   <trkpt lat="41.40307000000001" lon="26.527580000000004">
    <ele>47.88</ele>
   </trkpt>
   <trkpt lat="41.403240000000004" lon="26.52775">
    <ele>47.89</ele>
   </trkpt>
   <trkpt lat="41.40337" lon="26.52792">
    <ele>47.77</ele>
   </trkpt>
   <trkpt lat="41.4035" lon="26.528170000000003">
    <ele>47.839999999999996</ele>
   </trkpt>
   <trkpt lat="41.40361" lon="26.528560000000002">
    <ele>48.760000000000005</ele>
   </trkpt>
   <trkpt lat="41.40370000690768" lon="26.529453330841147">
    <ele>47.09</ele>
   </trkpt>
   <trkpt lat="41.403790006905915" lon="26.530346664156962">
    <ele>45.76</ele>
   </trkpt>
   <trkpt lat="41.40388" lon="26.531240000000004">
    <ele>46.27</ele>
   </trkpt>
   <trkpt lat="41.40404" lon="26.531670000000002">
    <ele>47.510000000000005</ele>
   </trkpt>
   <trkpt lat="41.40449" lon="26.532570000000003">
    <ele>50.64</ele>
   </trkpt>
   <trkpt lat="41.404990003940085" lon="26.533514992868486">
    <ele>54.55</ele>
   </trkpt>
   <trkpt lat="41.40549" lon="26.534460000000003">
    <ele>59.74</ele>
   </trkpt>
   <trkpt lat="41.405640000000005" lon="26.5347">
    <ele>60.95</ele>
   </trkpt>
   <trkpt lat="41.40587" lon="26.535010000000003">
    <ele>62.75</ele>
   </trkpt>
   <trkpt lat="41.40640333716608" lon="26.535669989240844">
    <ele>65.34</ele>
   </trkpt>
   <trkpt lat="41.40693667056078" lon="26.536329989316624">
    <ele>64.82000000000001</ele>
   </trkpt>
   <trkpt lat="41.40747" lon="26.536990000000003">
    <ele>64.69000000000001</ele>
   </trkpt>
   <trkpt lat="41.40790500100295" lon="26.53746499684838">
    <ele>66.03</ele>
   </trkpt>
   <trkpt lat="41.40834" lon="26.537940000000003">
    <ele>66.61</ele>
   </trkpt>
   <trkpt lat="41.40852" lon="26.53816">
    <ele>66.28</ele>
   </trkpt>
   <trkpt lat="41.40867" lon="26.538290000000003">
    <ele>65.39</ele>
   </trkpt>
   <trkpt lat="41.40901" lon="26.538490000000003">
    <ele>64.93</ele>
   </trkpt>
   <trkpt lat="41.40919" lon="26.53854">
    <ele>64.91000000000001</ele>
   </trkpt>
   <trkpt lat="41.4099" lon="26.53863">
    <ele>64.66000000000001</ele>
   </trkpt>
   <trkpt lat="41.41004" lon="26.538680000000003">
    <ele>64.85000000000001</ele>
   </trkpt>
   <trkpt lat="41.410030000000006" lon="26.538680000000003">
    <ele>64.83</ele>
   </trkpt>
   <trkpt lat="41.41008" lon="26.538700000000002">
    <ele>64.83</ele>
   </trkpt>
   <trkpt lat="41.410250000000005" lon="26.538850000000004">
    <ele>65.56</ele>
   </trkpt>
   <trkpt lat="41.41051" lon="26.53919">
    <ele>66.91000000000001</ele>
   </trkpt>
   <trkpt lat="41.410680000000006" lon="26.539350000000002">
    <ele>68.05</ele>
   </trkpt>
   <trkpt lat="41.41086000000001" lon="26.539420000000003">
    <ele>69.41</ele>
   </trkpt>
   <trkpt lat="41.411500000000004" lon="26.53958">
    <ele>73.17000000000002</ele>
   </trkpt>
   <trkpt lat="41.412060000000004" lon="26.539800000000003">
    <ele>74.3</ele>
   </trkpt>
   <trkpt lat="41.41254500021371" lon="26.540059998016506">
    <ele>75.82000000000001</ele>
   </trkpt>
   <trkpt lat="41.413030000000006" lon="26.54032">
    <ele>78.31</ele>
   </trkpt>
   <trkpt lat="41.41326" lon="26.540490000000002">
    <ele>79.27000000000001</ele>
   </trkpt>
   <trkpt lat="41.41346" lon="26.5407">
    <ele>80.28999999999999</ele>
   </trkpt>
   <trkpt lat="41.413650000000004" lon="26.54098">
    <ele>81.51</ele>
   </trkpt>
   <trkpt lat="41.41382" lon="26.54128">
    <ele>82.04</ele>
   </trkpt>
   <trkpt lat="41.414260000000006" lon="26.542140000000003">
    <ele>84.62</ele>
   </trkpt>
   <trkpt lat="41.414580002940944" lon="26.5429649959212">
    <ele>86.37</ele>
   </trkpt>
   <trkpt lat="41.4149" lon="26.54379">
    <ele>87.14</ele>
   </trkpt>
   <trkpt lat="41.415270002317826" lon="26.54452499577166">
    <ele>87.28000000000002</ele>
   </trkpt>
   <trkpt lat="41.41564" lon="26.545260000000003">
    <ele>85.67</ele>
   </trkpt>
   <trkpt lat="41.415870000000005" lon="26.545560000000002">
    <ele>83.4</ele>
   </trkpt>
   <trkpt lat="41.41624000043005" lon="26.54590499795522">
    <ele>81.43</ele>
   </trkpt>
   <trkpt lat="41.416610000000006" lon="26.54625">
    <ele>78.91000000000001</ele>
   </trkpt>
   <trkpt lat="41.41705" lon="26.546730000000004">
    <ele>77.01</ele>
   </trkpt>
   <trkpt lat="41.417120000000004" lon="26.546870000000002">
    <ele>76.82</ele>
   </trkpt>
   <trkpt lat="41.41714" lon="26.547150000000002">
    <ele>75.42</ele>
   </trkpt>
   <trkpt lat="41.4172" lon="26.54726">
    <ele>74.97000000000001</ele>
   </trkpt>
   <trkpt lat="41.41751" lon="26.547520000000002">
    <ele>72.17000000000002</ele>
   </trkpt>
   <trkpt lat="41.41814" lon="26.54813">
    <ele>68.9</ele>
   </trkpt>
   <trkpt lat="41.41857" lon="26.548710000000003">
    <ele>67.09</ele>
   </trkpt>
   <trkpt lat="41.41866" lon="26.54887">
    <ele>66.73</ele>
   </trkpt>
   <trkpt lat="41.418760000000006" lon="26.54905">
    <ele>66.72</ele>
   </trkpt>
   <trkpt lat="41.418780000000005" lon="26.54914">
    <ele>66.72</ele>
   </trkpt>
   <trkpt lat="41.41875" lon="26.549300000000002">
    <ele>66.69</ele>
   </trkpt>
   <trkpt lat="41.4189" lon="26.549290000000003">
    <ele>66.17</ele>
   </trkpt>
   <trkpt lat="41.419050000000006" lon="26.54951">
    <ele>65.63000000000001</ele>
   </trkpt>
   <trkpt lat="41.41901" lon="26.549730000000004">
    <ele>66.18</ele>
   </trkpt>
   <trkpt lat="41.41917" lon="26.549760000000003">
    <ele>65.5</ele>
   </trkpt>
   <trkpt lat="41.41962" lon="26.550390000000004">
    <ele>63.64</ele>
   </trkpt>
   <trkpt lat="41.420170000000006" lon="26.551240000000004">
    <ele>61.75000000000001</ele>
   </trkpt>
   <trkpt lat="41.42038" lon="26.551520000000004">
    <ele>61.36000000000001</ele>
   </trkpt>
   <trkpt lat="41.421020000000006" lon="26.552180000000003">
    <ele>56.71</ele>
   </trkpt>
   <trkpt lat="41.4214200004885" lon="26.552524997851865">
    <ele>55.43000000000001</ele>
   </trkpt>
   <trkpt lat="41.421820000000004" lon="26.552870000000002">
    <ele>53.910000000000004</ele>
   </trkpt>
   <trkpt lat="41.422140000000006" lon="26.55307">
    <ele>52.6</ele>
   </trkpt>
   <trkpt lat="41.42297500056077" lon="26.55346499486656">
    <ele>48.620000000000005</ele>
   </trkpt>
   <trkpt lat="41.42381" lon="26.553860000000004">
    <ele>46.290000000000006</ele>
   </trkpt>
   <trkpt lat="41.424260000000004" lon="26.55411">
    <ele>43.870000000000005</ele>
   </trkpt>
   <trkpt lat="41.42472" lon="26.55439">
    <ele>41.690000000000005</ele>
   </trkpt>
   <trkpt lat="41.424910000000004" lon="26.554460000000002">
    <ele>41.42</ele>
   </trkpt>
   <trkpt lat="41.42526" lon="26.554520000000004">
    <ele>40.53</ele>
   </trkpt>
   <trkpt lat="41.42542" lon="26.55467">
    <ele>40.28</ele>
   </trkpt>
   <trkpt lat="41.425670000000004" lon="26.555100000000003">
    <ele>40.28</ele>
   </trkpt>
   <trkpt lat="41.42577" lon="26.55523">
    <ele>44.09</ele>
   </trkpt>
   <trkpt lat="41.426030000000004" lon="26.555390000000003">
    <ele>44.09</ele>
   </trkpt>
   <trkpt lat="41.426590000000004" lon="26.555290000000003">
    <ele>44.09</ele>
   </trkpt>
   <trkpt lat="41.426730000000006" lon="26.555300000000003">
    <ele>44.52</ele>
   </trkpt>
   <trkpt lat="41.426770000000005" lon="26.555320000000002">
    <ele>44.52</ele>
   </trkpt>
   <trkpt lat="41.42681" lon="26.55535">
    <ele>44.52</ele>
   </trkpt>
   <trkpt lat="41.426880000000004" lon="26.555460000000004">
    <ele>44.52</ele>
   </trkpt>
   <trkpt lat="41.42691000000001" lon="26.555790000000002">
    <ele>44.52</ele>
   </trkpt>
   <trkpt lat="41.4269" lon="26.555970000000002">
    <ele>44.35</ele>
   </trkpt>
   <trkpt lat="41.426790000000004" lon="26.556440000000002">
    <ele>44.07000000000001</ele>
   </trkpt>
   <trkpt lat="41.42676" lon="26.55666">
    <ele>43.67</ele>
   </trkpt>
   <trkpt lat="41.42738000037021" lon="26.55694999723358">
    <ele>43.64000000000001</ele>
   </trkpt>
   <trkpt lat="41.428000000000004" lon="26.557240000000004">
    <ele>44.660000000000004</ele>
   </trkpt>
   <trkpt lat="41.428290000000004" lon="26.55732">
    <ele>44.99</ele>
   </trkpt>
   <trkpt lat="41.428670000000004" lon="26.557350000000003">
    <ele>46.25000000000001</ele>
   </trkpt>
   <trkpt lat="41.42902" lon="26.557430000000004">
    <ele>46.35</ele>
   </trkpt>
   <trkpt lat="41.429840000000006" lon="26.5577">
    <ele>46.50000000000001</ele>
   </trkpt>
   <trkpt lat="41.430440000000004" lon="26.55787">
    <ele>46.59</ele>
   </trkpt>
   <trkpt lat="41.43104" lon="26.557910000000003">
    <ele>45.85</ele>
   </trkpt>
   <trkpt lat="41.431490000000004" lon="26.557900000000004">
    <ele>45.4</ele>
   </trkpt>
   <trkpt lat="41.431810000000006" lon="26.558000000000003">
    <ele>44.42</ele>
   </trkpt>
   <trkpt lat="41.431960000000004" lon="26.558080000000004">
    <ele>43.54</ele>
   </trkpt>
   <trkpt lat="41.43237000042457" lon="26.558379998130775">
    <ele>40.550000000000004</ele>
   </trkpt>
   <trkpt lat="41.43278" lon="26.558680000000003">
    <ele>36.24</ele>
   </trkpt>
   <trkpt lat="41.43309" lon="26.55881">
    <ele>36.24</ele>
   </trkpt>
   <trkpt lat="41.43395" lon="26.559150000000002">
    <ele>35.36</ele>
   </trkpt>
   <trkpt lat="41.43426" lon="26.559240000000003">
    <ele>35.0</ele>
   </trkpt>
   <trkpt lat="41.435" lon="26.559350000000002">
    <ele>35.2</ele>
   </trkpt>
   <trkpt lat="41.43570500010982" lon="26.559424999194473">
    <ele>34.79</ele>
   </trkpt>
   <trkpt lat="41.43641" lon="26.559500000000003">
    <ele>34.78</ele>
   </trkpt>
   <trkpt lat="41.437110000000004" lon="26.559610000000003">
    <ele>34.67</ele>
   </trkpt>
   <trkpt lat="41.43766499997878" lon="26.559659999569558">
    <ele>34.47</ele>
   </trkpt>
   <trkpt lat="41.43822" lon="26.559710000000003">
    <ele>33.52</ele>
   </trkpt>
   <trkpt lat="41.43856" lon="26.559680000000004">
    <ele>33.42</ele>
   </trkpt>
   <trkpt lat="41.4391349999351" lon="26.559605000676132">
    <ele>33.24</ele>
   </trkpt>
   <trkpt lat="41.439710000000005" lon="26.559530000000002">
    <ele>32.93</ele>
   </trkpt>
   <trkpt lat="41.44027000016367" lon="26.559435000798622">
    <ele>32.449999999999996</ele>
   </trkpt>
   <trkpt lat="41.440830000000005" lon="26.559340000000002">
    <ele>32.150000000000006</ele>
   </trkpt>
   <trkpt lat="41.44158" lon="26.559230000000003">
    <ele>31.740000000000002</ele>
   </trkpt>
   <trkpt lat="41.442130000123115" lon="26.559090001176838">
    <ele>31.34</ele>
   </trkpt>
   <trkpt lat="41.44268" lon="26.558950000000003">
    <ele>31.330000000000002</ele>
   </trkpt>
   <trkpt lat="41.44351" lon="26.558670000000003">
    <ele>30.900000000000002</ele>
   </trkpt>
   <trkpt lat="41.44395" lon="26.558500000000002">
    <ele>30.94</ele>
   </trkpt>
   <trkpt lat="41.44438000006075" lon="26.558305001339352">
    <ele>30.85</ele>
   </trkpt>
   <trkpt lat="41.444810000000004" lon="26.558110000000003">
    <ele>30.63</ele>
   </trkpt>
   <trkpt lat="41.44549500235473" lon="26.55768251355153">
    <ele>30.230000000000004</ele>
   </trkpt>
   <trkpt lat="41.446180003126955" lon="26.557255018076912">
    <ele>29.980000000000004</ele>
   </trkpt>
   <trkpt lat="41.44686500231657" lon="26.556827513575783">
    <ele>30.46</ele>
   </trkpt>
   <trkpt lat="41.44755000000001" lon="26.556400000000004">
    <ele>30.900000000000002</ele>
   </trkpt>
   <trkpt lat="41.44836" lon="26.55592">
    <ele>31.580000000000002</ele>
   </trkpt>
   <trkpt lat="41.44917" lon="26.555410000000002">
    <ele>32.06</ele>
   </trkpt>
   <trkpt lat="41.4498475021755" lon="26.555000012849977">
    <ele>31.98</ele>
   </trkpt>
   <trkpt lat="41.450525002895375" lon="26.554590017136782">
    <ele>31.93</ele>
   </trkpt>
   <trkpt lat="41.45120250215954" lon="26.554180012860044">
    <ele>31.82</ele>
   </trkpt>
   <trkpt lat="41.45188" lon="26.553770000000004">
    <ele>31.66</ele>
   </trkpt>
   <trkpt lat="41.45234000000001" lon="26.55347">
    <ele>31.650000000000002</ele>
   </trkpt>
   <trkpt lat="41.453" lon="26.553">
    <ele>31.68</ele>
   </trkpt>
   <trkpt lat="41.45329" lon="26.552750000000003">
    <ele>31.830000000000002</ele>
   </trkpt>
   <trkpt lat="41.453860000000006" lon="26.552380000000003">
    <ele>31.89</ele>
   </trkpt>
   <trkpt lat="41.454150000000006" lon="26.55216">
    <ele>32.03</ele>
   </trkpt>
   <trkpt lat="41.4547000013127" lon="26.551780006401266">
    <ele>32.03</ele>
   </trkpt>
   <trkpt lat="41.45525000137492" lon="26.55140000635836">
    <ele>31.93</ele>
   </trkpt>
   <trkpt lat="41.4558" lon="26.55102">
    <ele>31.75</ele>
   </trkpt>
   <trkpt lat="41.456250000000004" lon="26.55064">
    <ele>31.77</ele>
   </trkpt>
   <trkpt lat="41.45687" lon="26.550060000000002">
    <ele>31.48</ele>
   </trkpt>
   <trkpt lat="41.457475001626214" lon="26.54944500574845">
    <ele>31.740000000000002</ele>
   </trkpt>
   <trkpt lat="41.45808" lon="26.548830000000002">
    <ele>32.199999999999996</ele>
   </trkpt>
   <trkpt lat="41.45859" lon="26.54838">
    <ele>32.510000000000005</ele>
   </trkpt>
   <trkpt lat="41.458940000000005" lon="26.54811">
    <ele>32.160000000000004</ele>
   </trkpt>
   <trkpt lat="41.45911" lon="26.54801">
    <ele>32.080000000000005</ele>
   </trkpt>
   <trkpt lat="41.459300000000006" lon="26.547870000000003">
    <ele>32.14</ele>
   </trkpt>
   <trkpt lat="41.459770000000006" lon="26.54774">
    <ele>32.07</ele>
   </trkpt>
   <trkpt lat="41.460150000000006" lon="26.547570000000004">
    <ele>31.98</ele>
   </trkpt>
   <trkpt lat="41.460570000000004" lon="26.54728">
    <ele>32.1</ele>
   </trkpt>
   <trkpt lat="41.461155000577726" lon="26.54693000312901">
    <ele>32.160000000000004</ele>
   </trkpt>
   <trkpt lat="41.461740000000006" lon="26.546580000000002">
    <ele>32.39</ele>
   </trkpt>
   <trkpt lat="41.46220000025246" lon="26.54626000240278">
    <ele>32.5</ele>
   </trkpt>
   <trkpt lat="41.46266000000001" lon="26.54594">
    <ele>32.61</ele>
   </trkpt>
   <trkpt lat="41.46322000000001" lon="26.545520000000003">
    <ele>32.510000000000005</ele>
   </trkpt>
   <trkpt lat="41.46354" lon="26.545320000000004">
    <ele>32.32</ele>
   </trkpt>
   <trkpt lat="41.46383" lon="26.545180000000002">
    <ele>32.03</ele>
   </trkpt>
   <trkpt lat="41.46417" lon="26.545060000000003">
    <ele>31.900000000000006</ele>
   </trkpt>
   <trkpt lat="41.46462000007218" lon="26.544935000866246">
    <ele>31.43</ele>
   </trkpt>
   <trkpt lat="41.465070000000004" lon="26.544810000000002">
    <ele>30.97</ele>
   </trkpt>
   <trkpt lat="41.465360000000004" lon="26.544700000000002">
    <ele>30.830000000000002</ele>
   </trkpt>
   <trkpt lat="41.46593" lon="26.544430000000002">
    <ele>30.26</ele>
   </trkpt>
   <trkpt lat="41.466330000000006" lon="26.54418">
    <ele>29.52</ele>
   </trkpt>
   <trkpt lat="41.46685" lon="26.543770000000002">
    <ele>28.73</ele>
   </trkpt>
   <trkpt lat="41.467020000000005" lon="26.54409">
    <ele>28.150000000000002</ele>
   </trkpt>
   <trkpt lat="41.467330000000004" lon="26.544430000000002">
    <ele>27.76</ele>
   </trkpt>
   <trkpt lat="41.46765500158631" lon="26.545014997255493">
    <ele>25.820000000000004</ele>
   </trkpt>
   <trkpt lat="41.467980000000004" lon="26.545600000000004">
    <ele>25.040000000000003</ele>
   </trkpt>
   <trkpt lat="41.468300001795164" lon="26.54623499696328">
    <ele>24.64</ele>
   </trkpt>
   <trkpt lat="41.46862" lon="26.546870000000002">
    <ele>24.0</ele>
   </trkpt>
   <trkpt lat="41.46882" lon="26.54736">
    <ele>24.700000000000003</ele>
   </trkpt>
   <trkpt lat="41.46891" lon="26.547700000000003">
    <ele>24.6</ele>
   </trkpt>
   <trkpt lat="41.46942000020298" lon="26.54746000190985">
    <ele>24.8</ele>
   </trkpt>
   <trkpt lat="41.469930000000005" lon="26.547220000000003">
    <ele>25.28</ele>
   </trkpt>
   <trkpt lat="41.47054333405068" lon="26.546940005280614">
    <ele>25.85</ele>
   </trkpt>
   <trkpt lat="41.471156667422385" lon="26.546660005263174">
    <ele>26.430000000000003</ele>
   </trkpt>
   <trkpt lat="41.47177000000001" lon="26.546380000000003">
    <ele>27.180000000000003</ele>
   </trkpt>
   <trkpt lat="41.47224999998892" lon="26.54617500160041">
    <ele>27.540000000000003</ele>
   </trkpt>
   <trkpt lat="41.472730000000006" lon="26.54597">
    <ele>27.89</ele>
   </trkpt>
   <trkpt lat="41.47347500055334" lon="26.545645003693394">
    <ele>27.880000000000003</ele>
   </trkpt>
   <trkpt lat="41.47422" lon="26.545320000000004">
    <ele>27.85</ele>
   </trkpt>
   <trkpt lat="41.47509" lon="26.545090000000002">
    <ele>27.700000000000003</ele>
   </trkpt>
   <trkpt lat="41.47581250026411" lon="26.544942504936333">
    <ele>27.62</ele>
   </trkpt>
   <trkpt lat="41.47653500033983" lon="26.544795006584405">
    <ele>27.630000000000003</ele>
   </trkpt>
   <trkpt lat="41.4772575002271" lon="26.544647504944052">
    <ele>27.880000000000003</ele>
   </trkpt>
   <trkpt lat="41.47798" lon="26.544500000000003">
    <ele>27.92</ele>
   </trkpt>
   <trkpt lat="41.47822" lon="26.544500000000003">
    <ele>27.860000000000003</ele>
   </trkpt>
   <trkpt lat="41.47869500015046" lon="26.544529999789383">
    <ele>27.790000000000003</ele>
   </trkpt>
   <trkpt lat="41.47917" lon="26.54456">
    <ele>27.78</ele>
   </trkpt>
   <trkpt lat="41.479699999877106" lon="26.544609999578483">
    <ele>27.73</ele>
   </trkpt>
   <trkpt lat="41.480230000000006" lon="26.544660000000004">
    <ele>27.87</ele>
   </trkpt>
   <trkpt lat="41.48101800016259" lon="26.544755995330966">
    <ele>28.14</ele>
   </trkpt>
   <trkpt lat="41.48180600024534" lon="26.544851992996513">
    <ele>28.180000000000003</ele>
   </trkpt>
   <trkpt lat="41.48259400024827" lon="26.544947992996747">
    <ele>28.220000000000002</ele>
   </trkpt>
   <trkpt lat="41.48338200017141" lon="26.5450439953318">
    <ele>28.1</ele>
   </trkpt>
   <trkpt lat="41.484170000000006" lon="26.545140000000004">
    <ele>28.080000000000002</ele>
   </trkpt>
   <trkpt lat="41.48467" lon="26.545230000000004">
    <ele>27.990000000000002</ele>
   </trkpt>
   <trkpt lat="41.485220000000005" lon="26.545360000000002">
    <ele>27.78</ele>
   </trkpt>
   <trkpt lat="41.485530000000004" lon="26.545460000000002">
    <ele>27.750000000000004</ele>
   </trkpt>
   <trkpt lat="41.486065000307576" lon="26.545594998942992">
    <ele>27.78</ele>
   </trkpt>
   <trkpt lat="41.4866" lon="26.545730000000002">
    <ele>27.92</ele>
   </trkpt>
   <trkpt lat="41.48693" lon="26.54577">
    <ele>27.92</ele>
   </trkpt>
   <trkpt lat="41.487350000000006" lon="26.545880000000004">
    <ele>27.89</ele>
   </trkpt>
   <trkpt lat="41.48749" lon="26.545890000000004">
    <ele>27.57</ele>
   </trkpt>
   <trkpt lat="41.48749" lon="26.544950000000004">
    <ele>27.39</ele>
   </trkpt>
   <trkpt lat="41.48751" lon="26.54455">
    <ele>27.37</ele>
   </trkpt>
   <trkpt lat="41.48738" lon="26.544">
    <ele>27.14</ele>
   </trkpt>
   <trkpt lat="41.48724000227576" lon="26.54327499843086">
    <ele>26.89</ele>
   </trkpt>
   <trkpt lat="41.487100000000005" lon="26.542550000000002">
    <ele>26.87</ele>
   </trkpt>
   <trkpt lat="41.48702000482696" lon="26.541494998788764">
    <ele>26.750000000000004</ele>
   </trkpt>
   <trkpt lat="41.486940000000004" lon="26.540440000000004">
    <ele>27.23</ele>
   </trkpt>
   <trkpt lat="41.48696500481962" lon="26.53938500042383">
    <ele>27.55</ele>
   </trkpt>
   <trkpt lat="41.486990000000006" lon="26.538330000000002">
    <ele>27.73</ele>
   </trkpt>
   <trkpt lat="41.48695" lon="26.5379">
    <ele>27.770000000000003</ele>
   </trkpt>
   <trkpt lat="41.48682" lon="26.53724">
    <ele>27.340000000000003</ele>
   </trkpt>
   <trkpt lat="41.4868" lon="26.537060000000004">
    <ele>27.22</ele>
   </trkpt>
   <trkpt lat="41.486810000000006" lon="26.53674">
    <ele>27.17</ele>
   </trkpt>
   <trkpt lat="41.486880000000006" lon="26.53611">
    <ele>27.76</ele>
   </trkpt>
   <trkpt lat="41.486900000000006" lon="26.535860000000003">
    <ele>27.970000000000002</ele>
   </trkpt>
   <trkpt lat="41.48685500253891" lon="26.53509499954604">
    <ele>28.5</ele>
   </trkpt>
   <trkpt lat="41.486810000000006" lon="26.53433">
    <ele>29.61</ele>
   </trkpt>
   <trkpt lat="41.48749" lon="26.534260000000003">
    <ele>29.730000000000004</ele>
   </trkpt>
   <trkpt lat="41.4878" lon="26.534200000000002">
    <ele>29.980000000000004</ele>
   </trkpt>
   <trkpt lat="41.48848666718987" lon="26.533963338336985">
    <ele>30.01</ele>
   </trkpt>
   <trkpt lat="41.48917333389461" lon="26.53372667165727">
    <ele>30.12</ele>
   </trkpt>
   <trkpt lat="41.48986" lon="26.53349">
    <ele>30.340000000000003</ele>
   </trkpt>
   <trkpt lat="41.489990000000006" lon="26.53338">
    <ele>30.320000000000004</ele>
   </trkpt>
   <trkpt lat="41.49063000026593" lon="26.533165002101942">
    <ele>30.87</ele>
   </trkpt>
   <trkpt lat="41.49127" lon="26.532950000000003">
    <ele>32.17</ele>
   </trkpt>
   <trkpt lat="41.491760000000006" lon="26.53282">
    <ele>33.39</ele>
   </trkpt>
   <trkpt lat="41.49221" lon="26.53271">
    <ele>34.1</ele>
   </trkpt>
   <trkpt lat="41.49271500001929" lon="26.53262500066467">
    <ele>34.7</ele>
   </trkpt>
   <trkpt lat="41.49322" lon="26.53254">
    <ele>35.22</ele>
   </trkpt>
   <trkpt lat="41.49397750017957" lon="26.532425004033417">
    <ele>36.160000000000004</ele>
   </trkpt>
   <trkpt lat="41.494735000244596" lon="26.532310005377195">
    <ele>36.93000000000001</ele>
   </trkpt>
   <trkpt lat="41.49549250019509" lon="26.532195004031195">
    <ele>38.21</ele>
   </trkpt>
   <trkpt lat="41.49625" lon="26.53208">
    <ele>39.39</ele>
   </trkpt>
   <trkpt lat="41.496750000000006" lon="26.532030000000002">
    <ele>40.49</ele>
   </trkpt>
   <trkpt lat="41.497130000000006" lon="26.532020000000003">
    <ele>40.75</ele>
   </trkpt>
   <trkpt lat="41.49795833337202" lon="26.532066663681864">
    <ele>41.31</ele>
   </trkpt>
   <trkpt lat="41.49878666672519" lon="26.532113328557376">
    <ele>41.190000000000005</ele>
   </trkpt>
   <trkpt lat="41.499615000059485" lon="26.53215999462659">
    <ele>41.220000000000006</ele>
   </trkpt>
   <trkpt lat="41.50044333337492" lon="26.53220666188958">
    <ele>41.52</ele>
   </trkpt>
   <trkpt lat="41.5012716666715" lon="26.532253330346407">
    <ele>42.68</ele>
   </trkpt>
   <trkpt lat="41.502100000000006" lon="26.532300000000003">
    <ele>43.980000000000004</ele>
   </trkpt>
   <trkpt lat="41.50207" lon="26.533360000000002">
    <ele>46.400000000000006</ele>
   </trkpt>
   <trkpt lat="41.502525000145916" lon="26.53338499983221">
    <ele>46.13</ele>
   </trkpt>
   <trkpt lat="41.50298" lon="26.533410000000003">
    <ele>45.35</ele>
   </trkpt>
  </trkseg>
 </trk>
</gpx>
