<?xml version="1.0" encoding="UTF-8"?>
<gpx creator="StravaGPX" version="1.1" xmlns="http://www.topografix.com/GPX/1/1" xmlns:xsi="http://www.w3.org/2001/XMLSchema-instance" xsi:schemaLocation="http://www.topografix.com/GPX/1/1 http://www.topografix.com/GPX/1/1/gpx.xsd">
 <metadata>
  <name>COP31 GR Day 5</name>
  <author>
   <name>Agis Tsakmakis 🇬🇷</name>
   <link href="https://www.strava.com/athletes/74715064"/>
  </author>
  <copyright author="OpenStreetMap contributors">
   <year>2020</year>
   <license>https://www.openstreetmap.org/copyright</license>
  </copyright>
  <link href="https://www.strava.com/routes/3538252465595649452"/>
 </metadata>
 <wpt lat="41.09021" lon="23.54988">
  <name>Δημ. Σερρών</name>
  <desc></desc>
  <sym>Distance Marker</sym>
  <type>Distance Marker</type>
 </wpt>
 <trk>
  <name>COP31 GR Day 5</name>
  <link href="https://www.strava.com/routes/3538252465595649452"/>
  <type>cycling</type>
  <trkseg>
   <trkpt lat="40.623180000000005" lon="22.951050000000002">
    <ele>5.430000000000001</ele>
   </trkpt>
   <trkpt lat="40.62362000359073" lon="22.950400008642678">
    <ele>5.59</ele>
   </trkpt>
   <trkpt lat="40.62406000353742" lon="22.949750008721526">
    <ele>5.55</ele>
   </trkpt>
   <trkpt lat="40.624500000000005" lon="22.9491">
    <ele>5.74</ele>
   </trkpt>
   <trkpt lat="40.62489" lon="22.94865">
    <ele>5.710000000000001</ele>
   </trkpt>
   <trkpt lat="40.625220000000006" lon="22.94816">
    <ele>5.53</ele>
   </trkpt>
   <trkpt lat="40.625490000000006" lon="22.948030000000003">
    <ele>5.6000000000000005</ele>
   </trkpt>
   <trkpt lat="40.6263450004571" lon="22.94771500402191">
    <ele>5.7</ele>
   </trkpt>
   <trkpt lat="40.6272" lon="22.947400000000002">
    <ele>6.15</ele>
   </trkpt>
   <trkpt lat="40.627340000000004" lon="22.94732">
    <ele>6.15</ele>
   </trkpt>
   <trkpt lat="40.627430000000004" lon="22.94725">
    <ele>6.24</ele>
   </trkpt>
   <trkpt lat="40.627745000805334" lon="22.94681000211673">
    <ele>6.57</ele>
   </trkpt>
   <trkpt lat="40.628060000000005" lon="22.94637">
    <ele>7.0</ele>
   </trkpt>
   <trkpt lat="40.628594010384276" lon="22.94559402482598">
    <ele>6.98</ele>
   </trkpt>
   <trkpt lat="40.62912801557488" lon="22.94481803724177">
    <ele>7.0</ele>
   </trkpt>
   <trkpt lat="40.629662015571625" lon="22.94404203724707">
    <ele>7.16</ele>
   </trkpt>
   <trkpt lat="40.63019601037434" lon="22.94326602484156">
    <ele>7.21</ele>
   </trkpt>
   <trkpt lat="40.63073" lon="22.942490000000003">
    <ele>7.390000000000001</ele>
   </trkpt>
   <trkpt lat="40.631242509966164" lon="22.94161252019832">
    <ele>7.44</ele>
   </trkpt>
   <trkpt lat="40.63175501329094" lon="22.940735026926866">
    <ele>7.91</ele>
   </trkpt>
   <trkpt lat="40.632267509974106" lon="22.93985752018538">
    <ele>7.630000000000001</ele>
   </trkpt>
   <trkpt lat="40.632780000000004" lon="22.93898">
    <ele>7.34</ele>
   </trkpt>
   <trkpt lat="40.63320000224741" lon="22.938255004594044">
    <ele>7.03</ele>
   </trkpt>
   <trkpt lat="40.63362" lon="22.937530000000002">
    <ele>6.880000000000001</ele>
   </trkpt>
   <trkpt lat="40.6338" lon="22.937160000000002">
    <ele>6.98</ele>
   </trkpt>
   <trkpt lat="40.633880000000005" lon="22.937220000000003">
    <ele>7.0600000000000005</ele>
   </trkpt>
   <trkpt lat="40.63439" lon="22.936470000000003">
    <ele>7.29</ele>
   </trkpt>
   <trkpt lat="40.63482500181777" lon="22.935825004167466">
    <ele>7.44</ele>
   </trkpt>
   <trkpt lat="40.63526" lon="22.935180000000003">
    <ele>7.800000000000001</ele>
   </trkpt>
   <trkpt lat="40.635815001716416" lon="22.93581499469543">
    <ele>8.690000000000001</ele>
   </trkpt>
   <trkpt lat="40.63637000000001" lon="22.93645">
    <ele>10.6</ele>
   </trkpt>
   <trkpt lat="40.636430000000004" lon="22.936490000000003">
    <ele>10.47</ele>
   </trkpt>
   <trkpt lat="40.637265000167936" lon="22.936405001049213">
    <ele>11.8</ele>
   </trkpt>
   <trkpt lat="40.6381" lon="22.936320000000002">
    <ele>13.61</ele>
   </trkpt>
   <trkpt lat="40.638960000041" lon="22.936185001745066">
    <ele>13.96</ele>
   </trkpt>
   <trkpt lat="40.63982" lon="22.93605">
    <ele>15.47</ele>
   </trkpt>
   <trkpt lat="40.64005" lon="22.936280000000004">
    <ele>16.39</ele>
   </trkpt>
   <trkpt lat="40.64047" lon="22.93542">
    <ele>15.09</ele>
   </trkpt>
   <trkpt lat="40.640620000000006" lon="22.93523">
    <ele>14.940000000000001</ele>
   </trkpt>
   <trkpt lat="40.64086" lon="22.935170000000003">
    <ele>14.88</ele>
   </trkpt>
   <trkpt lat="40.640930000000004" lon="22.93521">
    <ele>14.93</ele>
   </trkpt>
   <trkpt lat="40.64108" lon="22.935260000000003">
    <ele>14.940000000000001</ele>
   </trkpt>
   <trkpt lat="40.64133" lon="22.935280000000002">
    <ele>15.080000000000002</ele>
   </trkpt>
   <trkpt lat="40.64200999989293" lon="22.935275000051725">
    <ele>15.71</ele>
   </trkpt>
   <trkpt lat="40.64269" lon="22.935270000000003">
    <ele>16.46</ele>
   </trkpt>
   <trkpt lat="40.64356000001371" lon="22.935279999478745">
    <ele>17.71</ele>
   </trkpt>
   <trkpt lat="40.64443000002653" lon="22.935289999218174">
    <ele>20.580000000000002</ele>
   </trkpt>
   <trkpt lat="40.6453000000385" lon="22.935299999218294">
    <ele>23.03</ele>
   </trkpt>
   <trkpt lat="40.646170000049615" lon="22.93530999947913">
    <ele>26.580000000000002</ele>
   </trkpt>
   <trkpt lat="40.647040000000004" lon="22.93532">
    <ele>29.68</ele>
   </trkpt>
   <trkpt lat="40.64741" lon="22.935350000000003">
    <ele>30.810000000000002</ele>
   </trkpt>
   <trkpt lat="40.647920000000006" lon="22.935440000000003">
    <ele>32.440000000000005</ele>
   </trkpt>
   <trkpt lat="40.648320000000005" lon="22.935470000000002">
    <ele>33.81</ele>
   </trkpt>
   <trkpt lat="40.64903999999284" lon="22.935494999729926">
    <ele>36.72</ele>
   </trkpt>
   <trkpt lat="40.64976" lon="22.93552">
    <ele>38.14</ele>
   </trkpt>
   <trkpt lat="40.65058333337637" lon="22.93545000172734">
    <ele>41.5</ele>
   </trkpt>
   <trkpt lat="40.651406666710486" lon="22.9353800017273">
    <ele>43.49</ele>
   </trkpt>
   <trkpt lat="40.65223" lon="22.93531">
    <ele>44.92</ele>
   </trkpt>
   <trkpt lat="40.65272" lon="22.93524">
    <ele>45.32000000000001</ele>
   </trkpt>
   <trkpt lat="40.653285000222766" lon="22.935110001066345">
    <ele>45.7</ele>
   </trkpt>
   <trkpt lat="40.653850000000006" lon="22.934980000000003">
    <ele>45.93000000000001</ele>
   </trkpt>
   <trkpt lat="40.654410000000006" lon="22.93483">
    <ele>45.99</ele>
   </trkpt>
   <trkpt lat="40.654970000000006" lon="22.934720000000002">
    <ele>45.57000000000001</ele>
   </trkpt>
   <trkpt lat="40.655680000000004" lon="22.934540000000002">
    <ele>44.410000000000004</ele>
   </trkpt>
   <trkpt lat="40.656090000000006" lon="22.93446">
    <ele>43.45</ele>
   </trkpt>
   <trkpt lat="40.65628" lon="22.93446">
    <ele>43.45</ele>
   </trkpt>
   <trkpt lat="40.656690000000005" lon="22.934540000000002">
    <ele>42.42000000000001</ele>
   </trkpt>
   <trkpt lat="40.65688" lon="22.93465">
    <ele>42.410000000000004</ele>
   </trkpt>
   <trkpt lat="40.657050000000005" lon="22.934710000000003">
    <ele>42.59</ele>
   </trkpt>
   <trkpt lat="40.65708" lon="22.934790000000003">
    <ele>42.36</ele>
   </trkpt>
   <trkpt lat="40.657880000000006" lon="22.93503">
    <ele>42.9</ele>
   </trkpt>
   <trkpt lat="40.658628334039854" lon="22.935209989905708">
    <ele>44.04</ele>
   </trkpt>
   <trkpt lat="40.659376667800245" lon="22.93538998384962">
    <ele>45.08</ele>
   </trkpt>
   <trkpt lat="40.66012500128112" lon="22.935569981831936">
    <ele>46.14</ele>
   </trkpt>
   <trkpt lat="40.66087333448252" lon="22.935749983852844">
    <ele>47.5</ele>
   </trkpt>
   <trkpt lat="40.66162166740438" lon="22.93592998991255">
    <ele>48.06</ele>
   </trkpt>
   <trkpt lat="40.66237" lon="22.936110000000003">
    <ele>49.06</ele>
   </trkpt>
   <trkpt lat="40.66308" lon="22.93626">
    <ele>49.43</ele>
   </trkpt>
   <trkpt lat="40.66371333359243" lon="22.936409997166713">
    <ele>49.86</ele>
   </trkpt>
   <trkpt lat="40.66434666699076" lon="22.93655999718207">
    <ele>50.06000000000001</ele>
   </trkpt>
   <trkpt lat="40.66498" lon="22.93671">
    <ele>50.06000000000001</ele>
   </trkpt>
   <trkpt lat="40.665786667488966" lon="22.93700999275989">
    <ele>49.6</ele>
   </trkpt>
   <trkpt lat="40.66659333420152" lon="22.937309992776825">
    <ele>49.470000000000006</ele>
   </trkpt>
   <trkpt lat="40.6674" lon="22.937610000000003">
    <ele>48.92</ele>
   </trkpt>
   <trkpt lat="40.668178001331206" lon="22.937887987025984">
    <ele>48.120000000000005</ele>
   </trkpt>
   <trkpt lat="40.66895600199574" lon="22.93816598053825">
    <ele>47.68000000000001</ele>
   </trkpt>
   <trkpt lat="40.66973400199354" lon="22.93844398053713">
    <ele>48.0</ele>
   </trkpt>
   <trkpt lat="40.67051200132459" lon="22.93872198702294">
    <ele>48.900000000000006</ele>
   </trkpt>
   <trkpt lat="40.671290000000006" lon="22.939000000000004">
    <ele>50.580000000000005</ele>
   </trkpt>
   <trkpt lat="40.671490000000006" lon="22.93905">
    <ele>50.74000000000001</ele>
   </trkpt>
   <trkpt lat="40.671510000000005" lon="22.938940000000002">
    <ele>50.870000000000005</ele>
   </trkpt>
   <trkpt lat="40.671670000000006" lon="22.93898">
    <ele>50.9</ele>
   </trkpt>
   <trkpt lat="40.67197" lon="22.939010000000003">
    <ele>51.160000000000004</ele>
   </trkpt>
   <trkpt lat="40.672380000000004" lon="22.939010000000003">
    <ele>51.370000000000005</ele>
   </trkpt>
   <trkpt lat="40.67314333334228" lon="22.9389866672008">
    <ele>52.050000000000004</ele>
   </trkpt>
   <trkpt lat="40.673906666679876" lon="22.93896333386735">
    <ele>52.79</ele>
   </trkpt>
   <trkpt lat="40.674670000000006" lon="22.938940000000002">
    <ele>53.64000000000001</ele>
   </trkpt>
   <trkpt lat="40.67553" lon="22.938940000000002">
    <ele>54.74</ele>
   </trkpt>
   <trkpt lat="40.67620999999638" lon="22.938976665917863">
    <ele>56.03</ele>
   </trkpt>
   <trkpt lat="40.67688999998116" lon="22.939013332583695">
    <ele>57.49</ele>
   </trkpt>
   <trkpt lat="40.67757" lon="22.93905">
    <ele>58.620000000000005</ele>
   </trkpt>
   <trkpt lat="40.67808999966884" lon="22.939050000000005">
    <ele>59.59</ele>
   </trkpt>
   <trkpt lat="40.678610000000006" lon="22.93905">
    <ele>60.75000000000001</ele>
   </trkpt>
   <trkpt lat="40.67909" lon="22.93907">
    <ele>61.53000000000001</ele>
   </trkpt>
   <trkpt lat="40.679500000000004" lon="22.939140000000002">
    <ele>62.11000000000001</ele>
   </trkpt>
   <trkpt lat="40.68009" lon="22.93927">
    <ele>62.83000000000001</ele>
   </trkpt>
   <trkpt lat="40.680930000000004" lon="22.939690000000002">
    <ele>64.28999999999999</ele>
   </trkpt>
   <trkpt lat="40.68155000073714" lon="22.939976661346794">
    <ele>65.60000000000001</ele>
   </trkpt>
   <trkpt lat="40.68217000076529" lon="22.940263328026397">
    <ele>66.98</ele>
   </trkpt>
   <trkpt lat="40.682790000000004" lon="22.94055">
    <ele>68.33</ele>
   </trkpt>
   <trkpt lat="40.68350500040157" lon="22.940869996549228">
    <ele>70.55</ele>
   </trkpt>
   <trkpt lat="40.68422" lon="22.941190000000002">
    <ele>71.99000000000001</ele>
   </trkpt>
   <trkpt lat="40.6843" lon="22.94131">
    <ele>72.67000000000002</ele>
   </trkpt>
   <trkpt lat="40.684400000000004" lon="22.9414">
    <ele>72.67000000000002</ele>
   </trkpt>
   <trkpt lat="40.68506" lon="22.941730000000003">
    <ele>74.79</ele>
   </trkpt>
   <trkpt lat="40.6854" lon="22.941920000000003">
    <ele>75.07000000000001</ele>
   </trkpt>
   <trkpt lat="40.68593000058561" lon="22.942259997351897">
    <ele>76.15</ele>
   </trkpt>
   <trkpt lat="40.686460000000004" lon="22.942600000000002">
    <ele>76.85</ele>
   </trkpt>
   <trkpt lat="40.68676000000001" lon="22.94282">
    <ele>77.2</ele>
   </trkpt>
   <trkpt lat="40.686910000000005" lon="22.94301">
    <ele>77.27000000000001</ele>
   </trkpt>
   <trkpt lat="40.68701" lon="22.94319">
    <ele>77.37</ele>
   </trkpt>
   <trkpt lat="40.687050000000006" lon="22.94337">
    <ele>77.51</ele>
   </trkpt>
   <trkpt lat="40.68704" lon="22.943800000000003">
    <ele>77.6</ele>
   </trkpt>
   <trkpt lat="40.687070000000006" lon="22.94394">
    <ele>77.6</ele>
   </trkpt>
   <trkpt lat="40.687360000000005" lon="22.943980000000003">
    <ele>78.63000000000001</ele>
   </trkpt>
   <trkpt lat="40.687650000000005" lon="22.94396">
    <ele>78.95</ele>
   </trkpt>
   <trkpt lat="40.687960000000004" lon="22.94386">
    <ele>79.06</ele>
   </trkpt>
   <trkpt lat="40.688340000000004" lon="22.94365">
    <ele>78.9</ele>
   </trkpt>
   <trkpt lat="40.688550000000006" lon="22.94359">
    <ele>78.85000000000001</ele>
   </trkpt>
   <trkpt lat="40.688810000000004" lon="22.943600000000004">
    <ele>78.83000000000001</ele>
   </trkpt>
   <trkpt lat="40.689310000000006" lon="22.943810000000003">
    <ele>79.19000000000001</ele>
   </trkpt>
   <trkpt lat="40.689755000201416" lon="22.944019998602887">
    <ele>80.03999999999999</ele>
   </trkpt>
   <trkpt lat="40.690200000000004" lon="22.94423">
    <ele>80.64</ele>
   </trkpt>
   <trkpt lat="40.69051" lon="22.94441">
    <ele>82.08</ele>
   </trkpt>
   <trkpt lat="40.69107" lon="22.944830000000003">
    <ele>84.44</ele>
   </trkpt>
   <trkpt lat="40.69162500084661" lon="22.94527999622991">
    <ele>87.46000000000001</ele>
   </trkpt>
   <trkpt lat="40.69218" lon="22.94573">
    <ele>88.81000000000002</ele>
   </trkpt>
   <trkpt lat="40.69249000000001" lon="22.94603">
    <ele>89.99</ele>
   </trkpt>
   <trkpt lat="40.693015000811876" lon="22.94645999662345">
    <ele>92.22000000000001</ele>
   </trkpt>
   <trkpt lat="40.693540000000006" lon="22.946890000000003">
    <ele>95.63000000000001</ele>
   </trkpt>
   <trkpt lat="40.693830000000005" lon="22.947180000000003">
    <ele>97.09</ele>
   </trkpt>
   <trkpt lat="40.694050000000004" lon="22.947460000000003">
    <ele>97.49000000000001</ele>
   </trkpt>
   <trkpt lat="40.69417000000001" lon="22.947640000000003">
    <ele>97.52000000000001</ele>
   </trkpt>
   <trkpt lat="40.69429" lon="22.947860000000002">
    <ele>97.39</ele>
   </trkpt>
   <trkpt lat="40.69454" lon="22.94845">
    <ele>97.48</ele>
   </trkpt>
   <trkpt lat="40.69464000000001" lon="22.948760000000004">
    <ele>98.07000000000001</ele>
   </trkpt>
   <trkpt lat="40.694720000000004" lon="22.94913">
    <ele>98.64</ele>
   </trkpt>
   <trkpt lat="40.69478" lon="22.94977">
    <ele>99.86</ele>
   </trkpt>
   <trkpt lat="40.69478" lon="22.95014">
    <ele>100.30000000000001</ele>
   </trkpt>
   <trkpt lat="40.69473000256304" lon="22.950910000498123">
    <ele>98.64</ele>
   </trkpt>
   <trkpt lat="40.694680000000005" lon="22.951680000000003">
    <ele>96.80000000000001</ele>
   </trkpt>
   <trkpt lat="40.69521" lon="22.951950000000004">
    <ele>97.47</ele>
   </trkpt>
   <trkpt lat="40.69561" lon="22.95213">
    <ele>99.64</ele>
   </trkpt>
   <trkpt lat="40.695800000000006" lon="22.952160000000003">
    <ele>102.11</ele>
   </trkpt>
   <trkpt lat="40.6959" lon="22.952160000000003">
    <ele>103.25</ele>
   </trkpt>
   <trkpt lat="40.69605000000001" lon="22.95211">
    <ele>104.32000000000001</ele>
   </trkpt>
   <trkpt lat="40.69614000000001" lon="22.951990000000002">
    <ele>105.25000000000001</ele>
   </trkpt>
   <trkpt lat="40.69619" lon="22.95175">
    <ele>106.08000000000001</ele>
   </trkpt>
   <trkpt lat="40.69626000248627" lon="22.950990000859537">
    <ele>107.28000000000002</ele>
   </trkpt>
   <trkpt lat="40.69633" lon="22.95023">
    <ele>107.7</ele>
   </trkpt>
   <trkpt lat="40.696360000000006" lon="22.950110000000002">
    <ele>107.95</ele>
   </trkpt>
   <trkpt lat="40.69642" lon="22.949990000000003">
    <ele>108.07000000000001</ele>
   </trkpt>
   <trkpt lat="40.69648" lon="22.949920000000002">
    <ele>108.36000000000001</ele>
   </trkpt>
   <trkpt lat="40.696580000000004" lon="22.94985">
    <ele>108.36000000000001</ele>
   </trkpt>
   <trkpt lat="40.69695" lon="22.94969">
    <ele>110.27000000000001</ele>
   </trkpt>
   <trkpt lat="40.69718" lon="22.949640000000002">
    <ele>110.79</ele>
   </trkpt>
   <trkpt lat="40.69745" lon="22.9496">
    <ele>111.44000000000001</ele>
   </trkpt>
   <trkpt lat="40.697880000000005" lon="22.949630000000003">
    <ele>112.15</ele>
   </trkpt>
   <trkpt lat="40.69818" lon="22.949700000000004">
    <ele>112.95</ele>
   </trkpt>
   <trkpt lat="40.698460000000004" lon="22.94979">
    <ele>113.82000000000001</ele>
   </trkpt>
   <trkpt lat="40.69926" lon="22.95013">
    <ele>116.17</ele>
   </trkpt>
   <trkpt lat="40.69994333424623" lon="22.95045665996078">
    <ele>117.64</ele>
   </trkpt>
   <trkpt lat="40.70062666757173" lon="22.95078332662359">
    <ele>119.67000000000002</ele>
   </trkpt>
   <trkpt lat="40.70131000000001" lon="22.951110000000003">
    <ele>122.44</ele>
   </trkpt>
   <trkpt lat="40.70195500024832" lon="22.951404997085213">
    <ele>125.14</ele>
   </trkpt>
   <trkpt lat="40.702600000000004" lon="22.951700000000002">
    <ele>128.02</ele>
   </trkpt>
   <trkpt lat="40.70339666754517" lon="22.95202332558884">
    <ele>130.41</ele>
   </trkpt>
   <trkpt lat="40.704193334188275" lon="22.952346658912475">
    <ele>132.16</ele>
   </trkpt>
   <trkpt lat="40.70499" lon="22.95267">
    <ele>133.15</ele>
   </trkpt>
   <trkpt lat="40.70546" lon="22.952890000000004">
    <ele>133.47</ele>
   </trkpt>
   <trkpt lat="40.70581000000001" lon="22.953090000000003">
    <ele>133.60000000000002</ele>
   </trkpt>
   <trkpt lat="40.70618" lon="22.953360000000004">
    <ele>133.94</ele>
   </trkpt>
   <trkpt lat="40.706500000000005" lon="22.95363">
    <ele>134.4</ele>
   </trkpt>
   <trkpt lat="40.70694" lon="22.95408">
    <ele>135.52</ele>
   </trkpt>
   <trkpt lat="40.70764667041055" lon="22.954736652751567">
    <ele>137.17000000000002</ele>
   </trkpt>
   <trkpt lat="40.708353337100284" lon="22.95539331943944">
    <ele>139.38</ele>
   </trkpt>
   <trkpt lat="40.70906" lon="22.95605">
    <ele>141.64000000000001</ele>
   </trkpt>
   <trkpt lat="40.709360000000004" lon="22.95635">
    <ele>143.02</ele>
   </trkpt>
   <trkpt lat="40.70962" lon="22.95671">
    <ele>144.9</ele>
   </trkpt>
   <trkpt lat="40.70978" lon="22.957060000000002">
    <ele>146.75000000000003</ele>
   </trkpt>
   <trkpt lat="40.709830000000004" lon="22.957210000000003">
    <ele>146.75000000000003</ele>
   </trkpt>
   <trkpt lat="40.709920000000004" lon="22.95766">
    <ele>148.76</ele>
   </trkpt>
   <trkpt lat="40.709950000000006" lon="22.957900000000002">
    <ele>148.76</ele>
   </trkpt>
   <trkpt lat="40.71014" lon="22.958720000000003">
    <ele>153.57000000000002</ele>
   </trkpt>
   <trkpt lat="40.7102" lon="22.95887">
    <ele>153.57000000000002</ele>
   </trkpt>
   <trkpt lat="40.71049" lon="22.95917">
    <ele>155.17</ele>
   </trkpt>
   <trkpt lat="40.71081" lon="22.95943">
    <ele>156.52</ele>
   </trkpt>
   <trkpt lat="40.711040000000004" lon="22.959480000000003">
    <ele>158.01000000000002</ele>
   </trkpt>
   <trkpt lat="40.71135" lon="22.959460000000004">
    <ele>159.59</ele>
   </trkpt>
   <trkpt lat="40.71168" lon="22.959470000000003">
    <ele>161.75</ele>
   </trkpt>
   <trkpt lat="40.71184" lon="22.95951">
    <ele>162.76000000000002</ele>
   </trkpt>
   <trkpt lat="40.71201000000001" lon="22.959650000000003">
    <ele>163.48000000000002</ele>
   </trkpt>
   <trkpt lat="40.71215" lon="22.95983">
    <ele>166.13</ele>
   </trkpt>
   <trkpt lat="40.712360000000004" lon="22.960220000000003">
    <ele>168.84</ele>
   </trkpt>
   <trkpt lat="40.71270500155074" lon="22.96081499695712">
    <ele>171.22</ele>
   </trkpt>
   <trkpt lat="40.71305" lon="22.96141">
    <ele>172.51000000000002</ele>
   </trkpt>
   <trkpt lat="40.71329" lon="22.96178">
    <ele>173.92000000000002</ele>
   </trkpt>
   <trkpt lat="40.71351000000001" lon="22.96199">
    <ele>175.43</ele>
   </trkpt>
   <trkpt lat="40.713640000000005" lon="22.96208">
    <ele>176.0</ele>
   </trkpt>
   <trkpt lat="40.71417500047682" lon="22.96236999773147">
    <ele>181.67000000000002</ele>
   </trkpt>
   <trkpt lat="40.714710000000004" lon="22.962660000000003">
    <ele>183.13000000000002</ele>
   </trkpt>
   <trkpt lat="40.71495" lon="22.96283">
    <ele>184.54</ele>
   </trkpt>
   <trkpt lat="40.71531" lon="22.963250000000002">
    <ele>188.41000000000003</ele>
   </trkpt>
   <trkpt lat="40.71565500096082" lon="22.96372999746632">
    <ele>191.9</ele>
   </trkpt>
   <trkpt lat="40.716" lon="22.96421">
    <ele>195.58</ele>
   </trkpt>
   <trkpt lat="40.716460000000005" lon="22.964900000000004">
    <ele>200.42000000000002</ele>
   </trkpt>
   <trkpt lat="40.71676" lon="22.96542">
    <ele>201.95000000000002</ele>
   </trkpt>
   <trkpt lat="40.7172220150671" lon="22.96635397409573">
    <ele>207.29000000000002</ele>
   </trkpt>
   <trkpt lat="40.71768402260669" lon="22.96728796115515">
    <ele>212.45000000000002</ele>
   </trkpt>
   <trkpt lat="40.71814602261852" lon="22.968221961178443">
    <ele>216.3</ele>
   </trkpt>
   <trkpt lat="40.71860801510239" lon="22.969155974165794">
    <ele>221.05</ele>
   </trkpt>
   <trkpt lat="40.71907" lon="22.970090000000003">
    <ele>224.16000000000003</ele>
   </trkpt>
   <trkpt lat="40.71940667089676" lon="22.970789992922878">
    <ele>226.36</ele>
   </trkpt>
   <trkpt lat="40.719743337565134" lon="22.97148999292636">
    <ele>229.04000000000002</ele>
   </trkpt>
   <trkpt lat="40.72008" lon="22.97219">
    <ele>230.86</ele>
   </trkpt>
   <trkpt lat="40.720415003027306" lon="22.97301999595884">
    <ele>233.76000000000002</ele>
   </trkpt>
   <trkpt lat="40.72075" lon="22.973850000000002">
    <ele>234.57000000000002</ele>
   </trkpt>
   <trkpt lat="40.72108" lon="22.97474">
    <ele>234.16</ele>
   </trkpt>
   <trkpt lat="40.72145500484771" lon="22.975804993868802">
    <ele>235.56</ele>
   </trkpt>
   <trkpt lat="40.721830000000004" lon="22.97687">
    <ele>241.04000000000002</ele>
   </trkpt>
   <trkpt lat="40.722130002599656" lon="22.977644996527875">
    <ele>244.37000000000003</ele>
   </trkpt>
   <trkpt lat="40.72243" lon="22.978420000000003">
    <ele>246.01</ele>
   </trkpt>
   <trkpt lat="40.722640000000006" lon="22.978900000000003">
    <ele>246.18</ele>
   </trkpt>
   <trkpt lat="40.722730000000006" lon="22.97903">
    <ele>246.1</ele>
   </trkpt>
   <trkpt lat="40.722910000000006" lon="22.979190000000003">
    <ele>246.1</ele>
   </trkpt>
   <trkpt lat="40.723150000000004" lon="22.97931">
    <ele>245.64000000000001</ele>
   </trkpt>
   <trkpt lat="40.72328" lon="22.97931">
    <ele>245.42000000000002</ele>
   </trkpt>
   <trkpt lat="40.72368" lon="22.97914">
    <ele>244.97000000000003</ele>
   </trkpt>
   <trkpt lat="40.72381" lon="22.979210000000002">
    <ele>244.53000000000003</ele>
   </trkpt>
   <trkpt lat="40.72395" lon="22.97944">
    <ele>243.38</ele>
   </trkpt>
   <trkpt lat="40.72437" lon="22.980330000000002">
    <ele>239.69</ele>
   </trkpt>
   <trkpt lat="40.72467" lon="22.98085">
    <ele>238.02</ele>
   </trkpt>
   <trkpt lat="40.725010000000005" lon="22.981230000000004">
    <ele>236.62000000000003</ele>
   </trkpt>
   <trkpt lat="40.72534" lon="22.98149">
    <ele>235.33</ele>
   </trkpt>
   <trkpt lat="40.725460000000005" lon="22.981610000000003">
    <ele>235.16</ele>
   </trkpt>
   <trkpt lat="40.72563" lon="22.981840000000002">
    <ele>234.78</ele>
   </trkpt>
   <trkpt lat="40.726020000000005" lon="22.982670000000002">
    <ele>232.86</ele>
   </trkpt>
   <trkpt lat="40.72616" lon="22.98301">
    <ele>231.35000000000002</ele>
   </trkpt>
   <trkpt lat="40.72617" lon="22.98325">
    <ele>230.48000000000002</ele>
   </trkpt>
   <trkpt lat="40.726130000000005" lon="22.98348">
    <ele>230.01000000000002</ele>
   </trkpt>
   <trkpt lat="40.726090000000006" lon="22.983580000000003">
    <ele>230.01000000000002</ele>
   </trkpt>
   <trkpt lat="40.72596" lon="22.983780000000003">
    <ele>229.30000000000004</ele>
   </trkpt>
   <trkpt lat="40.725660000000005" lon="22.98404">
    <ele>228.75</ele>
   </trkpt>
   <trkpt lat="40.725570000000005" lon="22.984140000000004">
    <ele>228.11</ele>
   </trkpt>
   <trkpt lat="40.725460000000005" lon="22.9844">
    <ele>228.11</ele>
   </trkpt>
   <trkpt lat="40.72545" lon="22.98451">
    <ele>228.11</ele>
   </trkpt>
   <trkpt lat="40.725460000000005" lon="22.98458">
    <ele>227.86</ele>
   </trkpt>
   <trkpt lat="40.72554" lon="22.9847">
    <ele>227.79000000000002</ele>
   </trkpt>
   <trkpt lat="40.72563" lon="22.98476">
    <ele>227.75</ele>
   </trkpt>
   <trkpt lat="40.726330000000004" lon="22.98496">
    <ele>227.18</ele>
   </trkpt>
   <trkpt lat="40.72646" lon="22.98504">
    <ele>227.18</ele>
   </trkpt>
   <trkpt lat="40.72657" lon="22.98514">
    <ele>226.96</ele>
   </trkpt>
   <trkpt lat="40.726670000000006" lon="22.985290000000003">
    <ele>226.73000000000002</ele>
   </trkpt>
   <trkpt lat="40.726760000000006" lon="22.98552">
    <ele>226.73000000000002</ele>
   </trkpt>
   <trkpt lat="40.72686" lon="22.98588">
    <ele>226.46</ele>
   </trkpt>
   <trkpt lat="40.72695" lon="22.986330000000002">
    <ele>225.89000000000001</ele>
   </trkpt>
   <trkpt lat="40.726980000000005" lon="22.98666">
    <ele>225.55</ele>
   </trkpt>
   <trkpt lat="40.726940000000006" lon="22.986960000000003">
    <ele>225.08</ele>
   </trkpt>
   <trkpt lat="40.726820000000004" lon="22.98722">
    <ele>224.62</ele>
   </trkpt>
   <trkpt lat="40.72675" lon="22.98732">
    <ele>224.62</ele>
   </trkpt>
   <trkpt lat="40.72659" lon="22.987450000000003">
    <ele>224.42000000000002</ele>
   </trkpt>
   <trkpt lat="40.726400000000005" lon="22.987540000000003">
    <ele>224.42000000000002</ele>
   </trkpt>
   <trkpt lat="40.725550000000005" lon="22.987730000000003">
    <ele>224.28</ele>
   </trkpt>
   <trkpt lat="40.72545" lon="22.987800000000004">
    <ele>224.18</ele>
   </trkpt>
   <trkpt lat="40.725410000000004" lon="22.987900000000003">
    <ele>224.18</ele>
   </trkpt>
   <trkpt lat="40.7254" lon="22.988010000000003">
    <ele>224.18</ele>
   </trkpt>
   <trkpt lat="40.725410000000004" lon="22.98806">
    <ele>224.18</ele>
   </trkpt>
   <trkpt lat="40.725460000000005" lon="22.98815">
    <ele>224.0</ele>
   </trkpt>
   <trkpt lat="40.72567" lon="22.988300000000002">
    <ele>224.0</ele>
   </trkpt>
   <trkpt lat="40.72598" lon="22.98842">
    <ele>223.94000000000003</ele>
   </trkpt>
   <trkpt lat="40.726150000000004" lon="22.98852">
    <ele>223.73000000000002</ele>
   </trkpt>
   <trkpt lat="40.726310000000005" lon="22.988680000000002">
    <ele>223.17000000000002</ele>
   </trkpt>
   <trkpt lat="40.726350000000004" lon="22.988780000000002">
    <ele>222.79000000000002</ele>
   </trkpt>
   <trkpt lat="40.72637" lon="22.989030000000003">
    <ele>221.87</ele>
   </trkpt>
   <trkpt lat="40.726350000000004" lon="22.989140000000003">
    <ele>221.34</ele>
   </trkpt>
   <trkpt lat="40.726220000000005" lon="22.98938">
    <ele>219.36</ele>
   </trkpt>
   <trkpt lat="40.726000000000006" lon="22.98964">
    <ele>218.14000000000001</ele>
   </trkpt>
   <trkpt lat="40.72594" lon="22.98974">
    <ele>218.14000000000001</ele>
   </trkpt>
   <trkpt lat="40.7259" lon="22.989870000000003">
    <ele>215.82</ele>
   </trkpt>
   <trkpt lat="40.72592" lon="22.99001">
    <ele>215.82</ele>
   </trkpt>
   <trkpt lat="40.72596" lon="22.99013">
    <ele>213.9</ele>
   </trkpt>
   <trkpt lat="40.72617" lon="22.99039">
    <ele>212.70000000000002</ele>
   </trkpt>
   <trkpt lat="40.726240000000004" lon="22.990530000000003">
    <ele>212.07</ele>
   </trkpt>
   <trkpt lat="40.72627000000001" lon="22.99067">
    <ele>212.07</ele>
   </trkpt>
   <trkpt lat="40.72627000000001" lon="22.99079">
    <ele>208.74</ele>
   </trkpt>
   <trkpt lat="40.726240000000004" lon="22.990940000000002">
    <ele>208.74</ele>
   </trkpt>
   <trkpt lat="40.7261" lon="22.99125">
    <ele>207.57</ele>
   </trkpt>
   <trkpt lat="40.72574" lon="22.99164">
    <ele>205.54000000000002</ele>
   </trkpt>
   <trkpt lat="40.72525500145016" lon="22.992250004640766">
    <ele>200.96000000000004</ele>
   </trkpt>
   <trkpt lat="40.72477000000001" lon="22.99286">
    <ele>196.79000000000002</ele>
   </trkpt>
   <trkpt lat="40.724680000000006" lon="22.99303">
    <ele>196.22</ele>
   </trkpt>
   <trkpt lat="40.72462" lon="22.993280000000002">
    <ele>194.41000000000003</ele>
   </trkpt>
   <trkpt lat="40.72462" lon="22.993460000000002">
    <ele>193.55</ele>
   </trkpt>
   <trkpt lat="40.72469" lon="22.99408">
    <ele>191.09</ele>
   </trkpt>
   <trkpt lat="40.72467" lon="22.99426">
    <ele>191.09</ele>
   </trkpt>
   <trkpt lat="40.724610000000006" lon="22.994370000000004">
    <ele>188.92</ele>
   </trkpt>
   <trkpt lat="40.72429" lon="22.99462">
    <ele>187.43</ele>
   </trkpt>
   <trkpt lat="40.72424" lon="22.994670000000003">
    <ele>187.43</ele>
   </trkpt>
   <trkpt lat="40.72422" lon="22.994840000000003">
    <ele>187.11</ele>
   </trkpt>
   <trkpt lat="40.72422" lon="22.99502">
    <ele>185.89000000000001</ele>
   </trkpt>
   <trkpt lat="40.724250000000005" lon="22.9951">
    <ele>185.32000000000002</ele>
   </trkpt>
   <trkpt lat="40.724360000000004" lon="22.99521">
    <ele>184.50000000000003</ele>
   </trkpt>
   <trkpt lat="40.72482" lon="22.99549">
    <ele>181.13</ele>
   </trkpt>
   <trkpt lat="40.724920000000004" lon="22.99557">
    <ele>181.13</ele>
   </trkpt>
   <trkpt lat="40.724990000000005" lon="22.99566">
    <ele>180.65</ele>
   </trkpt>
   <trkpt lat="40.725100000000005" lon="22.99586">
    <ele>179.21</ele>
   </trkpt>
   <trkpt lat="40.72513" lon="22.99603">
    <ele>179.21</ele>
   </trkpt>
   <trkpt lat="40.725100000000005" lon="22.996280000000002">
    <ele>178.31000000000003</ele>
   </trkpt>
   <trkpt lat="40.72504" lon="22.99643">
    <ele>177.31000000000003</ele>
   </trkpt>
   <trkpt lat="40.724920000000004" lon="22.9966">
    <ele>177.31000000000003</ele>
   </trkpt>
   <trkpt lat="40.72473" lon="22.99669">
    <ele>176.68</ele>
   </trkpt>
   <trkpt lat="40.72466" lon="22.996760000000002">
    <ele>176.39000000000001</ele>
   </trkpt>
   <trkpt lat="40.72383000000001" lon="22.99708">
    <ele>172.45000000000002</ele>
   </trkpt>
   <trkpt lat="40.7237" lon="22.99717">
    <ele>171.96</ele>
   </trkpt>
   <trkpt lat="40.723670000000006" lon="22.997290000000003">
    <ele>171.5</ele>
   </trkpt>
   <trkpt lat="40.72366" lon="22.997410000000002">
    <ele>170.85</ele>
   </trkpt>
   <trkpt lat="40.72368" lon="22.997480000000003">
    <ele>170.85</ele>
   </trkpt>
   <trkpt lat="40.72375" lon="22.997570000000003">
    <ele>169.96000000000004</ele>
   </trkpt>
   <trkpt lat="40.72383000000001" lon="22.99764">
    <ele>169.96000000000004</ele>
   </trkpt>
   <trkpt lat="40.72408" lon="22.997760000000003">
    <ele>168.77</ele>
   </trkpt>
   <trkpt lat="40.72426" lon="22.9979">
    <ele>167.55</ele>
   </trkpt>
   <trkpt lat="40.72433" lon="22.99801">
    <ele>166.62</ele>
   </trkpt>
   <trkpt lat="40.7244" lon="22.998220000000003">
    <ele>165.97</ele>
   </trkpt>
   <trkpt lat="40.72444" lon="22.99848">
    <ele>164.82000000000002</ele>
   </trkpt>
   <trkpt lat="40.72444" lon="22.99874">
    <ele>164.19</ele>
   </trkpt>
   <trkpt lat="40.7244" lon="22.999200000000002">
    <ele>162.94</ele>
   </trkpt>
   <trkpt lat="40.72421000000001" lon="22.999670000000002">
    <ele>161.98000000000002</ele>
   </trkpt>
   <trkpt lat="40.72382" lon="23.000140000000002">
    <ele>160.12</ele>
   </trkpt>
   <trkpt lat="40.723420001321685" lon="23.00066500298136">
    <ele>157.18</ele>
   </trkpt>
   <trkpt lat="40.723020000000005" lon="23.00119">
    <ele>155.36</ele>
   </trkpt>
   <trkpt lat="40.722730000000006" lon="23.001520000000003">
    <ele>154.46</ele>
   </trkpt>
   <trkpt lat="40.722150000000006" lon="23.002170000000003">
    <ele>153.41000000000003</ele>
   </trkpt>
   <trkpt lat="40.72198" lon="23.00241">
    <ele>153.11</ele>
   </trkpt>
   <trkpt lat="40.721700000000006" lon="23.003220000000002">
    <ele>150.07</ele>
   </trkpt>
   <trkpt lat="40.721560000000004" lon="23.003880000000002">
    <ele>147.50000000000003</ele>
   </trkpt>
   <trkpt lat="40.72153" lon="23.004150000000003">
    <ele>145.61</ele>
   </trkpt>
   <trkpt lat="40.72153" lon="23.005010000000002">
    <ele>143.13</ele>
   </trkpt>
   <trkpt lat="40.72149" lon="23.005860000000002">
    <ele>141.37000000000003</ele>
   </trkpt>
   <trkpt lat="40.721470000000004" lon="23.00599">
    <ele>140.96</ele>
   </trkpt>
   <trkpt lat="40.72138" lon="23.00618">
    <ele>140.23000000000002</ele>
   </trkpt>
   <trkpt lat="40.7211" lon="23.00646">
    <ele>139.43</ele>
   </trkpt>
   <trkpt lat="40.72093" lon="23.006570000000004">
    <ele>137.9</ele>
   </trkpt>
   <trkpt lat="40.72106" lon="23.006570000000004">
    <ele>137.20000000000002</ele>
   </trkpt>
   <trkpt lat="40.72117" lon="23.00653">
    <ele>135.85</ele>
   </trkpt>
   <trkpt lat="40.72130000000001" lon="23.00645">
    <ele>135.15</ele>
   </trkpt>
   <trkpt lat="40.721700000000006" lon="23.006130000000002">
    <ele>131.11</ele>
   </trkpt>
   <trkpt lat="40.72227" lon="23.005560000000003">
    <ele>128.16000000000003</ele>
   </trkpt>
   <trkpt lat="40.722300000000004" lon="23.005480000000002">
    <ele>127.98</ele>
   </trkpt>
   <trkpt lat="40.722460000000005" lon="23.00521">
    <ele>127.62</ele>
   </trkpt>
   <trkpt lat="40.722530000000006" lon="23.00503">
    <ele>126.91000000000003</ele>
   </trkpt>
   <trkpt lat="40.722730000000006" lon="23.004710000000003">
    <ele>125.77000000000002</ele>
   </trkpt>
   <trkpt lat="40.72288" lon="23.004550000000002">
    <ele>124.45</ele>
   </trkpt>
   <trkpt lat="40.723020000000005" lon="23.0045">
    <ele>123.47000000000001</ele>
   </trkpt>
   <trkpt lat="40.723180000000006" lon="23.004520000000003">
    <ele>122.72000000000001</ele>
   </trkpt>
   <trkpt lat="40.72346" lon="23.004640000000002">
    <ele>121.45000000000002</ele>
   </trkpt>
   <trkpt lat="40.72386" lon="23.004640000000002">
    <ele>119.63000000000001</ele>
   </trkpt>
   <trkpt lat="40.72401" lon="23.004610000000003">
    <ele>117.61</ele>
   </trkpt>
   <trkpt lat="40.72417" lon="23.004630000000002">
    <ele>117.61</ele>
   </trkpt>
   <trkpt lat="40.72439000000001" lon="23.004710000000003">
    <ele>116.89</ele>
   </trkpt>
   <trkpt lat="40.72458" lon="23.004910000000002">
    <ele>115.56</ele>
   </trkpt>
   <trkpt lat="40.724855001198016" lon="23.005434997847377">
    <ele>113.47000000000001</ele>
   </trkpt>
   <trkpt lat="40.72513" lon="23.00596">
    <ele>111.62</ele>
   </trkpt>
   <trkpt lat="40.725260000000006" lon="23.006230000000002">
    <ele>110.15</ele>
   </trkpt>
   <trkpt lat="40.725300000000004" lon="23.006220000000003">
    <ele>110.15</ele>
   </trkpt>
   <trkpt lat="40.72536" lon="23.006240000000002">
    <ele>110.15</ele>
   </trkpt>
   <trkpt lat="40.72571000000001" lon="23.00654">
    <ele>107.77</ele>
   </trkpt>
   <trkpt lat="40.72585" lon="23.00663">
    <ele>106.51</ele>
   </trkpt>
   <trkpt lat="40.726130000000005" lon="23.006780000000003">
    <ele>104.37</ele>
   </trkpt>
   <trkpt lat="40.726380000000006" lon="23.006880000000002">
    <ele>103.72</ele>
   </trkpt>
   <trkpt lat="40.72654" lon="23.006970000000003">
    <ele>103.39</ele>
   </trkpt>
   <trkpt lat="40.727320000000006" lon="23.0073">
    <ele>99.2</ele>
   </trkpt>
   <trkpt lat="40.72755750940388" lon="23.0064475091408">
    <ele>99.60000000000001</ele>
   </trkpt>
   <trkpt lat="40.727795012536085" lon="23.00559501219657">
    <ele>100.11</ele>
   </trkpt>
   <trkpt lat="40.72803250939655" lon="23.00474250916736">
    <ele>100.59000000000002</ele>
   </trkpt>
   <trkpt lat="40.72827" lon="23.003890000000002">
    <ele>101.68</ele>
   </trkpt>
   <trkpt lat="40.728500000000004" lon="23.002920000000003">
    <ele>103.66</ele>
   </trkpt>
   <trkpt lat="40.72868500356054" lon="23.00201000259204">
    <ele>106.10000000000001</ele>
   </trkpt>
   <trkpt lat="40.72887" lon="23.0011">
    <ele>109.06</ele>
   </trkpt>
   <trkpt lat="40.729040000000005" lon="23.00007">
    <ele>113.07000000000001</ele>
   </trkpt>
   <trkpt lat="40.72909000000001" lon="22.999640000000003">
    <ele>115.33000000000001</ele>
   </trkpt>
   <trkpt lat="40.72918000000001" lon="22.99865">
    <ele>120.05</ele>
   </trkpt>
   <trkpt lat="40.72923" lon="22.998430000000003">
    <ele>121.00000000000001</ele>
   </trkpt>
   <trkpt lat="40.729310000000005" lon="22.99828">
    <ele>121.00000000000001</ele>
   </trkpt>
   <trkpt lat="40.729510000000005" lon="22.998070000000002">
    <ele>120.93</ele>
   </trkpt>
   <trkpt lat="40.729710000000004" lon="22.997770000000003">
    <ele>120.89000000000001</ele>
   </trkpt>
   <trkpt lat="40.7299" lon="22.99735">
    <ele>121.48</ele>
   </trkpt>
   <trkpt lat="40.730070000000005" lon="22.997030000000002">
    <ele>121.78000000000002</ele>
   </trkpt>
   <trkpt lat="40.730270000000004" lon="22.99671">
    <ele>122.71000000000001</ele>
   </trkpt>
   <trkpt lat="40.73079000185944" lon="22.9960450052592">
    <ele>124.80000000000001</ele>
   </trkpt>
   <trkpt lat="40.73131" lon="22.99538">
    <ele>126.79</ele>
   </trkpt>
   <trkpt lat="40.73156" lon="22.99502">
    <ele>127.75</ele>
   </trkpt>
   <trkpt lat="40.731700000000004" lon="22.994760000000003">
    <ele>128.46</ele>
   </trkpt>
   <trkpt lat="40.73178" lon="22.994410000000002">
    <ele>130.38000000000002</ele>
   </trkpt>
   <trkpt lat="40.7318" lon="22.994010000000003">
    <ele>131.54000000000002</ele>
   </trkpt>
   <trkpt lat="40.73174" lon="22.993710000000004">
    <ele>132.63</ele>
   </trkpt>
   <trkpt lat="40.731590000000004" lon="22.993150000000004">
    <ele>134.02</ele>
   </trkpt>
   <trkpt lat="40.73156" lon="22.99284">
    <ele>134.49</ele>
   </trkpt>
   <trkpt lat="40.73169" lon="22.992610000000003">
    <ele>135.08</ele>
   </trkpt>
   <trkpt lat="40.732000000000006" lon="22.99229">
    <ele>136.41</ele>
   </trkpt>
   <trkpt lat="40.73212" lon="22.99211">
    <ele>136.95000000000002</ele>
   </trkpt>
   <trkpt lat="40.73227000000001" lon="22.99183">
    <ele>137.55</ele>
   </trkpt>
   <trkpt lat="40.73239" lon="22.991650000000003">
    <ele>138.19</ele>
   </trkpt>
   <trkpt lat="40.732910000000004" lon="22.99097">
    <ele>139.75</ele>
   </trkpt>
   <trkpt lat="40.73324" lon="22.99058">
    <ele>140.40000000000003</ele>
   </trkpt>
   <trkpt lat="40.733470000000004" lon="22.990090000000002">
    <ele>140.81</ele>
   </trkpt>
   <trkpt lat="40.733720000000005" lon="22.98927">
    <ele>141.52</ele>
   </trkpt>
   <trkpt lat="40.734170000000006" lon="22.988380000000003">
    <ele>142.20000000000002</ele>
   </trkpt>
   <trkpt lat="40.734350000000006" lon="22.988110000000002">
    <ele>142.06000000000003</ele>
   </trkpt>
   <trkpt lat="40.73487" lon="22.987460000000002">
    <ele>141.3</ele>
   </trkpt>
   <trkpt lat="40.73516" lon="22.987070000000003">
    <ele>140.77</ele>
   </trkpt>
   <trkpt lat="40.735730000000004" lon="22.986770000000003">
    <ele>139.27</ele>
   </trkpt>
   <trkpt lat="40.73648000039493" lon="22.986470003379473">
    <ele>137.42000000000002</ele>
   </trkpt>
   <trkpt lat="40.737230000000004" lon="22.98617">
    <ele>135.8</ele>
   </trkpt>
   <trkpt lat="40.7381" lon="22.985940000000003">
    <ele>132.29000000000002</ele>
   </trkpt>
   <trkpt lat="40.738870000228644" lon="22.985750002181323">
    <ele>128.59</ele>
   </trkpt>
   <trkpt lat="40.73964" lon="22.985560000000003">
    <ele>126.73</ele>
   </trkpt>
   <trkpt lat="40.739920000000005" lon="22.98552">
    <ele>126.66000000000003</ele>
   </trkpt>
   <trkpt lat="40.74069" lon="22.98544">
    <ele>126.25</ele>
   </trkpt>
   <trkpt lat="40.741350000000004" lon="22.98541">
    <ele>124.74</ele>
   </trkpt>
   <trkpt lat="40.74203000000001" lon="22.98541">
    <ele>123.27</ele>
   </trkpt>
   <trkpt lat="40.742534999940446" lon="22.985424999884312">
    <ele>120.98</ele>
   </trkpt>
   <trkpt lat="40.74304" lon="22.98544">
    <ele>118.26</ele>
   </trkpt>
   <trkpt lat="40.743900000000004" lon="22.98553">
    <ele>116.46000000000001</ele>
   </trkpt>
   <trkpt lat="40.74425" lon="22.98561">
    <ele>116.12000000000002</ele>
   </trkpt>
   <trkpt lat="40.74476500019285" lon="22.985784998665512">
    <ele>115.47</ele>
   </trkpt>
   <trkpt lat="40.74528" lon="22.985960000000002">
    <ele>115.51000000000002</ele>
   </trkpt>
   <trkpt lat="40.745670000000004" lon="22.986150000000002">
    <ele>115.71000000000001</ele>
   </trkpt>
   <trkpt lat="40.746390000000005" lon="22.986530000000002">
    <ele>115.56</ele>
   </trkpt>
   <trkpt lat="40.74683" lon="22.986810000000002">
    <ele>115.14</ele>
   </trkpt>
   <trkpt lat="40.747565001089804" lon="22.987294994688845">
    <ele>114.76000000000002</ele>
   </trkpt>
   <trkpt lat="40.7483" lon="22.98778">
    <ele>114.64</ele>
   </trkpt>
   <trkpt lat="40.748560000000005" lon="22.987930000000002">
    <ele>114.47000000000001</ele>
   </trkpt>
   <trkpt lat="40.748810000000006" lon="22.988090000000003">
    <ele>114.48</ele>
   </trkpt>
   <trkpt lat="40.74931" lon="22.98833">
    <ele>114.33000000000001</ele>
   </trkpt>
   <trkpt lat="40.749520000000004" lon="22.988390000000003">
    <ele>114.01</ele>
   </trkpt>
   <trkpt lat="40.750040000000006" lon="22.98863">
    <ele>113.06</ele>
   </trkpt>
   <trkpt lat="40.7508500002387" lon="22.988854997264742">
    <ele>113.14</ele>
   </trkpt>
   <trkpt lat="40.75166" lon="22.98908">
    <ele>113.19000000000001</ele>
   </trkpt>
   <trkpt lat="40.75222" lon="22.98927">
    <ele>113.05000000000001</ele>
   </trkpt>
   <trkpt lat="40.75283000002409" lon="22.989444998363453">
    <ele>113.45</ele>
   </trkpt>
   <trkpt lat="40.753440000000005" lon="22.989620000000002">
    <ele>114.07000000000001</ele>
   </trkpt>
   <trkpt lat="40.754090000000005" lon="22.989790000000003">
    <ele>114.64</ele>
   </trkpt>
   <trkpt lat="40.75455" lon="22.98986">
    <ele>114.65000000000002</ele>
   </trkpt>
   <trkpt lat="40.755357500704285" lon="22.990094991433825">
    <ele>114.89</ele>
   </trkpt>
   <trkpt lat="40.75616500093196" lon="22.990329988576168">
    <ele>114.97</ele>
   </trkpt>
   <trkpt lat="40.756972500682956" lon="22.990564991427313">
    <ele>115.22</ele>
   </trkpt>
   <trkpt lat="40.757780000000004" lon="22.9908">
    <ele>115.71000000000001</ele>
   </trkpt>
   <trkpt lat="40.758443333670456" lon="22.990999996006064">
    <ele>116.22</ele>
   </trkpt>
   <trkpt lat="40.75910666699566" lon="22.991199996003555">
    <ele>116.38000000000001</ele>
   </trkpt>
   <trkpt lat="40.75977" lon="22.991400000000002">
    <ele>116.19000000000001</ele>
   </trkpt>
   <trkpt lat="40.76036333353462" lon="22.99154666405216">
    <ele>116.0</ele>
   </trkpt>
   <trkpt lat="40.760956666883594" lon="22.991693330722658">
    <ele>116.15</ele>
   </trkpt>
   <trkpt lat="40.76155000000001" lon="22.991840000000003">
    <ele>116.39</ele>
   </trkpt>
   <trkpt lat="40.76237166745726" lon="22.992031654818792">
    <ele>116.47</ele>
   </trkpt>
   <trkpt lat="40.76319333459745" lon="22.992223314376204">
    <ele>116.38000000000001</ele>
   </trkpt>
   <trkpt lat="40.764015001420574" lon="22.992414978672482">
    <ele>115.99000000000001</ele>
   </trkpt>
   <trkpt lat="40.76483666792661" lon="22.99260664770788">
    <ele>116.02000000000001</ele>
   </trkpt>
   <trkpt lat="40.765658334115564" lon="22.992798321482653">
    <ele>116.82000000000001</ele>
   </trkpt>
   <trkpt lat="40.76648" lon="22.992990000000002">
    <ele>117.5</ele>
   </trkpt>
   <trkpt lat="40.766970000179306" lon="22.99311499910687">
    <ele>118.20000000000002</ele>
   </trkpt>
   <trkpt lat="40.76746" lon="22.99324">
    <ele>118.26</ele>
   </trkpt>
   <trkpt lat="40.767880000000005" lon="22.9934">
    <ele>118.20000000000002</ele>
   </trkpt>
   <trkpt lat="40.768660000000004" lon="22.993750000000002">
    <ele>118.25</ele>
   </trkpt>
   <trkpt lat="40.76948" lon="22.994090000000003">
    <ele>118.73000000000002</ele>
   </trkpt>
   <trkpt lat="40.77029857473917" lon="22.994447116461718">
    <ele>119.25</ele>
   </trkpt>
   <trkpt lat="40.77111714837746" lon="22.994804241722274">
    <ele>119.10000000000001</ele>
   </trkpt>
   <trkpt lat="40.77193572091486" lon="22.99516137578212">
    <ele>119.02000000000001</ele>
   </trkpt>
   <trkpt lat="40.77275429235131" lon="22.99551851864173">
    <ele>119.28000000000002</ele>
   </trkpt>
   <trkpt lat="40.77357286268673" lon="22.995875670301547">
    <ele>119.70000000000002</ele>
   </trkpt>
   <trkpt lat="40.77439143192105" lon="22.99623283076204">
    <ele>119.76</ele>
   </trkpt>
   <trkpt lat="40.77521" lon="22.99659">
    <ele>119.01</ele>
   </trkpt>
   <trkpt lat="40.77562" lon="22.996830000000003">
    <ele>118.21000000000001</ele>
   </trkpt>
   <trkpt lat="40.77601000000001" lon="22.99707">
    <ele>117.76</ele>
   </trkpt>
   <trkpt lat="40.776684004280696" lon="22.997567979788986">
    <ele>116.51000000000002</ele>
   </trkpt>
   <trkpt lat="40.77735800642074" lon="22.998065969682784">
    <ele>116.39</ele>
   </trkpt>
   <trkpt lat="40.77803200642006" lon="22.998563969681793">
    <ele>116.73000000000002</ele>
   </trkpt>
   <trkpt lat="40.77870600427855" lon="22.999061979786433">
    <ele>117.07000000000001</ele>
   </trkpt>
   <trkpt lat="40.77938" lon="22.999560000000002">
    <ele>117.64</ele>
   </trkpt>
   <trkpt lat="40.780030000000004" lon="23.000000000000004">
    <ele>117.71000000000001</ele>
   </trkpt>
   <trkpt lat="40.780723337630214" lon="23.000446643348795">
    <ele>117.92</ele>
   </trkpt>
   <trkpt lat="40.78141667353835" lon="23.000893296022003">
    <ele>117.94</ele>
   </trkpt>
   <trkpt lat="40.782110007724334" lon="23.001339958020015">
    <ele>118.08</ele>
   </trkpt>
   <trkpt lat="40.78280334018812" lon="23.00178662934324">
    <ele>118.07000000000001</ele>
   </trkpt>
   <trkpt lat="40.78349667092956" lon="23.002233309992068">
    <ele>118.43</ele>
   </trkpt>
   <trkpt lat="40.78419" lon="23.00268">
    <ele>118.96000000000001</ele>
   </trkpt>
   <trkpt lat="40.78466500037392" lon="23.002954998060666">
    <ele>119.32000000000001</ele>
   </trkpt>
   <trkpt lat="40.785140000000006" lon="23.003230000000002">
    <ele>119.69</ele>
   </trkpt>
   <trkpt lat="40.785790000000006" lon="23.003660000000004">
    <ele>120.39000000000001</ele>
   </trkpt>
   <trkpt lat="40.78593" lon="23.00381">
    <ele>120.52000000000001</ele>
   </trkpt>
   <trkpt lat="40.78625" lon="23.00421">
    <ele>120.52000000000001</ele>
   </trkpt>
   <trkpt lat="40.78636" lon="23.00431">
    <ele>120.66</ele>
   </trkpt>
   <trkpt lat="40.78694" lon="23.004700000000003">
    <ele>121.09</ele>
   </trkpt>
   <trkpt lat="40.78708" lon="23.004810000000003">
    <ele>121.05</ele>
   </trkpt>
   <trkpt lat="40.78717" lon="23.00495">
    <ele>120.88000000000001</ele>
   </trkpt>
   <trkpt lat="40.78721" lon="23.005100000000002">
    <ele>120.88000000000001</ele>
   </trkpt>
   <trkpt lat="40.78723" lon="23.00534">
    <ele>120.81000000000002</ele>
   </trkpt>
   <trkpt lat="40.78721" lon="23.005470000000003">
    <ele>120.81000000000002</ele>
   </trkpt>
   <trkpt lat="40.78686333890149" lon="23.00627000825222">
    <ele>121.13000000000001</ele>
   </trkpt>
   <trkpt lat="40.786516672278125" lon="23.00707000815213">
    <ele>121.23</ele>
   </trkpt>
   <trkpt lat="40.786170000000006" lon="23.00787">
    <ele>121.04</ele>
   </trkpt>
   <trkpt lat="40.78586500164308" lon="23.00849500295839">
    <ele>122.56000000000002</ele>
   </trkpt>
   <trkpt lat="40.785560000000004" lon="23.009120000000003">
    <ele>123.62</ele>
   </trkpt>
   <trkpt lat="40.78546" lon="23.009390000000003">
    <ele>123.81</ele>
   </trkpt>
   <trkpt lat="40.78544" lon="23.00965">
    <ele>123.43</ele>
   </trkpt>
   <trkpt lat="40.785470000000004" lon="23.00974">
    <ele>123.43</ele>
   </trkpt>
   <trkpt lat="40.785520000000005" lon="23.009790000000002">
    <ele>123.43</ele>
   </trkpt>
   <trkpt lat="40.78557" lon="23.00982">
    <ele>123.43</ele>
   </trkpt>
   <trkpt lat="40.785700000000006" lon="23.009760000000004">
    <ele>122.93</ele>
   </trkpt>
   <trkpt lat="40.785880000000006" lon="23.00956">
    <ele>122.67000000000002</ele>
   </trkpt>
   <trkpt lat="40.78598" lon="23.009390000000003">
    <ele>122.67000000000002</ele>
   </trkpt>
   <trkpt lat="40.7862550014587" lon="23.008810002387573">
    <ele>121.36000000000001</ele>
   </trkpt>
   <trkpt lat="40.786530000000006" lon="23.00823">
    <ele>121.10000000000001</ele>
   </trkpt>
   <trkpt lat="40.78671000000001" lon="23.00788">
    <ele>121.37</ele>
   </trkpt>
   <trkpt lat="40.78685" lon="23.00766">
    <ele>121.49000000000001</ele>
   </trkpt>
   <trkpt lat="40.78712" lon="23.00738">
    <ele>121.70000000000002</ele>
   </trkpt>
   <trkpt lat="40.787290000000006" lon="23.007250000000003">
    <ele>122.00000000000001</ele>
   </trkpt>
   <trkpt lat="40.787470000000006" lon="23.007160000000002">
    <ele>122.33000000000001</ele>
   </trkpt>
   <trkpt lat="40.7879" lon="23.007">
    <ele>122.50000000000001</ele>
   </trkpt>
   <trkpt lat="40.788230000000006" lon="23.00681">
    <ele>122.58000000000001</ele>
   </trkpt>
   <trkpt lat="40.78835" lon="23.006700000000002">
    <ele>122.58000000000001</ele>
   </trkpt>
   <trkpt lat="40.78846" lon="23.006580000000003">
    <ele>122.93</ele>
   </trkpt>
   <trkpt lat="40.788720000000005" lon="23.00618">
    <ele>122.93</ele>
   </trkpt>
   <trkpt lat="40.7888" lon="23.006100000000004">
    <ele>122.97000000000001</ele>
   </trkpt>
   <trkpt lat="40.788990000000005" lon="23.006030000000003">
    <ele>122.97000000000001</ele>
   </trkpt>
   <trkpt lat="40.789100000000005" lon="23.00606">
    <ele>122.97000000000001</ele>
   </trkpt>
   <trkpt lat="40.78947" lon="23.00626">
    <ele>123.22000000000001</ele>
   </trkpt>
   <trkpt lat="40.79007" lon="23.00646">
    <ele>123.87</ele>
   </trkpt>
   <trkpt lat="40.790600000000005" lon="23.006790000000002">
    <ele>124.45</ele>
   </trkpt>
   <trkpt lat="40.79134000105088" lon="23.00727999454862">
    <ele>125.33</ele>
   </trkpt>
   <trkpt lat="40.792080000000006" lon="23.00777">
    <ele>126.31</ele>
   </trkpt>
   <trkpt lat="40.792590000000004" lon="23.00813">
    <ele>126.9</ele>
   </trkpt>
   <trkpt lat="40.79296" lon="23.00844">
    <ele>127.58</ele>
   </trkpt>
   <trkpt lat="40.79359" lon="23.009110000000003">
    <ele>128.63000000000002</ele>
   </trkpt>
   <trkpt lat="40.79384" lon="23.009430000000002">
    <ele>129.48000000000002</ele>
   </trkpt>
   <trkpt lat="40.794210001334484" lon="23.010004996651585">
    <ele>130.39000000000001</ele>
   </trkpt>
   <trkpt lat="40.79458" lon="23.01058">
    <ele>131.61</ele>
   </trkpt>
   <trkpt lat="40.79505" lon="23.011360000000003">
    <ele>133.3</ele>
   </trkpt>
   <trkpt lat="40.79559000324472" lon="23.012219993088063">
    <ele>135.07000000000002</ele>
   </trkpt>
   <trkpt lat="40.796130000000005" lon="23.013080000000002">
    <ele>136.20000000000002</ele>
   </trkpt>
   <trkpt lat="40.796646012060826" lon="23.013915973997744">
    <ele>138.41</ele>
   </trkpt>
   <trkpt lat="40.79716201808845" lon="23.01475196099148">
    <ele>140.91</ele>
   </trkpt>
   <trkpt lat="40.79767801808264" lon="23.015587960981474">
    <ele>142.47</ele>
   </trkpt>
   <trkpt lat="40.79819401204323" lon="23.016423973968035">
    <ele>142.43</ele>
   </trkpt>
   <trkpt lat="40.79871" lon="23.01726">
    <ele>142.55</ele>
   </trkpt>
   <trkpt lat="40.79920000247594" lon="23.01801999436307">
    <ele>142.75</ele>
   </trkpt>
   <trkpt lat="40.799690000000005" lon="23.018780000000003">
    <ele>142.8</ele>
   </trkpt>
   <trkpt lat="40.80002" lon="23.01922">
    <ele>143.01</ele>
   </trkpt>
   <trkpt lat="40.800360000000005" lon="23.0196">
    <ele>143.18</ele>
   </trkpt>
   <trkpt lat="40.80089" lon="23.020080000000004">
    <ele>143.76</ele>
   </trkpt>
   <trkpt lat="40.801280000000006" lon="23.02036">
    <ele>144.63</ele>
   </trkpt>
   <trkpt lat="40.80189" lon="23.0207">
    <ele>145.46</ele>
   </trkpt>
   <trkpt lat="40.80238000000001" lon="23.02091">
    <ele>145.87</ele>
   </trkpt>
   <trkpt lat="40.80324" lon="23.02108">
    <ele>146.43</ele>
   </trkpt>
   <trkpt lat="40.803964000227495" lon="23.02119399502601">
    <ele>147.1</ele>
   </trkpt>
   <trkpt lat="40.80468800034279" lon="23.02130799253914">
    <ele>148.31000000000003</ele>
   </trkpt>
   <trkpt lat="40.805412000345896" lon="23.021421992539512">
    <ele>151.05</ele>
   </trkpt>
   <trkpt lat="40.80613600023681" lon="23.021535995027236">
    <ele>154.16000000000003</ele>
   </trkpt>
   <trkpt lat="40.80686" lon="23.02165">
    <ele>156.37</ele>
   </trkpt>
   <trkpt lat="40.807550000107966" lon="23.02173666486979">
    <ele>159.07999999999998</ele>
   </trkpt>
   <trkpt lat="40.8082400001511" lon="23.021823331541842">
    <ele>161.77</ele>
   </trkpt>
   <trkpt lat="40.808930000000004" lon="23.021910000000002">
    <ele>164.01000000000002</ele>
   </trkpt>
   <trkpt lat="40.8094449998945" lon="23.021999999276943">
    <ele>164.98000000000002</ele>
   </trkpt>
   <trkpt lat="40.809960000000004" lon="23.022090000000002">
    <ele>166.03</ele>
   </trkpt>
   <trkpt lat="40.810566666714166" lon="23.022179998350925">
    <ele>167.68</ele>
   </trkpt>
   <trkpt lat="40.81117333335839" lon="23.02226999834757">
    <ele>170.05</ele>
   </trkpt>
   <trkpt lat="40.811780000000006" lon="23.022360000000003">
    <ele>171.88</ele>
   </trkpt>
   <trkpt lat="40.81242000011228" lon="23.02244999826967">
    <ele>173.31</ele>
   </trkpt>
   <trkpt lat="40.81306000015464" lon="23.022539998275597">
    <ele>174.97</ele>
   </trkpt>
   <trkpt lat="40.813700000000004" lon="23.022630000000003">
    <ele>176.49</ele>
   </trkpt>
   <trkpt lat="40.814519091541406" lon="23.022750894162726">
    <ele>179.59000000000003</ele>
   </trkpt>
   <trkpt lat="40.81533818295661" lon="23.022871791310646">
    <ele>181.78000000000003</ele>
   </trkpt>
   <trkpt lat="40.816157274245604" lon="23.02299269144393">
    <ele>184.24</ele>
   </trkpt>
   <trkpt lat="40.81697636540842" lon="23.023113594562716">
    <ele>186.62</ele>
   </trkpt>
   <trkpt lat="40.817795456445026" lon="23.023234500667176">
    <ele>189.26000000000002</ele>
   </trkpt>
   <trkpt lat="40.8186145473554" lon="23.023355409757475">
    <ele>190.94000000000003</ele>
   </trkpt>
   <trkpt lat="40.81943363813957" lon="23.023476321833765">
    <ele>192.82000000000002</ele>
   </trkpt>
   <trkpt lat="40.82025272879749" lon="23.023597236896208">
    <ele>194.16000000000003</ele>
   </trkpt>
   <trkpt lat="40.8210718193292" lon="23.02371815494496">
    <ele>195.59</ele>
   </trkpt>
   <trkpt lat="40.821890909734655" lon="23.02383907598019">
    <ele>197.78</ele>
   </trkpt>
   <trkpt lat="40.82271" lon="23.023960000000002">
    <ele>201.98000000000002</ele>
   </trkpt>
   <trkpt lat="40.8232750000819" lon="23.024029999411205">
    <ele>203.51000000000002</ele>
   </trkpt>
   <trkpt lat="40.823840000000004" lon="23.0241">
    <ele>207.09000000000003</ele>
   </trkpt>
   <trkpt lat="40.824666666713945" lon="23.02418666450425">
    <ele>210.36</ele>
   </trkpt>
   <trkpt lat="40.82549333336304" lon="23.024273331169034">
    <ele>213.98000000000002</ele>
   </trkpt>
   <trkpt lat="40.82632" lon="23.02436">
    <ele>217.4</ele>
   </trkpt>
   <trkpt lat="40.82715" lon="23.02438">
    <ele>220.66000000000003</ele>
   </trkpt>
   <trkpt lat="40.82793" lon="23.024310000000003">
    <ele>223.72000000000003</ele>
   </trkpt>
   <trkpt lat="40.8286150001448" lon="23.024210003096844">
    <ele>225.56</ele>
   </trkpt>
   <trkpt lat="40.82930000020327" lon="23.0241100041277">
    <ele>226.51000000000002</ele>
   </trkpt>
   <trkpt lat="40.8299850001754" lon="23.024010003092467">
    <ele>227.31</ele>
   </trkpt>
   <trkpt lat="40.830670000000005" lon="23.02391">
    <ele>228.31</ele>
   </trkpt>
   <trkpt lat="40.83141500011312" lon="23.023840000777888">
    <ele>229.38000000000002</ele>
   </trkpt>
   <trkpt lat="40.83216" lon="23.023770000000003">
    <ele>230.49000000000004</ele>
   </trkpt>
   <trkpt lat="40.83292500009889" lon="23.023675001088698">
    <ele>231.67000000000002</ele>
   </trkpt>
   <trkpt lat="40.833690000000004" lon="23.023580000000003">
    <ele>232.98000000000002</ele>
   </trkpt>
   <trkpt lat="40.834249999926" lon="23.0234650009983">
    <ele>233.81</ele>
   </trkpt>
   <trkpt lat="40.834810000000004" lon="23.02335">
    <ele>234.02</ele>
   </trkpt>
   <trkpt lat="40.83545" lon="23.023100000000003">
    <ele>233.61</ele>
   </trkpt>
   <trkpt lat="40.83614" lon="23.0228">
    <ele>233.3</ele>
   </trkpt>
   <trkpt lat="40.83687500057839" lon="23.022465003671485">
    <ele>232.34</ele>
   </trkpt>
   <trkpt lat="40.837610000000005" lon="23.02213">
    <ele>231.60000000000002</ele>
   </trkpt>
   <trkpt lat="40.837900000000005" lon="23.02204">
    <ele>231.34</ele>
   </trkpt>
   <trkpt lat="40.83829" lon="23.021970000000003">
    <ele>231.11</ele>
   </trkpt>
   <trkpt lat="40.83905" lon="23.02192">
    <ele>231.52000000000004</ele>
   </trkpt>
   <trkpt lat="40.83943" lon="23.02194">
    <ele>231.99000000000004</ele>
   </trkpt>
   <trkpt lat="40.839850000000006" lon="23.02202">
    <ele>232.93000000000004</ele>
   </trkpt>
   <trkpt lat="40.84057400022315" lon="23.02213399501889">
    <ele>234.62</ele>
   </trkpt>
   <trkpt lat="40.8412980003341" lon="23.02224799252812">
    <ele>236.14000000000001</ele>
   </trkpt>
   <trkpt lat="40.84202200033283" lon="23.022361992527802">
    <ele>238.07000000000002</ele>
   </trkpt>
   <trkpt lat="40.84274600021933" lon="23.022475995018052">
    <ele>239.79000000000002</ele>
   </trkpt>
   <trkpt lat="40.84347" lon="23.02259">
    <ele>241.16</ele>
   </trkpt>
   <trkpt lat="40.84427" lon="23.02278">
    <ele>242.97000000000003</ele>
   </trkpt>
   <trkpt lat="40.844840000000005" lon="23.02296">
    <ele>244.87000000000003</ele>
   </trkpt>
   <trkpt lat="40.84546" lon="23.02324">
    <ele>245.92000000000002</ele>
   </trkpt>
   <trkpt lat="40.845870000000005" lon="23.023460000000004">
    <ele>246.27</ele>
   </trkpt>
   <trkpt lat="40.846600005043136" lon="23.023901399391878">
    <ele>247.78000000000003</ele>
   </trkpt>
   <trkpt lat="40.847330008403816" lon="23.02434280850861">
    <ele>249.92000000000002</ele>
   </trkpt>
   <trkpt lat="40.84806001008197" lon="23.024784227350633">
    <ele>252.28</ele>
   </trkpt>
   <trkpt lat="40.84879001007753" lon="23.025225655918394">
    <ele>253.95000000000002</ele>
   </trkpt>
   <trkpt lat="40.84952000839041" lon="23.025667094212338">
    <ele>259.12</ele>
   </trkpt>
   <trkpt lat="40.850250005020534" lon="23.0261085422329">
    <ele>261.66</ele>
   </trkpt>
   <trkpt lat="40.85098" lon="23.02655">
    <ele>265.17</ele>
   </trkpt>
   <trkpt lat="40.85154000105702" lon="23.026899994083138">
    <ele>266.31000000000006</ele>
   </trkpt>
   <trkpt lat="40.85210000105623" lon="23.02724999408257">
    <ele>269.52000000000004</ele>
   </trkpt>
   <trkpt lat="40.85266" lon="23.027600000000003">
    <ele>274.17</ele>
   </trkpt>
   <trkpt lat="40.85336" lon="23.02812">
    <ele>277.91</ele>
   </trkpt>
   <trkpt lat="40.85394" lon="23.028620000000004">
    <ele>281.63000000000005</ele>
   </trkpt>
   <trkpt lat="40.854605002112315" lon="23.029314993051745">
    <ele>284.7</ele>
   </trkpt>
   <trkpt lat="40.855270000000004" lon="23.03001">
    <ele>289.78000000000003</ele>
   </trkpt>
   <trkpt lat="40.855970000000006" lon="23.030690000000003">
    <ele>292.68000000000006</ele>
   </trkpt>
   <trkpt lat="40.85647" lon="23.031100000000002">
    <ele>294.3</ele>
   </trkpt>
   <trkpt lat="40.85708500069357" lon="23.03147499657124">
    <ele>297.6</ele>
   </trkpt>
   <trkpt lat="40.8577" lon="23.031850000000002">
    <ele>300.28000000000003</ele>
   </trkpt>
   <trkpt lat="40.858310000412224" lon="23.032204996654116">
    <ele>304.56</ele>
   </trkpt>
   <trkpt lat="40.858920000000005" lon="23.03256">
    <ele>308.58000000000004</ele>
   </trkpt>
   <trkpt lat="40.85953500052904" lon="23.032934996470612">
    <ele>312.65000000000003</ele>
   </trkpt>
   <trkpt lat="40.860150000000004" lon="23.03331">
    <ele>315.77000000000004</ele>
   </trkpt>
   <trkpt lat="40.86067000019483" lon="23.03360999753298">
    <ele>317.53000000000003</ele>
   </trkpt>
   <trkpt lat="40.86119" lon="23.033910000000002">
    <ele>319.08000000000004</ele>
   </trkpt>
   <trkpt lat="40.86198333528752" lon="23.034383322005713">
    <ele>322.86</ele>
   </trkpt>
   <trkpt lat="40.862776668640265" lon="23.034856655350428">
    <ele>326.26000000000005</ele>
   </trkpt>
   <trkpt lat="40.86357" lon="23.035330000000002">
    <ele>330.98</ele>
   </trkpt>
   <trkpt lat="40.864215001061424" lon="23.035794995563425">
    <ele>335.05</ele>
   </trkpt>
   <trkpt lat="40.86486" lon="23.036260000000002">
    <ele>338.73</ele>
   </trkpt>
   <trkpt lat="40.86535333515422" lon="23.0367133266216">
    <ele>341.33000000000004</ele>
   </trkpt>
   <trkpt lat="40.86584666853369" lon="23.037166659997244">
    <ele>345.57000000000005</ele>
   </trkpt>
   <trkpt lat="40.86634" lon="23.03762">
    <ele>347.52000000000004</ele>
   </trkpt>
   <trkpt lat="40.86680500126157" lon="23.03813999645373">
    <ele>351.36</ele>
   </trkpt>
   <trkpt lat="40.867270000000005" lon="23.03866">
    <ele>356.06000000000006</ele>
   </trkpt>
   <trkpt lat="40.86759" lon="23.039150000000003">
    <ele>358.11</ele>
   </trkpt>
   <trkpt lat="40.86797000000001" lon="23.03959">
    <ele>359.93</ele>
   </trkpt>
   <trkpt lat="40.86827" lon="23.040090000000003">
    <ele>363.13</ele>
   </trkpt>
   <trkpt lat="40.86867000211319" lon="23.04079999559834">
    <ele>366.79</ele>
   </trkpt>
   <trkpt lat="40.86907" lon="23.041510000000002">
    <ele>370.79</ele>
   </trkpt>
   <trkpt lat="40.86951000695007" lon="23.042406654763322">
    <ele>374.53000000000003</ele>
   </trkpt>
   <trkpt lat="40.86995000695672" lon="23.043303321443357">
    <ele>380.62</ele>
   </trkpt>
   <trkpt lat="40.87039" lon="23.044200000000004">
    <ele>385.1</ele>
   </trkpt>
   <trkpt lat="40.87087319001052" lon="23.045201765335527">
    <ele>388.46000000000004</ele>
   </trkpt>
   <trkpt lat="40.87135637135425" lon="23.04620354529202">
    <ele>392.08000000000004</ele>
   </trkpt>
   <trkpt lat="40.87183954403089" lon="23.047205339869688">
    <ele>394.55</ele>
   </trkpt>
   <trkpt lat="40.8723227080402" lon="23.048207149068727">
    <ele>398.01000000000005</ele>
   </trkpt>
   <trkpt lat="40.87280586338186" lon="23.049208972889335">
    <ele>401.04</ele>
   </trkpt>
   <trkpt lat="40.873289010055636" lon="23.05021081133172">
    <ele>405.51000000000005</ele>
   </trkpt>
   <trkpt lat="40.87377214806124" lon="23.05121266439608">
    <ele>410.13000000000005</ele>
   </trkpt>
   <trkpt lat="40.87425527739839" lon="23.052214532082612">
    <ele>417.27000000000004</ele>
   </trkpt>
   <trkpt lat="40.874738398066825" lon="23.053216414391517">
    <ele>422.72</ele>
   </trkpt>
   <trkpt lat="40.87522151006627" lon="23.054218311322998">
    <ele>429.55</ele>
   </trkpt>
   <trkpt lat="40.87570461339643" lon="23.05522022287725">
    <ele>434.3</ele>
   </trkpt>
   <trkpt lat="40.876187708057046" lon="23.056222149054474">
    <ele>440.37</ele>
   </trkpt>
   <trkpt lat="40.87667079404787" lon="23.05722408985488">
    <ele>445.65000000000003</ele>
   </trkpt>
   <trkpt lat="40.87715387136857" lon="23.05822604527866">
    <ele>451.48</ele>
   </trkpt>
   <trkpt lat="40.87763694001891" lon="23.059228015326006">
    <ele>458.83</ele>
   </trkpt>
   <trkpt lat="40.87812" lon="23.06023">
    <ele>465.13000000000005</ele>
   </trkpt>
   <trkpt lat="40.87825" lon="23.06042">
    <ele>467.02000000000004</ele>
   </trkpt>
   <trkpt lat="40.878370000000004" lon="23.06049">
    <ele>468.08000000000004</ele>
   </trkpt>
   <trkpt lat="40.87866" lon="23.06059">
    <ele>470.80000000000007</ele>
   </trkpt>
   <trkpt lat="40.87895" lon="23.060660000000002">
    <ele>475.27000000000004</ele>
   </trkpt>
   <trkpt lat="40.879220000000004" lon="23.06079">
    <ele>476.05</ele>
   </trkpt>
   <trkpt lat="40.879310000000004" lon="23.06086">
    <ele>477.13000000000005</ele>
   </trkpt>
   <trkpt lat="40.87942" lon="23.06098">
    <ele>477.78000000000003</ele>
   </trkpt>
   <trkpt lat="40.879540000000006" lon="23.061200000000003">
    <ele>479.07000000000005</ele>
   </trkpt>
   <trkpt lat="40.87961000000001" lon="23.061420000000002">
    <ele>479.80000000000007</ele>
   </trkpt>
   <trkpt lat="40.87964" lon="23.06173">
    <ele>480.25000000000006</ele>
   </trkpt>
   <trkpt lat="40.87964" lon="23.061860000000003">
    <ele>480.61</ele>
   </trkpt>
   <trkpt lat="40.879580000000004" lon="23.062170000000002">
    <ele>480.90000000000003</ele>
   </trkpt>
   <trkpt lat="40.87942" lon="23.06256">
    <ele>481.04</ele>
   </trkpt>
   <trkpt lat="40.87907500284497" lon="23.063370004194134">
    <ele>484.04</ele>
   </trkpt>
   <trkpt lat="40.878730000000004" lon="23.06418">
    <ele>489.54</ele>
   </trkpt>
   <trkpt lat="40.87867000000001" lon="23.06455">
    <ele>490.53000000000003</ele>
   </trkpt>
   <trkpt lat="40.878640000000004" lon="23.06555">
    <ele>497.82000000000005</ele>
   </trkpt>
   <trkpt lat="40.87868" lon="23.06606">
    <ele>500.18000000000006</ele>
   </trkpt>
   <trkpt lat="40.878800000000005" lon="23.0666">
    <ele>503.34</ele>
   </trkpt>
   <trkpt lat="40.879090000000005" lon="23.06743">
    <ele>507.05</ele>
   </trkpt>
   <trkpt lat="40.87932" lon="23.068040000000003">
    <ele>508.4700000000001</ele>
   </trkpt>
   <trkpt lat="40.87968000254664" lon="23.068799995977166">
    <ele>510.09999999999997</ele>
   </trkpt>
   <trkpt lat="40.88004" lon="23.069560000000003">
    <ele>513.17</ele>
   </trkpt>
   <trkpt lat="40.88011" lon="23.069740000000003">
    <ele>514.09</ele>
   </trkpt>
   <trkpt lat="40.880210000000005" lon="23.07015">
    <ele>516.05</ele>
   </trkpt>
   <trkpt lat="40.88035" lon="23.071180000000002">
    <ele>519.08</ele>
   </trkpt>
   <trkpt lat="40.880453341737606" lon="23.072166663552327">
    <ele>524.59</ele>
   </trkpt>
   <trkpt lat="40.880556675067446" lon="23.07315333018548">
    <ele>529.2600000000001</ele>
   </trkpt>
   <trkpt lat="40.880660000000006" lon="23.074140000000003">
    <ele>531.88</ele>
   </trkpt>
   <trkpt lat="40.880660000000006" lon="23.074360000000002">
    <ele>533.9</ele>
   </trkpt>
   <trkpt lat="40.8806" lon="23.07477">
    <ele>534.54</ele>
   </trkpt>
   <trkpt lat="40.88056" lon="23.074920000000002">
    <ele>535.6899999999999</ele>
   </trkpt>
   <trkpt lat="40.880370000000006" lon="23.075210000000002">
    <ele>536.6899999999999</ele>
   </trkpt>
   <trkpt lat="40.88006" lon="23.075590000000002">
    <ele>538.6800000000001</ele>
   </trkpt>
   <trkpt lat="40.879920000000006" lon="23.075860000000002">
    <ele>539.0400000000001</ele>
   </trkpt>
   <trkpt lat="40.87986" lon="23.076110000000003">
    <ele>539.5300000000001</ele>
   </trkpt>
   <trkpt lat="40.879870000000004" lon="23.07647">
    <ele>539.91</ele>
   </trkpt>
   <trkpt lat="40.879900000000006" lon="23.076620000000002">
    <ele>540.07</ele>
   </trkpt>
   <trkpt lat="40.87995" lon="23.07675">
    <ele>540.07</ele>
   </trkpt>
   <trkpt lat="40.88036" lon="23.07757">
    <ele>541.25</ele>
   </trkpt>
   <trkpt lat="40.880590000000005" lon="23.07785">
    <ele>541.25</ele>
   </trkpt>
   <trkpt lat="40.880770000000005" lon="23.078000000000003">
    <ele>541.94</ele>
   </trkpt>
   <trkpt lat="40.881430000648734" lon="23.078324996854057">
    <ele>543.5600000000001</ele>
   </trkpt>
   <trkpt lat="40.882090000000005" lon="23.078650000000003">
    <ele>547.1700000000001</ele>
   </trkpt>
   <trkpt lat="40.882250000000006" lon="23.0788">
    <ele>548.2600000000001</ele>
   </trkpt>
   <trkpt lat="40.88264" lon="23.079230000000003">
    <ele>550.27</ele>
   </trkpt>
   <trkpt lat="40.88282" lon="23.079490000000003">
    <ele>552.0</ele>
   </trkpt>
   <trkpt lat="40.88290000000001" lon="23.07965">
    <ele>553.6500000000001</ele>
   </trkpt>
   <trkpt lat="40.883030000000005" lon="23.08001">
    <ele>555.48</ele>
   </trkpt>
   <trkpt lat="40.88326401598611" lon="23.080971986397152">
    <ele>561.77</ele>
   </trkpt>
   <trkpt lat="40.88349802397959" lon="23.08193397959716">
    <ele>567.4800000000001</ele>
   </trkpt>
   <trkpt lat="40.88373202398036" lon="23.0828959795999">
    <ele>574.84</ele>
   </trkpt>
   <trkpt lat="40.883966015988264" lon="23.083857986405242">
    <ele>580.0200000000001</ele>
   </trkpt>
   <trkpt lat="40.8842" lon="23.08482">
    <ele>585.5100000000001</ele>
   </trkpt>
   <trkpt lat="40.884280000000004" lon="23.085330000000003">
    <ele>587.82</ele>
   </trkpt>
   <trkpt lat="40.88429" lon="23.0862">
    <ele>591.1500000000001</ele>
   </trkpt>
   <trkpt lat="40.884230004756745" lon="23.087250001026444">
    <ele>592.8</ele>
   </trkpt>
   <trkpt lat="40.884170000000005" lon="23.0883">
    <ele>591.83</ele>
   </trkpt>
   <trkpt lat="40.88411000000001" lon="23.08885">
    <ele>590.1500000000001</ele>
   </trkpt>
   <trkpt lat="40.88402000000001" lon="23.089260000000003">
    <ele>587.5600000000001</ele>
   </trkpt>
   <trkpt lat="40.88394" lon="23.089460000000003">
    <ele>586.6800000000001</ele>
   </trkpt>
   <trkpt lat="40.88347" lon="23.090280000000003">
    <ele>581.34</ele>
   </trkpt>
   <trkpt lat="40.88318" lon="23.09073">
    <ele>578.9000000000001</ele>
   </trkpt>
   <trkpt lat="40.88306" lon="23.090950000000003">
    <ele>576.61</ele>
   </trkpt>
   <trkpt lat="40.88288" lon="23.091450000000002">
    <ele>574.71</ele>
   </trkpt>
   <trkpt lat="40.882810000000006" lon="23.091820000000002">
    <ele>573.2700000000001</ele>
   </trkpt>
   <trkpt lat="40.88267667704546" lon="23.092916671153912">
    <ele>571.1500000000001</ele>
   </trkpt>
   <trkpt lat="40.882543343703745" lon="23.094013337889358">
    <ele>568.0200000000001</ele>
   </trkpt>
   <trkpt lat="40.88241" lon="23.095110000000002">
    <ele>566.15</ele>
   </trkpt>
   <trkpt lat="40.88241" lon="23.0955">
    <ele>565.08</ele>
   </trkpt>
   <trkpt lat="40.88243000000001" lon="23.09577">
    <ele>564.01</ele>
   </trkpt>
   <trkpt lat="40.88261000000001" lon="23.096330000000002">
    <ele>562.21</ele>
   </trkpt>
   <trkpt lat="40.88282" lon="23.096670000000003">
    <ele>558.9000000000001</ele>
   </trkpt>
   <trkpt lat="40.88337001044901" lon="23.097447974129192">
    <ele>553.0200000000001</ele>
   </trkpt>
   <trkpt lat="40.88392001567061" lon="23.098225961189087">
    <ele>548.33</ele>
   </trkpt>
   <trkpt lat="40.88447001566464" lon="23.099003961180024">
    <ele>540.61</ele>
   </trkpt>
   <trkpt lat="40.88502001043089" lon="23.099781974102346">
    <ele>535.0100000000001</ele>
   </trkpt>
   <trkpt lat="40.88557" lon="23.10056">
    <ele>533.99</ele>
   </trkpt>
   <trkpt lat="40.885940000000005" lon="23.10115">
    <ele>534.8000000000001</ele>
   </trkpt>
   <trkpt lat="40.886" lon="23.10142">
    <ele>535.63</ele>
   </trkpt>
   <trkpt lat="40.886070000000004" lon="23.101570000000002">
    <ele>535.7700000000001</ele>
   </trkpt>
   <trkpt lat="40.88606" lon="23.102230000000002">
    <ele>538.1100000000001</ele>
   </trkpt>
   <trkpt lat="40.88599000000001" lon="23.102960000000003">
    <ele>539.08</ele>
   </trkpt>
   <trkpt lat="40.886" lon="23.103140000000003">
    <ele>539.08</ele>
   </trkpt>
   <trkpt lat="40.88604" lon="23.1033">
    <ele>538.9300000000001</ele>
   </trkpt>
   <trkpt lat="40.88611" lon="23.10341">
    <ele>538.9300000000001</ele>
   </trkpt>
   <trkpt lat="40.88667000176552" lon="23.104034994798777">
    <ele>538.94</ele>
   </trkpt>
   <trkpt lat="40.88723" lon="23.104660000000003">
    <ele>539.32</ele>
   </trkpt>
   <trkpt lat="40.88763000119301" lon="23.10515999711937">
    <ele>539.63</ele>
   </trkpt>
   <trkpt lat="40.88803" lon="23.10566">
    <ele>539.94</ele>
   </trkpt>
   <trkpt lat="40.888160000000006" lon="23.10581">
    <ele>539.84</ele>
   </trkpt>
   <trkpt lat="40.88848000074799" lon="23.1062299979508">
    <ele>538.4100000000001</ele>
   </trkpt>
   <trkpt lat="40.8888" lon="23.106650000000002">
    <ele>536.6</ele>
   </trkpt>
   <trkpt lat="40.88942333814158" lon="23.107396652590555">
    <ele>535.6</ele>
   </trkpt>
   <trkpt lat="40.89004667146807" lon="23.10814331924877">
    <ele>536.5699999999999</ele>
   </trkpt>
   <trkpt lat="40.89067" lon="23.108890000000002">
    <ele>541.12</ele>
   </trkpt>
   <trkpt lat="40.89087000000001" lon="23.109060000000003">
    <ele>542.1</ele>
   </trkpt>
   <trkpt lat="40.89105" lon="23.109150000000003">
    <ele>542.96</ele>
   </trkpt>
   <trkpt lat="40.891160000000006" lon="23.109170000000002">
    <ele>542.96</ele>
   </trkpt>
   <trkpt lat="40.89148" lon="23.10913">
    <ele>543.8100000000001</ele>
   </trkpt>
   <trkpt lat="40.892010000000006" lon="23.108990000000002">
    <ele>548.7</ele>
   </trkpt>
   <trkpt lat="40.892300000000006" lon="23.108970000000003">
    <ele>550.08</ele>
   </trkpt>
   <trkpt lat="40.89247" lon="23.109">
    <ele>551.5600000000001</ele>
   </trkpt>
   <trkpt lat="40.89265" lon="23.1091">
    <ele>552.7</ele>
   </trkpt>
   <trkpt lat="40.892790000000005" lon="23.109240000000003">
    <ele>553.4499999999999</ele>
   </trkpt>
   <trkpt lat="40.893130000000006" lon="23.109750000000002">
    <ele>556.64</ele>
   </trkpt>
   <trkpt lat="40.89325" lon="23.110030000000002">
    <ele>557.9900000000001</ele>
   </trkpt>
   <trkpt lat="40.893553342679986" lon="23.11106999047957">
    <ele>562.5600000000001</ele>
   </trkpt>
   <trkpt lat="40.89385667601812" lon="23.112109990495853">
    <ele>562.27</ele>
   </trkpt>
   <trkpt lat="40.89416000000001" lon="23.11315">
    <ele>560.49</ele>
   </trkpt>
   <trkpt lat="40.8943" lon="23.113560000000003">
    <ele>558.01</ele>
   </trkpt>
   <trkpt lat="40.89441" lon="23.11373">
    <ele>557.27</ele>
   </trkpt>
   <trkpt lat="40.894560000000006" lon="23.11392">
    <ele>556.39</ele>
   </trkpt>
   <trkpt lat="40.89479" lon="23.114150000000002">
    <ele>555.64</ele>
   </trkpt>
   <trkpt lat="40.89495" lon="23.11437">
    <ele>553.67</ele>
   </trkpt>
   <trkpt lat="40.89504" lon="23.114530000000002">
    <ele>553.67</ele>
   </trkpt>
   <trkpt lat="40.89508" lon="23.11482">
    <ele>551.4</ele>
   </trkpt>
   <trkpt lat="40.895050000000005" lon="23.115050000000004">
    <ele>549.7500000000001</ele>
   </trkpt>
   <trkpt lat="40.895010000000006" lon="23.11513">
    <ele>549.7500000000001</ele>
   </trkpt>
   <trkpt lat="40.894830000000006" lon="23.115380000000002">
    <ele>547.39</ele>
   </trkpt>
   <trkpt lat="40.894323336056225" lon="23.115946675402903">
    <ele>542.96</ele>
   </trkpt>
   <trkpt lat="40.893816669338904" lon="23.116513342126108">
    <ele>538.85</ele>
   </trkpt>
   <trkpt lat="40.89331000000001" lon="23.11708">
    <ele>534.49</ele>
   </trkpt>
   <trkpt lat="40.892810000000004" lon="23.117690000000003">
    <ele>529.8900000000001</ele>
   </trkpt>
   <trkpt lat="40.89273" lon="23.117820000000002">
    <ele>529.0</ele>
   </trkpt>
   <trkpt lat="40.89264" lon="23.11812">
    <ele>527.9</ele>
   </trkpt>
   <trkpt lat="40.892610000000005" lon="23.11831">
    <ele>525.87</ele>
   </trkpt>
   <trkpt lat="40.892630000000004" lon="23.118630000000003">
    <ele>524.48</ele>
   </trkpt>
   <trkpt lat="40.89275000000001" lon="23.11898">
    <ele>522.85</ele>
   </trkpt>
   <trkpt lat="40.89285" lon="23.119120000000002">
    <ele>522.0100000000001</ele>
   </trkpt>
   <trkpt lat="40.89302" lon="23.11924">
    <ele>520.85</ele>
   </trkpt>
   <trkpt lat="40.89369000000001" lon="23.11952">
    <ele>515.88</ele>
   </trkpt>
   <trkpt lat="40.893890000000006" lon="23.11962">
    <ele>512.94</ele>
   </trkpt>
   <trkpt lat="40.89401" lon="23.1197">
    <ele>512.2800000000001</ele>
   </trkpt>
   <trkpt lat="40.89446" lon="23.120160000000002">
    <ele>508.11000000000007</ele>
   </trkpt>
   <trkpt lat="40.89511" lon="23.12096">
    <ele>501.18000000000006</ele>
   </trkpt>
   <trkpt lat="40.89562000307429" lon="23.12156332394827">
    <ele>496.50000000000006</ele>
   </trkpt>
   <trkpt lat="40.89613000300457" lon="23.122166657199">
    <ele>493.63</ele>
   </trkpt>
   <trkpt lat="40.896640000000005" lon="23.122770000000003">
    <ele>492.05</ele>
   </trkpt>
   <trkpt lat="40.89676" lon="23.12293">
    <ele>491.71000000000004</ele>
   </trkpt>
   <trkpt lat="40.896840000000005" lon="23.123140000000003">
    <ele>491.64</ele>
   </trkpt>
   <trkpt lat="40.896890000000006" lon="23.12347">
    <ele>491.93</ele>
   </trkpt>
   <trkpt lat="40.89687" lon="23.12367">
    <ele>492.22</ele>
   </trkpt>
   <trkpt lat="40.89683" lon="23.12384">
    <ele>492.54</ele>
   </trkpt>
   <trkpt lat="40.896710000000006" lon="23.124080000000003">
    <ele>492.88000000000005</ele>
   </trkpt>
   <trkpt lat="40.89665" lon="23.124160000000003">
    <ele>493.32000000000005</ele>
   </trkpt>
   <trkpt lat="40.896280000000004" lon="23.12452">
    <ele>496.20000000000005</ele>
   </trkpt>
   <trkpt lat="40.89598" lon="23.124740000000003">
    <ele>498.27000000000004</ele>
   </trkpt>
   <trkpt lat="40.895860000000006" lon="23.12478">
    <ele>499.16</ele>
   </trkpt>
   <trkpt lat="40.89571" lon="23.12478">
    <ele>499.65000000000003</ele>
   </trkpt>
   <trkpt lat="40.89491" lon="23.12468">
    <ele>503.5900000000001</ele>
   </trkpt>
   <trkpt lat="40.89468" lon="23.12469">
    <ele>504.77000000000004</ele>
   </trkpt>
   <trkpt lat="40.894420000000004" lon="23.1248">
    <ele>505.86000000000007</ele>
   </trkpt>
   <trkpt lat="40.893980000000006" lon="23.125110000000003">
    <ele>507.43000000000006</ele>
   </trkpt>
   <trkpt lat="40.893860000000004" lon="23.125230000000002">
    <ele>508.25000000000006</ele>
   </trkpt>
   <trkpt lat="40.893750000000004" lon="23.125410000000002">
    <ele>508.25000000000006</ele>
   </trkpt>
   <trkpt lat="40.89372" lon="23.125500000000002">
    <ele>508.25000000000006</ele>
   </trkpt>
   <trkpt lat="40.89367" lon="23.12581">
    <ele>512.61</ele>
   </trkpt>
   <trkpt lat="40.89368" lon="23.126060000000003">
    <ele>512.61</ele>
   </trkpt>
   <trkpt lat="40.89372" lon="23.12631">
    <ele>513.99</ele>
   </trkpt>
   <trkpt lat="40.89389000154036" lon="23.126899998612593">
    <ele>517.5000000000001</ele>
   </trkpt>
   <trkpt lat="40.89406" lon="23.12749">
    <ele>522.05</ele>
   </trkpt>
   <trkpt lat="40.894130000000004" lon="23.127650000000003">
    <ele>524.37</ele>
   </trkpt>
   <trkpt lat="40.89425000000001" lon="23.127820000000003">
    <ele>525.05</ele>
   </trkpt>
   <trkpt lat="40.894360000000006" lon="23.127940000000002">
    <ele>525.8000000000001</ele>
   </trkpt>
   <trkpt lat="40.89511" lon="23.128400000000003">
    <ele>532.24</ele>
   </trkpt>
   <trkpt lat="40.8952" lon="23.128480000000003">
    <ele>534.5500000000001</ele>
   </trkpt>
   <trkpt lat="40.89533" lon="23.12864">
    <ele>536.5500000000001</ele>
   </trkpt>
   <trkpt lat="40.89542" lon="23.12882">
    <ele>536.5500000000001</ele>
   </trkpt>
   <trkpt lat="40.89551" lon="23.12921">
    <ele>539.61</ele>
   </trkpt>
   <trkpt lat="40.89553500172339" lon="23.12983999999727">
    <ele>544.3100000000001</ele>
   </trkpt>
   <trkpt lat="40.89556" lon="23.130470000000003">
    <ele>548.51</ele>
   </trkpt>
   <trkpt lat="40.89562" lon="23.1308">
    <ele>549.25</ele>
   </trkpt>
   <trkpt lat="40.895810000000004" lon="23.13144">
    <ele>554.95</ele>
   </trkpt>
   <trkpt lat="40.895990000000005" lon="23.13183">
    <ele>558.1</ele>
   </trkpt>
   <trkpt lat="40.896150000000006" lon="23.132040000000003">
    <ele>559.12</ele>
   </trkpt>
   <trkpt lat="40.896260000000005" lon="23.132140000000003">
    <ele>559.7800000000001</ele>
   </trkpt>
   <trkpt lat="40.89656" lon="23.1323">
    <ele>562.37</ele>
   </trkpt>
   <trkpt lat="40.89737000036078" lon="23.1325699967092">
    <ele>567.2900000000001</ele>
   </trkpt>
   <trkpt lat="40.89818" lon="23.13284">
    <ele>568.8100000000001</ele>
   </trkpt>
   <trkpt lat="40.89875000024504" lon="23.1330199984821">
    <ele>569.83</ele>
   </trkpt>
   <trkpt lat="40.89932" lon="23.133200000000002">
    <ele>570.64</ele>
   </trkpt>
   <trkpt lat="40.90018000020664" lon="23.133449996731105">
    <ele>571.8000000000001</ele>
   </trkpt>
   <trkpt lat="40.90104" lon="23.1337">
    <ele>572.5300000000001</ele>
   </trkpt>
   <trkpt lat="40.90129" lon="23.1338">
    <ele>571.86</ele>
   </trkpt>
   <trkpt lat="40.90196" lon="23.13434">
    <ele>570.64</ele>
   </trkpt>
   <trkpt lat="40.9024" lon="23.13475">
    <ele>570.06</ele>
   </trkpt>
   <trkpt lat="40.90265" lon="23.13493">
    <ele>569.52</ele>
   </trkpt>
   <trkpt lat="40.90288" lon="23.13502">
    <ele>569.21</ele>
   </trkpt>
   <trkpt lat="40.90312" lon="23.135080000000002">
    <ele>568.44</ele>
   </trkpt>
   <trkpt lat="40.90385000003579" lon="23.135104999725186">
    <ele>567.97</ele>
   </trkpt>
   <trkpt lat="40.90458" lon="23.13513">
    <ele>565.96</ele>
   </trkpt>
   <trkpt lat="40.904830000000004" lon="23.135160000000003">
    <ele>565.38</ele>
   </trkpt>
   <trkpt lat="40.90505" lon="23.135230000000004">
    <ele>565.47</ele>
   </trkpt>
   <trkpt lat="40.905190000000005" lon="23.1353">
    <ele>565.7500000000001</ele>
   </trkpt>
   <trkpt lat="40.90547" lon="23.13548">
    <ele>566.32</ele>
   </trkpt>
   <trkpt lat="40.90569" lon="23.135710000000003">
    <ele>567.37</ele>
   </trkpt>
   <trkpt lat="40.90631333926796" lon="23.13653998433168">
    <ele>569.4100000000001</ele>
   </trkpt>
   <trkpt lat="40.90693667258551" lon="23.137369984310396">
    <ele>570.61</ele>
   </trkpt>
   <trkpt lat="40.907560000000004" lon="23.1382">
    <ele>571.38</ele>
   </trkpt>
   <trkpt lat="40.90793" lon="23.138550000000002">
    <ele>569.43</ele>
   </trkpt>
   <trkpt lat="40.90813" lon="23.13869">
    <ele>567.8000000000001</ele>
   </trkpt>
   <trkpt lat="40.908480000000004" lon="23.13879">
    <ele>566.0400000000001</ele>
   </trkpt>
   <trkpt lat="40.909277500997945" lon="23.139064990055846">
    <ele>559.24</ele>
   </trkpt>
   <trkpt lat="40.9100750013427" lon="23.139339986745057">
    <ele>553.0400000000001</ele>
   </trkpt>
   <trkpt lat="40.910872501034206" lon="23.13961499006799">
    <ele>546.4100000000001</ele>
   </trkpt>
   <trkpt lat="40.91167" lon="23.13989">
    <ele>549.15</ele>
   </trkpt>
   <trkpt lat="40.912130000000005" lon="23.13998">
    <ele>554.7700000000001</ele>
   </trkpt>
   <trkpt lat="40.912380000000006" lon="23.13998">
    <ele>557.13</ele>
   </trkpt>
   <trkpt lat="40.91295" lon="23.1399">
    <ele>561.0200000000001</ele>
   </trkpt>
   <trkpt lat="40.91376000033466" lon="23.13971000465041">
    <ele>569.49</ele>
   </trkpt>
   <trkpt lat="40.914570000357514" lon="23.13952000464513">
    <ele>574.4</ele>
   </trkpt>
   <trkpt lat="40.915380000000006" lon="23.13933">
    <ele>573.43</ele>
   </trkpt>
   <trkpt lat="40.915620000000004" lon="23.139300000000002">
    <ele>572.38</ele>
   </trkpt>
   <trkpt lat="40.91592" lon="23.13933">
    <ele>569.89</ele>
   </trkpt>
   <trkpt lat="40.916230000000006" lon="23.13944">
    <ele>566.18</ele>
   </trkpt>
   <trkpt lat="40.91644" lon="23.139550000000003">
    <ele>563.69</ele>
   </trkpt>
   <trkpt lat="40.916650000000004" lon="23.13971">
    <ele>561.52</ele>
   </trkpt>
   <trkpt lat="40.916920000000005" lon="23.139950000000002">
    <ele>559.5300000000001</ele>
   </trkpt>
   <trkpt lat="40.917410002213416" lon="23.140449992642324">
    <ele>552.69</ele>
   </trkpt>
   <trkpt lat="40.91790000226731" lon="23.140949992697234">
    <ele>546.44</ele>
   </trkpt>
   <trkpt lat="40.91839" lon="23.141450000000003">
    <ele>540.97</ele>
   </trkpt>
   <trkpt lat="40.918620000000004" lon="23.14179">
    <ele>538.8900000000001</ele>
   </trkpt>
   <trkpt lat="40.918730000000004" lon="23.142030000000002">
    <ele>537.8900000000001</ele>
   </trkpt>
   <trkpt lat="40.9189" lon="23.1426">
    <ele>536.6899999999999</ele>
   </trkpt>
   <trkpt lat="40.91908500393534" lon="23.14355499730747">
    <ele>532.0</ele>
   </trkpt>
   <trkpt lat="40.919270000000004" lon="23.14451">
    <ele>525.21</ele>
   </trkpt>
   <trkpt lat="40.91951000556548" lon="23.145644995885736">
    <ele>523.1</ele>
   </trkpt>
   <trkpt lat="40.91975" lon="23.146780000000003">
    <ele>529.2600000000001</ele>
   </trkpt>
   <trkpt lat="40.919810000000005" lon="23.14705">
    <ele>531.5300000000001</ele>
   </trkpt>
   <trkpt lat="40.91996" lon="23.147440000000003">
    <ele>534.93</ele>
   </trkpt>
   <trkpt lat="40.920100000000005" lon="23.14769">
    <ele>537.42</ele>
   </trkpt>
   <trkpt lat="40.920210000000004" lon="23.147850000000002">
    <ele>538.6800000000001</ele>
   </trkpt>
   <trkpt lat="40.92042" lon="23.148090000000003">
    <ele>540.08</ele>
   </trkpt>
   <trkpt lat="40.92089" lon="23.14855">
    <ele>544.3800000000001</ele>
   </trkpt>
   <trkpt lat="40.92128" lon="23.14898">
    <ele>546.18</ele>
   </trkpt>
   <trkpt lat="40.921380000000006" lon="23.149130000000003">
    <ele>547.3100000000001</ele>
   </trkpt>
   <trkpt lat="40.92177" lon="23.149970000000003">
    <ele>550.89</ele>
   </trkpt>
   <trkpt lat="40.92213" lon="23.1508">
    <ele>554.12</ele>
   </trkpt>
   <trkpt lat="40.922250000000005" lon="23.15126">
    <ele>554.61</ele>
   </trkpt>
   <trkpt lat="40.9223" lon="23.151670000000003">
    <ele>554.37</ele>
   </trkpt>
   <trkpt lat="40.9223" lon="23.1519">
    <ele>554.0400000000001</ele>
   </trkpt>
   <trkpt lat="40.92222" lon="23.15258">
    <ele>551.74</ele>
   </trkpt>
   <trkpt lat="40.92199" lon="23.15367">
    <ele>545.54</ele>
   </trkpt>
   <trkpt lat="40.921890000000005" lon="23.154470000000003">
    <ele>543.47</ele>
   </trkpt>
   <trkpt lat="40.921730000000004" lon="23.15521">
    <ele>540.62</ele>
   </trkpt>
   <trkpt lat="40.92161" lon="23.156000000000002">
    <ele>537.32</ele>
   </trkpt>
   <trkpt lat="40.92159" lon="23.156370000000003">
    <ele>535.03</ele>
   </trkpt>
   <trkpt lat="40.921580000000006" lon="23.15687">
    <ele>532.91</ele>
   </trkpt>
   <trkpt lat="40.92161" lon="23.157570000000003">
    <ele>531.36</ele>
   </trkpt>
   <trkpt lat="40.92165000000001" lon="23.157870000000003">
    <ele>528.7</ele>
   </trkpt>
   <trkpt lat="40.92177" lon="23.158500000000004">
    <ele>526.3800000000001</ele>
   </trkpt>
   <trkpt lat="40.92197" lon="23.15915">
    <ele>523.5500000000001</ele>
   </trkpt>
   <trkpt lat="40.922315009080535" lon="23.159987486865308">
    <ele>519.37</ele>
   </trkpt>
   <trkpt lat="40.922660012102156" lon="23.160824982474164">
    <ele>515.69</ele>
   </trkpt>
   <trkpt lat="40.923005009064745" lon="23.161662486826618">
    <ele>512.3100000000001</ele>
   </trkpt>
   <trkpt lat="40.923350000000006" lon="23.1625">
    <ele>509.4000000000001</ele>
   </trkpt>
   <trkpt lat="40.92380000842849" lon="23.163489986434346">
    <ele>505.12</ele>
   </trkpt>
   <trkpt lat="40.92425000839055" lon="23.16447998635064">
    <ele>500.36</ele>
   </trkpt>
   <trkpt lat="40.9247" lon="23.165470000000003">
    <ele>495.20000000000005</ele>
   </trkpt>
   <trkpt lat="40.925110000000004" lon="23.166480000000004">
    <ele>494.27000000000004</ele>
   </trkpt>
   <trkpt lat="40.92519" lon="23.16691">
    <ele>494.08</ele>
   </trkpt>
   <trkpt lat="40.925200000000004" lon="23.167150000000003">
    <ele>493.63</ele>
   </trkpt>
   <trkpt lat="40.92517" lon="23.1676">
    <ele>493.41</ele>
   </trkpt>
   <trkpt lat="40.92502" lon="23.168370000000003">
    <ele>492.59000000000003</ele>
   </trkpt>
   <trkpt lat="40.924890000000005" lon="23.16882">
    <ele>492.47</ele>
   </trkpt>
   <trkpt lat="40.924730000000004" lon="23.16925">
    <ele>492.08</ele>
   </trkpt>
   <trkpt lat="40.924600000000005" lon="23.169500000000003">
    <ele>491.95000000000005</ele>
   </trkpt>
   <trkpt lat="40.924510000000005" lon="23.169620000000002">
    <ele>492.06000000000006</ele>
   </trkpt>
   <trkpt lat="40.924380000000006" lon="23.169790000000003">
    <ele>492.54</ele>
   </trkpt>
   <trkpt lat="40.924220000000005" lon="23.16994">
    <ele>493.11</ele>
   </trkpt>
   <trkpt lat="40.923630000784684" lon="23.170375003907456">
    <ele>496.05</ele>
   </trkpt>
   <trkpt lat="40.92304" lon="23.170810000000003">
    <ele>500.7600000000001</ele>
   </trkpt>
   <trkpt lat="40.922830000000005" lon="23.17104">
    <ele>503.73</ele>
   </trkpt>
   <trkpt lat="40.92269" lon="23.17124">
    <ele>504.38000000000005</ele>
   </trkpt>
   <trkpt lat="40.92257" lon="23.171460000000003">
    <ele>505.74000000000007</ele>
   </trkpt>
   <trkpt lat="40.92244" lon="23.171760000000003">
    <ele>507.89000000000004</ele>
   </trkpt>
   <trkpt lat="40.92218500331174" lon="23.172635003359307">
    <ele>512.66</ele>
   </trkpt>
   <trkpt lat="40.92193" lon="23.17351">
    <ele>519.49</ele>
   </trkpt>
   <trkpt lat="40.921890000000005" lon="23.17378">
    <ele>520.1999999999999</ele>
   </trkpt>
   <trkpt lat="40.92195" lon="23.17425">
    <ele>523.8900000000001</ele>
   </trkpt>
   <trkpt lat="40.922000000000004" lon="23.174390000000002">
    <ele>523.8900000000001</ele>
   </trkpt>
   <trkpt lat="40.92219" lon="23.1747">
    <ele>526.72</ele>
   </trkpt>
   <trkpt lat="40.92244" lon="23.17492">
    <ele>529.07</ele>
   </trkpt>
   <trkpt lat="40.922630000000005" lon="23.17501">
    <ele>532.84</ele>
   </trkpt>
   <trkpt lat="40.922940000000004" lon="23.175050000000002">
    <ele>533.6</ele>
   </trkpt>
   <trkpt lat="40.923100000000005" lon="23.175110000000004">
    <ele>535.0100000000001</ele>
   </trkpt>
   <trkpt lat="40.923260000000006" lon="23.17519">
    <ele>537.98</ele>
   </trkpt>
   <trkpt lat="40.92376" lon="23.17554">
    <ele>541.3</ele>
   </trkpt>
   <trkpt lat="40.92391000000001" lon="23.175720000000002">
    <ele>542.88</ele>
   </trkpt>
   <trkpt lat="40.92441" lon="23.176540000000003">
    <ele>546.62</ele>
   </trkpt>
   <trkpt lat="40.92461" lon="23.176750000000002">
    <ele>547.5600000000001</ele>
   </trkpt>
   <trkpt lat="40.92504000027308" lon="23.176984998489804">
    <ele>550.4100000000001</ele>
   </trkpt>
   <trkpt lat="40.925470000000004" lon="23.177220000000002">
    <ele>552.07</ele>
   </trkpt>
   <trkpt lat="40.92584" lon="23.17754">
    <ele>554.28</ele>
   </trkpt>
   <trkpt lat="40.92625500101068" lon="23.178054996598384">
    <ele>557.0200000000001</ele>
   </trkpt>
   <trkpt lat="40.92667" lon="23.17857">
    <ele>559.36</ele>
   </trkpt>
   <trkpt lat="40.92685" lon="23.17885">
    <ele>560.88</ele>
   </trkpt>
   <trkpt lat="40.9269" lon="23.179000000000002">
    <ele>562.62</ele>
   </trkpt>
   <trkpt lat="40.92691000000001" lon="23.17913">
    <ele>562.62</ele>
   </trkpt>
   <trkpt lat="40.92689" lon="23.17979">
    <ele>566.37</ele>
   </trkpt>
   <trkpt lat="40.92694" lon="23.180010000000003">
    <ele>567.09</ele>
   </trkpt>
   <trkpt lat="40.92701" lon="23.18016">
    <ele>568.23</ele>
   </trkpt>
   <trkpt lat="40.927730000000004" lon="23.18074">
    <ele>572.4800000000001</ele>
   </trkpt>
   <trkpt lat="40.927800000000005" lon="23.18082">
    <ele>572.4800000000001</ele>
   </trkpt>
   <trkpt lat="40.92786" lon="23.180930000000004">
    <ele>572.7</ele>
   </trkpt>
   <trkpt lat="40.928140000000006" lon="23.18167">
    <ele>573.38</ele>
   </trkpt>
   <trkpt lat="40.92842" lon="23.18214">
    <ele>573.4</ele>
   </trkpt>
   <trkpt lat="40.92868" lon="23.182470000000002">
    <ele>573.3100000000001</ele>
   </trkpt>
   <trkpt lat="40.929320000000004" lon="23.182920000000003">
    <ele>573.77</ele>
   </trkpt>
   <trkpt lat="40.92976000002118" lon="23.183094998790462">
    <ele>574.13</ele>
   </trkpt>
   <trkpt lat="40.930200000000006" lon="23.18327">
    <ele>573.91</ele>
   </trkpt>
   <trkpt lat="40.93103000036209" lon="23.183534996689804">
    <ele>574.77</ele>
   </trkpt>
   <trkpt lat="40.93186" lon="23.1838">
    <ele>574.73</ele>
   </trkpt>
   <trkpt lat="40.932030000000005" lon="23.18391">
    <ele>574.77</ele>
   </trkpt>
   <trkpt lat="40.932390001310566" lon="23.18448499667915">
    <ele>575.6300000000001</ele>
   </trkpt>
   <trkpt lat="40.932750000000006" lon="23.185060000000004">
    <ele>577.2400000000001</ele>
   </trkpt>
   <trkpt lat="40.93315000335504" lon="23.185683325783003">
    <ele>579.94</ele>
   </trkpt>
   <trkpt lat="40.933550003353545" lon="23.18630665911391">
    <ele>582.0600000000001</ele>
   </trkpt>
   <trkpt lat="40.93395" lon="23.18693">
    <ele>582.84</ele>
   </trkpt>
   <trkpt lat="40.934530001476276" lon="23.18751499486207">
    <ele>583.37</ele>
   </trkpt>
   <trkpt lat="40.93511" lon="23.188100000000002">
    <ele>584.22</ele>
   </trkpt>
   <trkpt lat="40.93535000000001" lon="23.18858">
    <ele>585.23</ele>
   </trkpt>
   <trkpt lat="40.93563500315345" lon="23.189444996029955">
    <ele>586.84</ele>
   </trkpt>
   <trkpt lat="40.93592" lon="23.19031">
    <ele>588.53</ele>
   </trkpt>
   <trkpt lat="40.93607000157704" lon="23.190919998491893">
    <ele>589.0300000000001</ele>
   </trkpt>
   <trkpt lat="40.936220000000006" lon="23.19153">
    <ele>590.31</ele>
   </trkpt>
   <trkpt lat="40.936685002015764" lon="23.192194995469897">
    <ele>592.7600000000001</ele>
   </trkpt>
   <trkpt lat="40.93715" lon="23.192860000000003">
    <ele>596.98</ele>
   </trkpt>
   <trkpt lat="40.937380000000005" lon="23.193140000000003">
    <ele>600.97</ele>
   </trkpt>
   <trkpt lat="40.937760000000004" lon="23.1933">
    <ele>602.7600000000001</ele>
   </trkpt>
   <trkpt lat="40.93804" lon="23.193440000000002">
    <ele>604.5100000000001</ele>
   </trkpt>
   <trkpt lat="40.93838" lon="23.19376">
    <ele>607.0500000000001</ele>
   </trkpt>
   <trkpt lat="40.93871" lon="23.19415">
    <ele>606.68</ele>
   </trkpt>
   <trkpt lat="40.9388" lon="23.194360000000003">
    <ele>606.4300000000001</ele>
   </trkpt>
   <trkpt lat="40.9388" lon="23.194740000000003">
    <ele>606.2700000000001</ele>
   </trkpt>
   <trkpt lat="40.938610000000004" lon="23.195860000000003">
    <ele>605.35</ele>
   </trkpt>
   <trkpt lat="40.938660000000006" lon="23.1962">
    <ele>605.0500000000001</ele>
   </trkpt>
   <trkpt lat="40.93873000000001" lon="23.196320000000004">
    <ele>604.86</ele>
   </trkpt>
   <trkpt lat="40.93923000137137" lon="23.196884995714573">
    <ele>602.69</ele>
   </trkpt>
   <trkpt lat="40.939730000000004" lon="23.197450000000003">
    <ele>602.24</ele>
   </trkpt>
   <trkpt lat="40.94039666822126" lon="23.19786999154083">
    <ele>603.4200000000001</ele>
   </trkpt>
   <trkpt lat="40.94106333491861" lon="23.198289991560024">
    <ele>607.21</ele>
   </trkpt>
   <trkpt lat="40.94173000000001" lon="23.198710000000002">
    <ele>614.26</ele>
   </trkpt>
   <trkpt lat="40.94187" lon="23.198880000000003">
    <ele>616.71</ele>
   </trkpt>
   <trkpt lat="40.94196" lon="23.199150000000003">
    <ele>618.96</ele>
   </trkpt>
   <trkpt lat="40.942" lon="23.199710000000003">
    <ele>622.38</ele>
   </trkpt>
   <trkpt lat="40.94209" lon="23.199890000000003">
    <ele>623.2700000000001</ele>
   </trkpt>
   <trkpt lat="40.94250500104347" lon="23.200374996984472">
    <ele>626.29</ele>
   </trkpt>
   <trkpt lat="40.94292" lon="23.200860000000002">
    <ele>628.57</ele>
   </trkpt>
   <trkpt lat="40.94319" lon="23.200950000000002">
    <ele>629.85</ele>
   </trkpt>
   <trkpt lat="40.943560000000005" lon="23.200920000000004">
    <ele>630.46</ele>
   </trkpt>
   <trkpt lat="40.944300000000005" lon="23.200930000000003">
    <ele>630.19</ele>
   </trkpt>
   <trkpt lat="40.944680000000005" lon="23.200960000000002">
    <ele>630.53</ele>
   </trkpt>
   <trkpt lat="40.94492" lon="23.201050000000002">
    <ele>630.74</ele>
   </trkpt>
   <trkpt lat="40.945530000000005" lon="23.201340000000002">
    <ele>631.1500000000001</ele>
   </trkpt>
   <trkpt lat="40.94611000096274" lon="23.20167999400644">
    <ele>630.6700000000001</ele>
   </trkpt>
   <trkpt lat="40.94669000092678" lon="23.202019993985274">
    <ele>630.62</ele>
   </trkpt>
   <trkpt lat="40.94727" lon="23.202360000000002">
    <ele>631.27</ele>
   </trkpt>
   <trkpt lat="40.947890001135974" lon="23.202713326730887">
    <ele>632.9100000000001</ele>
   </trkpt>
   <trkpt lat="40.94851000119337" lon="23.203066660096837">
    <ele>637.23</ele>
   </trkpt>
   <trkpt lat="40.949130000000004" lon="23.20342">
    <ele>640.6200000000001</ele>
   </trkpt>
   <trkpt lat="40.949600000000004" lon="23.20361">
    <ele>644.11</ele>
   </trkpt>
   <trkpt lat="40.949870000000004" lon="23.20379">
    <ele>645.3100000000001</ele>
   </trkpt>
   <trkpt lat="40.94995" lon="23.20389">
    <ele>645.7</ele>
   </trkpt>
   <trkpt lat="40.950050000000005" lon="23.204060000000002">
    <ele>646.37</ele>
   </trkpt>
   <trkpt lat="40.950230000000005" lon="23.20445">
    <ele>646.4700000000001</ele>
   </trkpt>
   <trkpt lat="40.95033" lon="23.204520000000002">
    <ele>646.76</ele>
   </trkpt>
   <trkpt lat="40.95049" lon="23.20455">
    <ele>647.08</ele>
   </trkpt>
   <trkpt lat="40.95108999989299" lon="23.20450666746315">
    <ele>648.7</ele>
   </trkpt>
   <trkpt lat="40.95168999976975" lon="23.204463334138726">
    <ele>651.8000000000001</ele>
   </trkpt>
   <trkpt lat="40.952290000000005" lon="23.204420000000002">
    <ele>654.5600000000001</ele>
   </trkpt>
   <trkpt lat="40.95264" lon="23.204430000000002">
    <ele>656.21</ele>
   </trkpt>
   <trkpt lat="40.952740000000006" lon="23.20447">
    <ele>656.21</ele>
   </trkpt>
   <trkpt lat="40.952780000000004" lon="23.204500000000003">
    <ele>656.73</ele>
   </trkpt>
   <trkpt lat="40.95286" lon="23.20463">
    <ele>656.73</ele>
   </trkpt>
   <trkpt lat="40.953030000000005" lon="23.20519">
    <ele>657.84</ele>
   </trkpt>
   <trkpt lat="40.95322" lon="23.205650000000002">
    <ele>658.6200000000001</ele>
   </trkpt>
   <trkpt lat="40.95337000000001" lon="23.205800000000004">
    <ele>658.87</ele>
   </trkpt>
   <trkpt lat="40.95344" lon="23.205830000000002">
    <ele>658.88</ele>
   </trkpt>
   <trkpt lat="40.953770000000006" lon="23.20589">
    <ele>658.19</ele>
   </trkpt>
   <trkpt lat="40.954130000000006" lon="23.205990000000003">
    <ele>657.36</ele>
   </trkpt>
   <trkpt lat="40.95465500006252" lon="23.206099999127375">
    <ele>655.99</ele>
   </trkpt>
   <trkpt lat="40.955180000000006" lon="23.206210000000002">
    <ele>654.2</ele>
   </trkpt>
   <trkpt lat="40.95593" lon="23.206290000000003">
    <ele>651.27</ele>
   </trkpt>
   <trkpt lat="40.95655" lon="23.20633">
    <ele>646.85</ele>
   </trkpt>
   <trkpt lat="40.956790000000005" lon="23.206380000000003">
    <ele>644.94</ele>
   </trkpt>
   <trkpt lat="40.95727" lon="23.206650000000003">
    <ele>641.4300000000001</ele>
   </trkpt>
   <trkpt lat="40.95736" lon="23.206660000000003">
    <ele>641.4300000000001</ele>
   </trkpt>
   <trkpt lat="40.95745" lon="23.20662">
    <ele>640.87</ele>
   </trkpt>
   <trkpt lat="40.957530000000006" lon="23.20653">
    <ele>640.08</ele>
   </trkpt>
   <trkpt lat="40.95778500119642" lon="23.205985002290724">
    <ele>638.29</ele>
   </trkpt>
   <trkpt lat="40.958040000000004" lon="23.205440000000003">
    <ele>636.47</ele>
   </trkpt>
   <trkpt lat="40.958200000000005" lon="23.205250000000003">
    <ele>636.3199999999999</ele>
   </trkpt>
   <trkpt lat="40.95841" lon="23.205140000000004">
    <ele>636.09</ele>
   </trkpt>
   <trkpt lat="40.95885000023382" lon="23.205005000852328">
    <ele>636.19</ele>
   </trkpt>
   <trkpt lat="40.95929" lon="23.204870000000003">
    <ele>636.0600000000001</ele>
   </trkpt>
   <trkpt lat="40.959520000000005" lon="23.20483">
    <ele>635.72</ele>
   </trkpt>
   <trkpt lat="40.95973" lon="23.20484">
    <ele>635.24</ele>
   </trkpt>
   <trkpt lat="40.960370000000005" lon="23.20494">
    <ele>634.7400000000001</ele>
   </trkpt>
   <trkpt lat="40.96049" lon="23.20495">
    <ele>634.35</ele>
   </trkpt>
   <trkpt lat="40.96061" lon="23.20493">
    <ele>634.35</ele>
   </trkpt>
   <trkpt lat="40.96109000021702" lon="23.204730001436086">
    <ele>632.59</ele>
   </trkpt>
   <trkpt lat="40.96157" lon="23.204530000000002">
    <ele>631.2</ele>
   </trkpt>
   <trkpt lat="40.9617" lon="23.204500000000003">
    <ele>630.99</ele>
   </trkpt>
   <trkpt lat="40.961870000000005" lon="23.204500000000003">
    <ele>630.68</ele>
   </trkpt>
   <trkpt lat="40.96233" lon="23.20455">
    <ele>628.2700000000001</ele>
   </trkpt>
   <trkpt lat="40.962480000000006" lon="23.20454">
    <ele>628.2700000000001</ele>
   </trkpt>
   <trkpt lat="40.96262" lon="23.204500000000003">
    <ele>627.62</ele>
   </trkpt>
   <trkpt lat="40.963010000000004" lon="23.204310000000003">
    <ele>626.87</ele>
   </trkpt>
   <trkpt lat="40.963330000000006" lon="23.2041">
    <ele>626.7</ele>
   </trkpt>
   <trkpt lat="40.96369000000001" lon="23.20379">
    <ele>625.1500000000001</ele>
   </trkpt>
   <trkpt lat="40.963770000000004" lon="23.203750000000003">
    <ele>624.85</ele>
   </trkpt>
   <trkpt lat="40.96387" lon="23.203740000000003">
    <ele>624.33</ele>
   </trkpt>
   <trkpt lat="40.96392" lon="23.203760000000003">
    <ele>624.33</ele>
   </trkpt>
   <trkpt lat="40.964040000000004" lon="23.203850000000003">
    <ele>623.4300000000001</ele>
   </trkpt>
   <trkpt lat="40.964240000000004" lon="23.2041">
    <ele>622.23</ele>
   </trkpt>
   <trkpt lat="40.964420000000004" lon="23.20438">
    <ele>621.7600000000001</ele>
   </trkpt>
   <trkpt lat="40.964800000000004" lon="23.205360000000002">
    <ele>618.5500000000001</ele>
   </trkpt>
   <trkpt lat="40.96491" lon="23.20557">
    <ele>618.7600000000001</ele>
   </trkpt>
   <trkpt lat="40.965030000000006" lon="23.205740000000002">
    <ele>619.12</ele>
   </trkpt>
   <trkpt lat="40.965250000000005" lon="23.205900000000003">
    <ele>617.51</ele>
   </trkpt>
   <trkpt lat="40.96558" lon="23.20604">
    <ele>615.4000000000001</ele>
   </trkpt>
   <trkpt lat="40.965920000000004" lon="23.206210000000002">
    <ele>613.35</ele>
   </trkpt>
   <trkpt lat="40.96607" lon="23.20632">
    <ele>611.4300000000001</ele>
   </trkpt>
   <trkpt lat="40.96632" lon="23.206560000000003">
    <ele>609.4300000000001</ele>
   </trkpt>
   <trkpt lat="40.966750000000005" lon="23.207020000000004">
    <ele>608.5200000000001</ele>
   </trkpt>
   <trkpt lat="40.96694" lon="23.207330000000002">
    <ele>608.48</ele>
   </trkpt>
   <trkpt lat="40.96707000000001" lon="23.207590000000003">
    <ele>608.29</ele>
   </trkpt>
   <trkpt lat="40.967220000000005" lon="23.20775">
    <ele>608.29</ele>
   </trkpt>
   <trkpt lat="40.96775" lon="23.208080000000002">
    <ele>607.29</ele>
   </trkpt>
   <trkpt lat="40.96828000067638" lon="23.208444997137704">
    <ele>607.38</ele>
   </trkpt>
   <trkpt lat="40.968810000000005" lon="23.208810000000003">
    <ele>605.9300000000001</ele>
   </trkpt>
   <trkpt lat="40.969530000000006" lon="23.20932">
    <ele>605.29</ele>
   </trkpt>
   <trkpt lat="40.96967" lon="23.209480000000003">
    <ele>604.9300000000001</ele>
   </trkpt>
   <trkpt lat="40.96998000000001" lon="23.209970000000002">
    <ele>604.92</ele>
   </trkpt>
   <trkpt lat="40.97052500172675" lon="23.21060499473702">
    <ele>605.74</ele>
   </trkpt>
   <trkpt lat="40.971070000000005" lon="23.211240000000004">
    <ele>603.7600000000001</ele>
   </trkpt>
   <trkpt lat="40.971250000000005" lon="23.21151">
    <ele>602.09</ele>
   </trkpt>
   <trkpt lat="40.971450000000004" lon="23.212120000000002">
    <ele>600.1</ele>
   </trkpt>
   <trkpt lat="40.97158" lon="23.212410000000002">
    <ele>599.94</ele>
   </trkpt>
   <trkpt lat="40.971740000000004" lon="23.212660000000003">
    <ele>600.69</ele>
   </trkpt>
   <trkpt lat="40.97207" lon="23.213050000000003">
    <ele>603.32</ele>
   </trkpt>
   <trkpt lat="40.972170000000006" lon="23.213210000000004">
    <ele>605.5200000000001</ele>
   </trkpt>
   <trkpt lat="40.972300000000004" lon="23.213590000000003">
    <ele>607.5600000000001</ele>
   </trkpt>
   <trkpt lat="40.97231" lon="23.213720000000002">
    <ele>609.09</ele>
   </trkpt>
   <trkpt lat="40.97230000522831" lon="23.21482000007992">
    <ele>618.2200000000001</ele>
   </trkpt>
   <trkpt lat="40.97229" lon="23.21592">
    <ele>625.94</ele>
   </trkpt>
   <trkpt lat="40.97231" lon="23.21619">
    <ele>628.3000000000001</ele>
   </trkpt>
   <trkpt lat="40.97241" lon="23.21683">
    <ele>631.84</ele>
   </trkpt>
   <trkpt lat="40.97247" lon="23.217100000000002">
    <ele>634.3100000000001</ele>
   </trkpt>
   <trkpt lat="40.972730000000006" lon="23.21786">
    <ele>640.4300000000001</ele>
   </trkpt>
   <trkpt lat="40.97295000128508" lon="23.218399998261372">
    <ele>644.14</ele>
   </trkpt>
   <trkpt lat="40.97317" lon="23.218940000000003">
    <ele>645.7900000000001</ele>
   </trkpt>
   <trkpt lat="40.97337" lon="23.219630000000002">
    <ele>646.8100000000001</ele>
   </trkpt>
   <trkpt lat="40.97341" lon="23.21985">
    <ele>646.84</ele>
   </trkpt>
   <trkpt lat="40.97348" lon="23.220350000000003">
    <ele>646.19</ele>
   </trkpt>
   <trkpt lat="40.97346" lon="23.22078">
    <ele>645.4700000000001</ele>
   </trkpt>
   <trkpt lat="40.97323" lon="23.221870000000003">
    <ele>643.8600000000001</ele>
   </trkpt>
   <trkpt lat="40.973180000000006" lon="23.222050000000003">
    <ele>643.6500000000001</ele>
   </trkpt>
   <trkpt lat="40.97301" lon="23.222410000000004">
    <ele>643.09</ele>
   </trkpt>
   <trkpt lat="40.97296" lon="23.222610000000003">
    <ele>642.73</ele>
   </trkpt>
   <trkpt lat="40.97296" lon="23.22286">
    <ele>642.1300000000001</ele>
   </trkpt>
   <trkpt lat="40.97301" lon="23.22312">
    <ele>640.26</ele>
   </trkpt>
   <trkpt lat="40.97323" lon="23.22372">
    <ele>635.9100000000001</ele>
   </trkpt>
   <trkpt lat="40.97338000136547" lon="23.22428499866386">
    <ele>633.19</ele>
   </trkpt>
   <trkpt lat="40.973530000000004" lon="23.224850000000004">
    <ele>629.99</ele>
   </trkpt>
   <trkpt lat="40.97363" lon="23.225170000000002">
    <ele>627.96</ele>
   </trkpt>
   <trkpt lat="40.973780000000005" lon="23.225420000000003">
    <ele>626.0500000000001</ele>
   </trkpt>
   <trkpt lat="40.9741" lon="23.22584">
    <ele>622.77</ele>
   </trkpt>
   <trkpt lat="40.97430000000001" lon="23.22604">
    <ele>622.2500000000001</ele>
   </trkpt>
   <trkpt lat="40.974470000000004" lon="23.22614">
    <ele>620.6100000000001</ele>
   </trkpt>
   <trkpt lat="40.97489" lon="23.22615">
    <ele>618.12</ele>
   </trkpt>
   <trkpt lat="40.97507" lon="23.226210000000002">
    <ele>615.3700000000001</ele>
   </trkpt>
   <trkpt lat="40.97543" lon="23.226380000000002">
    <ele>610.69</ele>
   </trkpt>
   <trkpt lat="40.97572" lon="23.226570000000002">
    <ele>607.45</ele>
   </trkpt>
   <trkpt lat="40.97621" lon="23.226850000000002">
    <ele>604.04</ele>
   </trkpt>
   <trkpt lat="40.976710000000004" lon="23.22727">
    <ele>597.8500000000001</ele>
   </trkpt>
   <trkpt lat="40.97684" lon="23.227420000000002">
    <ele>596.13</ele>
   </trkpt>
   <trkpt lat="40.976890000000004" lon="23.22753">
    <ele>595.35</ele>
   </trkpt>
   <trkpt lat="40.977000000000004" lon="23.227890000000002">
    <ele>593.26</ele>
   </trkpt>
   <trkpt lat="40.97711" lon="23.228">
    <ele>593.26</ele>
   </trkpt>
   <trkpt lat="40.977180000000004" lon="23.22802">
    <ele>590.59</ele>
   </trkpt>
   <trkpt lat="40.97730000000001" lon="23.22801">
    <ele>590.59</ele>
   </trkpt>
   <trkpt lat="40.978" lon="23.227710000000002">
    <ele>587.14</ele>
   </trkpt>
   <trkpt lat="40.978100000000005" lon="23.227680000000003">
    <ele>586.4</ele>
   </trkpt>
   <trkpt lat="40.978210000000004" lon="23.227670000000003">
    <ele>585.59</ele>
   </trkpt>
   <trkpt lat="40.97883" lon="23.22792">
    <ele>581.34</ele>
   </trkpt>
   <trkpt lat="40.97899" lon="23.227960000000003">
    <ele>579.0600000000001</ele>
   </trkpt>
   <trkpt lat="40.97909000000001" lon="23.227960000000003">
    <ele>579.0600000000001</ele>
   </trkpt>
   <trkpt lat="40.979850000000006" lon="23.227800000000002">
    <ele>575.45</ele>
   </trkpt>
   <trkpt lat="40.980180000000004" lon="23.22781">
    <ele>573.23</ele>
   </trkpt>
   <trkpt lat="40.980410000000006" lon="23.227860000000003">
    <ele>571.28</ele>
   </trkpt>
   <trkpt lat="40.98049" lon="23.22791">
    <ele>571.28</ele>
   </trkpt>
   <trkpt lat="40.98059000000001" lon="23.228060000000003">
    <ele>569.1700000000001</ele>
   </trkpt>
   <trkpt lat="40.980630000000005" lon="23.228250000000003">
    <ele>568.5400000000001</ele>
   </trkpt>
   <trkpt lat="40.98057" lon="23.228800000000003">
    <ele>565.85</ele>
   </trkpt>
   <trkpt lat="40.98064" lon="23.229960000000002">
    <ele>561.7500000000001</ele>
   </trkpt>
   <trkpt lat="40.98069" lon="23.23016">
    <ele>561.82</ele>
   </trkpt>
   <trkpt lat="40.980790000000006" lon="23.230320000000003">
    <ele>562.1700000000001</ele>
   </trkpt>
   <trkpt lat="40.980880000000006" lon="23.230430000000002">
    <ele>562.1700000000001</ele>
   </trkpt>
   <trkpt lat="40.981280000000005" lon="23.230770000000003">
    <ele>563.97</ele>
   </trkpt>
   <trkpt lat="40.981680000000004" lon="23.23139">
    <ele>566.7</ele>
   </trkpt>
   <trkpt lat="40.98211500083413" lon="23.231779997586383">
    <ele>568.7500000000001</ele>
   </trkpt>
   <trkpt lat="40.98255" lon="23.232170000000004">
    <ele>570.6600000000001</ele>
   </trkpt>
   <trkpt lat="40.98263" lon="23.232280000000003">
    <ele>570.7800000000001</ele>
   </trkpt>
   <trkpt lat="40.982730000000004" lon="23.2325">
    <ele>571.3100000000001</ele>
   </trkpt>
   <trkpt lat="40.982780000000005" lon="23.232650000000003">
    <ele>571.96</ele>
   </trkpt>
   <trkpt lat="40.98294000158072" lon="23.233249998639373">
    <ele>574.0500000000001</ele>
   </trkpt>
   <trkpt lat="40.9831" lon="23.23385">
    <ele>574.5400000000001</ele>
   </trkpt>
   <trkpt lat="40.98337" lon="23.23476">
    <ele>576.0600000000001</ele>
   </trkpt>
   <trkpt lat="40.983630000000005" lon="23.235460000000003">
    <ele>577.8199999999999</ele>
   </trkpt>
   <trkpt lat="40.983830000000005" lon="23.23608">
    <ele>582.43</ele>
   </trkpt>
   <trkpt lat="40.98405" lon="23.23692">
    <ele>585.47</ele>
   </trkpt>
   <trkpt lat="40.984195001588" lon="23.23751999881569">
    <ele>588.74</ele>
   </trkpt>
   <trkpt lat="40.98434" lon="23.238120000000002">
    <ele>591.08</ele>
   </trkpt>
   <trkpt lat="40.984480000000005" lon="23.238580000000002">
    <ele>591.6300000000001</ele>
   </trkpt>
   <trkpt lat="40.984730000000006" lon="23.239030000000003">
    <ele>591.9300000000001</ele>
   </trkpt>
   <trkpt lat="40.985130000000005" lon="23.23958">
    <ele>592.0000000000001</ele>
   </trkpt>
   <trkpt lat="40.98572" lon="23.24033">
    <ele>587.1200000000001</ele>
   </trkpt>
   <trkpt lat="40.986000000000004" lon="23.240620000000003">
    <ele>584.9100000000001</ele>
   </trkpt>
   <trkpt lat="40.986250000000005" lon="23.240910000000003">
    <ele>583.52</ele>
   </trkpt>
   <trkpt lat="40.986470000000004" lon="23.24117">
    <ele>581.85</ele>
   </trkpt>
   <trkpt lat="40.98666" lon="23.24143">
    <ele>581.1500000000001</ele>
   </trkpt>
   <trkpt lat="40.98696" lon="23.241770000000002">
    <ele>579.9300000000001</ele>
   </trkpt>
   <trkpt lat="40.987350000593665" lon="23.24216499758233">
    <ele>577.74</ele>
   </trkpt>
   <trkpt lat="40.98774" lon="23.24256">
    <ele>574.4100000000001</ele>
   </trkpt>
   <trkpt lat="40.987880000000004" lon="23.24266">
    <ele>574.4100000000001</ele>
   </trkpt>
   <trkpt lat="40.98800000000001" lon="23.242710000000002">
    <ele>572.45</ele>
   </trkpt>
   <trkpt lat="40.988150000000005" lon="23.24274">
    <ele>571.5300000000001</ele>
   </trkpt>
   <trkpt lat="40.988440000000004" lon="23.24276">
    <ele>570.52</ele>
   </trkpt>
   <trkpt lat="40.989200000000004" lon="23.242960000000004">
    <ele>563.59</ele>
   </trkpt>
   <trkpt lat="40.99" lon="23.24301">
    <ele>557.2</ele>
   </trkpt>
   <trkpt lat="40.99022" lon="23.243060000000003">
    <ele>556.3100000000001</ele>
   </trkpt>
   <trkpt lat="40.990260000000006" lon="23.243100000000002">
    <ele>556.3100000000001</ele>
   </trkpt>
   <trkpt lat="40.990300000000005" lon="23.243250000000003">
    <ele>554.83</ele>
   </trkpt>
   <trkpt lat="40.990300000000005" lon="23.24341">
    <ele>554.83</ele>
   </trkpt>
   <trkpt lat="40.990030000000004" lon="23.244320000000002">
    <ele>551.49</ele>
   </trkpt>
   <trkpt lat="40.98984" lon="23.244870000000002">
    <ele>549.0200000000001</ele>
   </trkpt>
   <trkpt lat="40.989760000000004" lon="23.245030000000003">
    <ele>548.63</ele>
   </trkpt>
   <trkpt lat="40.98951" lon="23.245410000000003">
    <ele>546.66</ele>
   </trkpt>
   <trkpt lat="40.9894" lon="23.245820000000002">
    <ele>544.97</ele>
   </trkpt>
   <trkpt lat="40.989250000000006" lon="23.24622">
    <ele>543.54</ele>
   </trkpt>
   <trkpt lat="40.98921" lon="23.246480000000002">
    <ele>543.0200000000001</ele>
   </trkpt>
   <trkpt lat="40.989230000000006" lon="23.24688">
    <ele>541.5000000000001</ele>
   </trkpt>
   <trkpt lat="40.989290000000004" lon="23.247320000000002">
    <ele>541.25</ele>
   </trkpt>
   <trkpt lat="40.98933" lon="23.247490000000003">
    <ele>540.9300000000001</ele>
   </trkpt>
   <trkpt lat="40.98955" lon="23.248060000000002">
    <ele>540.5699999999999</ele>
   </trkpt>
   <trkpt lat="40.989810001202486" lon="23.248564998204063">
    <ele>540.6</ele>
   </trkpt>
   <trkpt lat="40.99007" lon="23.249070000000003">
    <ele>540.6500000000001</ele>
   </trkpt>
   <trkpt lat="40.99047000303037" lon="23.249904994971626">
    <ele>541.0600000000001</ele>
   </trkpt>
   <trkpt lat="40.99087" lon="23.25074">
    <ele>540.49</ele>
   </trkpt>
   <trkpt lat="40.99103" lon="23.251170000000002">
    <ele>539.76</ele>
   </trkpt>
   <trkpt lat="40.991220000000006" lon="23.251880000000003">
    <ele>537.32</ele>
   </trkpt>
   <trkpt lat="40.99134" lon="23.252110000000002">
    <ele>536.1600000000001</ele>
   </trkpt>
   <trkpt lat="40.99147000000001" lon="23.25231">
    <ele>535.37</ele>
   </trkpt>
   <trkpt lat="40.991730000000004" lon="23.252660000000002">
    <ele>534.6</ele>
   </trkpt>
   <trkpt lat="40.992306671037106" lon="23.253373320821574">
    <ele>534.36</ele>
   </trkpt>
   <trkpt lat="40.99288333767718" lon="23.254086654121807">
    <ele>535.2600000000001</ele>
   </trkpt>
   <trkpt lat="40.993460000000006" lon="23.254800000000003">
    <ele>535.9900000000001</ele>
   </trkpt>
   <trkpt lat="40.99369" lon="23.25497">
    <ele>536.49</ele>
   </trkpt>
   <trkpt lat="40.993950000000005" lon="23.255090000000003">
    <ele>536.94</ele>
   </trkpt>
   <trkpt lat="40.99448" lon="23.25522">
    <ele>537.7700000000001</ele>
   </trkpt>
   <trkpt lat="40.994670000000006" lon="23.25532">
    <ele>538.6200000000001</ele>
   </trkpt>
   <trkpt lat="40.994930000000004" lon="23.25552">
    <ele>539.19</ele>
   </trkpt>
   <trkpt lat="40.995400000000004" lon="23.256">
    <ele>541.13</ele>
   </trkpt>
   <trkpt lat="40.99557" lon="23.256220000000003">
    <ele>541.8900000000001</ele>
   </trkpt>
   <trkpt lat="40.99571" lon="23.25647">
    <ele>542.7700000000001</ele>
   </trkpt>
   <trkpt lat="40.996065001990566" lon="23.257159996154787">
    <ele>545.83</ele>
   </trkpt>
   <trkpt lat="40.99642" lon="23.25785">
    <ele>550.21</ele>
   </trkpt>
   <trkpt lat="40.99649" lon="23.258080000000003">
    <ele>551.5300000000001</ele>
   </trkpt>
   <trkpt lat="40.99653" lon="23.25898">
    <ele>556.73</ele>
   </trkpt>
   <trkpt lat="40.9966" lon="23.259200000000003">
    <ele>558.03</ele>
   </trkpt>
   <trkpt lat="40.9968" lon="23.25953">
    <ele>559.9900000000001</ele>
   </trkpt>
   <trkpt lat="40.996840000000006" lon="23.25966">
    <ele>559.9900000000001</ele>
   </trkpt>
   <trkpt lat="40.99683" lon="23.259900000000002">
    <ele>560.9900000000001</ele>
   </trkpt>
   <trkpt lat="40.99676" lon="23.26011">
    <ele>562.33</ele>
   </trkpt>
   <trkpt lat="40.99669" lon="23.260250000000003">
    <ele>563.22</ele>
   </trkpt>
   <trkpt lat="40.99649" lon="23.2605">
    <ele>563.7800000000001</ele>
   </trkpt>
   <trkpt lat="40.996410000000004" lon="23.260630000000003">
    <ele>563.88</ele>
   </trkpt>
   <trkpt lat="40.996300000000005" lon="23.26086">
    <ele>563.9399999999999</ele>
   </trkpt>
   <trkpt lat="40.99616" lon="23.26122">
    <ele>564.6300000000001</ele>
   </trkpt>
   <trkpt lat="40.99609" lon="23.26133">
    <ele>565.12</ele>
   </trkpt>
   <trkpt lat="40.99564" lon="23.261750000000003">
    <ele>567.15</ele>
   </trkpt>
   <trkpt lat="40.99559" lon="23.261840000000003">
    <ele>569.3100000000001</ele>
   </trkpt>
   <trkpt lat="40.995560000000005" lon="23.261940000000003">
    <ele>569.3100000000001</ele>
   </trkpt>
   <trkpt lat="40.995560000000005" lon="23.2621">
    <ele>569.3100000000001</ele>
   </trkpt>
   <trkpt lat="40.9956" lon="23.26226">
    <ele>569.88</ele>
   </trkpt>
   <trkpt lat="40.995940000000004" lon="23.262700000000002">
    <ele>572.8100000000001</ele>
   </trkpt>
   <trkpt lat="40.99647" lon="23.26351">
    <ele>574.22</ele>
   </trkpt>
   <trkpt lat="40.996550000000006" lon="23.26366">
    <ele>574.89</ele>
   </trkpt>
   <trkpt lat="40.99662" lon="23.263910000000003">
    <ele>575.23</ele>
   </trkpt>
   <trkpt lat="40.996680000000005" lon="23.26424">
    <ele>576.3000000000001</ele>
   </trkpt>
   <trkpt lat="40.996860000000005" lon="23.265040000000003">
    <ele>577.0600000000001</ele>
   </trkpt>
   <trkpt lat="40.99689" lon="23.26528">
    <ele>577.21</ele>
   </trkpt>
   <trkpt lat="40.996840000000006" lon="23.26554">
    <ele>577.8100000000001</ele>
   </trkpt>
   <trkpt lat="40.99672" lon="23.265780000000003">
    <ele>578.13</ele>
   </trkpt>
   <trkpt lat="40.996430000000004" lon="23.26622">
    <ele>577.3100000000001</ele>
   </trkpt>
   <trkpt lat="40.996280000000006" lon="23.266530000000003">
    <ele>576.4</ele>
   </trkpt>
   <trkpt lat="40.996230000000004" lon="23.266750000000002">
    <ele>576.1800000000001</ele>
   </trkpt>
   <trkpt lat="40.996230000000004" lon="23.26713">
    <ele>575.0500000000001</ele>
   </trkpt>
   <trkpt lat="40.9963150049006" lon="23.26819499862496">
    <ele>572.01</ele>
   </trkpt>
   <trkpt lat="40.9964" lon="23.269260000000003">
    <ele>571.3900000000001</ele>
   </trkpt>
   <trkpt lat="40.996460000000006" lon="23.27025">
    <ele>574.2700000000001</ele>
   </trkpt>
   <trkpt lat="40.996500000000005" lon="23.27136">
    <ele>574.04</ele>
   </trkpt>
   <trkpt lat="40.99649" lon="23.27164">
    <ele>572.2</ele>
   </trkpt>
   <trkpt lat="40.996430000000004" lon="23.27185">
    <ele>571.7</ele>
   </trkpt>
   <trkpt lat="40.99635000000001" lon="23.27204">
    <ele>570.33</ele>
   </trkpt>
   <trkpt lat="40.99625" lon="23.272180000000002">
    <ele>570.33</ele>
   </trkpt>
   <trkpt lat="40.99613" lon="23.27239">
    <ele>568.69</ele>
   </trkpt>
   <trkpt lat="40.996100000000006" lon="23.27248">
    <ele>568.69</ele>
   </trkpt>
   <trkpt lat="40.99607" lon="23.272710000000004">
    <ele>567.5</ele>
   </trkpt>
   <trkpt lat="40.99607" lon="23.272910000000003">
    <ele>567.0400000000001</ele>
   </trkpt>
   <trkpt lat="40.99613" lon="23.27353">
    <ele>565.0200000000001</ele>
   </trkpt>
   <trkpt lat="40.996120000000005" lon="23.273770000000003">
    <ele>564.2900000000001</ele>
   </trkpt>
   <trkpt lat="40.996030000000005" lon="23.27411">
    <ele>563.58</ele>
   </trkpt>
   <trkpt lat="40.996030000000005" lon="23.274240000000002">
    <ele>563.37</ele>
   </trkpt>
   <trkpt lat="40.99611" lon="23.27456">
    <ele>562.64</ele>
   </trkpt>
   <trkpt lat="40.996300000000005" lon="23.274990000000003">
    <ele>560.9300000000001</ele>
   </trkpt>
   <trkpt lat="40.996320000000004" lon="23.275180000000002">
    <ele>560.47</ele>
   </trkpt>
   <trkpt lat="40.99625" lon="23.275370000000002">
    <ele>560.1</ele>
   </trkpt>
   <trkpt lat="40.99604" lon="23.275740000000003">
    <ele>559.44</ele>
   </trkpt>
   <trkpt lat="40.995920000000005" lon="23.27605">
    <ele>558.37</ele>
   </trkpt>
   <trkpt lat="40.99573" lon="23.276410000000002">
    <ele>557.11</ele>
   </trkpt>
   <trkpt lat="40.99533" lon="23.276600000000002">
    <ele>556.97</ele>
   </trkpt>
   <trkpt lat="40.99501" lon="23.276670000000003">
    <ele>557.01</ele>
   </trkpt>
   <trkpt lat="40.994800000000005" lon="23.276690000000002">
    <ele>557.35</ele>
   </trkpt>
   <trkpt lat="40.99463" lon="23.276680000000002">
    <ele>557.45</ele>
   </trkpt>
   <trkpt lat="40.993880000000004" lon="23.27652">
    <ele>559.11</ele>
   </trkpt>
   <trkpt lat="40.993640000000006" lon="23.276510000000002">
    <ele>559.13</ele>
   </trkpt>
   <trkpt lat="40.993500000000004" lon="23.27655">
    <ele>559.03</ele>
   </trkpt>
   <trkpt lat="40.993210000000005" lon="23.27672">
    <ele>558.24</ele>
   </trkpt>
   <trkpt lat="40.993100000000005" lon="23.27681">
    <ele>557.74</ele>
   </trkpt>
   <trkpt lat="40.99279000000001" lon="23.277150000000002">
    <ele>557.23</ele>
   </trkpt>
   <trkpt lat="40.99247000110298" lon="23.277660002508632">
    <ele>556.6600000000001</ele>
   </trkpt>
   <trkpt lat="40.99215" lon="23.278170000000003">
    <ele>556.27</ele>
   </trkpt>
   <trkpt lat="40.992020000000004" lon="23.2783">
    <ele>556.09</ele>
   </trkpt>
   <trkpt lat="40.99194000000001" lon="23.278340000000004">
    <ele>555.97</ele>
   </trkpt>
   <trkpt lat="40.99143" lon="23.27849">
    <ele>554.7700000000001</ele>
   </trkpt>
   <trkpt lat="40.991220000000006" lon="23.278570000000002">
    <ele>550.74</ele>
   </trkpt>
   <trkpt lat="40.99081" lon="23.278840000000002">
    <ele>548.39</ele>
   </trkpt>
   <trkpt lat="40.990410000000004" lon="23.27917">
    <ele>543.97</ele>
   </trkpt>
   <trkpt lat="40.990210000000005" lon="23.27927">
    <ele>543.64</ele>
   </trkpt>
   <trkpt lat="40.990120000000005" lon="23.27927">
    <ele>543.64</ele>
   </trkpt>
   <trkpt lat="40.99002" lon="23.27924">
    <ele>541.9300000000001</ele>
   </trkpt>
   <trkpt lat="40.989700000000006" lon="23.27908">
    <ele>540.1400000000001</ele>
   </trkpt>
   <trkpt lat="40.9890166678263" lon="23.27870665890419">
    <ele>536.8900000000001</ele>
   </trkpt>
   <trkpt lat="40.98833333444818" lon="23.27833332554651">
    <ele>534.47</ele>
   </trkpt>
   <trkpt lat="40.98765" lon="23.27796">
    <ele>532.58</ele>
   </trkpt>
   <trkpt lat="40.98705" lon="23.277610000000003">
    <ele>528.6</ele>
   </trkpt>
   <trkpt lat="40.98686" lon="23.277540000000002">
    <ele>527.2900000000001</ele>
   </trkpt>
   <trkpt lat="40.98668000000001" lon="23.27755">
    <ele>526.1300000000001</ele>
   </trkpt>
   <trkpt lat="40.986580000000004" lon="23.277610000000003">
    <ele>525.1</ele>
   </trkpt>
   <trkpt lat="40.98651" lon="23.27767">
    <ele>525.1</ele>
   </trkpt>
   <trkpt lat="40.986450000000005" lon="23.27776">
    <ele>525.1</ele>
   </trkpt>
   <trkpt lat="40.98642" lon="23.277870000000004">
    <ele>523.88</ele>
   </trkpt>
   <trkpt lat="40.98642" lon="23.27805">
    <ele>523.11</ele>
   </trkpt>
   <trkpt lat="40.986470000000004" lon="23.278360000000003">
    <ele>522.3800000000001</ele>
   </trkpt>
   <trkpt lat="40.98659000000001" lon="23.27886">
    <ele>520.17</ele>
   </trkpt>
   <trkpt lat="40.98691000332946" lon="23.27974499555448">
    <ele>513.6800000000001</ele>
   </trkpt>
   <trkpt lat="40.987230000000004" lon="23.280630000000002">
    <ele>507.92</ele>
   </trkpt>
   <trkpt lat="40.98722" lon="23.28094">
    <ele>506.9600000000001</ele>
   </trkpt>
   <trkpt lat="40.98711" lon="23.281480000000002">
    <ele>503.25000000000006</ele>
   </trkpt>
   <trkpt lat="40.98711" lon="23.28169">
    <ele>501.78</ele>
   </trkpt>
   <trkpt lat="40.98715000000001" lon="23.28186">
    <ele>500.78</ele>
   </trkpt>
   <trkpt lat="40.987210000000005" lon="23.282000000000004">
    <ele>499.56000000000006</ele>
   </trkpt>
   <trkpt lat="40.987260000000006" lon="23.28207">
    <ele>499.56000000000006</ele>
   </trkpt>
   <trkpt lat="40.987390000000005" lon="23.282140000000002">
    <ele>498.90000000000003</ele>
   </trkpt>
   <trkpt lat="40.98751" lon="23.28215">
    <ele>497.8</ele>
   </trkpt>
   <trkpt lat="40.987970000000004" lon="23.282120000000003">
    <ele>492.95000000000005</ele>
   </trkpt>
   <trkpt lat="40.988080000000004" lon="23.282210000000003">
    <ele>492.23</ele>
   </trkpt>
   <trkpt lat="40.988220000000005" lon="23.28246">
    <ele>490.57000000000005</ele>
   </trkpt>
   <trkpt lat="40.988350000000004" lon="23.282880000000002">
    <ele>488.50000000000006</ele>
   </trkpt>
   <trkpt lat="40.98839" lon="23.283070000000002">
    <ele>486.95000000000005</ele>
   </trkpt>
   <trkpt lat="40.988420000000005" lon="23.283600000000003">
    <ele>484.39000000000004</ele>
   </trkpt>
   <trkpt lat="40.98845" lon="23.28375">
    <ele>483.33000000000004</ele>
   </trkpt>
   <trkpt lat="40.9885" lon="23.283890000000003">
    <ele>482.65000000000003</ele>
   </trkpt>
   <trkpt lat="40.98861" lon="23.283990000000003">
    <ele>481.09000000000003</ele>
   </trkpt>
   <trkpt lat="40.98892" lon="23.284110000000002">
    <ele>479.35</ele>
   </trkpt>
   <trkpt lat="40.98901" lon="23.284180000000003">
    <ele>478.93</ele>
   </trkpt>
   <trkpt lat="40.989110000000004" lon="23.284290000000002">
    <ele>477.95000000000005</ele>
   </trkpt>
   <trkpt lat="40.98917" lon="23.284450000000003">
    <ele>477.95000000000005</ele>
   </trkpt>
   <trkpt lat="40.989140000000006" lon="23.284750000000003">
    <ele>476.5</ele>
   </trkpt>
   <trkpt lat="40.98904" lon="23.284940000000002">
    <ele>475.61</ele>
   </trkpt>
   <trkpt lat="40.98894000000001" lon="23.28507">
    <ele>475.19000000000005</ele>
   </trkpt>
   <trkpt lat="40.988620000000004" lon="23.285380000000004">
    <ele>473.91</ele>
   </trkpt>
   <trkpt lat="40.98852" lon="23.285500000000003">
    <ele>473.91</ele>
   </trkpt>
   <trkpt lat="40.98823" lon="23.285980000000002">
    <ele>473.03000000000003</ele>
   </trkpt>
   <trkpt lat="40.98799" lon="23.286340000000003">
    <ele>471.9800000000001</ele>
   </trkpt>
   <trkpt lat="40.98789" lon="23.286430000000003">
    <ele>471.52000000000004</ele>
   </trkpt>
   <trkpt lat="40.9878" lon="23.28647">
    <ele>470.9200000000001</ele>
   </trkpt>
   <trkpt lat="40.987700000000004" lon="23.28649">
    <ele>469.86000000000007</ele>
   </trkpt>
   <trkpt lat="40.98753000000001" lon="23.28646">
    <ele>467.72</ele>
   </trkpt>
   <trkpt lat="40.987300000000005" lon="23.28638">
    <ele>466.11</ele>
   </trkpt>
   <trkpt lat="40.98718" lon="23.28639">
    <ele>465.16</ele>
   </trkpt>
   <trkpt lat="40.98709" lon="23.286420000000003">
    <ele>464.90000000000003</ele>
   </trkpt>
   <trkpt lat="40.987" lon="23.28649">
    <ele>464.24</ele>
   </trkpt>
   <trkpt lat="40.986900000000006" lon="23.286620000000003">
    <ele>463.89000000000004</ele>
   </trkpt>
   <trkpt lat="40.986810000000006" lon="23.286880000000004">
    <ele>463.23</ele>
   </trkpt>
   <trkpt lat="40.986760000000004" lon="23.28714">
    <ele>462.37000000000006</ele>
   </trkpt>
   <trkpt lat="40.98675" lon="23.28741">
    <ele>461.88</ele>
   </trkpt>
   <trkpt lat="40.98678" lon="23.28762">
    <ele>461.21000000000004</ele>
   </trkpt>
   <trkpt lat="40.986900000000006" lon="23.28797">
    <ele>460.68</ele>
   </trkpt>
   <trkpt lat="40.986920000000005" lon="23.288100000000004">
    <ele>460.02000000000004</ele>
   </trkpt>
   <trkpt lat="40.98688000159032" lon="23.288710000634925">
    <ele>458.76000000000005</ele>
   </trkpt>
   <trkpt lat="40.98684" lon="23.289320000000004">
    <ele>456.0</ele>
   </trkpt>
   <trkpt lat="40.98675" lon="23.28949">
    <ele>454.95</ele>
   </trkpt>
   <trkpt lat="40.98669" lon="23.289540000000002">
    <ele>453.41</ele>
   </trkpt>
   <trkpt lat="40.98651" lon="23.28966">
    <ele>452.69000000000005</ele>
   </trkpt>
   <trkpt lat="40.98603000000001" lon="23.289890000000003">
    <ele>448.36</ele>
   </trkpt>
   <trkpt lat="40.985760000000006" lon="23.290100000000002">
    <ele>445.81</ele>
   </trkpt>
   <trkpt lat="40.98559" lon="23.290300000000002">
    <ele>444.59000000000003</ele>
   </trkpt>
   <trkpt lat="40.98555" lon="23.29041">
    <ele>444.07</ele>
   </trkpt>
   <trkpt lat="40.98554" lon="23.290490000000002">
    <ele>444.07</ele>
   </trkpt>
   <trkpt lat="40.98555" lon="23.29091">
    <ele>442.13</ele>
   </trkpt>
   <trkpt lat="40.985530000000004" lon="23.291050000000002">
    <ele>441.68</ele>
   </trkpt>
   <trkpt lat="40.9855" lon="23.291130000000003">
    <ele>440.89000000000004</ele>
   </trkpt>
   <trkpt lat="40.985420000000005" lon="23.291300000000003">
    <ele>440.26000000000005</ele>
   </trkpt>
   <trkpt lat="40.98487" lon="23.292080000000002">
    <ele>436.16</ele>
   </trkpt>
   <trkpt lat="40.9848" lon="23.29222">
    <ele>434.93</ele>
   </trkpt>
   <trkpt lat="40.984770000000005" lon="23.29232">
    <ele>434.93</ele>
   </trkpt>
   <trkpt lat="40.984770000000005" lon="23.29256">
    <ele>433.63</ele>
   </trkpt>
   <trkpt lat="40.984840000000005" lon="23.29307">
    <ele>431.83000000000004</ele>
   </trkpt>
   <trkpt lat="40.98483" lon="23.293170000000003">
    <ele>431.33000000000004</ele>
   </trkpt>
   <trkpt lat="40.984790000000004" lon="23.29331">
    <ele>431.33000000000004</ele>
   </trkpt>
   <trkpt lat="40.98471000000001" lon="23.29343">
    <ele>429.99</ele>
   </trkpt>
   <trkpt lat="40.98433500091982" lon="23.293860002306435">
    <ele>427.24</ele>
   </trkpt>
   <trkpt lat="40.98396" lon="23.29429">
    <ele>424.83000000000004</ele>
   </trkpt>
   <trkpt lat="40.983430000000006" lon="23.295060000000003">
    <ele>417.97</ele>
   </trkpt>
   <trkpt lat="40.98328" lon="23.2952">
    <ele>417.45000000000005</ele>
   </trkpt>
   <trkpt lat="40.983160000000005" lon="23.295230000000004">
    <ele>416.56000000000006</ele>
   </trkpt>
   <trkpt lat="40.982980000000005" lon="23.295270000000002">
    <ele>415.96000000000004</ele>
   </trkpt>
   <trkpt lat="40.98245" lon="23.2953">
    <ele>415.37</ele>
   </trkpt>
   <trkpt lat="40.981950000000005" lon="23.29539">
    <ele>416.56000000000006</ele>
   </trkpt>
   <trkpt lat="40.98154" lon="23.29549">
    <ele>418.63000000000005</ele>
   </trkpt>
   <trkpt lat="40.98115000000001" lon="23.295610000000003">
    <ele>421.54</ele>
   </trkpt>
   <trkpt lat="40.980920000000005" lon="23.295710000000003">
    <ele>423.11</ele>
   </trkpt>
   <trkpt lat="40.980450000000005" lon="23.296000000000003">
    <ele>424.62000000000006</ele>
   </trkpt>
   <trkpt lat="40.98026" lon="23.296180000000003">
    <ele>425.96000000000004</ele>
   </trkpt>
   <trkpt lat="40.98001" lon="23.296570000000003">
    <ele>427.44000000000005</ele>
   </trkpt>
   <trkpt lat="40.97977" lon="23.297040000000003">
    <ele>429.00000000000006</ele>
   </trkpt>
   <trkpt lat="40.9797" lon="23.297210000000003">
    <ele>429.92</ele>
   </trkpt>
   <trkpt lat="40.97966" lon="23.29737">
    <ele>430.32000000000005</ele>
   </trkpt>
   <trkpt lat="40.97966000160764" lon="23.29798000006217">
    <ele>432.24</ele>
   </trkpt>
   <trkpt lat="40.97966" lon="23.29859">
    <ele>432.70000000000005</ele>
   </trkpt>
   <trkpt lat="40.979690000000005" lon="23.29897">
    <ele>432.74</ele>
   </trkpt>
   <trkpt lat="40.97974000000001" lon="23.299190000000003">
    <ele>432.63</ele>
   </trkpt>
   <trkpt lat="40.97993" lon="23.29954">
    <ele>432.43</ele>
   </trkpt>
   <trkpt lat="40.980320003303866" lon="23.300159992639806">
    <ele>433.19</ele>
   </trkpt>
   <trkpt lat="40.9807100032862" lon="23.30077999261164">
    <ele>433.9</ele>
   </trkpt>
   <trkpt lat="40.981100000000005" lon="23.3014">
    <ele>432.08</ele>
   </trkpt>
   <trkpt lat="40.981190000000005" lon="23.30158">
    <ele>432.08</ele>
   </trkpt>
   <trkpt lat="40.98127" lon="23.30186">
    <ele>431.34000000000003</ele>
   </trkpt>
   <trkpt lat="40.981410000000004" lon="23.30252">
    <ele>429.69</ele>
   </trkpt>
   <trkpt lat="40.98154000261638" lon="23.303294998599984">
    <ele>427.65000000000003</ele>
   </trkpt>
   <trkpt lat="40.98167" lon="23.304070000000003">
    <ele>423.69</ele>
   </trkpt>
   <trkpt lat="40.98174" lon="23.304380000000002">
    <ele>421.81</ele>
   </trkpt>
   <trkpt lat="40.981860000000005" lon="23.304660000000002">
    <ele>419.95000000000005</ele>
   </trkpt>
   <trkpt lat="40.98196" lon="23.304810000000003">
    <ele>418.57000000000005</ele>
   </trkpt>
   <trkpt lat="40.982110000000006" lon="23.30498">
    <ele>416.61</ele>
   </trkpt>
   <trkpt lat="40.982330000000005" lon="23.305190000000003">
    <ele>414.84000000000003</ele>
   </trkpt>
   <trkpt lat="40.98243" lon="23.305320000000002">
    <ele>413.90000000000003</ele>
   </trkpt>
   <trkpt lat="40.98261" lon="23.305760000000003">
    <ele>411.90000000000003</ele>
   </trkpt>
   <trkpt lat="40.982670000000006" lon="23.305840000000003">
    <ele>409.38</ele>
   </trkpt>
   <trkpt lat="40.982760000000006" lon="23.305880000000002">
    <ele>409.38</ele>
   </trkpt>
   <trkpt lat="40.98312000000001" lon="23.305950000000003">
    <ele>406.34000000000003</ele>
   </trkpt>
   <trkpt lat="40.98359000000001" lon="23.306120000000004">
    <ele>401.84000000000003</ele>
   </trkpt>
   <trkpt lat="40.98418" lon="23.3063">
    <ele>397.46000000000004</ele>
   </trkpt>
   <trkpt lat="40.98434" lon="23.30638">
    <ele>395.72</ele>
   </trkpt>
   <trkpt lat="40.9844" lon="23.306430000000002">
    <ele>395.72</ele>
   </trkpt>
   <trkpt lat="40.98456" lon="23.30666">
    <ele>395.09000000000003</ele>
   </trkpt>
   <trkpt lat="40.984770000000005" lon="23.30683">
    <ele>392.04</ele>
   </trkpt>
   <trkpt lat="40.985020000000006" lon="23.306890000000003">
    <ele>390.25000000000006</ele>
   </trkpt>
   <trkpt lat="40.98586" lon="23.30684">
    <ele>384.65000000000003</ele>
   </trkpt>
   <trkpt lat="40.986200000000004" lon="23.30694">
    <ele>382.53000000000003</ele>
   </trkpt>
   <trkpt lat="40.98637" lon="23.306960000000004">
    <ele>380.43000000000006</ele>
   </trkpt>
   <trkpt lat="40.98651" lon="23.30703">
    <ele>378.87</ele>
   </trkpt>
   <trkpt lat="40.98666" lon="23.307270000000003">
    <ele>377.29</ele>
   </trkpt>
   <trkpt lat="40.98677" lon="23.307380000000002">
    <ele>376.74</ele>
   </trkpt>
   <trkpt lat="40.98686" lon="23.30741">
    <ele>375.54</ele>
   </trkpt>
   <trkpt lat="40.987230000000004" lon="23.307460000000003">
    <ele>373.85</ele>
   </trkpt>
   <trkpt lat="40.987370000000006" lon="23.307550000000003">
    <ele>372.39000000000004</ele>
   </trkpt>
   <trkpt lat="40.98749" lon="23.30771">
    <ele>370.6</ele>
   </trkpt>
   <trkpt lat="40.98753000000001" lon="23.30779">
    <ele>370.6</ele>
   </trkpt>
   <trkpt lat="40.987640000000006" lon="23.30825">
    <ele>366.31</ele>
   </trkpt>
   <trkpt lat="40.98769" lon="23.308390000000003">
    <ele>366.31</ele>
   </trkpt>
   <trkpt lat="40.987790000000004" lon="23.308560000000003">
    <ele>363.35</ele>
   </trkpt>
   <trkpt lat="40.98794" lon="23.30874">
    <ele>363.35</ele>
   </trkpt>
   <trkpt lat="40.988220000000005" lon="23.30902">
    <ele>358.19</ele>
   </trkpt>
   <trkpt lat="40.989000000000004" lon="23.30938">
    <ele>349.88</ele>
   </trkpt>
   <trkpt lat="40.989545001896694" lon="23.31004499448626">
    <ele>345.22</ele>
   </trkpt>
   <trkpt lat="40.99009" lon="23.31071">
    <ele>339.18</ele>
   </trkpt>
   <trkpt lat="40.990480000000005" lon="23.31105">
    <ele>336.93</ele>
   </trkpt>
   <trkpt lat="40.99056" lon="23.31115">
    <ele>335.28000000000003</ele>
   </trkpt>
   <trkpt lat="40.99082000000001" lon="23.311680000000003">
    <ele>328.87000000000006</ele>
   </trkpt>
   <trkpt lat="40.990990000000004" lon="23.3119">
    <ele>327.49</ele>
   </trkpt>
   <trkpt lat="40.991640000000004" lon="23.312450000000002">
    <ele>320.24</ele>
   </trkpt>
   <trkpt lat="40.99217" lon="23.31293">
    <ele>315.28</ele>
   </trkpt>
   <trkpt lat="40.992490000000004" lon="23.31331">
    <ele>311.54</ele>
   </trkpt>
   <trkpt lat="40.99269" lon="23.31358">
    <ele>305.08</ele>
   </trkpt>
   <trkpt lat="40.99287" lon="23.313940000000002">
    <ele>305.08</ele>
   </trkpt>
   <trkpt lat="40.99310500153028" lon="23.314514998199357">
    <ele>298.9</ele>
   </trkpt>
   <trkpt lat="40.99334" lon="23.31509">
    <ele>293.12000000000006</ele>
   </trkpt>
   <trkpt lat="40.99372" lon="23.31587">
    <ele>285.7</ele>
   </trkpt>
   <trkpt lat="40.99387" lon="23.31615">
    <ele>281.42</ele>
   </trkpt>
   <trkpt lat="40.99432500246726" lon="23.31690499479628">
    <ele>272.40000000000003</ele>
   </trkpt>
   <trkpt lat="40.994780000000006" lon="23.317660000000004">
    <ele>267.97</ele>
   </trkpt>
   <trkpt lat="40.9949" lon="23.317940000000004">
    <ele>261.81000000000006</ele>
   </trkpt>
   <trkpt lat="40.995050000000006" lon="23.318410000000004">
    <ele>258.35</ele>
   </trkpt>
   <trkpt lat="40.99515" lon="23.31893">
    <ele>254.97000000000003</ele>
   </trkpt>
   <trkpt lat="40.99515" lon="23.319470000000003">
    <ele>252.0</ele>
   </trkpt>
   <trkpt lat="40.99501" lon="23.320330000000002">
    <ele>248.33</ele>
   </trkpt>
   <trkpt lat="40.99497" lon="23.320770000000003">
    <ele>245.25000000000003</ele>
   </trkpt>
   <trkpt lat="40.994980000000005" lon="23.32093">
    <ele>243.87000000000003</ele>
   </trkpt>
   <trkpt lat="40.99515" lon="23.321440000000003">
    <ele>241.22</ele>
   </trkpt>
   <trkpt lat="40.995270000000005" lon="23.322170000000003">
    <ele>236.54000000000002</ele>
   </trkpt>
   <trkpt lat="40.99531" lon="23.32231">
    <ele>234.85000000000002</ele>
   </trkpt>
   <trkpt lat="40.99539" lon="23.322470000000003">
    <ele>233.68000000000004</ele>
   </trkpt>
   <trkpt lat="40.995490000000004" lon="23.32262">
    <ele>232.96000000000004</ele>
   </trkpt>
   <trkpt lat="40.99604" lon="23.323240000000002">
    <ele>228.94000000000003</ele>
   </trkpt>
   <trkpt lat="40.99665" lon="23.323760000000004">
    <ele>222.81</ele>
   </trkpt>
   <trkpt lat="40.996930000000006" lon="23.32403">
    <ele>221.06</ele>
   </trkpt>
   <trkpt lat="40.99759" lon="23.324460000000002">
    <ele>214.26</ele>
   </trkpt>
   <trkpt lat="40.99777" lon="23.324620000000003">
    <ele>211.3</ele>
   </trkpt>
   <trkpt lat="40.99788" lon="23.324820000000003">
    <ele>209.68</ele>
   </trkpt>
   <trkpt lat="40.99799" lon="23.32572">
    <ele>202.03</ele>
   </trkpt>
   <trkpt lat="40.998125002287814" lon="23.32645499824199">
    <ele>198.13000000000002</ele>
   </trkpt>
   <trkpt lat="40.99826" lon="23.32719">
    <ele>194.37</ele>
   </trkpt>
   <trkpt lat="40.99838000272471" lon="23.327984998511916">
    <ele>191.64000000000001</ele>
   </trkpt>
   <trkpt lat="40.9985" lon="23.328780000000002">
    <ele>187.86</ele>
   </trkpt>
   <trkpt lat="40.9986" lon="23.329050000000002">
    <ele>185.39000000000001</ele>
   </trkpt>
   <trkpt lat="40.99884500139189" lon="23.32961999785351">
    <ele>179.65</ele>
   </trkpt>
   <trkpt lat="40.99909" lon="23.33019">
    <ele>175.70000000000002</ele>
   </trkpt>
   <trkpt lat="40.99925" lon="23.330520000000003">
    <ele>172.01000000000002</ele>
   </trkpt>
   <trkpt lat="40.999880000000005" lon="23.331360000000004">
    <ele>166.83</ele>
   </trkpt>
   <trkpt lat="41.00003" lon="23.331580000000002">
    <ele>166.26000000000002</ele>
   </trkpt>
   <trkpt lat="41.00014" lon="23.33181">
    <ele>165.54000000000002</ele>
   </trkpt>
   <trkpt lat="41.000485003079554" lon="23.332659995446605">
    <ele>162.02</ele>
   </trkpt>
   <trkpt lat="41.00083" lon="23.33351">
    <ele>156.2</ele>
   </trkpt>
   <trkpt lat="41.00101" lon="23.33379">
    <ele>151.59</ele>
   </trkpt>
   <trkpt lat="41.001470000000005" lon="23.33425">
    <ele>148.61</ele>
   </trkpt>
   <trkpt lat="41.00166" lon="23.33433">
    <ele>147.6</ele>
   </trkpt>
   <trkpt lat="41.001870000000004" lon="23.33433">
    <ele>146.74</ele>
   </trkpt>
   <trkpt lat="41.0022" lon="23.334200000000003">
    <ele>144.79</ele>
   </trkpt>
   <trkpt lat="41.002320000000005" lon="23.33417">
    <ele>143.71</ele>
   </trkpt>
   <trkpt lat="41.002460000000006" lon="23.334180000000003">
    <ele>141.91</ele>
   </trkpt>
   <trkpt lat="41.00255000000001" lon="23.334210000000002">
    <ele>141.91</ele>
   </trkpt>
   <trkpt lat="41.002700000000004" lon="23.33435">
    <ele>140.8</ele>
   </trkpt>
   <trkpt lat="41.002790000000005" lon="23.334480000000003">
    <ele>140.05</ele>
   </trkpt>
   <trkpt lat="41.002880000000005" lon="23.33464">
    <ele>139.38</ele>
   </trkpt>
   <trkpt lat="41.002990000000004" lon="23.3349">
    <ele>138.48000000000002</ele>
   </trkpt>
   <trkpt lat="41.0032150017409" lon="23.3355299979217">
    <ele>135.63</ele>
   </trkpt>
   <trkpt lat="41.003440000000005" lon="23.336160000000003">
    <ele>130.26000000000002</ele>
   </trkpt>
   <trkpt lat="41.00348" lon="23.336430000000004">
    <ele>130.26000000000002</ele>
   </trkpt>
   <trkpt lat="41.0035" lon="23.33714">
    <ele>125.23</ele>
   </trkpt>
   <trkpt lat="41.00356" lon="23.337410000000002">
    <ele>120.55</ele>
   </trkpt>
   <trkpt lat="41.00374" lon="23.337870000000002">
    <ele>117.41000000000001</ele>
   </trkpt>
   <trkpt lat="41.00402000185044" lon="23.33850499754729">
    <ele>112.48</ele>
   </trkpt>
   <trkpt lat="41.0043" lon="23.33914">
    <ele>106.08000000000001</ele>
   </trkpt>
   <trkpt lat="41.004430000000006" lon="23.339360000000003">
    <ele>103.70000000000002</ele>
   </trkpt>
   <trkpt lat="41.00473" lon="23.33969">
    <ele>101.21000000000001</ele>
   </trkpt>
   <trkpt lat="41.00493" lon="23.339840000000002">
    <ele>98.4</ele>
   </trkpt>
   <trkpt lat="41.00548500036968" lon="23.340119997657432">
    <ele>92.31</ele>
   </trkpt>
   <trkpt lat="41.006040000000006" lon="23.340400000000002">
    <ele>86.33</ele>
   </trkpt>
   <trkpt lat="41.0065" lon="23.340650000000004">
    <ele>84.46000000000001</ele>
   </trkpt>
   <trkpt lat="41.006600000000006" lon="23.340650000000004">
    <ele>83.72</ele>
   </trkpt>
   <trkpt lat="41.006710000000005" lon="23.340580000000003">
    <ele>83.72</ele>
   </trkpt>
   <trkpt lat="41.00704" lon="23.34017">
    <ele>81.75</ele>
   </trkpt>
   <trkpt lat="41.00728000124529" lon="23.33963500192962">
    <ele>80.38000000000001</ele>
   </trkpt>
   <trkpt lat="41.00752000000001" lon="23.339100000000002">
    <ele>80.31</ele>
   </trkpt>
   <trkpt lat="41.00773" lon="23.33893">
    <ele>81.39</ele>
   </trkpt>
   <trkpt lat="41.0081900001631" lon="23.338700001638397">
    <ele>83.46000000000001</ele>
   </trkpt>
   <trkpt lat="41.00865" lon="23.33847">
    <ele>88.2</ele>
   </trkpt>
   <trkpt lat="41.00876" lon="23.33845">
    <ele>88.71000000000001</ele>
   </trkpt>
   <trkpt lat="41.008880000000005" lon="23.338540000000002">
    <ele>89.77</ele>
   </trkpt>
   <trkpt lat="41.009330000000006" lon="23.3394">
    <ele>93.07000000000001</ele>
   </trkpt>
   <trkpt lat="41.009440000000005" lon="23.33951">
    <ele>93.58000000000001</ele>
   </trkpt>
   <trkpt lat="41.00958000000001" lon="23.339540000000003">
    <ele>94.38000000000001</ele>
   </trkpt>
   <trkpt lat="41.01041000017315" lon="23.33942000149564">
    <ele>94.4</ele>
   </trkpt>
   <trkpt lat="41.01124" lon="23.3393">
    <ele>94.21</ele>
   </trkpt>
   <trkpt lat="41.01145" lon="23.339160000000003">
    <ele>94.36000000000001</ele>
   </trkpt>
   <trkpt lat="41.01174" lon="23.338810000000002">
    <ele>94.94000000000001</ele>
   </trkpt>
   <trkpt lat="41.01232" lon="23.33801">
    <ele>95.67</ele>
   </trkpt>
   <trkpt lat="41.01294" lon="23.33723">
    <ele>94.65</ele>
   </trkpt>
   <trkpt lat="41.01321" lon="23.336910000000003">
    <ele>94.01</ele>
   </trkpt>
   <trkpt lat="41.013450000000006" lon="23.3367">
    <ele>92.17</ele>
   </trkpt>
   <trkpt lat="41.01361" lon="23.3366">
    <ele>91.72000000000001</ele>
   </trkpt>
   <trkpt lat="41.01386" lon="23.336560000000002">
    <ele>90.4</ele>
   </trkpt>
   <trkpt lat="41.01456333340747" lon="23.336523334113018">
    <ele>88.95</ele>
   </trkpt>
   <trkpt lat="41.01526666680331" lon="23.336486667443104">
    <ele>85.83</ele>
   </trkpt>
   <trkpt lat="41.01597" lon="23.336450000000003">
    <ele>81.49000000000001</ele>
   </trkpt>
   <trkpt lat="41.016310000000004" lon="23.336450000000003">
    <ele>78.62</ele>
   </trkpt>
   <trkpt lat="41.0165" lon="23.33649">
    <ele>77.54</ele>
   </trkpt>
   <trkpt lat="41.017083333807335" lon="23.33670666285458">
    <ele>73.56</ele>
   </trkpt>
   <trkpt lat="41.017666667208964" lon="23.33692332954657">
    <ele>68.62</ele>
   </trkpt>
   <trkpt lat="41.01825" lon="23.33714">
    <ele>64.31</ele>
   </trkpt>
   <trkpt lat="41.01840000000001" lon="23.337220000000002">
    <ele>62.07000000000001</ele>
   </trkpt>
   <trkpt lat="41.018795000453046" lon="23.33755499796399">
    <ele>58.75</ele>
   </trkpt>
   <trkpt lat="41.01919" lon="23.33789">
    <ele>56.410000000000004</ele>
   </trkpt>
   <trkpt lat="41.01934000000001" lon="23.337960000000002">
    <ele>56.410000000000004</ele>
   </trkpt>
   <trkpt lat="41.01948" lon="23.33798">
    <ele>55.400000000000006</ele>
   </trkpt>
   <trkpt lat="41.02032000008348" lon="23.337921670385846">
    <ele>52.74</ele>
   </trkpt>
   <trkpt lat="41.02116000013756" lon="23.337863339283846">
    <ele>50.410000000000004</ele>
   </trkpt>
   <trkpt lat="41.022000000162215" lon="23.337805006693934">
    <ele>49.61</ele>
   </trkpt>
   <trkpt lat="41.02284000015749" lon="23.33774667261602">
    <ele>48.31</ele>
   </trkpt>
   <trkpt lat="41.02368000012333" lon="23.337688337050018">
    <ele>47.43000000000001</ele>
   </trkpt>
   <trkpt lat="41.02452" lon="23.33763">
    <ele>46.35</ele>
   </trkpt>
   <trkpt lat="41.02483" lon="23.33751">
    <ele>45.290000000000006</ele>
   </trkpt>
   <trkpt lat="41.025475000364715" lon="23.33719500311662">
    <ele>43.22</ele>
   </trkpt>
   <trkpt lat="41.026120000000006" lon="23.33688">
    <ele>41.52</ele>
   </trkpt>
   <trkpt lat="41.026935004032865" lon="23.336448360043743">
    <ele>39.89</ele>
   </trkpt>
   <trkpt lat="41.027750006455385" lon="23.336016709402617">
    <ele>38.44</ele>
   </trkpt>
   <trkpt lat="41.02856500726753" lon="23.33558504807608">
    <ele>37.42</ele>
   </trkpt>
   <trkpt lat="41.02938000646917" lon="23.335153376063577">
    <ele>35.660000000000004</ele>
   </trkpt>
   <trkpt lat="41.03019500406024" lon="23.334721693364557">
    <ele>34.28</ele>
   </trkpt>
   <trkpt lat="41.03101" lon="23.334290000000003">
    <ele>33.74</ele>
   </trkpt>
   <trkpt lat="41.03160000076583" lon="23.333993338647872">
    <ele>33.400000000000006</ele>
   </trkpt>
   <trkpt lat="41.032190000770996" lon="23.33369667197868">
    <ele>32.5</ele>
   </trkpt>
   <trkpt lat="41.03278" lon="23.3334">
    <ele>31.13</ele>
   </trkpt>
   <trkpt lat="41.03353375472718" lon="23.333005031654576">
    <ele>29.61</ele>
   </trkpt>
   <trkpt lat="41.034287508106004" lon="23.332610054264737">
    <ele>29.19</ele>
   </trkpt>
   <trkpt lat="41.0350412601364" lon="23.332215067830045">
    <ele>29.640000000000004</ele>
   </trkpt>
   <trkpt lat="41.0357950108183" lon="23.331820072350073">
    <ele>29.94</ele>
   </trkpt>
   <trkpt lat="41.036548760151646" lon="23.331425067824387">
    <ele>30.160000000000004</ele>
   </trkpt>
   <trkpt lat="41.037302508136364" lon="23.331030054252558">
    <ele>30.490000000000002</ele>
   </trkpt>
   <trkpt lat="41.038056254772386" lon="23.330635031634156">
    <ele>30.860000000000003</ele>
   </trkpt>
   <trkpt lat="41.038810000000005" lon="23.330240000000003">
    <ele>31.560000000000006</ele>
   </trkpt>
   <trkpt lat="41.03904" lon="23.33021">
    <ele>31.880000000000006</ele>
   </trkpt>
   <trkpt lat="41.039170000000006" lon="23.33023">
    <ele>31.91</ele>
   </trkpt>
   <trkpt lat="41.039300000000004" lon="23.33029">
    <ele>31.85</ele>
   </trkpt>
   <trkpt lat="41.039770000000004" lon="23.3306">
    <ele>31.380000000000006</ele>
   </trkpt>
   <trkpt lat="41.04057333558753" lon="23.33111665402004">
    <ele>31.22</ele>
   </trkpt>
   <trkpt lat="41.0413766688678" lon="23.331633320652344">
    <ele>31.540000000000006</ele>
   </trkpt>
   <trkpt lat="41.04218" lon="23.332150000000002">
    <ele>31.52</ele>
   </trkpt>
   <trkpt lat="41.042320000000004" lon="23.332230000000003">
    <ele>31.57</ele>
   </trkpt>
   <trkpt lat="41.042500000000004" lon="23.332300000000004">
    <ele>31.57</ele>
   </trkpt>
   <trkpt lat="41.04267" lon="23.332330000000002">
    <ele>31.59</ele>
   </trkpt>
   <trkpt lat="41.042750000000005" lon="23.332310000000003">
    <ele>31.69</ele>
   </trkpt>
   <trkpt lat="41.042910000000006" lon="23.332230000000003">
    <ele>31.69</ele>
   </trkpt>
   <trkpt lat="41.043020000000006" lon="23.332130000000003">
    <ele>31.75</ele>
   </trkpt>
   <trkpt lat="41.043260000000004" lon="23.331870000000002">
    <ele>31.720000000000006</ele>
   </trkpt>
   <trkpt lat="41.04393557635239" lon="23.331094508135905">
    <ele>31.69</ele>
   </trkpt>
   <trkpt lat="41.04461114750653" lon="23.33031900034982">
    <ele>31.69</ele>
   </trkpt>
   <trkpt lat="41.0452867134622" lon="23.32954347664116">
    <ele>31.27</ele>
   </trkpt>
   <trkpt lat="41.045962274219164" lon="23.32876793700934">
    <ele>31.580000000000002</ele>
   </trkpt>
   <trkpt lat="41.04663782977718" lon="23.32799238145377">
    <ele>31.19</ele>
   </trkpt>
   <trkpt lat="41.04731338013604" lon="23.32721680997388">
    <ele>30.88</ele>
   </trkpt>
   <trkpt lat="41.0479889252955" lon="23.32644122256908">
    <ele>30.11</ele>
   </trkpt>
   <trkpt lat="41.04866446525535" lon="23.325665619238784">
    <ele>29.42</ele>
   </trkpt>
   <trkpt lat="41.04934" lon="23.324890000000003">
    <ele>29.130000000000003</ele>
   </trkpt>
   <trkpt lat="41.04994500206795" lon="23.324205006253433">
    <ele>28.87</ele>
   </trkpt>
   <trkpt lat="41.05055" lon="23.323520000000002">
    <ele>28.080000000000002</ele>
   </trkpt>
   <trkpt lat="41.0508" lon="23.32346">
    <ele>27.92</ele>
   </trkpt>
   <trkpt lat="41.050900000000006" lon="23.323480000000004">
    <ele>27.790000000000003</ele>
   </trkpt>
   <trkpt lat="41.05115" lon="23.323770000000003">
    <ele>27.76</ele>
   </trkpt>
   <trkpt lat="41.051410000000004" lon="23.324170000000002">
    <ele>27.700000000000003</ele>
   </trkpt>
   <trkpt lat="41.05156" lon="23.324510000000004">
    <ele>27.680000000000003</ele>
   </trkpt>
   <trkpt lat="41.05163" lon="23.324740000000002">
    <ele>27.71</ele>
   </trkpt>
   <trkpt lat="41.05167" lon="23.325000000000003">
    <ele>28.020000000000003</ele>
   </trkpt>
   <trkpt lat="41.051660000000005" lon="23.32544">
    <ele>28.020000000000003</ele>
   </trkpt>
   <trkpt lat="41.051590000000004" lon="23.325770000000002">
    <ele>28.16</ele>
   </trkpt>
   <trkpt lat="41.051480000000005" lon="23.3261">
    <ele>28.28</ele>
   </trkpt>
   <trkpt lat="41.05118500275383" lon="23.32690500373741">
    <ele>28.860000000000003</ele>
   </trkpt>
   <trkpt lat="41.05089" lon="23.327710000000003">
    <ele>29.110000000000003</ele>
   </trkpt>
   <trkpt lat="41.05068" lon="23.32842">
    <ele>29.43</ele>
   </trkpt>
   <trkpt lat="41.050540000000005" lon="23.329">
    <ele>29.41</ele>
   </trkpt>
   <trkpt lat="41.05039" lon="23.32991">
    <ele>29.1</ele>
   </trkpt>
   <trkpt lat="41.05031" lon="23.33086">
    <ele>27.92</ele>
   </trkpt>
   <trkpt lat="41.050290000000004" lon="23.331690000000002">
    <ele>27.270000000000003</ele>
   </trkpt>
   <trkpt lat="41.050340000000006" lon="23.332620000000002">
    <ele>27.020000000000003</ele>
   </trkpt>
   <trkpt lat="41.05042" lon="23.333270000000002">
    <ele>26.900000000000002</ele>
   </trkpt>
   <trkpt lat="41.05055" lon="23.334000000000003">
    <ele>26.750000000000004</ele>
   </trkpt>
   <trkpt lat="41.050760000000004" lon="23.33489">
    <ele>26.570000000000004</ele>
   </trkpt>
   <trkpt lat="41.05089" lon="23.335320000000003">
    <ele>26.53</ele>
   </trkpt>
   <trkpt lat="41.05112000147054" lon="23.33591499776595">
    <ele>26.44</ele>
   </trkpt>
   <trkpt lat="41.051350000000006" lon="23.33651">
    <ele>26.61</ele>
   </trkpt>
   <trkpt lat="41.05181" lon="23.337410000000002">
    <ele>26.76</ele>
   </trkpt>
   <trkpt lat="41.052220000000005" lon="23.338130000000003">
    <ele>26.88</ele>
   </trkpt>
   <trkpt lat="41.052670000000006" lon="23.33876">
    <ele>26.990000000000002</ele>
   </trkpt>
   <trkpt lat="41.053020000000004" lon="23.33922">
    <ele>27.020000000000003</ele>
   </trkpt>
   <trkpt lat="41.05362" lon="23.33989">
    <ele>27.000000000000004</ele>
   </trkpt>
   <trkpt lat="41.05431101888947" lon="23.340586934099477">
    <ele>26.92</ele>
   </trkpt>
   <trkpt lat="41.05500203358031" lon="23.341283882840486">
    <ele>26.950000000000003</ele>
   </trkpt>
   <trkpt lat="41.05569304407232" lon="23.341980846223606">
    <ele>26.930000000000003</ele>
   </trkpt>
   <trkpt lat="41.056384050365324" lon="23.34267782424941">
    <ele>26.87</ele>
   </trkpt>
   <trkpt lat="41.057075052459126" lon="23.34337481691848">
    <ele>27.000000000000004</ele>
   </trkpt>
   <trkpt lat="41.05776605035354" lon="23.34407182423138">
    <ele>26.47</ele>
   </trkpt>
   <trkpt lat="41.05845704404837" lon="23.3447688461887">
    <ele>25.830000000000002</ele>
   </trkpt>
   <trkpt lat="41.05914803354343" lon="23.345465882790997">
    <ele>25.120000000000005</ele>
   </trkpt>
   <trkpt lat="41.05983901883851" lon="23.34616293403886">
    <ele>24.39</ele>
   </trkpt>
   <trkpt lat="41.06053" lon="23.346860000000003">
    <ele>23.73</ele>
   </trkpt>
   <trkpt lat="41.06098500095293" lon="23.347344996576787">
    <ele>23.58</ele>
   </trkpt>
   <trkpt lat="41.061440000000005" lon="23.347830000000002">
    <ele>22.92</ele>
   </trkpt>
   <trkpt lat="41.06181500070064" lon="23.348204997954632">
    <ele>22.490000000000002</ele>
   </trkpt>
   <trkpt lat="41.06219" lon="23.348580000000002">
    <ele>22.310000000000002</ele>
   </trkpt>
   <trkpt lat="41.06259" lon="23.34908">
    <ele>22.580000000000002</ele>
   </trkpt>
   <trkpt lat="41.06306250576963" lon="23.34974748560172">
    <ele>22.92</ele>
   </trkpt>
   <trkpt lat="41.0635350076878" lon="23.350414980794934">
    <ele>24.34</ele>
   </trkpt>
   <trkpt lat="41.06400750575442" lon="23.35108248557985">
    <ele>25.09</ele>
   </trkpt>
   <trkpt lat="41.06448" lon="23.351750000000003">
    <ele>25.490000000000002</ele>
   </trkpt>
   <trkpt lat="41.0648250010813" lon="23.352269997140162">
    <ele>25.61</ele>
   </trkpt>
   <trkpt lat="41.06517" lon="23.352790000000002">
    <ele>25.59</ele>
   </trkpt>
   <trkpt lat="41.06562000211006" lon="23.353499995032813">
    <ele>25.6</ele>
   </trkpt>
   <trkpt lat="41.06607" lon="23.354210000000002">
    <ele>25.16</ele>
   </trkpt>
   <trkpt lat="41.066500000000005" lon="23.355010000000004">
    <ele>25.16</ele>
   </trkpt>
   <trkpt lat="41.06663" lon="23.35526">
    <ele>24.96</ele>
   </trkpt>
   <trkpt lat="41.066950000000006" lon="23.356070000000003">
    <ele>24.01</ele>
   </trkpt>
   <trkpt lat="41.067280004308884" lon="23.357064995096117">
    <ele>23.21</ele>
   </trkpt>
   <trkpt lat="41.06761" lon="23.358060000000002">
    <ele>22.96</ele>
   </trkpt>
   <trkpt lat="41.06781000239541" lon="23.35879999785473">
    <ele>23.13</ele>
   </trkpt>
   <trkpt lat="41.06801" lon="23.359540000000003">
    <ele>23.41</ele>
   </trkpt>
   <trkpt lat="41.06836500420885" lon="23.36052999457846">
    <ele>23.610000000000003</ele>
   </trkpt>
   <trkpt lat="41.068720000000006" lon="23.361520000000002">
    <ele>23.78</ele>
   </trkpt>
   <trkpt lat="41.06904001308617" lon="23.36252498529274">
    <ele>23.98</ele>
   </trkpt>
   <trkpt lat="41.06936001744122" lon="23.363529980367993">
    <ele>24.110000000000003</ele>
   </trkpt>
   <trkpt lat="41.06968001306498" lon="23.364534985225703">
    <ele>24.0</ele>
   </trkpt>
   <trkpt lat="41.07" lon="23.365540000000003">
    <ele>23.540000000000003</ele>
   </trkpt>
   <trkpt lat="41.070270006744245" lon="23.366423326075143">
    <ele>22.89</ele>
   </trkpt>
   <trkpt lat="41.07054000674332" lon="23.367306659405287">
    <ele>22.820000000000004</ele>
   </trkpt>
   <trkpt lat="41.07081" lon="23.368190000000002">
    <ele>23.040000000000003</ele>
   </trkpt>
   <trkpt lat="41.071148600726765" lon="23.369252824306926">
    <ele>23.160000000000004</ele>
   </trkpt>
   <trkpt lat="41.07148719168839" lon="23.370315659561093">
    <ele>23.44</ele>
   </trkpt>
   <trkpt lat="41.07182577288469" lon="23.371378505762433">
    <ele>23.8</ele>
   </trkpt>
   <trkpt lat="41.07216434431543" lon="23.372441362910862">
    <ele>23.73</ele>
   </trkpt>
   <trkpt lat="41.072502905980386" lon="23.373504231006326">
    <ele>23.3</ele>
   </trkpt>
   <trkpt lat="41.07284145787936" lon="23.374567110048737">
    <ele>22.78</ele>
   </trkpt>
   <trkpt lat="41.07318" lon="23.37563">
    <ele>22.28</ele>
   </trkpt>
   <trkpt lat="41.07335500179762" lon="23.376274998280802">
    <ele>22.19</ele>
   </trkpt>
   <trkpt lat="41.073530000000005" lon="23.376920000000002">
    <ele>21.96</ele>
   </trkpt>
   <trkpt lat="41.073730000000005" lon="23.37779">
    <ele>21.62</ele>
   </trkpt>
   <trkpt lat="41.073840000000004" lon="23.37837">
    <ele>21.5</ele>
   </trkpt>
   <trkpt lat="41.07392" lon="23.37891">
    <ele>21.640000000000004</ele>
   </trkpt>
   <trkpt lat="41.07405000000001" lon="23.380000000000003">
    <ele>22.410000000000004</ele>
   </trkpt>
   <trkpt lat="41.0741" lon="23.38096">
    <ele>22.8</ele>
   </trkpt>
   <trkpt lat="41.07410334292461" lon="23.38201333314389">
    <ele>22.250000000000004</ele>
   </trkpt>
   <trkpt lat="41.07410667625768" lon="23.38306666639475">
    <ele>21.78</ele>
   </trkpt>
   <trkpt lat="41.074110000000005" lon="23.384120000000003">
    <ele>21.300000000000004</ele>
   </trkpt>
   <trkpt lat="41.07414" lon="23.384590000000003">
    <ele>21.26</ele>
   </trkpt>
   <trkpt lat="41.07421" lon="23.384890000000002">
    <ele>21.28</ele>
   </trkpt>
   <trkpt lat="41.0743" lon="23.38513">
    <ele>21.400000000000002</ele>
   </trkpt>
   <trkpt lat="41.07444" lon="23.38537">
    <ele>21.460000000000004</ele>
   </trkpt>
   <trkpt lat="41.07494000126563" lon="23.385904995961216">
    <ele>21.57</ele>
   </trkpt>
   <trkpt lat="41.07544" lon="23.38644">
    <ele>21.980000000000004</ele>
   </trkpt>
   <trkpt lat="41.07555000000001" lon="23.386540000000004">
    <ele>22.17</ele>
   </trkpt>
   <trkpt lat="41.075860000000006" lon="23.386770000000002">
    <ele>22.410000000000004</ele>
   </trkpt>
   <trkpt lat="41.075990000000004" lon="23.3869">
    <ele>22.55</ele>
   </trkpt>
   <trkpt lat="41.07567" lon="23.38747">
    <ele>22.3</ele>
   </trkpt>
   <trkpt lat="41.07546000000001" lon="23.387760000000004">
    <ele>22.09</ele>
   </trkpt>
   <trkpt lat="41.075210000000006" lon="23.38803">
    <ele>21.990000000000002</ele>
   </trkpt>
   <trkpt lat="41.075030000000005" lon="23.388170000000002">
    <ele>21.77</ele>
   </trkpt>
   <trkpt lat="41.07453" lon="23.388540000000003">
    <ele>21.470000000000002</ele>
   </trkpt>
   <trkpt lat="41.074000000000005" lon="23.38887">
    <ele>20.91</ele>
   </trkpt>
   <trkpt lat="41.07348" lon="23.389180000000003">
    <ele>20.720000000000002</ele>
   </trkpt>
   <trkpt lat="41.073260000000005" lon="23.389280000000003">
    <ele>20.720000000000002</ele>
   </trkpt>
   <trkpt lat="41.07258500072516" lon="23.389685004148546">
    <ele>21.040000000000003</ele>
   </trkpt>
   <trkpt lat="41.07191" lon="23.39009">
    <ele>20.98</ele>
   </trkpt>
   <trkpt lat="41.07153" lon="23.390310000000003">
    <ele>20.970000000000002</ele>
   </trkpt>
   <trkpt lat="41.07126" lon="23.39038">
    <ele>21.1</ele>
   </trkpt>
   <trkpt lat="41.071180000000005" lon="23.390430000000002">
    <ele>21.17</ele>
   </trkpt>
   <trkpt lat="41.07096000000001" lon="23.390420000000002">
    <ele>21.210000000000004</ele>
   </trkpt>
   <trkpt lat="41.070220000070826" lon="23.390319998878233">
    <ele>21.28</ele>
   </trkpt>
   <trkpt lat="41.069480000000006" lon="23.390220000000003">
    <ele>21.44</ele>
   </trkpt>
   <trkpt lat="41.06931" lon="23.39029">
    <ele>21.290000000000003</ele>
   </trkpt>
   <trkpt lat="41.06891" lon="23.39055">
    <ele>21.150000000000002</ele>
   </trkpt>
   <trkpt lat="41.06853" lon="23.39085">
    <ele>21.820000000000004</ele>
   </trkpt>
   <trkpt lat="41.06886000335858" lon="23.391739995357543">
    <ele>21.35</ele>
   </trkpt>
   <trkpt lat="41.069190000000006" lon="23.39263">
    <ele>21.28</ele>
   </trkpt>
   <trkpt lat="41.06949001802556" lon="23.39354331248971">
    <ele>21.0</ele>
   </trkpt>
   <trkpt lat="41.06979002884022" lon="23.394456633314274">
    <ele>20.84</ele>
   </trkpt>
   <trkpt lat="41.07009003244382" lon="23.395369962473644">
    <ele>20.810000000000002</ele>
   </trkpt>
   <trkpt lat="41.070390028836236" lon="23.396283299967784">
    <ele>20.82</ele>
   </trkpt>
   <trkpt lat="41.07069001801732" lon="23.397196645796665">
    <ele>21.1</ele>
   </trkpt>
   <trkpt lat="41.07099" lon="23.398110000000003">
    <ele>21.28</ele>
   </trkpt>
   <trkpt lat="41.07132002132806" lon="23.39910330841452">
    <ele>21.310000000000002</ele>
   </trkpt>
   <trkpt lat="41.07165003412665" lon="23.400096626801094">
    <ele>20.8</ele>
   </trkpt>
   <trkpt lat="41.07198003839554" lon="23.401089955159684">
    <ele>20.5</ele>
   </trkpt>
   <trkpt lat="41.07231003413457" lon="23.402083293490247">
    <ele>20.51</ele>
   </trkpt>
   <trkpt lat="41.07264002134356" lon="23.403076641792744">
    <ele>20.55</ele>
   </trkpt>
   <trkpt lat="41.072970000000005" lon="23.40407">
    <ele>21.07</ele>
   </trkpt>
   <trkpt lat="41.07284000000001" lon="23.40433">
    <ele>21.150000000000002</ele>
   </trkpt>
   <trkpt lat="41.072790000000005" lon="23.404510000000002">
    <ele>21.11</ele>
   </trkpt>
   <trkpt lat="41.0728" lon="23.404760000000003">
    <ele>21.120000000000005</ele>
   </trkpt>
   <trkpt lat="41.073170000000005" lon="23.40555">
    <ele>21.37</ele>
   </trkpt>
   <trkpt lat="41.073260000000005" lon="23.40584">
    <ele>21.290000000000003</ele>
   </trkpt>
   <trkpt lat="41.07341000159457" lon="23.406444998669826">
    <ele>21.290000000000003</ele>
   </trkpt>
   <trkpt lat="41.07356" lon="23.40705">
    <ele>21.560000000000002</ele>
   </trkpt>
   <trkpt lat="41.073820000000005" lon="23.40801">
    <ele>21.59</ele>
   </trkpt>
   <trkpt lat="41.07415640685899" lon="23.409009948829375">
    <ele>21.36</ele>
   </trkpt>
   <trkpt lat="41.07449280507395" lon="23.410009907892732">
    <ele>21.120000000000005</ele>
   </trkpt>
   <trkpt lat="41.07482919464467" lon="23.411009877190036">
    <ele>21.07</ele>
   </trkpt>
   <trkpt lat="41.07516557557098" lon="23.41200985672125">
    <ele>21.27</ele>
   </trkpt>
   <trkpt lat="41.07550194785268" lon="23.41300984648634">
    <ele>21.5</ele>
   </trkpt>
   <trkpt lat="41.07583831148956" lon="23.41400984648526">
    <ele>21.52</ele>
   </trkpt>
   <trkpt lat="41.076174666481464" lon="23.415009856717983">
    <ele>21.36</ele>
   </trkpt>
   <trkpt lat="41.07651101282819" lon="23.416009877184464">
    <ele>21.45</ele>
   </trkpt>
   <trkpt lat="41.07684735052952" lon="23.417009907884676">
    <ele>21.640000000000004</ele>
   </trkpt>
   <trkpt lat="41.07718367958531" lon="23.41800994881857">
    <ele>21.810000000000002</ele>
   </trkpt>
   <trkpt lat="41.07752" lon="23.419010000000004">
    <ele>21.94</ele>
   </trkpt>
   <trkpt lat="41.07752" lon="23.419120000000003">
    <ele>21.94</ele>
   </trkpt>
   <trkpt lat="41.07750000290721" lon="23.419940000218247">
    <ele>22.09</ele>
   </trkpt>
   <trkpt lat="41.07748" lon="23.42076">
    <ele>22.1</ele>
   </trkpt>
   <trkpt lat="41.077510000000004" lon="23.421200000000002">
    <ele>22.1</ele>
   </trkpt>
   <trkpt lat="41.077650000000006" lon="23.42173">
    <ele>21.41</ele>
   </trkpt>
   <trkpt lat="41.0779233394801" lon="23.422573326314446">
    <ele>21.41</ele>
   </trkpt>
   <trkpt lat="41.07819667281184" lon="23.423416659642765">
    <ele>20.51</ele>
   </trkpt>
   <trkpt lat="41.07847" lon="23.42426">
    <ele>20.07</ele>
   </trkpt>
   <trkpt lat="41.078665001781026" lon="23.42489999813581">
    <ele>19.810000000000002</ele>
   </trkpt>
   <trkpt lat="41.078860000000006" lon="23.42554">
    <ele>19.78</ele>
   </trkpt>
   <trkpt lat="41.07905" lon="23.426660000000002">
    <ele>19.69</ele>
   </trkpt>
   <trkpt lat="41.07930001010387" lon="23.427542489946415">
    <ele>19.64</ele>
   </trkpt>
   <trkpt lat="41.07955001347503" lon="23.428424986606295">
    <ele>19.520000000000003</ele>
   </trkpt>
   <trkpt lat="41.07980001011335" lon="23.429307489979575">
    <ele>19.87</ele>
   </trkpt>
   <trkpt lat="41.08005" lon="23.430190000000003">
    <ele>21.02</ele>
   </trkpt>
   <trkpt lat="41.08035667583699" lon="23.431219990383994">
    <ele>21.93</ele>
   </trkpt>
   <trkpt lat="41.08066334250248" lon="23.432249990379873">
    <ele>20.6</ele>
   </trkpt>
   <trkpt lat="41.08097" lon="23.433280000000003">
    <ele>20.630000000000003</ele>
   </trkpt>
   <trkpt lat="41.081302018060235" lon="23.43430197935196">
    <ele>20.57</ele>
   </trkpt>
   <trkpt lat="41.08163402709104" lon="23.43532396902951">
    <ele>20.57</ele>
   </trkpt>
   <trkpt lat="41.081966027092236" lon="23.436345969032594">
    <ele>20.59</ele>
   </trkpt>
   <trkpt lat="41.08229801806358" lon="23.43736797936116">
    <ele>20.580000000000002</ele>
   </trkpt>
   <trkpt lat="41.08263" lon="23.438390000000002">
    <ele>20.51</ele>
   </trkpt>
   <trkpt lat="41.08276" lon="23.43871">
    <ele>20.51</ele>
   </trkpt>
   <trkpt lat="41.08288" lon="23.438940000000002">
    <ele>20.53</ele>
   </trkpt>
   <trkpt lat="41.08315" lon="23.439310000000003">
    <ele>20.5</ele>
   </trkpt>
   <trkpt lat="41.083360000000006" lon="23.439510000000002">
    <ele>20.53</ele>
   </trkpt>
   <trkpt lat="41.083830000000006" lon="23.43981">
    <ele>20.68</ele>
   </trkpt>
   <trkpt lat="41.08418" lon="23.43999">
    <ele>20.92</ele>
   </trkpt>
   <trkpt lat="41.084430000000005" lon="23.4402">
    <ele>20.85</ele>
   </trkpt>
   <trkpt lat="41.08453" lon="23.440350000000002">
    <ele>20.64</ele>
   </trkpt>
   <trkpt lat="41.0848000022025" lon="23.441074996834335">
    <ele>20.1</ele>
   </trkpt>
   <trkpt lat="41.08507" lon="23.4418">
    <ele>19.83</ele>
   </trkpt>
   <trkpt lat="41.08545000338582" lon="23.442689994764017">
    <ele>20.25</ele>
   </trkpt>
   <trkpt lat="41.08583" lon="23.44358">
    <ele>20.41</ele>
   </trkpt>
   <trkpt lat="41.08604500202778" lon="23.444259997866812">
    <ele>20.630000000000003</ele>
   </trkpt>
   <trkpt lat="41.08626" lon="23.444940000000003">
    <ele>20.67</ele>
   </trkpt>
   <trkpt lat="41.086490001199785" lon="23.44545499831677">
    <ele>20.810000000000002</ele>
   </trkpt>
   <trkpt lat="41.08672000000001" lon="23.445970000000003">
    <ele>20.98</ele>
   </trkpt>
   <trkpt lat="41.08693500207306" lon="23.446644998116493">
    <ele>21.1</ele>
   </trkpt>
   <trkpt lat="41.08715" lon="23.44732">
    <ele>21.09</ele>
   </trkpt>
   <trkpt lat="41.0872" lon="23.44761">
    <ele>20.970000000000002</ele>
   </trkpt>
   <trkpt lat="41.087160000000004" lon="23.44787">
    <ele>20.76</ele>
   </trkpt>
   <trkpt lat="41.08706" lon="23.448050000000002">
    <ele>20.23</ele>
   </trkpt>
   <trkpt lat="41.08697" lon="23.44816">
    <ele>20.23</ele>
   </trkpt>
   <trkpt lat="41.08652" lon="23.448430000000002">
    <ele>19.91</ele>
   </trkpt>
   <trkpt lat="41.086360000000006" lon="23.448570000000004">
    <ele>19.91</ele>
   </trkpt>
   <trkpt lat="41.08628" lon="23.448690000000003">
    <ele>19.900000000000002</ele>
   </trkpt>
   <trkpt lat="41.086220000000004" lon="23.44894">
    <ele>19.900000000000002</ele>
   </trkpt>
   <trkpt lat="41.086220000000004" lon="23.4491">
    <ele>19.860000000000003</ele>
   </trkpt>
   <trkpt lat="41.086240000000004" lon="23.44929">
    <ele>19.860000000000003</ele>
   </trkpt>
   <trkpt lat="41.08654001105147" lon="23.450212487413044">
    <ele>19.64</ele>
   </trkpt>
   <trkpt lat="41.08684001474584" lon="23.451134983249524">
    <ele>20.220000000000002</ele>
   </trkpt>
   <trkpt lat="41.08714001108293" lon="23.452057487509403">
    <ele>20.55</ele>
   </trkpt>
   <trkpt lat="41.08744" lon="23.45298">
    <ele>20.94</ele>
   </trkpt>
   <trkpt lat="41.08749" lon="23.45305">
    <ele>20.94</ele>
   </trkpt>
   <trkpt lat="41.087590000000006" lon="23.453120000000002">
    <ele>21.11</ele>
   </trkpt>
   <trkpt lat="41.08766000000001" lon="23.45314">
    <ele>21.18</ele>
   </trkpt>
   <trkpt lat="41.087720000000004" lon="23.45314">
    <ele>21.28</ele>
   </trkpt>
   <trkpt lat="41.087810000000005" lon="23.453100000000003">
    <ele>21.28</ele>
   </trkpt>
   <trkpt lat="41.08787" lon="23.45305">
    <ele>21.490000000000002</ele>
   </trkpt>
   <trkpt lat="41.088190000000004" lon="23.452640000000002">
    <ele>22.62</ele>
   </trkpt>
   <trkpt lat="41.08838" lon="23.452890000000004">
    <ele>22.81</ele>
   </trkpt>
   <trkpt lat="41.08851000000001" lon="23.45313">
    <ele>22.81</ele>
   </trkpt>
   <trkpt lat="41.088890004615294" lon="23.454159994122527">
    <ele>22.73</ele>
   </trkpt>
   <trkpt lat="41.089270000000006" lon="23.45519">
    <ele>22.21</ele>
   </trkpt>
   <trkpt lat="41.08934" lon="23.45541">
    <ele>22.05</ele>
   </trkpt>
   <trkpt lat="41.089380000000006" lon="23.45568">
    <ele>21.810000000000002</ele>
   </trkpt>
   <trkpt lat="41.089380000000006" lon="23.45625">
    <ele>21.03</ele>
   </trkpt>
   <trkpt lat="41.089310000000005" lon="23.456670000000003">
    <ele>20.44</ele>
   </trkpt>
   <trkpt lat="41.08919" lon="23.457050000000002">
    <ele>20.12</ele>
   </trkpt>
   <trkpt lat="41.08905" lon="23.45735">
    <ele>20.020000000000003</ele>
   </trkpt>
   <trkpt lat="41.088860000000004" lon="23.457620000000002">
    <ele>19.76</ele>
   </trkpt>
   <trkpt lat="41.0887" lon="23.457790000000003">
    <ele>19.76</ele>
   </trkpt>
   <trkpt lat="41.08851000000001" lon="23.45795">
    <ele>19.73</ele>
   </trkpt>
   <trkpt lat="41.08829" lon="23.458080000000002">
    <ele>19.73</ele>
   </trkpt>
   <trkpt lat="41.08791" lon="23.4582">
    <ele>19.610000000000003</ele>
   </trkpt>
   <trkpt lat="41.0870150000244" lon="23.458179996458952">
    <ele>19.590000000000003</ele>
   </trkpt>
   <trkpt lat="41.086120000045355" lon="23.458159993462814">
    <ele>19.57</ele>
   </trkpt>
   <trkpt lat="41.08522500006284" lon="23.458139991011553">
    <ele>19.630000000000003</ele>
   </trkpt>
   <trkpt lat="41.08433000007687" lon="23.458119989105143">
    <ele>19.57</ele>
   </trkpt>
   <trkpt lat="41.08343500008743" lon="23.45809998774354">
    <ele>19.650000000000002</ele>
   </trkpt>
   <trkpt lat="41.08254000009455" lon="23.458079986926734">
    <ele>19.57</ele>
   </trkpt>
   <trkpt lat="41.081645000098206" lon="23.458059986654668">
    <ele>19.32</ele>
   </trkpt>
   <trkpt lat="41.0807500000984" lon="23.45803998692733">
    <ele>19.32</ele>
   </trkpt>
   <trkpt lat="41.07985500009513" lon="23.458019987744677">
    <ele>19.12</ele>
   </trkpt>
   <trkpt lat="41.0789600000884" lon="23.457999989106682">
    <ele>18.87</ele>
   </trkpt>
   <trkpt lat="41.078065000078226" lon="23.457979991013303">
    <ele>18.770000000000003</ele>
   </trkpt>
   <trkpt lat="41.0771700000646" lon="23.45795999346452">
    <ele>18.72</ele>
   </trkpt>
   <trkpt lat="41.076275000047495" lon="23.4579399964603">
    <ele>18.61</ele>
   </trkpt>
   <trkpt lat="41.07538" lon="23.45792">
    <ele>18.6</ele>
   </trkpt>
   <trkpt lat="41.07495" lon="23.45794">
    <ele>18.64</ele>
   </trkpt>
   <trkpt lat="41.074780000000004" lon="23.45801">
    <ele>18.580000000000002</ele>
   </trkpt>
   <trkpt lat="41.074470000000005" lon="23.458160000000003">
    <ele>18.580000000000002</ele>
   </trkpt>
   <trkpt lat="41.07373666813015" lon="23.458566675720633">
    <ele>18.27</ele>
   </trkpt>
   <trkpt lat="41.07300333483059" lon="23.45897334236841">
    <ele>18.12</ele>
   </trkpt>
   <trkpt lat="41.07227" lon="23.459380000000003">
    <ele>18.150000000000002</ele>
   </trkpt>
   <trkpt lat="41.07154500067552" lon="23.459760004163492">
    <ele>18.22</ele>
   </trkpt>
   <trkpt lat="41.070820000000005" lon="23.460140000000003">
    <ele>18.51</ele>
   </trkpt>
   <trkpt lat="41.071187512769704" lon="23.46113248334704">
    <ele>18.430000000000003</ele>
   </trkpt>
   <trkpt lat="41.07155501702408" lon="23.46212497778973">
    <ele>18.3</ele>
   </trkpt>
   <trkpt lat="41.071922512762896" lon="23.463117483328098">
    <ele>18.430000000000003</ele>
   </trkpt>
   <trkpt lat="41.07229" lon="23.46411">
    <ele>18.21</ele>
   </trkpt>
   <trkpt lat="41.0726" lon="23.46499">
    <ele>18.29</ele>
   </trkpt>
   <trkpt lat="41.07262" lon="23.465100000000003">
    <ele>18.29</ele>
   </trkpt>
   <trkpt lat="41.07262" lon="23.46527">
    <ele>18.330000000000002</ele>
   </trkpt>
   <trkpt lat="41.07253" lon="23.46555">
    <ele>18.330000000000002</ele>
   </trkpt>
   <trkpt lat="41.072480000000006" lon="23.465870000000002">
    <ele>18.520000000000003</ele>
   </trkpt>
   <trkpt lat="41.072430000000004" lon="23.466690000000003">
    <ele>18.7</ele>
   </trkpt>
   <trkpt lat="41.072412021843014" lon="23.467814001241045">
    <ele>18.72</ele>
   </trkpt>
   <trkpt lat="41.07239403276443" lon="23.468938001867162">
    <ele>18.51</ele>
   </trkpt>
   <trkpt lat="41.07237603276425" lon="23.47006200187798">
    <ele>18.47</ele>
   </trkpt>
   <trkpt lat="41.07235802184248" lon="23.47118600127313">
    <ele>18.27</ele>
   </trkpt>
   <trkpt lat="41.072340000000004" lon="23.47231">
    <ele>18.39</ele>
   </trkpt>
   <trkpt lat="41.072327175057815" lon="23.47342428703763">
    <ele>18.46</ele>
   </trkpt>
   <trkpt lat="41.072314339382" lon="23.474538573640334">
    <ele>18.3</ele>
   </trkpt>
   <trkpt lat="41.07230149297253" lon="23.47565285980776">
    <ele>18.18</ele>
   </trkpt>
   <trkpt lat="41.072288635829466" lon="23.47676714553953">
    <ele>18.27</ele>
   </trkpt>
   <trkpt lat="41.07227576795278" lon="23.47788143083529">
    <ele>18.46</ele>
   </trkpt>
   <trkpt lat="41.07226288934251" lon="23.478995715694673">
    <ele>18.6</ele>
   </trkpt>
   <trkpt lat="41.072250000000004" lon="23.480110000000003">
    <ele>18.56</ele>
   </trkpt>
   <trkpt lat="41.072230000000005" lon="23.481150000000003">
    <ele>18.81</ele>
   </trkpt>
   <trkpt lat="41.072160000000004" lon="23.48196">
    <ele>19.610000000000003</ele>
   </trkpt>
   <trkpt lat="41.07209" lon="23.482490000000002">
    <ele>19.669999999999998</ele>
   </trkpt>
   <trkpt lat="41.072100000000006" lon="23.48298">
    <ele>19.51</ele>
   </trkpt>
   <trkpt lat="41.07218" lon="23.48327">
    <ele>19.110000000000003</ele>
   </trkpt>
   <trkpt lat="41.072500000000005" lon="23.48413">
    <ele>18.71</ele>
   </trkpt>
   <trkpt lat="41.072770005195245" lon="23.485224995554006">
    <ele>18.660000000000004</ele>
   </trkpt>
   <trkpt lat="41.073040000000006" lon="23.486320000000003">
    <ele>18.7</ele>
   </trkpt>
   <trkpt lat="41.07328004277588" lon="23.48743218974049">
    <ele>18.98</ele>
   </trkpt>
   <trkpt lat="41.07352007485833" lon="23.48854438760277">
    <ele>19.19</ele>
   </trkpt>
   <trkpt lat="41.073760096247234" lon="23.489656593586588">
    <ele>19.1</ele>
   </trkpt>
   <trkpt lat="41.07400010694239" lon="23.490768807691733">
    <ele>19.69</ele>
   </trkpt>
   <trkpt lat="41.07424010694366" lon="23.49188102991796">
    <ele>20.42</ele>
   </trkpt>
   <trkpt lat="41.07448009625083" lon="23.492993260265035">
    <ele>21.07</ele>
   </trkpt>
   <trkpt lat="41.07472007486377" lon="23.494105498732722">
    <ele>21.27</ele>
   </trkpt>
   <trkpt lat="41.0749600427823" lon="23.495217745320794">
    <ele>21.820000000000004</ele>
   </trkpt>
   <trkpt lat="41.0752" lon="23.49633">
    <ele>22.160000000000004</ele>
   </trkpt>
   <trkpt lat="41.07541000732985" lon="23.4972499941781">
    <ele>22.62</ele>
   </trkpt>
   <trkpt lat="41.07562000734271" lon="23.49816999423432">
    <ele>22.840000000000003</ele>
   </trkpt>
   <trkpt lat="41.07583" lon="23.499090000000002">
    <ele>22.3</ele>
   </trkpt>
   <trkpt lat="41.07603" lon="23.4995">
    <ele>22.7</ele>
   </trkpt>
   <trkpt lat="41.07643" lon="23.50006">
    <ele>24.25</ele>
   </trkpt>
   <trkpt lat="41.07652" lon="23.500230000000002">
    <ele>24.39</ele>
   </trkpt>
   <trkpt lat="41.076620000000005" lon="23.50052">
    <ele>24.68</ele>
   </trkpt>
   <trkpt lat="41.07674" lon="23.50109">
    <ele>24.830000000000002</ele>
   </trkpt>
   <trkpt lat="41.07685" lon="23.50193">
    <ele>25.560000000000002</ele>
   </trkpt>
   <trkpt lat="41.07695000368519" lon="23.50284999884557">
    <ele>25.990000000000002</ele>
   </trkpt>
   <trkpt lat="41.07705" lon="23.503770000000003">
    <ele>26.6</ele>
   </trkpt>
   <trkpt lat="41.077090000000005" lon="23.504">
    <ele>26.8</ele>
   </trkpt>
   <trkpt lat="41.077180000000006" lon="23.50428">
    <ele>26.8</ele>
   </trkpt>
   <trkpt lat="41.077310000000004" lon="23.50458">
    <ele>27.090000000000003</ele>
   </trkpt>
   <trkpt lat="41.07770500244523" lon="23.505324995610057">
    <ele>27.610000000000003</ele>
   </trkpt>
   <trkpt lat="41.078100000000006" lon="23.50607">
    <ele>28.400000000000002</ele>
   </trkpt>
   <trkpt lat="41.078390000000006" lon="23.506680000000003">
    <ele>28.73</ele>
   </trkpt>
   <trkpt lat="41.078570000000006" lon="23.507140000000003">
    <ele>28.950000000000003</ele>
   </trkpt>
   <trkpt lat="41.07887000515673" lon="23.508229995101864">
    <ele>30.04</ele>
   </trkpt>
   <trkpt lat="41.079170000000005" lon="23.509320000000002">
    <ele>30.730000000000004</ele>
   </trkpt>
   <trkpt lat="41.07937500199505" lon="23.510004997752635">
    <ele>31.380000000000006</ele>
   </trkpt>
   <trkpt lat="41.07958" lon="23.51069">
    <ele>31.830000000000002</ele>
   </trkpt>
   <trkpt lat="41.079710000000006" lon="23.511020000000002">
    <ele>32.040000000000006</ele>
   </trkpt>
   <trkpt lat="41.07981" lon="23.51122">
    <ele>32.28</ele>
   </trkpt>
   <trkpt lat="41.080130000000004" lon="23.511660000000003">
    <ele>33.07</ele>
   </trkpt>
   <trkpt lat="41.080450000000006" lon="23.512200000000004">
    <ele>34.550000000000004</ele>
   </trkpt>
   <trkpt lat="41.08081000000001" lon="23.51294">
    <ele>35.64000000000001</ele>
   </trkpt>
   <trkpt lat="41.08095" lon="23.513330000000003">
    <ele>35.82000000000001</ele>
   </trkpt>
   <trkpt lat="41.08118" lon="23.514180000000003">
    <ele>36.76</ele>
   </trkpt>
   <trkpt lat="41.081410000000005" lon="23.51488">
    <ele>38.19</ele>
   </trkpt>
   <trkpt lat="41.08165" lon="23.515810000000002">
    <ele>38.290000000000006</ele>
   </trkpt>
   <trkpt lat="41.08193" lon="23.516460000000002">
    <ele>38.57</ele>
   </trkpt>
   <trkpt lat="41.08231000000001" lon="23.517490000000002">
    <ele>40.300000000000004</ele>
   </trkpt>
   <trkpt lat="41.08256" lon="23.518220000000003">
    <ele>41.11</ele>
   </trkpt>
   <trkpt lat="41.082640000000005" lon="23.518580000000004">
    <ele>41.53</ele>
   </trkpt>
   <trkpt lat="41.0827" lon="23.519090000000002">
    <ele>41.89</ele>
   </trkpt>
   <trkpt lat="41.08278000000001" lon="23.519560000000002">
    <ele>43.10000000000001</ele>
   </trkpt>
   <trkpt lat="41.083040000000004" lon="23.520460000000003">
    <ele>44.120000000000005</ele>
   </trkpt>
   <trkpt lat="41.083310000000004" lon="23.52147">
    <ele>45.790000000000006</ele>
   </trkpt>
   <trkpt lat="41.083560002472" lon="23.52221999726847">
    <ele>46.78</ele>
   </trkpt>
   <trkpt lat="41.08381000000001" lon="23.52297">
    <ele>47.78</ele>
   </trkpt>
   <trkpt lat="41.08381000000001" lon="23.523180000000004">
    <ele>47.85</ele>
   </trkpt>
   <trkpt lat="41.083635002801294" lon="23.52398000197121">
    <ele>48.07</ele>
   </trkpt>
   <trkpt lat="41.08346" lon="23.524780000000003">
    <ele>48.43</ele>
   </trkpt>
   <trkpt lat="41.08341" lon="23.525180000000002">
    <ele>48.68</ele>
   </trkpt>
   <trkpt lat="41.08331500411939" lon="23.52615500130451">
    <ele>48.68</ele>
   </trkpt>
   <trkpt lat="41.083220000000004" lon="23.527130000000003">
    <ele>48.71</ele>
   </trkpt>
   <trkpt lat="41.083290000000005" lon="23.52776">
    <ele>48.92</ele>
   </trkpt>
   <trkpt lat="41.083360000000006" lon="23.527990000000003">
    <ele>49.290000000000006</ele>
   </trkpt>
   <trkpt lat="41.083825002181754" lon="23.528704994897616">
    <ele>50.02</ele>
   </trkpt>
   <trkpt lat="41.08429" lon="23.529420000000002">
    <ele>50.53</ele>
   </trkpt>
   <trkpt lat="41.084320000000005" lon="23.529750000000003">
    <ele>50.980000000000004</ele>
   </trkpt>
   <trkpt lat="41.08455" lon="23.52971">
    <ele>51.120000000000005</ele>
   </trkpt>
   <trkpt lat="41.08476" lon="23.52973">
    <ele>51.46000000000001</ele>
   </trkpt>
   <trkpt lat="41.08541000004115" lon="23.529580001496672">
    <ele>53.07000000000001</ele>
   </trkpt>
   <trkpt lat="41.08606" lon="23.52943">
    <ele>54.720000000000006</ele>
   </trkpt>
   <trkpt lat="41.08615" lon="23.529480000000003">
    <ele>54.88</ele>
   </trkpt>
   <trkpt lat="41.08625000000001" lon="23.529770000000003">
    <ele>55.18000000000001</ele>
   </trkpt>
   <trkpt lat="41.08626" lon="23.53021">
    <ele>55.330000000000005</ele>
   </trkpt>
   <trkpt lat="41.086310000000005" lon="23.53046">
    <ele>55.21</ele>
   </trkpt>
   <trkpt lat="41.086400000000005" lon="23.531160000000003">
    <ele>54.81</ele>
   </trkpt>
   <trkpt lat="41.08648000214145" lon="23.531859999352047">
    <ele>54.32000000000001</ele>
   </trkpt>
   <trkpt lat="41.086560000000006" lon="23.532560000000004">
    <ele>53.65</ele>
   </trkpt>
   <trkpt lat="41.086600000000004" lon="23.533060000000003">
    <ele>53.160000000000004</ele>
   </trkpt>
   <trkpt lat="41.086640004812885" lon="23.534114999401098">
    <ele>51.42000000000001</ele>
   </trkpt>
   <trkpt lat="41.08668" lon="23.53517">
    <ele>50.1</ele>
   </trkpt>
   <trkpt lat="41.08675" lon="23.53591">
    <ele>48.900000000000006</ele>
   </trkpt>
   <trkpt lat="41.08692000448286" lon="23.53692999727437">
    <ele>48.18</ele>
   </trkpt>
   <trkpt lat="41.08709" lon="23.537950000000002">
    <ele>47.16</ele>
   </trkpt>
   <trkpt lat="41.08726000374129" lon="23.53887999760808">
    <ele>46.790000000000006</ele>
   </trkpt>
   <trkpt lat="41.087430000000005" lon="23.539810000000003">
    <ele>46.19</ele>
   </trkpt>
   <trkpt lat="41.08755000148576" lon="23.54039999882921">
    <ele>45.99</ele>
   </trkpt>
   <trkpt lat="41.08767" lon="23.54099">
    <ele>46.28</ele>
   </trkpt>
   <trkpt lat="41.08787" lon="23.541590000000003">
    <ele>46.50000000000001</ele>
   </trkpt>
   <trkpt lat="41.08821334081084" lon="23.54251999028126">
    <ele>47.45</ele>
   </trkpt>
   <trkpt lat="41.08855667414433" lon="23.543449990281523">
    <ele>48.800000000000004</ele>
   </trkpt>
   <trkpt lat="41.0889" lon="23.54438">
    <ele>49.77</ele>
   </trkpt>
   <trkpt lat="41.088860000000004" lon="23.544420000000002">
    <ele>49.910000000000004</ele>
   </trkpt>
   <trkpt lat="41.08885" lon="23.544520000000002">
    <ele>49.910000000000004</ele>
   </trkpt>
   <trkpt lat="41.0889" lon="23.544590000000003">
    <ele>49.82</ele>
   </trkpt>
   <trkpt lat="41.08898000000001" lon="23.544580000000003">
    <ele>49.71</ele>
   </trkpt>
   <trkpt lat="41.08918000146112" lon="23.54515999825467">
    <ele>48.99</ele>
   </trkpt>
   <trkpt lat="41.089380000000006" lon="23.545740000000002">
    <ele>48.910000000000004</ele>
   </trkpt>
   <trkpt lat="41.089490000000005" lon="23.546170000000004">
    <ele>49.440000000000005</ele>
   </trkpt>
   <trkpt lat="41.08955" lon="23.54653">
    <ele>49.400000000000006</ele>
   </trkpt>
   <trkpt lat="41.089600000000004" lon="23.54735">
    <ele>49.6</ele>
   </trkpt>
   <trkpt lat="41.089620000000004" lon="23.547510000000003">
    <ele>49.92</ele>
   </trkpt>
   <trkpt lat="41.08990500328828" lon="23.54838499613903">
    <ele>51.7</ele>
   </trkpt>
   <trkpt lat="41.09019000000001" lon="23.54926">
    <ele>52.95</ele>
   </trkpt>
   <trkpt lat="41.09024" lon="23.54945">
    <ele>53.15</ele>
   </trkpt>
   <trkpt lat="41.09024" lon="23.549560000000003">
    <ele>53.15</ele>
   </trkpt>
   <trkpt lat="41.090210000000006" lon="23.54988">
    <ele>53.15</ele>
   </trkpt>
  </trkseg>
 </trk>
</gpx>
