<?xml version="1.0" encoding="UTF-8"?>
<gpx creator="StravaGPX" version="1.1" xmlns="http://www.topografix.com/GPX/1/1" xmlns:xsi="http://www.w3.org/2001/XMLSchema-instance" xsi:schemaLocation="http://www.topografix.com/GPX/1/1 http://www.topografix.com/GPX/1/1/gpx.xsd">
 <metadata>
  <name>COP31 GR Day 4</name>
  <author>
   <name>Agis Tsakmakis 🇬🇷</name>
   <link href="https://www.strava.com/athletes/74715064"/>
  </author>
  <copyright author="OpenStreetMap contributors">
   <year>2020</year>
   <license>https://www.openstreetmap.org/copyright</license>
  </copyright>
  <link href="https://www.strava.com/routes/3538245336157576620"/>
 </metadata>
 <trk>
  <name>COP31 GR Day 4</name>
  <link href="https://www.strava.com/routes/3538245336157576620"/>
  <type>cycling</type>
  <trkseg>
   <trkpt lat="40.06101" lon="22.56315">
    <ele>19.26</ele>
   </trkpt>
   <trkpt lat="40.06064000000001" lon="22.56323">
    <ele>18.42</ele>
   </trkpt>
   <trkpt lat="40.06073500194898" lon="22.563894999408816">
    <ele>14.360000000000001</ele>
   </trkpt>
   <trkpt lat="40.06083" lon="22.56456">
    <ele>12.910000000000002</ele>
   </trkpt>
   <trkpt lat="40.06119" lon="22.564510000000002">
    <ele>12.55</ele>
   </trkpt>
   <trkpt lat="40.06121" lon="22.56471">
    <ele>12.180000000000001</ele>
   </trkpt>
   <trkpt lat="40.06120000000001" lon="22.5648">
    <ele>12.010000000000002</ele>
   </trkpt>
   <trkpt lat="40.06116" lon="22.56492">
    <ele>11.44</ele>
   </trkpt>
   <trkpt lat="40.061080000000004" lon="22.564980000000002">
    <ele>10.620000000000001</ele>
   </trkpt>
   <trkpt lat="40.061020000000006" lon="22.565">
    <ele>10.620000000000001</ele>
   </trkpt>
   <trkpt lat="40.060930000000006" lon="22.565">
    <ele>10.040000000000001</ele>
   </trkpt>
   <trkpt lat="40.06072" lon="22.564850000000003">
    <ele>8.93</ele>
   </trkpt>
   <trkpt lat="40.06067" lon="22.56484">
    <ele>8.93</ele>
   </trkpt>
   <trkpt lat="40.06058" lon="22.564870000000003">
    <ele>8.93</ele>
   </trkpt>
   <trkpt lat="40.06051" lon="22.564960000000003">
    <ele>8.200000000000001</ele>
   </trkpt>
   <trkpt lat="40.06049" lon="22.56503">
    <ele>8.200000000000001</ele>
   </trkpt>
   <trkpt lat="40.06049" lon="22.565160000000002">
    <ele>7.7700000000000005</ele>
   </trkpt>
   <trkpt lat="40.060570000000006" lon="22.56556">
    <ele>8.09</ele>
   </trkpt>
   <trkpt lat="40.06071" lon="22.56606">
    <ele>9.540000000000001</ele>
   </trkpt>
   <trkpt lat="40.06071" lon="22.56593">
    <ele>9.950000000000001</ele>
   </trkpt>
   <trkpt lat="40.060590000000005" lon="22.56547">
    <ele>10.07</ele>
   </trkpt>
   <trkpt lat="40.06108500013946" lon="22.56533500096411">
    <ele>8.5</ele>
   </trkpt>
   <trkpt lat="40.061580000000006" lon="22.5652">
    <ele>9.170000000000002</ele>
   </trkpt>
   <trkpt lat="40.06227250029289" lon="22.565052504495036">
    <ele>9.72</ele>
   </trkpt>
   <trkpt lat="40.062965000398734" lon="22.564905005991722">
    <ele>10.6</ele>
   </trkpt>
   <trkpt lat="40.06365750031754" lon="22.564757504489922">
    <ele>10.98</ele>
   </trkpt>
   <trkpt lat="40.064350000000005" lon="22.564610000000002">
    <ele>11.040000000000001</ele>
   </trkpt>
   <trkpt lat="40.06483000018352" lon="22.564500000744903">
    <ele>11.15</ele>
   </trkpt>
   <trkpt lat="40.065310000000004" lon="22.564390000000003">
    <ele>10.89</ele>
   </trkpt>
   <trkpt lat="40.06604500026572" lon="22.564155002526444">
    <ele>9.89</ele>
   </trkpt>
   <trkpt lat="40.06678" lon="22.563920000000003">
    <ele>9.500000000000002</ele>
   </trkpt>
   <trkpt lat="40.067305000339125" lon="22.56367000189321">
    <ele>10.09</ele>
   </trkpt>
   <trkpt lat="40.06783" lon="22.56342">
    <ele>10.43</ele>
   </trkpt>
   <trkpt lat="40.0684925010232" lon="22.56313750824536">
    <ele>10.440000000000001</ele>
   </trkpt>
   <trkpt lat="40.06915500136028" lon="22.56285501099568">
    <ele>10.15</ele>
   </trkpt>
   <trkpt lat="40.06981750101121" lon="22.56257250825072">
    <ele>9.66</ele>
   </trkpt>
   <trkpt lat="40.07048" lon="22.56229">
    <ele>9.420000000000002</ele>
   </trkpt>
   <trkpt lat="40.07106000064022" lon="22.562016671322855">
    <ele>10.020000000000001</ele>
   </trkpt>
   <trkpt lat="40.07164000063809" lon="22.56174333799058">
    <ele>10.910000000000002</ele>
   </trkpt>
   <trkpt lat="40.07222" lon="22.561470000000003">
    <ele>10.97</ele>
   </trkpt>
   <trkpt lat="40.07245" lon="22.561420000000002">
    <ele>10.97</ele>
   </trkpt>
   <trkpt lat="40.072750000000006" lon="22.561400000000003">
    <ele>11.1</ele>
   </trkpt>
   <trkpt lat="40.07361" lon="22.56124">
    <ele>11.38</ele>
   </trkpt>
   <trkpt lat="40.07424000011313" lon="22.561150000821378">
    <ele>11.31</ele>
   </trkpt>
   <trkpt lat="40.074870000000004" lon="22.56106">
    <ele>10.98</ele>
   </trkpt>
   <trkpt lat="40.075590000000005" lon="22.561010000000003">
    <ele>11.01</ele>
   </trkpt>
   <trkpt lat="40.07637000006214" lon="22.560983333942307">
    <ele>11.040000000000001</ele>
   </trkpt>
   <trkpt lat="40.07715000011817" lon="22.56095666727374">
    <ele>11.200000000000001</ele>
   </trkpt>
   <trkpt lat="40.07793" lon="22.560930000000003">
    <ele>11.160000000000002</ele>
   </trkpt>
   <trkpt lat="40.07835" lon="22.560950000000002">
    <ele>11.06</ele>
   </trkpt>
   <trkpt lat="40.07887" lon="22.561020000000003">
    <ele>10.81</ele>
   </trkpt>
   <trkpt lat="40.07929" lon="22.561100000000003">
    <ele>10.8</ele>
   </trkpt>
   <trkpt lat="40.08001" lon="22.56133">
    <ele>11.260000000000002</ele>
   </trkpt>
   <trkpt lat="40.08044" lon="22.56144">
    <ele>11.72</ele>
   </trkpt>
   <trkpt lat="40.081010000000006" lon="22.56153">
    <ele>11.780000000000001</ele>
   </trkpt>
   <trkpt lat="40.081886666644266" lon="22.56150000077361">
    <ele>11.260000000000002</ele>
   </trkpt>
   <trkpt lat="40.082763333280795" lon="22.561470000774655">
    <ele>11.21</ele>
   </trkpt>
   <trkpt lat="40.08364" lon="22.56144">
    <ele>12.05</ele>
   </trkpt>
   <trkpt lat="40.083890000000004" lon="22.56146">
    <ele>12.32</ele>
   </trkpt>
   <trkpt lat="40.084140000000005" lon="22.561500000000002">
    <ele>12.440000000000001</ele>
   </trkpt>
   <trkpt lat="40.084630000000004" lon="22.56162">
    <ele>12.700000000000001</ele>
   </trkpt>
   <trkpt lat="40.08527000069613" lon="22.561896661481054">
    <ele>12.92</ele>
   </trkpt>
   <trkpt lat="40.08591000073409" lon="22.562173328164057">
    <ele>13.260000000000002</ele>
   </trkpt>
   <trkpt lat="40.08655" lon="22.562450000000002">
    <ele>13.89</ele>
   </trkpt>
   <trkpt lat="40.086890000000004" lon="22.562520000000003">
    <ele>13.89</ele>
   </trkpt>
   <trkpt lat="40.08762" lon="22.562630000000002">
    <ele>14.110000000000001</ele>
   </trkpt>
   <trkpt lat="40.088200000073975" lon="22.562615000125923">
    <ele>13.9</ele>
   </trkpt>
   <trkpt lat="40.08878" lon="22.562600000000003">
    <ele>13.71</ele>
   </trkpt>
   <trkpt lat="40.089400000000005" lon="22.562620000000003">
    <ele>13.71</ele>
   </trkpt>
   <trkpt lat="40.08972" lon="22.56265">
    <ele>13.930000000000001</ele>
   </trkpt>
   <trkpt lat="40.08993" lon="22.562690000000003">
    <ele>14.23</ele>
   </trkpt>
   <trkpt lat="40.090300000000006" lon="22.562800000000003">
    <ele>14.74</ele>
   </trkpt>
   <trkpt lat="40.090790000000005" lon="22.562970000000004">
    <ele>15.09</ele>
   </trkpt>
   <trkpt lat="40.091370000000005" lon="22.56321">
    <ele>14.900000000000002</ele>
   </trkpt>
   <trkpt lat="40.09172" lon="22.56332">
    <ele>14.31</ele>
   </trkpt>
   <trkpt lat="40.092200000000005" lon="22.563440000000003">
    <ele>13.65</ele>
   </trkpt>
   <trkpt lat="40.09259" lon="22.56349">
    <ele>13.500000000000002</ele>
   </trkpt>
   <trkpt lat="40.09284" lon="22.5635">
    <ele>13.590000000000002</ele>
   </trkpt>
   <trkpt lat="40.09335" lon="22.56349">
    <ele>14.17</ele>
   </trkpt>
   <trkpt lat="40.093680000000006" lon="22.563450000000003">
    <ele>15.01</ele>
   </trkpt>
   <trkpt lat="40.09409" lon="22.563350000000003">
    <ele>15.4</ele>
   </trkpt>
   <trkpt lat="40.0947600004645" lon="22.56312000452551">
    <ele>15.98</ele>
   </trkpt>
   <trkpt lat="40.09543000047413" lon="22.562890004522274">
    <ele>16.060000000000002</ele>
   </trkpt>
   <trkpt lat="40.0961" lon="22.56266">
    <ele>15.850000000000003</ele>
   </trkpt>
   <trkpt lat="40.09669" lon="22.56249">
    <ele>15.590000000000002</ele>
   </trkpt>
   <trkpt lat="40.09722" lon="22.56239">
    <ele>15.530000000000001</ele>
   </trkpt>
   <trkpt lat="40.09772" lon="22.56237">
    <ele>15.88</ele>
   </trkpt>
   <trkpt lat="40.098329999948255" lon="22.56241999909753">
    <ele>15.99</ele>
   </trkpt>
   <trkpt lat="40.098939999875014" lon="22.562469999091515">
    <ele>16.560000000000002</ele>
   </trkpt>
   <trkpt lat="40.09955" lon="22.562520000000003">
    <ele>17.03</ele>
   </trkpt>
   <trkpt lat="40.09984" lon="22.562520000000003">
    <ele>17.29</ele>
   </trkpt>
   <trkpt lat="40.10047" lon="22.56247">
    <ele>17.77</ele>
   </trkpt>
   <trkpt lat="40.10076" lon="22.562410000000003">
    <ele>17.77</ele>
   </trkpt>
   <trkpt lat="40.101290000000006" lon="22.56221">
    <ele>18.19</ele>
   </trkpt>
   <trkpt lat="40.10181" lon="22.5619">
    <ele>18.36</ele>
   </trkpt>
   <trkpt lat="40.102360000769714" lon="22.561485003332848">
    <ele>18.44</ele>
   </trkpt>
   <trkpt lat="40.10291" lon="22.56107">
    <ele>18.570000000000004</ele>
   </trkpt>
   <trkpt lat="40.10367" lon="22.560550000000003">
    <ele>18.840000000000003</ele>
   </trkpt>
   <trkpt lat="40.10399" lon="22.5604">
    <ele>19.06</ele>
   </trkpt>
   <trkpt lat="40.10478000039212" lon="22.560145002924898">
    <ele>19.21</ele>
   </trkpt>
   <trkpt lat="40.10557" lon="22.559890000000003">
    <ele>19.42</ele>
   </trkpt>
   <trkpt lat="40.1058" lon="22.559790000000003">
    <ele>19.42</ele>
   </trkpt>
   <trkpt lat="40.10647" lon="22.559450000000002">
    <ele>19.470000000000002</ele>
   </trkpt>
   <trkpt lat="40.10724600425594" lon="22.558952022730892">
    <ele>19.33</ele>
   </trkpt>
   <trkpt lat="40.10802200637926" lon="22.558454034099928">
    <ele>18.930000000000003</ele>
   </trkpt>
   <trkpt lat="40.10879800636985" lon="22.557956034106567">
    <ele>19.17</ele>
   </trkpt>
   <trkpt lat="40.10957400422763" lon="22.55745802275028">
    <ele>19.520000000000003</ele>
   </trkpt>
   <trkpt lat="40.110350000000004" lon="22.55696">
    <ele>20.009999999999998</ele>
   </trkpt>
   <trkpt lat="40.11108" lon="22.55647">
    <ele>20.59</ele>
   </trkpt>
   <trkpt lat="40.111430000000006" lon="22.556310000000003">
    <ele>20.810000000000002</ele>
   </trkpt>
   <trkpt lat="40.111920000000005" lon="22.556140000000003">
    <ele>21.09</ele>
   </trkpt>
   <trkpt lat="40.112190000000005" lon="22.556070000000002">
    <ele>21.150000000000002</ele>
   </trkpt>
   <trkpt lat="40.11251" lon="22.556030000000003">
    <ele>21.470000000000002</ele>
   </trkpt>
   <trkpt lat="40.11318499997166" lon="22.555985000449102">
    <ele>21.87</ele>
   </trkpt>
   <trkpt lat="40.11386" lon="22.555940000000003">
    <ele>22.1</ele>
   </trkpt>
   <trkpt lat="40.11431" lon="22.555870000000002">
    <ele>22.45</ele>
   </trkpt>
   <trkpt lat="40.11468" lon="22.555790000000002">
    <ele>22.54</ele>
   </trkpt>
   <trkpt lat="40.11498" lon="22.5557">
    <ele>22.69</ele>
   </trkpt>
   <trkpt lat="40.11574" lon="22.55534">
    <ele>22.860000000000003</ele>
   </trkpt>
   <trkpt lat="40.11629000097879" lon="22.555010005312788">
    <ele>22.73</ele>
   </trkpt>
   <trkpt lat="40.11684000102104" lon="22.554680005287505">
    <ele>22.85</ele>
   </trkpt>
   <trkpt lat="40.11739" lon="22.554350000000003">
    <ele>22.79</ele>
   </trkpt>
   <trkpt lat="40.117885000474374" lon="22.55403000230748">
    <ele>22.8</ele>
   </trkpt>
   <trkpt lat="40.11838" lon="22.553710000000002">
    <ele>22.770000000000003</ele>
   </trkpt>
   <trkpt lat="40.11891500031623" lon="22.553440002123022">
    <ele>22.930000000000003</ele>
   </trkpt>
   <trkpt lat="40.11945" lon="22.55317">
    <ele>23.05</ele>
   </trkpt>
   <trkpt lat="40.11992" lon="22.55299">
    <ele>23.14</ele>
   </trkpt>
   <trkpt lat="40.12026" lon="22.552880000000002">
    <ele>23.160000000000004</ele>
   </trkpt>
   <trkpt lat="40.12075" lon="22.552780000000002">
    <ele>23.290000000000003</ele>
   </trkpt>
   <trkpt lat="40.121300000000005" lon="22.5527">
    <ele>23.4</ele>
   </trkpt>
   <trkpt lat="40.12183" lon="22.552660000000003">
    <ele>23.51</ele>
   </trkpt>
   <trkpt lat="40.122260000000004" lon="22.552650000000003">
    <ele>23.64</ele>
   </trkpt>
   <trkpt lat="40.123070000000006" lon="22.55261">
    <ele>23.810000000000002</ele>
   </trkpt>
   <trkpt lat="40.123720000000006" lon="22.55254">
    <ele>24.32</ele>
   </trkpt>
   <trkpt lat="40.124230000000004" lon="22.55244">
    <ele>24.41</ele>
   </trkpt>
   <trkpt lat="40.1251" lon="22.552220000000002">
    <ele>24.55</ele>
   </trkpt>
   <trkpt lat="40.125860000220236" lon="22.552010002339344">
    <ele>24.71</ele>
   </trkpt>
   <trkpt lat="40.12662" lon="22.551800000000004">
    <ele>24.900000000000002</ele>
   </trkpt>
   <trkpt lat="40.12744000044479" lon="22.551570005552012">
    <ele>25.11</ele>
   </trkpt>
   <trkpt lat="40.128260000434594" lon="22.551340005554962">
    <ele>25.080000000000002</ele>
   </trkpt>
   <trkpt lat="40.12908" lon="22.55111">
    <ele>25.09</ele>
   </trkpt>
   <trkpt lat="40.12984000010244" lon="22.550885002549975">
    <ele>25.040000000000003</ele>
   </trkpt>
   <trkpt lat="40.1306" lon="22.55066">
    <ele>25.080000000000002</ele>
   </trkpt>
   <trkpt lat="40.13133000000763" lon="22.550535001352795">
    <ele>25.05</ele>
   </trkpt>
   <trkpt lat="40.13206" lon="22.550410000000003">
    <ele>25.490000000000002</ele>
   </trkpt>
   <trkpt lat="40.13226" lon="22.55039">
    <ele>25.48</ele>
   </trkpt>
   <trkpt lat="40.1329200001034" lon="22.55025000135554">
    <ele>25.93</ele>
   </trkpt>
   <trkpt lat="40.13358" lon="22.55011">
    <ele>25.820000000000004</ele>
   </trkpt>
   <trkpt lat="40.13423000009458" lon="22.549920001835023">
    <ele>24.240000000000002</ele>
   </trkpt>
   <trkpt lat="40.13488" lon="22.54973">
    <ele>23.46</ele>
   </trkpt>
   <trkpt lat="40.135040000000004" lon="22.54964">
    <ele>23.46</ele>
   </trkpt>
   <trkpt lat="40.13553500022464" lon="22.54946500124188">
    <ele>23.110000000000003</ele>
   </trkpt>
   <trkpt lat="40.136030000000005" lon="22.549290000000003">
    <ele>23.14</ele>
   </trkpt>
   <trkpt lat="40.13664" lon="22.54905">
    <ele>22.910000000000004</ele>
   </trkpt>
   <trkpt lat="40.137360000983605" lon="22.548706673956982">
    <ele>22.860000000000003</ele>
   </trkpt>
   <trkpt lat="40.13808000095335" lon="22.548363340638197">
    <ele>22.740000000000002</ele>
   </trkpt>
   <trkpt lat="40.1388" lon="22.54802">
    <ele>21.650000000000002</ele>
   </trkpt>
   <trkpt lat="40.139343334319356" lon="22.547690005247762">
    <ele>20.37</ele>
   </trkpt>
   <trkpt lat="40.139886667702044" lon="22.54736000521786">
    <ele>19.51</ele>
   </trkpt>
   <trkpt lat="40.14043" lon="22.547030000000003">
    <ele>18.430000000000003</ele>
   </trkpt>
   <trkpt lat="40.140660000000004" lon="22.546860000000002">
    <ele>17.310000000000002</ele>
   </trkpt>
   <trkpt lat="40.140820000000005" lon="22.54679">
    <ele>17.060000000000002</ele>
   </trkpt>
   <trkpt lat="40.1411" lon="22.546750000000003">
    <ele>16.700000000000003</ele>
   </trkpt>
   <trkpt lat="40.141470000000005" lon="22.546660000000003">
    <ele>16.48</ele>
   </trkpt>
   <trkpt lat="40.141600000000004" lon="22.5466">
    <ele>16.439999999999998</ele>
   </trkpt>
   <trkpt lat="40.14188" lon="22.546310000000002">
    <ele>16.34</ele>
   </trkpt>
   <trkpt lat="40.14224" lon="22.545900000000003">
    <ele>16.27</ele>
   </trkpt>
   <trkpt lat="40.14237000000001" lon="22.54579">
    <ele>16.27</ele>
   </trkpt>
   <trkpt lat="40.143040000000006" lon="22.545440000000003">
    <ele>15.580000000000002</ele>
   </trkpt>
   <trkpt lat="40.14329" lon="22.545270000000002">
    <ele>15.070000000000002</ele>
   </trkpt>
   <trkpt lat="40.1434" lon="22.545170000000002">
    <ele>14.85</ele>
   </trkpt>
   <trkpt lat="40.143760000618485" lon="22.544800001930156">
    <ele>14.33</ele>
   </trkpt>
   <trkpt lat="40.14412" lon="22.544430000000002">
    <ele>14.17</ele>
   </trkpt>
   <trkpt lat="40.14424" lon="22.54428">
    <ele>13.940000000000001</ele>
   </trkpt>
   <trkpt lat="40.14468" lon="22.54354">
    <ele>13.06</ele>
   </trkpt>
   <trkpt lat="40.1449" lon="22.54326">
    <ele>12.600000000000001</ele>
   </trkpt>
   <trkpt lat="40.14517" lon="22.543020000000002">
    <ele>11.860000000000001</ele>
   </trkpt>
   <trkpt lat="40.145270000000004" lon="22.54296">
    <ele>11.64</ele>
   </trkpt>
   <trkpt lat="40.14553" lon="22.542820000000003">
    <ele>11.410000000000002</ele>
   </trkpt>
   <trkpt lat="40.145720000000004" lon="22.54276">
    <ele>11.410000000000002</ele>
   </trkpt>
   <trkpt lat="40.14638000004617" lon="22.542695000628786">
    <ele>10.110000000000001</ele>
   </trkpt>
   <trkpt lat="40.147040000000004" lon="22.542630000000003">
    <ele>8.94</ele>
   </trkpt>
   <trkpt lat="40.147690000000004" lon="22.542630000000003">
    <ele>8.16</ele>
   </trkpt>
   <trkpt lat="40.14847600040681" lon="22.54277999306062">
    <ele>7.29</ele>
   </trkpt>
   <trkpt lat="40.149262000620105" lon="22.542929989592643">
    <ele>6.69</ele>
   </trkpt>
   <trkpt lat="40.150048000639856" lon="22.543079989596233">
    <ele>6.3100000000000005</ele>
   </trkpt>
   <trkpt lat="40.15083400046607" lon="22.543229993071574">
    <ele>5.47</ele>
   </trkpt>
   <trkpt lat="40.15162" lon="22.543380000000003">
    <ele>4.180000000000001</ele>
   </trkpt>
   <trkpt lat="40.15175" lon="22.54343">
    <ele>4.03</ele>
   </trkpt>
   <trkpt lat="40.15182" lon="22.543480000000002">
    <ele>4.03</ele>
   </trkpt>
   <trkpt lat="40.15195000000001" lon="22.54362">
    <ele>3.7800000000000002</ele>
   </trkpt>
   <trkpt lat="40.15205" lon="22.543850000000003">
    <ele>3.75</ele>
   </trkpt>
   <trkpt lat="40.15207" lon="22.543960000000002">
    <ele>3.8400000000000003</ele>
   </trkpt>
   <trkpt lat="40.15207" lon="22.544200000000004">
    <ele>4.580000000000001</ele>
   </trkpt>
   <trkpt lat="40.15198" lon="22.544420000000002">
    <ele>4.580000000000001</ele>
   </trkpt>
   <trkpt lat="40.15252000093242" lon="22.544884996304802">
    <ele>3.7900000000000005</ele>
   </trkpt>
   <trkpt lat="40.15306" lon="22.545350000000003">
    <ele>3.7800000000000002</ele>
   </trkpt>
   <trkpt lat="40.15354000079343" lon="22.545759997162286">
    <ele>3.8000000000000003</ele>
   </trkpt>
   <trkpt lat="40.15402" lon="22.546170000000004">
    <ele>3.8400000000000003</ele>
   </trkpt>
   <trkpt lat="40.15437" lon="22.546390000000002">
    <ele>3.86</ele>
   </trkpt>
   <trkpt lat="40.154720000000005" lon="22.546560000000003">
    <ele>3.94</ele>
   </trkpt>
   <trkpt lat="40.155080000000005" lon="22.5467">
    <ele>3.8100000000000005</ele>
   </trkpt>
   <trkpt lat="40.155190000000005" lon="22.546770000000002">
    <ele>3.8100000000000005</ele>
   </trkpt>
   <trkpt lat="40.15536" lon="22.547030000000003">
    <ele>3.4800000000000004</ele>
   </trkpt>
   <trkpt lat="40.15542000000001" lon="22.54707">
    <ele>3.4800000000000004</ele>
   </trkpt>
   <trkpt lat="40.155890000265124" lon="22.547239998874318">
    <ele>3.47</ele>
   </trkpt>
   <trkpt lat="40.15636000000001" lon="22.547410000000003">
    <ele>3.7900000000000005</ele>
   </trkpt>
   <trkpt lat="40.15644" lon="22.547410000000003">
    <ele>3.8400000000000003</ele>
   </trkpt>
   <trkpt lat="40.156580000000005" lon="22.54726">
    <ele>3.91</ele>
   </trkpt>
   <trkpt lat="40.15664" lon="22.547240000000002">
    <ele>3.920000000000001</ele>
   </trkpt>
   <trkpt lat="40.15744166823401" lon="22.547509984061254">
    <ele>3.7600000000000002</ele>
   </trkpt>
   <trkpt lat="40.158243335840965" lon="22.547779974497516">
    <ele>3.6100000000000003</ele>
   </trkpt>
   <trkpt lat="40.15904500282086" lon="22.54804997130912">
    <ele>3.3200000000000003</ele>
   </trkpt>
   <trkpt lat="40.15984666917364" lon="22.54831997449639">
    <ele>3.94</ele>
   </trkpt>
   <trkpt lat="40.160648334899264" lon="22.548589984059646">
    <ele>4.07</ele>
   </trkpt>
   <trkpt lat="40.16145" lon="22.54886">
    <ele>4.03</ele>
   </trkpt>
   <trkpt lat="40.161440000000006" lon="22.54886">
    <ele>4.03</ele>
   </trkpt>
   <trkpt lat="40.16219500022949" lon="22.549094997384124">
    <ele>3.8300000000000005</ele>
   </trkpt>
   <trkpt lat="40.16295" lon="22.54933">
    <ele>3.6600000000000006</ele>
   </trkpt>
   <trkpt lat="40.16340000017723" lon="22.549434999334295">
    <ele>3.5500000000000003</ele>
   </trkpt>
   <trkpt lat="40.163850000000004" lon="22.54954">
    <ele>3.47</ele>
   </trkpt>
   <trkpt lat="40.1646" lon="22.54963">
    <ele>3.47</ele>
   </trkpt>
   <trkpt lat="40.16522999991069" lon="22.549644999858643">
    <ele>3.56</ele>
   </trkpt>
   <trkpt lat="40.16586" lon="22.549660000000003">
    <ele>3.89</ele>
   </trkpt>
   <trkpt lat="40.166540000000005" lon="22.549670000000003">
    <ele>4.25</ele>
   </trkpt>
   <trkpt lat="40.16727750001424" lon="22.549622501549226">
    <ele>4.5200000000000005</ele>
   </trkpt>
   <trkpt lat="40.16801500000906" lon="22.54957500206631">
    <ele>4.83</ele>
   </trkpt>
   <trkpt lat="40.16875249998447" lon="22.549527501551193">
    <ele>5.03</ele>
   </trkpt>
   <trkpt lat="40.16949" lon="22.549480000000003">
    <ele>4.91</ele>
   </trkpt>
   <trkpt lat="40.170100000000005" lon="22.549460000000003">
    <ele>4.81</ele>
   </trkpt>
   <trkpt lat="40.17067" lon="22.549500000000002">
    <ele>4.53</ele>
   </trkpt>
   <trkpt lat="40.17100000000001" lon="22.549550000000004">
    <ele>4.0600000000000005</ele>
   </trkpt>
   <trkpt lat="40.171450000100705" lon="22.54968499911159">
    <ele>3.89</ele>
   </trkpt>
   <trkpt lat="40.1719" lon="22.54982">
    <ele>3.54</ele>
   </trkpt>
   <trkpt lat="40.172520000000006" lon="22.550120000000003">
    <ele>3.2800000000000002</ele>
   </trkpt>
   <trkpt lat="40.1732875027449" lon="22.55058248429887">
    <ele>3.23</ele>
   </trkpt>
   <trkpt lat="40.17405500364963" lon="22.551044979058627">
    <ele>3.4000000000000004</ele>
   </trkpt>
   <trkpt lat="40.17482250271409" lon="22.551507484279757">
    <ele>3.6300000000000003</ele>
   </trkpt>
   <trkpt lat="40.17559000000001" lon="22.55197">
    <ele>3.95</ele>
   </trkpt>
   <trkpt lat="40.17628000147489" lon="22.55237999167893">
    <ele>4.03</ele>
   </trkpt>
   <trkpt lat="40.176970001503605" lon="22.55278999169586">
    <ele>4.0600000000000005</ele>
   </trkpt>
   <trkpt lat="40.17766" lon="22.5532">
    <ele>3.6500000000000004</ele>
   </trkpt>
   <trkpt lat="40.17806" lon="22.553420000000003">
    <ele>3.58</ele>
   </trkpt>
   <trkpt lat="40.178360000000005" lon="22.55356">
    <ele>3.43</ele>
   </trkpt>
   <trkpt lat="40.179" lon="22.553790000000003">
    <ele>3.3100000000000005</ele>
   </trkpt>
   <trkpt lat="40.17943" lon="22.553900000000002">
    <ele>3.06</ele>
   </trkpt>
   <trkpt lat="40.17985" lon="22.553970000000003">
    <ele>3.04</ele>
   </trkpt>
   <trkpt lat="40.180170000000004" lon="22.554000000000002">
    <ele>3.0300000000000002</ele>
   </trkpt>
   <trkpt lat="40.180200000000006" lon="22.55421">
    <ele>2.0900000000000003</ele>
   </trkpt>
   <trkpt lat="40.180460000000004" lon="22.554270000000002">
    <ele>1.75</ele>
   </trkpt>
   <trkpt lat="40.180890000000005" lon="22.554440000000003">
    <ele>1.6900000000000002</ele>
   </trkpt>
   <trkpt lat="40.181020000000004" lon="22.55451">
    <ele>1.7400000000000002</ele>
   </trkpt>
   <trkpt lat="40.181520000000006" lon="22.55504">
    <ele>2.12</ele>
   </trkpt>
   <trkpt lat="40.182230000000004" lon="22.55554">
    <ele>2.39</ele>
   </trkpt>
   <trkpt lat="40.18254" lon="22.5557">
    <ele>2.5100000000000002</ele>
   </trkpt>
   <trkpt lat="40.18272" lon="22.55581">
    <ele>2.22</ele>
   </trkpt>
   <trkpt lat="40.183440000000004" lon="22.556160000000002">
    <ele>2.1100000000000003</ele>
   </trkpt>
   <trkpt lat="40.18374" lon="22.556430000000002">
    <ele>2.43</ele>
   </trkpt>
   <trkpt lat="40.184360000000005" lon="22.556900000000002">
    <ele>2.97</ele>
   </trkpt>
   <trkpt lat="40.184830000000005" lon="22.5572">
    <ele>2.73</ele>
   </trkpt>
   <trkpt lat="40.18527" lon="22.557440000000003">
    <ele>2.24</ele>
   </trkpt>
   <trkpt lat="40.18526000000001" lon="22.557440000000003">
    <ele>2.24</ele>
   </trkpt>
   <trkpt lat="40.18567" lon="22.55767">
    <ele>2.2800000000000002</ele>
   </trkpt>
   <trkpt lat="40.1864000010643" lon="22.558154994815375">
    <ele>2.54</ele>
   </trkpt>
   <trkpt lat="40.18713" lon="22.55864">
    <ele>3.16</ele>
   </trkpt>
   <trkpt lat="40.18746" lon="22.558760000000003">
    <ele>2.7700000000000005</ele>
   </trkpt>
   <trkpt lat="40.187650000000005" lon="22.558750000000003">
    <ele>2.4200000000000004</ele>
   </trkpt>
   <trkpt lat="40.18795" lon="22.558670000000003">
    <ele>2.45</ele>
   </trkpt>
   <trkpt lat="40.188010000000006" lon="22.558690000000002">
    <ele>2.45</ele>
   </trkpt>
   <trkpt lat="40.188750000000006" lon="22.5591">
    <ele>2.5100000000000002</ele>
   </trkpt>
   <trkpt lat="40.18954" lon="22.55958">
    <ele>2.39</ele>
   </trkpt>
   <trkpt lat="40.18963" lon="22.559600000000003">
    <ele>2.39</ele>
   </trkpt>
   <trkpt lat="40.18977" lon="22.55955">
    <ele>2.2900000000000005</ele>
   </trkpt>
   <trkpt lat="40.18986" lon="22.559440000000002">
    <ele>2.2600000000000002</ele>
   </trkpt>
   <trkpt lat="40.189960000000006" lon="22.55921">
    <ele>2.39</ele>
   </trkpt>
   <trkpt lat="40.19004" lon="22.55908">
    <ele>2.39</ele>
   </trkpt>
   <trkpt lat="40.190090000000005" lon="22.559030000000003">
    <ele>2.39</ele>
   </trkpt>
   <trkpt lat="40.19017" lon="22.55899">
    <ele>2.5</ele>
   </trkpt>
   <trkpt lat="40.19044" lon="22.55901">
    <ele>2.85</ele>
   </trkpt>
   <trkpt lat="40.19048" lon="22.55892">
    <ele>2.8800000000000003</ele>
   </trkpt>
   <trkpt lat="40.19059" lon="22.55818">
    <ele>2.7800000000000002</ele>
   </trkpt>
   <trkpt lat="40.190900000000006" lon="22.557540000000003">
    <ele>3.04</ele>
   </trkpt>
   <trkpt lat="40.19097" lon="22.5573">
    <ele>3.6500000000000004</ele>
   </trkpt>
   <trkpt lat="40.19104" lon="22.55619">
    <ele>4.010000000000001</ele>
   </trkpt>
   <trkpt lat="40.19115" lon="22.555780000000002">
    <ele>4.2</ele>
   </trkpt>
   <trkpt lat="40.19127" lon="22.555580000000003">
    <ele>4.42</ele>
   </trkpt>
   <trkpt lat="40.191430000000004" lon="22.555390000000003">
    <ele>4.61</ele>
   </trkpt>
   <trkpt lat="40.19196" lon="22.55505">
    <ele>3.43</ele>
   </trkpt>
   <trkpt lat="40.19185" lon="22.5547">
    <ele>3.75</ele>
   </trkpt>
   <trkpt lat="40.191790000000005" lon="22.554550000000003">
    <ele>4.62</ele>
   </trkpt>
   <trkpt lat="40.191750000000006" lon="22.55449">
    <ele>4.62</ele>
   </trkpt>
   <trkpt lat="40.19167" lon="22.554160000000003">
    <ele>4.5600000000000005</ele>
   </trkpt>
   <trkpt lat="40.19167" lon="22.553690000000003">
    <ele>4.800000000000001</ele>
   </trkpt>
   <trkpt lat="40.19178" lon="22.553320000000003">
    <ele>5.38</ele>
   </trkpt>
   <trkpt lat="40.19189" lon="22.553120000000003">
    <ele>5.91</ele>
   </trkpt>
   <trkpt lat="40.192130000000006" lon="22.552860000000003">
    <ele>6.710000000000001</ele>
   </trkpt>
   <trkpt lat="40.19264333595622" lon="22.55231334155414">
    <ele>8.56</ele>
   </trkpt>
   <trkpt lat="40.19315666934119" lon="22.55176667483258">
    <ele>10.83</ele>
   </trkpt>
   <trkpt lat="40.193670000000004" lon="22.55122">
    <ele>13.430000000000001</ele>
   </trkpt>
   <trkpt lat="40.19382" lon="22.550970000000003">
    <ele>13.690000000000001</ele>
   </trkpt>
   <trkpt lat="40.19391" lon="22.550680000000003">
    <ele>13.920000000000002</ele>
   </trkpt>
   <trkpt lat="40.19393" lon="22.550530000000002">
    <ele>14.39</ele>
   </trkpt>
   <trkpt lat="40.19393" lon="22.550250000000002">
    <ele>14.57</ele>
   </trkpt>
   <trkpt lat="40.19382000239143" lon="22.549504998816552">
    <ele>14.34</ele>
   </trkpt>
   <trkpt lat="40.19371" lon="22.54876">
    <ele>12.940000000000001</ele>
   </trkpt>
   <trkpt lat="40.1937" lon="22.54822">
    <ele>11.21</ele>
   </trkpt>
   <trkpt lat="40.193740000000005" lon="22.548090000000002">
    <ele>10.0</ele>
   </trkpt>
   <trkpt lat="40.1938" lon="22.547980000000003">
    <ele>10.0</ele>
   </trkpt>
   <trkpt lat="40.19388" lon="22.547890000000002">
    <ele>9.120000000000001</ele>
   </trkpt>
   <trkpt lat="40.19397" lon="22.54783">
    <ele>8.92</ele>
   </trkpt>
   <trkpt lat="40.19408000000001" lon="22.547800000000002">
    <ele>8.55</ele>
   </trkpt>
   <trkpt lat="40.19435" lon="22.54785">
    <ele>7.640000000000001</ele>
   </trkpt>
   <trkpt lat="40.195060000000005" lon="22.548070000000003">
    <ele>5.85</ele>
   </trkpt>
   <trkpt lat="40.195420000000006" lon="22.54813">
    <ele>4.710000000000001</ele>
   </trkpt>
   <trkpt lat="40.19577" lon="22.54813">
    <ele>4.3100000000000005</ele>
   </trkpt>
   <trkpt lat="40.19596000000001" lon="22.54811">
    <ele>4.260000000000001</ele>
   </trkpt>
   <trkpt lat="40.196525000069705" lon="22.54796000125704">
    <ele>4.48</ele>
   </trkpt>
   <trkpt lat="40.19709" lon="22.547810000000002">
    <ele>4.69</ele>
   </trkpt>
   <trkpt lat="40.197922500786305" lon="22.547562509117633">
    <ele>4.95</ele>
   </trkpt>
   <trkpt lat="40.19875500104559" lon="22.547315012157913">
    <ele>5.1000000000000005</ele>
   </trkpt>
   <trkpt lat="40.199587500777774" lon="22.547067509120502">
    <ele>5.430000000000001</ele>
   </trkpt>
   <trkpt lat="40.20042" lon="22.54682">
    <ele>5.55</ele>
   </trkpt>
   <trkpt lat="40.201013333618675" lon="22.546653336237494">
    <ele>5.78</ele>
   </trkpt>
   <trkpt lat="40.20160666699836" lon="22.546486669557847">
    <ele>6.090000000000001</ele>
   </trkpt>
   <trkpt lat="40.202200000000005" lon="22.54632">
    <ele>5.82</ele>
   </trkpt>
   <trkpt lat="40.202690000000004" lon="22.546120000000002">
    <ele>5.9799999999999995</ele>
   </trkpt>
   <trkpt lat="40.20308" lon="22.54595">
    <ele>6.140000000000001</ele>
   </trkpt>
   <trkpt lat="40.203630000000004" lon="22.545830000000002">
    <ele>6.140000000000001</ele>
   </trkpt>
   <trkpt lat="40.204060000000005" lon="22.54579">
    <ele>6.11</ele>
   </trkpt>
   <trkpt lat="40.204877779524615" lon="22.545564466214618">
    <ele>6.220000000000001</ele>
   </trkpt>
   <trkpt lat="40.20569555861152" lon="22.545338926987643">
    <ele>6.7700000000000005</ele>
   </trkpt>
   <trkpt lat="40.206513337260716" lon="22.545113382318796">
    <ele>7.220000000000001</ele>
   </trkpt>
   <trkpt lat="40.20733111547216" lon="22.544887832207788">
    <ele>7.6000000000000005</ele>
   </trkpt>
   <trkpt lat="40.20814889324586" lon="22.544662276654332">
    <ele>7.59</ele>
   </trkpt>
   <trkpt lat="40.20896667058177" lon="22.544436715658147">
    <ele>7.750000000000001</ele>
   </trkpt>
   <trkpt lat="40.20978444747986" lon="22.544211149218945">
    <ele>7.88</ele>
   </trkpt>
   <trkpt lat="40.21060222394014" lon="22.543985577336436">
    <ele>8.120000000000001</ele>
   </trkpt>
   <trkpt lat="40.211420000000004" lon="22.543760000000002">
    <ele>8.540000000000001</ele>
   </trkpt>
   <trkpt lat="40.212254670022695" lon="22.54352404069471">
    <ele>8.9</ele>
   </trkpt>
   <trkpt lat="40.213089339566274" lon="22.543288075577173">
    <ele>9.19</ele>
   </trkpt>
   <trkpt lat="40.21392400863072" lon="22.543052104647096">
    <ele>9.58</ele>
   </trkpt>
   <trkpt lat="40.21475867721599" lon="22.542816127904153">
    <ele>9.860000000000001</ele>
   </trkpt>
   <trkpt lat="40.215593345322056" lon="22.54258014534804">
    <ele>10.21</ele>
   </trkpt>
   <trkpt lat="40.21642801294892" lon="22.542344156978444">
    <ele>10.48</ele>
   </trkpt>
   <trkpt lat="40.217262680096546" lon="22.542108162795053">
    <ele>10.870000000000001</ele>
   </trkpt>
   <trkpt lat="40.2180973467649" lon="22.54187216279755">
    <ele>11.0</ele>
   </trkpt>
   <trkpt lat="40.21893201295395" lon="22.54163615698564">
    <ele>11.72</ele>
   </trkpt>
   <trkpt lat="40.219766678663674" lon="22.541400145358992">
    <ele>13.120000000000001</ele>
   </trkpt>
   <trkpt lat="40.22060134389405" lon="22.541164127917302">
    <ele>13.47</ele>
   </trkpt>
   <trkpt lat="40.221436008645064" lon="22.540928104660264">
    <ele>12.450000000000001</ele>
   </trkpt>
   <trkpt lat="40.22227067291667" lon="22.540692075587554">
    <ele>12.040000000000001</ele>
   </trkpt>
   <trkpt lat="40.22310533670887" lon="22.54045604069887">
    <ele>12.85</ele>
   </trkpt>
   <trkpt lat="40.223940000000006" lon="22.54022">
    <ele>13.040000000000001</ele>
   </trkpt>
   <trkpt lat="40.22468400067307" lon="22.540020008790652">
    <ele>12.530000000000001</ele>
   </trkpt>
   <trkpt lat="40.22542800100193" lon="22.539820013188255">
    <ele>12.55</ele>
   </trkpt>
   <trkpt lat="40.226172000986566" lon="22.5396200131926">
    <ele>12.900000000000002</ele>
   </trkpt>
   <trkpt lat="40.22691600062698" lon="22.53942000880347">
    <ele>13.160000000000002</ele>
   </trkpt>
   <trkpt lat="40.22766" lon="22.53922">
    <ele>13.19</ele>
   </trkpt>
   <trkpt lat="40.228280000000005" lon="22.53912">
    <ele>13.02</ele>
   </trkpt>
   <trkpt lat="40.22881500001936" lon="22.53894500141908">
    <ele>12.71</ele>
   </trkpt>
   <trkpt lat="40.229350000000004" lon="22.538770000000003">
    <ele>12.59</ele>
   </trkpt>
   <trkpt lat="40.23019333380558" lon="22.53852333949128">
    <ele>12.360000000000001</ele>
   </trkpt>
   <trkpt lat="40.23103666708752" lon="22.538276672839757">
    <ele>13.330000000000002</ele>
   </trkpt>
   <trkpt lat="40.231880000000004" lon="22.538030000000003">
    <ele>13.030000000000001</ele>
   </trkpt>
   <trkpt lat="40.23251333365136" lon="22.53784000355154">
    <ele>12.88</ele>
   </trkpt>
   <trkpt lat="40.23314666699205" lon="22.53765000354938">
    <ele>12.93</ele>
   </trkpt>
   <trkpt lat="40.23378" lon="22.537460000000003">
    <ele>12.950000000000001</ele>
   </trkpt>
   <trkpt lat="40.23433000021092" lon="22.53731500114593">
    <ele>13.02</ele>
   </trkpt>
   <trkpt lat="40.234880000000004" lon="22.537170000000003">
    <ele>13.14</ele>
   </trkpt>
   <trkpt lat="40.235290000000006" lon="22.537000000000003">
    <ele>13.01</ele>
   </trkpt>
   <trkpt lat="40.235530000000004" lon="22.536880000000004">
    <ele>12.93</ele>
   </trkpt>
   <trkpt lat="40.23608" lon="22.536720000000003">
    <ele>13.02</ele>
   </trkpt>
   <trkpt lat="40.23662000010602" lon="22.536625000745794">
    <ele>13.200000000000001</ele>
   </trkpt>
   <trkpt lat="40.23716" lon="22.536530000000003">
    <ele>14.0</ele>
   </trkpt>
   <trkpt lat="40.237820000000006" lon="22.536350000000002">
    <ele>14.430000000000001</ele>
   </trkpt>
   <trkpt lat="40.23825" lon="22.536270000000002">
    <ele>14.24</ele>
   </trkpt>
   <trkpt lat="40.239000000000004" lon="22.53609">
    <ele>13.96</ele>
   </trkpt>
   <trkpt lat="40.239200000000004" lon="22.53603">
    <ele>13.99</ele>
   </trkpt>
   <trkpt lat="40.239610000000006" lon="22.53583">
    <ele>13.96</ele>
   </trkpt>
   <trkpt lat="40.240370000000006" lon="22.535600000000002">
    <ele>14.14</ele>
   </trkpt>
   <trkpt lat="40.241035000431786" lon="22.535422505223824">
    <ele>14.41</ele>
   </trkpt>
   <trkpt lat="40.24170000059242" lon="22.535245006960743">
    <ele>14.55</ele>
   </trkpt>
   <trkpt lat="40.24236500048189" lon="22.535067505210606">
    <ele>14.97</ele>
   </trkpt>
   <trkpt lat="40.243030000000005" lon="22.53489">
    <ele>15.09</ele>
   </trkpt>
   <trkpt lat="40.24372000050395" lon="22.534692506039118">
    <ele>15.280000000000001</ele>
   </trkpt>
   <trkpt lat="40.24441000067219" lon="22.534495008052204">
    <ele>15.65</ele>
   </trkpt>
   <trkpt lat="40.245100000504735" lon="22.53429750603908">
    <ele>16.28</ele>
   </trkpt>
   <trkpt lat="40.24579000000001" lon="22.534100000000002">
    <ele>16.580000000000002</ele>
   </trkpt>
   <trkpt lat="40.246390000000005" lon="22.53396">
    <ele>16.5</ele>
   </trkpt>
   <trkpt lat="40.24658" lon="22.53396">
    <ele>16.5</ele>
   </trkpt>
   <trkpt lat="40.24676" lon="22.53393">
    <ele>16.5</ele>
   </trkpt>
   <trkpt lat="40.247590000163974" lon="22.533700002838014">
    <ele>16.490000000000002</ele>
   </trkpt>
   <trkpt lat="40.24842" lon="22.53347">
    <ele>16.52</ele>
   </trkpt>
   <trkpt lat="40.24884" lon="22.533330000000003">
    <ele>16.64</ele>
   </trkpt>
   <trkpt lat="40.249590000000005" lon="22.53303">
    <ele>16.78</ele>
   </trkpt>
   <trkpt lat="40.250200000239694" lon="22.532876669421277">
    <ele>17.1</ele>
   </trkpt>
   <trkpt lat="40.25081000027705" lon="22.532723336078597">
    <ele>18.03</ele>
   </trkpt>
   <trkpt lat="40.25142" lon="22.532570000000003">
    <ele>19.6</ele>
   </trkpt>
   <trkpt lat="40.25209000016866" lon="22.53235500213826">
    <ele>19.85</ele>
   </trkpt>
   <trkpt lat="40.25276" lon="22.532140000000002">
    <ele>19.48</ele>
   </trkpt>
   <trkpt lat="40.252900000000004" lon="22.53207">
    <ele>19.35</ele>
   </trkpt>
   <trkpt lat="40.253170000000004" lon="22.53188">
    <ele>18.770000000000003</ele>
   </trkpt>
   <trkpt lat="40.25332" lon="22.531750000000002">
    <ele>18.01</ele>
   </trkpt>
   <trkpt lat="40.253640000000004" lon="22.53141">
    <ele>17.550000000000004</ele>
   </trkpt>
   <trkpt lat="40.253890000000006" lon="22.531720000000004">
    <ele>16.62</ele>
   </trkpt>
   <trkpt lat="40.253930000000004" lon="22.53181">
    <ele>16.61</ele>
   </trkpt>
   <trkpt lat="40.25395" lon="22.5319">
    <ele>16.46</ele>
   </trkpt>
   <trkpt lat="40.25405000000001" lon="22.53252">
    <ele>16.42</ele>
   </trkpt>
   <trkpt lat="40.254645000017355" lon="22.532405001018816">
    <ele>16.69</ele>
   </trkpt>
   <trkpt lat="40.25524" lon="22.532290000000003">
    <ele>18.1</ele>
   </trkpt>
   <trkpt lat="40.256060000000005" lon="22.53244">
    <ele>18.21</ele>
   </trkpt>
   <trkpt lat="40.25625" lon="22.53245">
    <ele>18.21</ele>
   </trkpt>
   <trkpt lat="40.25665" lon="22.532390000000003">
    <ele>18.47</ele>
   </trkpt>
   <trkpt lat="40.256930000000004" lon="22.53227">
    <ele>18.400000000000002</ele>
   </trkpt>
   <trkpt lat="40.25715" lon="22.53215">
    <ele>18.500000000000004</ele>
   </trkpt>
   <trkpt lat="40.257450000000006" lon="22.531920000000003">
    <ele>18.8</ele>
   </trkpt>
   <trkpt lat="40.25797" lon="22.531450000000003">
    <ele>19.3</ele>
   </trkpt>
   <trkpt lat="40.25826" lon="22.531280000000002">
    <ele>19.73</ele>
   </trkpt>
   <trkpt lat="40.25876500024755" lon="22.531040001791496">
    <ele>19.98</ele>
   </trkpt>
   <trkpt lat="40.25927" lon="22.530800000000003">
    <ele>20.6</ele>
   </trkpt>
   <trkpt lat="40.259660000000004" lon="22.53058">
    <ele>20.94</ele>
   </trkpt>
   <trkpt lat="40.260175000405944" lon="22.5302550025046">
    <ele>21.2</ele>
   </trkpt>
   <trkpt lat="40.260690000000004" lon="22.52993">
    <ele>21.560000000000002</ele>
   </trkpt>
   <trkpt lat="40.26088" lon="22.52984">
    <ele>21.560000000000002</ele>
   </trkpt>
   <trkpt lat="40.26122" lon="22.5298">
    <ele>21.68</ele>
   </trkpt>
   <trkpt lat="40.26168999988679" lon="22.52982999978411">
    <ele>22.150000000000002</ele>
   </trkpt>
   <trkpt lat="40.26216" lon="22.529860000000003">
    <ele>22.340000000000003</ele>
   </trkpt>
   <trkpt lat="40.262280000000004" lon="22.52984">
    <ele>22.64</ele>
   </trkpt>
   <trkpt lat="40.262510000000006" lon="22.52974">
    <ele>22.87</ele>
   </trkpt>
   <trkpt lat="40.26265" lon="22.52961">
    <ele>23.1</ele>
   </trkpt>
   <trkpt lat="40.262750000000004" lon="22.52946">
    <ele>23.1</ele>
   </trkpt>
   <trkpt lat="40.26304500079447" lon="22.528975002473185">
    <ele>23.73</ele>
   </trkpt>
   <trkpt lat="40.26334000000001" lon="22.52849">
    <ele>23.930000000000003</ele>
   </trkpt>
   <trkpt lat="40.26368" lon="22.52823">
    <ele>24.110000000000003</ele>
   </trkpt>
   <trkpt lat="40.26409500029861" lon="22.527975001552857">
    <ele>24.12</ele>
   </trkpt>
   <trkpt lat="40.26451" lon="22.527720000000002">
    <ele>24.290000000000003</ele>
   </trkpt>
   <trkpt lat="40.26530500096721" lon="22.527240005656044">
    <ele>24.580000000000002</ele>
   </trkpt>
   <trkpt lat="40.2661" lon="22.526760000000003">
    <ele>24.860000000000003</ele>
   </trkpt>
   <trkpt lat="40.26683000152675" lon="22.526333342566424">
    <ele>25.53</ele>
   </trkpt>
   <trkpt lat="40.267560001486515" lon="22.525906675923423">
    <ele>25.78</ele>
   </trkpt>
   <trkpt lat="40.26829" lon="22.52548">
    <ele>26.1</ele>
   </trkpt>
   <trkpt lat="40.26858" lon="22.5253">
    <ele>26.160000000000004</ele>
   </trkpt>
   <trkpt lat="40.26876" lon="22.525150000000004">
    <ele>26.220000000000002</ele>
   </trkpt>
   <trkpt lat="40.26896" lon="22.52493">
    <ele>26.430000000000003</ele>
   </trkpt>
   <trkpt lat="40.26915" lon="22.52464">
    <ele>26.81</ele>
   </trkpt>
   <trkpt lat="40.269220000000004" lon="22.524430000000002">
    <ele>26.81</ele>
   </trkpt>
   <trkpt lat="40.2693" lon="22.52445">
    <ele>27.1</ele>
   </trkpt>
   <trkpt lat="40.26937" lon="22.524440000000002">
    <ele>27.1</ele>
   </trkpt>
   <trkpt lat="40.26943" lon="22.524400000000004">
    <ele>27.12</ele>
   </trkpt>
   <trkpt lat="40.269490000000005" lon="22.524340000000002">
    <ele>27.12</ele>
   </trkpt>
   <trkpt lat="40.269540000000006" lon="22.52418">
    <ele>27.180000000000003</ele>
   </trkpt>
   <trkpt lat="40.269540000000006" lon="22.52408">
    <ele>27.03</ele>
   </trkpt>
   <trkpt lat="40.26961" lon="22.524">
    <ele>27.03</ele>
   </trkpt>
   <trkpt lat="40.26975" lon="22.52389">
    <ele>26.97</ele>
   </trkpt>
   <trkpt lat="40.26986" lon="22.523850000000003">
    <ele>26.98</ele>
   </trkpt>
   <trkpt lat="40.27019000000001" lon="22.5238">
    <ele>27.13</ele>
   </trkpt>
   <trkpt lat="40.270830000000004" lon="22.52344">
    <ele>27.360000000000003</ele>
   </trkpt>
   <trkpt lat="40.271060000000006" lon="22.52325">
    <ele>27.92</ele>
   </trkpt>
   <trkpt lat="40.27134" lon="22.522930000000002">
    <ele>28.200000000000003</ele>
   </trkpt>
   <trkpt lat="40.27141" lon="22.52287">
    <ele>28.200000000000003</ele>
   </trkpt>
   <trkpt lat="40.271550000000005" lon="22.5228">
    <ele>28.17</ele>
   </trkpt>
   <trkpt lat="40.271620000000006" lon="22.5228">
    <ele>28.17</ele>
   </trkpt>
   <trkpt lat="40.271730000000005" lon="22.52289">
    <ele>28.17</ele>
   </trkpt>
   <trkpt lat="40.271820000000005" lon="22.522900000000003">
    <ele>28.23</ele>
   </trkpt>
   <trkpt lat="40.2719" lon="22.52286">
    <ele>28.23</ele>
   </trkpt>
   <trkpt lat="40.27197" lon="22.52278">
    <ele>28.23</ele>
   </trkpt>
   <trkpt lat="40.27201" lon="22.52268">
    <ele>28.42</ele>
   </trkpt>
   <trkpt lat="40.272020000000005" lon="22.5226">
    <ele>28.42</ele>
   </trkpt>
   <trkpt lat="40.27199" lon="22.522460000000002">
    <ele>28.430000000000003</ele>
   </trkpt>
   <trkpt lat="40.27208" lon="22.522340000000003">
    <ele>28.41</ele>
   </trkpt>
   <trkpt lat="40.27252500043392" lon="22.52201500215369">
    <ele>28.5</ele>
   </trkpt>
   <trkpt lat="40.27297" lon="22.521690000000003">
    <ele>28.76</ele>
   </trkpt>
   <trkpt lat="40.27329" lon="22.521500000000003">
    <ele>29.1</ele>
   </trkpt>
   <trkpt lat="40.27366000000001" lon="22.52136">
    <ele>30.0</ele>
   </trkpt>
   <trkpt lat="40.27405" lon="22.52119">
    <ele>30.61</ele>
   </trkpt>
   <trkpt lat="40.2745350003381" lon="22.52090000209423">
    <ele>30.950000000000003</ele>
   </trkpt>
   <trkpt lat="40.275020000000005" lon="22.52061">
    <ele>31.1</ele>
   </trkpt>
   <trkpt lat="40.27561500069021" lon="22.520240003192953">
    <ele>31.650000000000002</ele>
   </trkpt>
   <trkpt lat="40.276210000000006" lon="22.51987">
    <ele>31.8</ele>
   </trkpt>
   <trkpt lat="40.27699500096255" lon="22.51940500537962">
    <ele>32.21</ele>
   </trkpt>
   <trkpt lat="40.27778" lon="22.51894">
    <ele>32.52</ele>
   </trkpt>
   <trkpt lat="40.2782450000871" lon="22.51865500212095">
    <ele>32.550000000000004</ele>
   </trkpt>
   <trkpt lat="40.278710000000004" lon="22.51837">
    <ele>32.75</ele>
   </trkpt>
   <trkpt lat="40.279340000000005" lon="22.51807">
    <ele>32.910000000000004</ele>
   </trkpt>
   <trkpt lat="40.27938" lon="22.5181">
    <ele>32.74</ele>
   </trkpt>
   <trkpt lat="40.279790000000006" lon="22.51799">
    <ele>32.77</ele>
   </trkpt>
   <trkpt lat="40.28009" lon="22.517950000000003">
    <ele>32.77</ele>
   </trkpt>
   <trkpt lat="40.28076" lon="22.517970000000002">
    <ele>33.03</ele>
   </trkpt>
   <trkpt lat="40.281130000000005" lon="22.51801">
    <ele>33.06</ele>
   </trkpt>
   <trkpt lat="40.281620000000004" lon="22.518150000000002">
    <ele>33.38</ele>
   </trkpt>
   <trkpt lat="40.282230000000006" lon="22.51837">
    <ele>34.45</ele>
   </trkpt>
   <trkpt lat="40.28238" lon="22.51839">
    <ele>34.45</ele>
   </trkpt>
   <trkpt lat="40.28291000030417" lon="22.518659997878295">
    <ele>34.9</ele>
   </trkpt>
   <trkpt lat="40.283440000000006" lon="22.51893">
    <ele>35.76</ele>
   </trkpt>
   <trkpt lat="40.28401666766304" lon="22.519259994403427">
    <ele>36.25000000000001</ele>
   </trkpt>
   <trkpt lat="40.284593334388596" lon="22.519589994437055">
    <ele>36.69</ele>
   </trkpt>
   <trkpt lat="40.28517" lon="22.519920000000003">
    <ele>37.25000000000001</ele>
   </trkpt>
   <trkpt lat="40.285823334584265" lon="22.520306659170615">
    <ele>37.78</ele>
   </trkpt>
   <trkpt lat="40.286476667881445" lon="22.520693325815774">
    <ele>38.44</ele>
   </trkpt>
   <trkpt lat="40.287130000000005" lon="22.52108">
    <ele>38.92</ele>
   </trkpt>
   <trkpt lat="40.28773500053721" lon="22.521409997083506">
    <ele>39.25</ele>
   </trkpt>
   <trkpt lat="40.288340000000005" lon="22.52174">
    <ele>39.370000000000005</ele>
   </trkpt>
   <trkpt lat="40.289130001813334" lon="22.52219998924153">
    <ele>39.57</ele>
   </trkpt>
   <trkpt lat="40.28992000180506" lon="22.522659989236516">
    <ele>39.900000000000006</ele>
   </trkpt>
   <trkpt lat="40.290710000000004" lon="22.523120000000002">
    <ele>40.24</ele>
   </trkpt>
   <trkpt lat="40.29146500076651" lon="22.523544995245825">
    <ele>40.53</ele>
   </trkpt>
   <trkpt lat="40.29222" lon="22.523970000000002">
    <ele>40.57</ele>
   </trkpt>
   <trkpt lat="40.29256" lon="22.52426">
    <ele>40.68</ele>
   </trkpt>
   <trkpt lat="40.29276" lon="22.524340000000002">
    <ele>40.68</ele>
   </trkpt>
   <trkpt lat="40.29281" lon="22.52438">
    <ele>40.68</ele>
   </trkpt>
   <trkpt lat="40.292840000000005" lon="22.524440000000002">
    <ele>40.68</ele>
   </trkpt>
   <trkpt lat="40.292840000000005" lon="22.524530000000002">
    <ele>40.480000000000004</ele>
   </trkpt>
   <trkpt lat="40.292860000000005" lon="22.524620000000002">
    <ele>40.480000000000004</ele>
   </trkpt>
   <trkpt lat="40.29294" lon="22.52473">
    <ele>40.480000000000004</ele>
   </trkpt>
   <trkpt lat="40.293060000000004" lon="22.52477">
    <ele>40.550000000000004</ele>
   </trkpt>
   <trkpt lat="40.29312" lon="22.52476">
    <ele>40.550000000000004</ele>
   </trkpt>
   <trkpt lat="40.29321" lon="22.524680000000004">
    <ele>40.88</ele>
   </trkpt>
   <trkpt lat="40.29327000000001" lon="22.524510000000003">
    <ele>40.92</ele>
   </trkpt>
   <trkpt lat="40.293220000000005" lon="22.524320000000003">
    <ele>40.79</ele>
   </trkpt>
   <trkpt lat="40.293380000000006" lon="22.523460000000004">
    <ele>41.1</ele>
   </trkpt>
   <trkpt lat="40.293470000000006" lon="22.522470000000002">
    <ele>41.42</ele>
   </trkpt>
   <trkpt lat="40.29348000245186" lon="22.521715000251945">
    <ele>41.64</ele>
   </trkpt>
   <trkpt lat="40.293490000000006" lon="22.520960000000002">
    <ele>41.97</ele>
   </trkpt>
   <trkpt lat="40.29347002342812" lon="22.519916665098584">
    <ele>42.31</ele>
   </trkpt>
   <trkpt lat="40.293450037484796" lon="22.518873330814166">
    <ele>42.660000000000004</ele>
   </trkpt>
   <trkpt lat="40.293430042170016" lon="22.51782999714703">
    <ele>43.22</ele>
   </trkpt>
   <trkpt lat="40.293410037483824" lon="22.51678666409746">
    <ele>43.800000000000004</ele>
   </trkpt>
   <trkpt lat="40.293390023426205" lon="22.515743331665757">
    <ele>44.43000000000001</ele>
   </trkpt>
   <trkpt lat="40.29337" lon="22.5147">
    <ele>45.09</ele>
   </trkpt>
   <trkpt lat="40.29334000210954" lon="22.513999999696157">
    <ele>45.19</ele>
   </trkpt>
   <trkpt lat="40.293310000000005" lon="22.5133">
    <ele>45.160000000000004</ele>
   </trkpt>
   <trkpt lat="40.293260002286736" lon="22.5125699993552">
    <ele>45.03</ele>
   </trkpt>
   <trkpt lat="40.29321" lon="22.511840000000003">
    <ele>44.54</ele>
   </trkpt>
   <trkpt lat="40.29312500209421" lon="22.511144999248472">
    <ele>44.190000000000005</ele>
   </trkpt>
   <trkpt lat="40.293040000000005" lon="22.510450000000002">
    <ele>43.99</ele>
   </trkpt>
   <trkpt lat="40.29289000426748" lon="22.509454997830332">
    <ele>43.550000000000004</ele>
   </trkpt>
   <trkpt lat="40.29274" lon="22.508460000000003">
    <ele>43.27</ele>
   </trkpt>
   <trkpt lat="40.292570000000005" lon="22.507620000000003">
    <ele>42.940000000000005</ele>
   </trkpt>
   <trkpt lat="40.292340003668016" lon="22.506699996967402">
    <ele>42.68</ele>
   </trkpt>
   <trkpt lat="40.29211" lon="22.50578">
    <ele>42.06</ele>
   </trkpt>
   <trkpt lat="40.29196" lon="22.505080000000003">
    <ele>42.24000000000001</ele>
   </trkpt>
   <trkpt lat="40.29186" lon="22.50478">
    <ele>42.52</ele>
   </trkpt>
   <trkpt lat="40.29167" lon="22.50439">
    <ele>43.36</ele>
   </trkpt>
   <trkpt lat="40.29166" lon="22.50418">
    <ele>43.61</ele>
   </trkpt>
   <trkpt lat="40.29168000000001" lon="22.504140000000003">
    <ele>43.61</ele>
   </trkpt>
   <trkpt lat="40.29177000000001" lon="22.504080000000002">
    <ele>43.61</ele>
   </trkpt>
   <trkpt lat="40.29213" lon="22.5039">
    <ele>44.44</ele>
   </trkpt>
   <trkpt lat="40.29260000023756" lon="22.503745001033764">
    <ele>44.71000000000001</ele>
   </trkpt>
   <trkpt lat="40.29307" lon="22.503590000000003">
    <ele>45.07000000000001</ele>
   </trkpt>
   <trkpt lat="40.29381" lon="22.503410000000002">
    <ele>46.01</ele>
   </trkpt>
   <trkpt lat="40.29465666674454" lon="22.503300002759932">
    <ele>47.16</ele>
   </trkpt>
   <trkpt lat="40.2955033333849" lon="22.5031900027634">
    <ele>47.96</ele>
   </trkpt>
   <trkpt lat="40.296350000000004" lon="22.50308">
    <ele>49.2</ele>
   </trkpt>
   <trkpt lat="40.296690000000005" lon="22.50299">
    <ele>49.370000000000005</ele>
   </trkpt>
   <trkpt lat="40.29683" lon="22.502930000000003">
    <ele>49.550000000000004</ele>
   </trkpt>
   <trkpt lat="40.29753000056782" lon="22.50261500320013">
    <ele>50.11</ele>
   </trkpt>
   <trkpt lat="40.298230000000004" lon="22.5023">
    <ele>51.17000000000001</ele>
   </trkpt>
   <trkpt lat="40.298980000687216" lon="22.501915004248538">
    <ele>52.300000000000004</ele>
   </trkpt>
   <trkpt lat="40.299730000000004" lon="22.501530000000002">
    <ele>53.50000000000001</ele>
   </trkpt>
   <trkpt lat="40.300090000000004" lon="22.50131">
    <ele>53.910000000000004</ele>
   </trkpt>
   <trkpt lat="40.300360000000005" lon="22.5011">
    <ele>54.480000000000004</ele>
   </trkpt>
   <trkpt lat="40.30073" lon="22.5008">
    <ele>55.02</ele>
   </trkpt>
   <trkpt lat="40.30113000037301" lon="22.500435002344055">
    <ele>55.78</ele>
   </trkpt>
   <trkpt lat="40.30153000000001" lon="22.50007">
    <ele>56.53</ele>
   </trkpt>
   <trkpt lat="40.30194" lon="22.499740000000003">
    <ele>57.190000000000005</ele>
   </trkpt>
   <trkpt lat="40.30236" lon="22.499470000000002">
    <ele>58.35</ele>
   </trkpt>
   <trkpt lat="40.302895000461774" lon="22.499190002152442">
    <ele>59.160000000000004</ele>
   </trkpt>
   <trkpt lat="40.303430000000006" lon="22.498910000000002">
    <ele>59.93</ele>
   </trkpt>
   <trkpt lat="40.30371" lon="22.498800000000003">
    <ele>60.13</ele>
   </trkpt>
   <trkpt lat="40.30440500038739" lon="22.498617505644297">
    <ele>60.77</ele>
   </trkpt>
   <trkpt lat="40.30510000048803" lon="22.498435007533327">
    <ele>60.92</ele>
   </trkpt>
   <trkpt lat="40.30579500030192" lon="22.498252505666912">
    <ele>61.27</ele>
   </trkpt>
   <trkpt lat="40.306490000000004" lon="22.498070000000002">
    <ele>62.78</ele>
   </trkpt>
   <trkpt lat="40.306920000000005" lon="22.49783">
    <ele>63.42</ele>
   </trkpt>
   <trkpt lat="40.30747000053177" lon="22.497470002948585">
    <ele>64.33000000000001</ele>
   </trkpt>
   <trkpt lat="40.308020000000006" lon="22.497110000000003">
    <ele>65.01</ele>
   </trkpt>
   <trkpt lat="40.308566668194885" lon="22.496680007010955">
    <ele>65.63000000000001</ele>
   </trkpt>
   <trkpt lat="40.309113334797814" lon="22.496250007061178">
    <ele>66.67</ele>
   </trkpt>
   <trkpt lat="40.30966" lon="22.495820000000002">
    <ele>67.41000000000001</ele>
   </trkpt>
   <trkpt lat="40.310280000000006" lon="22.49537">
    <ele>68.8</ele>
   </trkpt>
   <trkpt lat="40.310790000739324" lon="22.494985002830976">
    <ele>69.44</ele>
   </trkpt>
   <trkpt lat="40.3113" lon="22.494600000000002">
    <ele>70.13000000000001</ele>
   </trkpt>
   <trkpt lat="40.31148" lon="22.49453">
    <ele>70.32000000000001</ele>
   </trkpt>
   <trkpt lat="40.311580000000006" lon="22.494510000000002">
    <ele>70.32000000000001</ele>
   </trkpt>
   <trkpt lat="40.311910000000005" lon="22.49454">
    <ele>70.8</ele>
   </trkpt>
   <trkpt lat="40.31245500004308" lon="22.494679998859542">
    <ele>71.71000000000001</ele>
   </trkpt>
   <trkpt lat="40.313" lon="22.49482">
    <ele>71.75</ele>
   </trkpt>
   <trkpt lat="40.313500000000005" lon="22.494870000000002">
    <ele>69.05</ele>
   </trkpt>
   <trkpt lat="40.31432" lon="22.49483">
    <ele>63.07</ele>
   </trkpt>
   <trkpt lat="40.31447" lon="22.494760000000003">
    <ele>62.730000000000004</ele>
   </trkpt>
   <trkpt lat="40.314620000000005" lon="22.494660000000003">
    <ele>62.660000000000004</ele>
   </trkpt>
   <trkpt lat="40.314750000000004" lon="22.494500000000002">
    <ele>62.81</ele>
   </trkpt>
   <trkpt lat="40.314870000000006" lon="22.49427">
    <ele>63.36</ele>
   </trkpt>
   <trkpt lat="40.314980000000006" lon="22.49386">
    <ele>64.2</ele>
   </trkpt>
   <trkpt lat="40.315180000000005" lon="22.49296">
    <ele>65.97</ele>
   </trkpt>
   <trkpt lat="40.31552000000001" lon="22.492230000000003">
    <ele>67.51</ele>
   </trkpt>
   <trkpt lat="40.3158" lon="22.49174">
    <ele>68.51</ele>
   </trkpt>
   <trkpt lat="40.31598" lon="22.49151">
    <ele>68.93</ele>
   </trkpt>
   <trkpt lat="40.31624" lon="22.491280000000003">
    <ele>69.32000000000001</ele>
   </trkpt>
   <trkpt lat="40.3167600004629" lon="22.490935002689813">
    <ele>70.28</ele>
   </trkpt>
   <trkpt lat="40.317280000000004" lon="22.49059">
    <ele>70.47</ele>
   </trkpt>
   <trkpt lat="40.317720000305314" lon="22.490345001570493">
    <ele>71.89000000000001</ele>
   </trkpt>
   <trkpt lat="40.318160000000006" lon="22.4901">
    <ele>72.64000000000001</ele>
   </trkpt>
   <trkpt lat="40.31844" lon="22.489960000000004">
    <ele>72.97</ele>
   </trkpt>
   <trkpt lat="40.318720000000006" lon="22.489880000000003">
    <ele>73.50000000000001</ele>
   </trkpt>
   <trkpt lat="40.31931000017746" lon="22.489780000851106">
    <ele>73.91</ele>
   </trkpt>
   <trkpt lat="40.319900000000004" lon="22.489680000000003">
    <ele>74.21000000000001</ele>
   </trkpt>
   <trkpt lat="40.320330000000006" lon="22.489590000000003">
    <ele>74.11000000000001</ele>
   </trkpt>
   <trkpt lat="40.32049000000001" lon="22.489520000000002">
    <ele>74.15</ele>
   </trkpt>
   <trkpt lat="40.320640000000004" lon="22.489410000000003">
    <ele>74.45</ele>
   </trkpt>
   <trkpt lat="40.32076" lon="22.48927">
    <ele>74.45</ele>
   </trkpt>
   <trkpt lat="40.32095" lon="22.48899">
    <ele>75.07000000000001</ele>
   </trkpt>
   <trkpt lat="40.32112" lon="22.488660000000003">
    <ele>75.41</ele>
   </trkpt>
   <trkpt lat="40.32142" lon="22.48757">
    <ele>75.82000000000001</ele>
   </trkpt>
   <trkpt lat="40.32151" lon="22.4872">
    <ele>76.47000000000001</ele>
   </trkpt>
   <trkpt lat="40.32159" lon="22.48701">
    <ele>76.58000000000001</ele>
   </trkpt>
   <trkpt lat="40.321650000000005" lon="22.48691">
    <ele>76.58000000000001</ele>
   </trkpt>
   <trkpt lat="40.321870000000004" lon="22.486700000000003">
    <ele>77.07</ele>
   </trkpt>
   <trkpt lat="40.32208000000001" lon="22.48657">
    <ele>77.32</ele>
   </trkpt>
   <trkpt lat="40.32285500075917" lon="22.48616000468822">
    <ele>78.92999999999999</ele>
   </trkpt>
   <trkpt lat="40.32363" lon="22.485750000000003">
    <ele>79.69000000000001</ele>
   </trkpt>
   <trkpt lat="40.323750000000004" lon="22.48571">
    <ele>79.9</ele>
   </trkpt>
   <trkpt lat="40.3239" lon="22.48569">
    <ele>80.17</ele>
   </trkpt>
   <trkpt lat="40.32405000000001" lon="22.48569">
    <ele>80.37</ele>
   </trkpt>
   <trkpt lat="40.32428" lon="22.485750000000003">
    <ele>80.5</ele>
   </trkpt>
   <trkpt lat="40.325045000086284" lon="22.485964997531696">
    <ele>81.09</ele>
   </trkpt>
   <trkpt lat="40.325810000000004" lon="22.48618">
    <ele>83.24000000000001</ele>
   </trkpt>
   <trkpt lat="40.32607" lon="22.486220000000003">
    <ele>84.07000000000001</ele>
   </trkpt>
   <trkpt lat="40.326260000000005" lon="22.4862">
    <ele>85.99000000000001</ele>
   </trkpt>
   <trkpt lat="40.32643" lon="22.486140000000002">
    <ele>86.64</ele>
   </trkpt>
   <trkpt lat="40.327003334237354" lon="22.48582000542394">
    <ele>89.56</ele>
   </trkpt>
   <trkpt lat="40.32757666759297" lon="22.48550000541157">
    <ele>95.7</ele>
   </trkpt>
   <trkpt lat="40.32815" lon="22.485180000000003">
    <ele>101.22</ele>
   </trkpt>
   <trkpt lat="40.328320000000005" lon="22.48514">
    <ele>101.22</ele>
   </trkpt>
   <trkpt lat="40.32847" lon="22.48517">
    <ele>104.29</ele>
   </trkpt>
   <trkpt lat="40.328590000000005" lon="22.48524">
    <ele>104.29</ele>
   </trkpt>
   <trkpt lat="40.329100000000004" lon="22.48607">
    <ele>110.54</ele>
   </trkpt>
   <trkpt lat="40.329260000000005" lon="22.48628">
    <ele>113.4</ele>
   </trkpt>
   <trkpt lat="40.32945" lon="22.48646">
    <ele>116.33</ele>
   </trkpt>
   <trkpt lat="40.32983" lon="22.48664">
    <ele>116.33</ele>
   </trkpt>
   <trkpt lat="40.330110000000005" lon="22.486690000000003">
    <ele>120.86000000000001</ele>
   </trkpt>
   <trkpt lat="40.330330000000004" lon="22.486700000000003">
    <ele>123.04</ele>
   </trkpt>
   <trkpt lat="40.33053" lon="22.48666">
    <ele>124.06</ele>
   </trkpt>
   <trkpt lat="40.33075" lon="22.48657">
    <ele>125.04</ele>
   </trkpt>
   <trkpt lat="40.331465000951425" lon="22.48611500478242">
    <ele>132.32000000000002</ele>
   </trkpt>
   <trkpt lat="40.33218" lon="22.485660000000003">
    <ele>135.97</ele>
   </trkpt>
   <trkpt lat="40.332390000000004" lon="22.485580000000002">
    <ele>137.20000000000002</ele>
   </trkpt>
   <trkpt lat="40.332600000000006" lon="22.485570000000003">
    <ele>139.42000000000002</ele>
   </trkpt>
   <trkpt lat="40.33287" lon="22.48562">
    <ele>139.42000000000002</ele>
   </trkpt>
   <trkpt lat="40.33369666745623" lon="22.485923325900323">
    <ele>143.69</ele>
   </trkpt>
   <trkpt lat="40.33452333412015" lon="22.48622665923251">
    <ele>145.8</ele>
   </trkpt>
   <trkpt lat="40.335350000000005" lon="22.486530000000002">
    <ele>149.88000000000002</ele>
   </trkpt>
   <trkpt lat="40.33574" lon="22.48666">
    <ele>151.73</ele>
   </trkpt>
   <trkpt lat="40.3361" lon="22.486720000000002">
    <ele>152.95</ele>
   </trkpt>
   <trkpt lat="40.33695200008051" lon="22.486783996768093">
    <ele>156.54000000000002</ele>
   </trkpt>
   <trkpt lat="40.33780400012575" lon="22.486847995152424">
    <ele>160.99</ele>
   </trkpt>
   <trkpt lat="40.33865600013571" lon="22.48691199515308">
    <ele>166.21</ele>
   </trkpt>
   <trkpt lat="40.3395080001104" lon="22.486975996770163">
    <ele>170.47</ele>
   </trkpt>
   <trkpt lat="40.340360000000004" lon="22.48704">
    <ele>172.19</ele>
   </trkpt>
   <trkpt lat="40.341114999976334" lon="22.48711499915589">
    <ele>172.03</ele>
   </trkpt>
   <trkpt lat="40.34187" lon="22.487190000000002">
    <ele>172.26000000000002</ele>
   </trkpt>
   <trkpt lat="40.34201" lon="22.487190000000002">
    <ele>172.42000000000002</ele>
   </trkpt>
   <trkpt lat="40.34216" lon="22.487150000000003">
    <ele>172.84000000000003</ele>
   </trkpt>
   <trkpt lat="40.34232" lon="22.487070000000003">
    <ele>173.24</ele>
   </trkpt>
   <trkpt lat="40.342470000000006" lon="22.48695">
    <ele>173.99</ele>
   </trkpt>
   <trkpt lat="40.342870000801" lon="22.48657500204031">
    <ele>175.24</ele>
   </trkpt>
   <trkpt lat="40.343270000000004" lon="22.4862">
    <ele>175.89000000000001</ele>
   </trkpt>
   <trkpt lat="40.34348000000001" lon="22.486030000000003">
    <ele>175.89000000000001</ele>
   </trkpt>
   <trkpt lat="40.34373" lon="22.48592">
    <ele>176.29</ele>
   </trkpt>
   <trkpt lat="40.344446667201034" lon="22.485673338571157">
    <ele>177.28000000000003</ele>
   </trkpt>
   <trkpt lat="40.3451633338781" lon="22.485426671900996">
    <ele>177.85</ele>
   </trkpt>
   <trkpt lat="40.34588" lon="22.485180000000003">
    <ele>178.54</ele>
   </trkpt>
   <trkpt lat="40.346120000000006" lon="22.485080000000004">
    <ele>178.66</ele>
   </trkpt>
   <trkpt lat="40.34691000077897" lon="22.48463500525362">
    <ele>180.27</ele>
   </trkpt>
   <trkpt lat="40.3477" lon="22.48419">
    <ele>182.45</ele>
   </trkpt>
   <trkpt lat="40.34788" lon="22.484070000000003">
    <ele>184.37</ele>
   </trkpt>
   <trkpt lat="40.348090000000006" lon="22.483900000000002">
    <ele>184.37</ele>
   </trkpt>
   <trkpt lat="40.34826" lon="22.48372">
    <ele>185.27</ele>
   </trkpt>
   <trkpt lat="40.348490000000005" lon="22.483400000000003">
    <ele>186.77</ele>
   </trkpt>
   <trkpt lat="40.34902500883853" lon="22.482572519703496">
    <ele>189.98000000000002</ele>
   </trkpt>
   <trkpt lat="40.349560011780206" lon="22.481745026278716">
    <ele>195.74</ele>
   </trkpt>
   <trkpt lat="40.35009500882481" lon="22.480917519725345">
    <ele>200.17000000000002</ele>
   </trkpt>
   <trkpt lat="40.35063" lon="22.48009">
    <ele>204.53</ele>
   </trkpt>
   <trkpt lat="40.351155001218835" lon="22.479560004116603">
    <ele>208.25</ele>
   </trkpt>
   <trkpt lat="40.35168" lon="22.47903">
    <ele>211.44000000000003</ele>
   </trkpt>
   <trkpt lat="40.35184" lon="22.478910000000003">
    <ele>212.72000000000003</ele>
   </trkpt>
   <trkpt lat="40.35197" lon="22.47884">
    <ele>213.27</ele>
   </trkpt>
   <trkpt lat="40.35211" lon="22.478790000000004">
    <ele>213.27</ele>
   </trkpt>
   <trkpt lat="40.35267000020141" lon="22.4786650010081">
    <ele>216.01</ele>
   </trkpt>
   <trkpt lat="40.35323" lon="22.478540000000002">
    <ele>217.57000000000002</ele>
   </trkpt>
   <trkpt lat="40.35347" lon="22.478450000000002">
    <ele>219.47000000000003</ele>
   </trkpt>
   <trkpt lat="40.353995000242506" lon="22.478205001914933">
    <ele>219.47000000000003</ele>
   </trkpt>
   <trkpt lat="40.35452" lon="22.477960000000003">
    <ele>222.78</ele>
   </trkpt>
   <trkpt lat="40.355163334014506" lon="22.47767667207768">
    <ele>225.0</ele>
   </trkpt>
   <trkpt lat="40.35580666733767" lon="22.477393338748904">
    <ele>227.67000000000002</ele>
   </trkpt>
   <trkpt lat="40.35645" lon="22.477110000000003">
    <ele>229.96</ele>
   </trkpt>
   <trkpt lat="40.35663" lon="22.47706">
    <ele>230.17000000000002</ele>
   </trkpt>
   <trkpt lat="40.357470000000006" lon="22.476940000000003">
    <ele>231.13000000000002</ele>
   </trkpt>
   <trkpt lat="40.35804" lon="22.476760000000002">
    <ele>231.31</ele>
   </trkpt>
   <trkpt lat="40.35886500058369" lon="22.4763750047366">
    <ele>232.20000000000002</ele>
   </trkpt>
   <trkpt lat="40.35969" lon="22.475990000000003">
    <ele>235.34</ele>
   </trkpt>
   <trkpt lat="40.35981" lon="22.475920000000002">
    <ele>236.14000000000001</ele>
   </trkpt>
   <trkpt lat="40.359950000000005" lon="22.47577">
    <ele>236.44</ele>
   </trkpt>
   <trkpt lat="40.360020000000006" lon="22.47566">
    <ele>236.44</ele>
   </trkpt>
   <trkpt lat="40.36045333977127" lon="22.474793344536675">
    <ele>239.15000000000003</ele>
   </trkpt>
   <trkpt lat="40.360886673073686" lon="22.473926677931992">
    <ele>241.3</ele>
   </trkpt>
   <trkpt lat="40.361320000000006" lon="22.47306">
    <ele>243.26000000000002</ele>
   </trkpt>
   <trkpt lat="40.361815002237684" lon="22.47234500519778">
    <ele>243.56000000000003</ele>
   </trkpt>
   <trkpt lat="40.36231" lon="22.47163">
    <ele>244.02</ele>
   </trkpt>
   <trkpt lat="40.36253000000001" lon="22.47117">
    <ele>244.32</ele>
   </trkpt>
   <trkpt lat="40.362700000000004" lon="22.4707">
    <ele>245.15</ele>
   </trkpt>
   <trkpt lat="40.36298001043121" lon="22.469600009098787">
    <ele>248.72000000000003</ele>
   </trkpt>
   <trkpt lat="40.36326001044128" lon="22.468500009059397">
    <ele>252.22</ele>
   </trkpt>
   <trkpt lat="40.36354" lon="22.4674">
    <ele>255.98999999999998</ele>
   </trkpt>
   <trkpt lat="40.3637" lon="22.46686">
    <ele>257.87000000000006</ele>
   </trkpt>
   <trkpt lat="40.364050000000006" lon="22.466240000000003">
    <ele>260.61</ele>
   </trkpt>
   <trkpt lat="40.36424" lon="22.4658">
    <ele>261.82</ele>
   </trkpt>
   <trkpt lat="40.3644550022076" lon="22.46509000214315">
    <ele>264.01</ele>
   </trkpt>
   <trkpt lat="40.364670000000004" lon="22.464380000000002">
    <ele>264.95</ele>
   </trkpt>
   <trkpt lat="40.36491000586869" lon="22.46355333927871">
    <ele>266.75000000000006</ele>
   </trkpt>
   <trkpt lat="40.3651500058517" lon="22.462726672670644">
    <ele>268.46000000000004</ele>
   </trkpt>
   <trkpt lat="40.365390000000005" lon="22.461900000000004">
    <ele>269.53000000000003</ele>
   </trkpt>
   <trkpt lat="40.36558" lon="22.461540000000003">
    <ele>270.87</ele>
   </trkpt>
   <trkpt lat="40.366080000000004" lon="22.460800000000003">
    <ele>274.88</ele>
   </trkpt>
   <trkpt lat="40.36623" lon="22.46047">
    <ele>274.88</ele>
   </trkpt>
   <trkpt lat="40.36654500384606" lon="22.459520004561753">
    <ele>280.11</ele>
   </trkpt>
   <trkpt lat="40.36686" lon="22.45857">
    <ele>283.56</ele>
   </trkpt>
   <trkpt lat="40.36701" lon="22.458270000000002">
    <ele>284.92</ele>
   </trkpt>
   <trkpt lat="40.367270000000005" lon="22.45792">
    <ele>286.66</ele>
   </trkpt>
   <trkpt lat="40.367470000000004" lon="22.457770000000004">
    <ele>286.66</ele>
   </trkpt>
   <trkpt lat="40.368210000000005" lon="22.457430000000002">
    <ele>287.59000000000003</ele>
   </trkpt>
   <trkpt lat="40.36907" lon="22.457130000000003">
    <ele>286.08</ele>
   </trkpt>
   <trkpt lat="40.369595000050076" lon="22.45698000118187">
    <ele>286.95000000000005</ele>
   </trkpt>
   <trkpt lat="40.37012" lon="22.45683">
    <ele>288.51000000000005</ele>
   </trkpt>
   <trkpt lat="40.37022" lon="22.45683">
    <ele>289.97</ele>
   </trkpt>
   <trkpt lat="40.37055" lon="22.456930000000003">
    <ele>291.62000000000006</ele>
   </trkpt>
   <trkpt lat="40.37098" lon="22.45708">
    <ele>294.29</ele>
   </trkpt>
   <trkpt lat="40.37127" lon="22.457220000000003">
    <ele>297.07</ele>
   </trkpt>
   <trkpt lat="40.37172" lon="22.457620000000002">
    <ele>301.57</ele>
   </trkpt>
   <trkpt lat="40.371880000000004" lon="22.457690000000003">
    <ele>303.54</ele>
   </trkpt>
   <trkpt lat="40.37201" lon="22.457690000000003">
    <ele>304.1700000000001</ele>
   </trkpt>
   <trkpt lat="40.372890000000005" lon="22.45756">
    <ele>308.12</ele>
   </trkpt>
   <trkpt lat="40.373090000000005" lon="22.45756">
    <ele>308.38000000000005</ele>
   </trkpt>
   <trkpt lat="40.3737550000805" lon="22.45774999810353">
    <ele>307.95</ele>
   </trkpt>
   <trkpt lat="40.37442" lon="22.45794">
    <ele>305.57</ele>
   </trkpt>
   <trkpt lat="40.37464000000001" lon="22.45792">
    <ele>305.35</ele>
   </trkpt>
   <trkpt lat="40.37508500007646" lon="22.457800000788612">
    <ele>305.26000000000005</ele>
   </trkpt>
   <trkpt lat="40.375530000000005" lon="22.457680000000003">
    <ele>305.39000000000004</ele>
   </trkpt>
   <trkpt lat="40.37633500023716" lon="22.457435002933618">
    <ele>305.81</ele>
   </trkpt>
   <trkpt lat="40.377140000000004" lon="22.45719">
    <ele>306.14000000000004</ele>
   </trkpt>
   <trkpt lat="40.37778" lon="22.45698">
    <ele>306.39000000000004</ele>
   </trkpt>
   <trkpt lat="40.37789" lon="22.456930000000003">
    <ele>306.39000000000004</ele>
   </trkpt>
   <trkpt lat="40.378" lon="22.456840000000003">
    <ele>306.39000000000004</ele>
   </trkpt>
   <trkpt lat="40.37852" lon="22.45625">
    <ele>307.12</ele>
   </trkpt>
   <trkpt lat="40.37896666917326" lon="22.455706673915092">
    <ele>308.46</ele>
   </trkpt>
   <trkpt lat="40.37941333580377" lon="22.45516334062581">
    <ele>309.38000000000005</ele>
   </trkpt>
   <trkpt lat="40.37986" lon="22.454620000000002">
    <ele>310.09000000000003</ele>
   </trkpt>
   <trkpt lat="40.380370000000006" lon="22.45388">
    <ele>310.49</ele>
   </trkpt>
   <trkpt lat="40.380880000000005" lon="22.45304">
    <ele>311.68</ele>
   </trkpt>
   <trkpt lat="40.38136" lon="22.45241">
    <ele>312.37</ele>
   </trkpt>
   <trkpt lat="40.38147" lon="22.45221">
    <ele>313.07</ele>
   </trkpt>
   <trkpt lat="40.38154" lon="22.451970000000003">
    <ele>313.51</ele>
   </trkpt>
   <trkpt lat="40.38163" lon="22.45145">
    <ele>315.51</ele>
   </trkpt>
   <trkpt lat="40.381690001491116" lon="22.450865000352962">
    <ele>317.32000000000005</ele>
   </trkpt>
   <trkpt lat="40.381750000000004" lon="22.450280000000003">
    <ele>318.47</ele>
   </trkpt>
   <trkpt lat="40.38195" lon="22.449740000000002">
    <ele>319.24</ele>
   </trkpt>
   <trkpt lat="40.38224" lon="22.449240000000003">
    <ele>319.34000000000003</ele>
   </trkpt>
   <trkpt lat="40.382720000000006" lon="22.448310000000003">
    <ele>319.56</ele>
   </trkpt>
   <trkpt lat="40.38316500042296" lon="22.447995002084014">
    <ele>319.32000000000005</ele>
   </trkpt>
   <trkpt lat="40.383610000000004" lon="22.447680000000002">
    <ele>319.09000000000003</ele>
   </trkpt>
   <trkpt lat="40.384145000366495" lon="22.447405002163197">
    <ele>319.15999999999997</ele>
   </trkpt>
   <trkpt lat="40.38468" lon="22.44713">
    <ele>319.6</ele>
   </trkpt>
   <trkpt lat="40.38514500019198" lon="22.446940001296735">
    <ele>320.13</ele>
   </trkpt>
   <trkpt lat="40.38561" lon="22.44675">
    <ele>321.42</ele>
   </trkpt>
   <trkpt lat="40.385960000000004" lon="22.44641">
    <ele>322.57</ele>
   </trkpt>
   <trkpt lat="40.386340000000004" lon="22.44574">
    <ele>323.52000000000004</ele>
   </trkpt>
   <trkpt lat="40.38653" lon="22.44516">
    <ele>324.85</ele>
   </trkpt>
   <trkpt lat="40.386610000000005" lon="22.444670000000002">
    <ele>326.87000000000006</ele>
   </trkpt>
   <trkpt lat="40.38656" lon="22.444170000000003">
    <ele>328.87000000000006</ele>
   </trkpt>
   <trkpt lat="40.386410000000005" lon="22.443810000000003">
    <ele>331.27</ele>
   </trkpt>
   <trkpt lat="40.38618" lon="22.44348">
    <ele>334.05</ele>
   </trkpt>
   <trkpt lat="40.386160000000004" lon="22.443130000000004">
    <ele>335.83</ele>
   </trkpt>
   <trkpt lat="40.386210000000005" lon="22.442770000000003">
    <ele>337.24</ele>
   </trkpt>
   <trkpt lat="40.386435001444916" lon="22.442210001636063">
    <ele>340.64000000000004</ele>
   </trkpt>
   <trkpt lat="40.386660000000006" lon="22.441650000000003">
    <ele>344.94</ele>
   </trkpt>
   <trkpt lat="40.386990000000004" lon="22.44097">
    <ele>351.37</ele>
   </trkpt>
   <trkpt lat="40.387220000000006" lon="22.440730000000002">
    <ele>353.82</ele>
   </trkpt>
   <trkpt lat="40.3877200003601" lon="22.440475001852235">
    <ele>358.57000000000005</ele>
   </trkpt>
   <trkpt lat="40.388220000000004" lon="22.440220000000004">
    <ele>361.71000000000004</ele>
   </trkpt>
   <trkpt lat="40.38868500141439" lon="22.43966500372715">
    <ele>363.77000000000004</ele>
   </trkpt>
   <trkpt lat="40.38915" lon="22.439110000000003">
    <ele>364.33000000000004</ele>
   </trkpt>
   <trkpt lat="40.38979500082581" lon="22.43868500403882">
    <ele>362.33000000000004</ele>
   </trkpt>
   <trkpt lat="40.390440000000005" lon="22.438260000000003">
    <ele>360.46</ele>
   </trkpt>
   <trkpt lat="40.39087500065793" lon="22.437870002516615">
    <ele>359.44000000000005</ele>
   </trkpt>
   <trkpt lat="40.391310000000004" lon="22.43748">
    <ele>359.16</ele>
   </trkpt>
   <trkpt lat="40.391780000000004" lon="22.436510000000002">
    <ele>359.09000000000003</ele>
   </trkpt>
   <trkpt lat="40.391925001992846" lon="22.43583500131157">
    <ele>360.32000000000005</ele>
   </trkpt>
   <trkpt lat="40.392070000000004" lon="22.435160000000003">
    <ele>361.48</ele>
   </trkpt>
   <trkpt lat="40.392430000000004" lon="22.43438">
    <ele>362.34000000000003</ele>
   </trkpt>
   <trkpt lat="40.39294333592734" lon="22.433830008398022">
    <ele>362.96</ele>
   </trkpt>
   <trkpt lat="40.39345666924898" lon="22.433280008410676">
    <ele>363.19</ele>
   </trkpt>
   <trkpt lat="40.39397" lon="22.432730000000003">
    <ele>362.90000000000003</ele>
   </trkpt>
   <trkpt lat="40.394400000000005" lon="22.431900000000002">
    <ele>363.40000000000003</ele>
   </trkpt>
   <trkpt lat="40.39463000000001" lon="22.431230000000003">
    <ele>366.1</ele>
   </trkpt>
   <trkpt lat="40.39468" lon="22.430780000000002">
    <ele>369.61</ele>
   </trkpt>
   <trkpt lat="40.394670000000005" lon="22.43051">
    <ele>371.37</ele>
   </trkpt>
   <trkpt lat="40.39459" lon="22.430110000000003">
    <ele>374.51</ele>
   </trkpt>
   <trkpt lat="40.39444" lon="22.42961">
    <ele>377.47</ele>
   </trkpt>
   <trkpt lat="40.394450000000006" lon="22.42939">
    <ele>378.37</ele>
   </trkpt>
   <trkpt lat="40.394715001148384" lon="22.428870002078376">
    <ele>379.51</ele>
   </trkpt>
   <trkpt lat="40.394980000000004" lon="22.428350000000002">
    <ele>380.0</ele>
   </trkpt>
   <trkpt lat="40.39522" lon="22.427960000000002">
    <ele>380.01</ele>
   </trkpt>
   <trkpt lat="40.395810000000004" lon="22.427580000000003">
    <ele>378.52000000000004</ele>
   </trkpt>
   <trkpt lat="40.39656" lon="22.42706">
    <ele>376.70000000000005</ele>
   </trkpt>
   <trkpt lat="40.39698500044423" lon="22.426745001975867">
    <ele>377.07</ele>
   </trkpt>
   <trkpt lat="40.39741" lon="22.426430000000003">
    <ele>377.65000000000003</ele>
   </trkpt>
   <trkpt lat="40.39802500238459" lon="22.425695006644833">
    <ele>380.15000000000003</ele>
   </trkpt>
   <trkpt lat="40.39864" lon="22.424960000000002">
    <ele>383.69</ele>
   </trkpt>
   <trkpt lat="40.398900000000005" lon="22.42482">
    <ele>384.21999999999997</ele>
   </trkpt>
   <trkpt lat="40.39961499985738" lon="22.424745000814035">
    <ele>385.45</ele>
   </trkpt>
   <trkpt lat="40.400330000000004" lon="22.424670000000003">
    <ele>387.41</ele>
   </trkpt>
   <trkpt lat="40.40104" lon="22.424480000000003">
    <ele>388.64000000000004</ele>
   </trkpt>
   <trkpt lat="40.40163000035905" lon="22.42425500191821">
    <ele>388.97</ele>
   </trkpt>
   <trkpt lat="40.40222" lon="22.424030000000002">
    <ele>390.86</ele>
   </trkpt>
   <trkpt lat="40.40268000018714" lon="22.42389000092542">
    <ele>392.13000000000005</ele>
   </trkpt>
   <trkpt lat="40.40314" lon="22.423750000000002">
    <ele>395.68</ele>
   </trkpt>
   <trkpt lat="40.40359000041651" lon="22.423395002472866">
    <ele>398.02000000000004</ele>
   </trkpt>
   <trkpt lat="40.40404" lon="22.42304">
    <ele>399.24</ele>
   </trkpt>
   <trkpt lat="40.40435500144947" lon="22.422460002713333">
    <ele>400.70000000000005</ele>
   </trkpt>
   <trkpt lat="40.40467" lon="22.42188">
    <ele>402.16</ele>
   </trkpt>
   <trkpt lat="40.40504000000001" lon="22.421090000000003">
    <ele>404.81000000000006</ele>
   </trkpt>
   <trkpt lat="40.40529500445685" lon="22.420075003768297">
    <ele>406.6</ele>
   </trkpt>
   <trkpt lat="40.405550000000005" lon="22.41906">
    <ele>405.96000000000004</ele>
   </trkpt>
   <trkpt lat="40.4057900029138" lon="22.418240002863907">
    <ele>405.61</ele>
   </trkpt>
   <trkpt lat="40.40603" lon="22.417420000000003">
    <ele>406.36000000000007</ele>
   </trkpt>
   <trkpt lat="40.4061" lon="22.41711">
    <ele>407.67</ele>
   </trkpt>
   <trkpt lat="40.406110000000005" lon="22.416950000000003">
    <ele>408.08000000000004</ele>
   </trkpt>
   <trkpt lat="40.4061" lon="22.41666">
    <ele>408.68</ele>
   </trkpt>
   <trkpt lat="40.40601" lon="22.415730000000003">
    <ele>408.40000000000003</ele>
   </trkpt>
   <trkpt lat="40.406000000000006" lon="22.41535">
    <ele>407.6</ele>
   </trkpt>
   <trkpt lat="40.406060000000004" lon="22.41503">
    <ele>407.25000000000006</ele>
   </trkpt>
   <trkpt lat="40.406180000000006" lon="22.41469">
    <ele>407.19000000000005</ele>
   </trkpt>
   <trkpt lat="40.40657" lon="22.413870000000003">
    <ele>407.80000000000007</ele>
   </trkpt>
   <trkpt lat="40.407030000000006" lon="22.41297">
    <ele>408.67</ele>
   </trkpt>
   <trkpt lat="40.40729" lon="22.412290000000002">
    <ele>408.52000000000004</ele>
   </trkpt>
   <trkpt lat="40.40758000324703" lon="22.41142500365511">
    <ele>409.35</ele>
   </trkpt>
   <trkpt lat="40.40787" lon="22.41056">
    <ele>411.53</ele>
   </trkpt>
   <trkpt lat="40.40811" lon="22.41015">
    <ele>413.1</ele>
   </trkpt>
   <trkpt lat="40.408370000000005" lon="22.40978">
    <ele>414.83000000000004</ele>
   </trkpt>
   <trkpt lat="40.408570000000005" lon="22.40941">
    <ele>416.53000000000003</ele>
   </trkpt>
   <trkpt lat="40.408640000000005" lon="22.40914">
    <ele>419.2</ele>
   </trkpt>
   <trkpt lat="40.40863" lon="22.40886">
    <ele>420.84000000000003</ele>
   </trkpt>
   <trkpt lat="40.40850500186036" lon="22.408194998528305">
    <ele>423.55</ele>
   </trkpt>
   <trkpt lat="40.40838" lon="22.40753">
    <ele>425.24000000000007</ele>
   </trkpt>
   <trkpt lat="40.40834" lon="22.407040000000002">
    <ele>426.06000000000006</ele>
   </trkpt>
   <trkpt lat="40.40837667734527" lon="22.405926667865746">
    <ele>427.92</ele>
   </trkpt>
   <trkpt lat="40.40841334401241" lon="22.40481333451821">
    <ele>431.98</ele>
   </trkpt>
   <trkpt lat="40.40845" lon="22.4037">
    <ele>435.48</ele>
   </trkpt>
   <trkpt lat="40.40854500185768" lon="22.403040001061015">
    <ele>436.59000000000003</ele>
   </trkpt>
   <trkpt lat="40.408640000000005" lon="22.40238">
    <ele>437.74</ele>
   </trkpt>
   <trkpt lat="40.408640000000005" lon="22.402130000000003">
    <ele>437.89000000000004</ele>
   </trkpt>
   <trkpt lat="40.4086" lon="22.401760000000003">
    <ele>438.39000000000004</ele>
   </trkpt>
   <trkpt lat="40.40844000192423" lon="22.401089998367947">
    <ele>439.55000000000007</ele>
   </trkpt>
   <trkpt lat="40.408280000000005" lon="22.40042">
    <ele>441.64000000000004</ele>
   </trkpt>
   <trkpt lat="40.40814" lon="22.400090000000002">
    <ele>443.57</ele>
   </trkpt>
   <trkpt lat="40.408010000000004" lon="22.399870000000004">
    <ele>444.31</ele>
   </trkpt>
   <trkpt lat="40.40784" lon="22.399720000000002">
    <ele>444.72</ele>
   </trkpt>
   <trkpt lat="40.40757" lon="22.399540000000002">
    <ele>444.73</ele>
   </trkpt>
   <trkpt lat="40.40733" lon="22.399310000000003">
    <ele>444.05000000000007</ele>
   </trkpt>
   <trkpt lat="40.406960000000005" lon="22.39889">
    <ele>441.8</ele>
   </trkpt>
   <trkpt lat="40.40673" lon="22.39834">
    <ele>440.76000000000005</ele>
   </trkpt>
   <trkpt lat="40.406585001363474" lon="22.39775999840839">
    <ele>440.1700000000001</ele>
   </trkpt>
   <trkpt lat="40.40644" lon="22.397180000000002">
    <ele>440.94000000000005</ele>
   </trkpt>
   <trkpt lat="40.40632" lon="22.396880000000003">
    <ele>441.14000000000004</ele>
   </trkpt>
   <trkpt lat="40.40619" lon="22.396620000000002">
    <ele>441.37</ele>
   </trkpt>
   <trkpt lat="40.40583" lon="22.396120000000003">
    <ele>441.94000000000005</ele>
   </trkpt>
   <trkpt lat="40.405480000602005" lon="22.395724997866992">
    <ele>442.32000000000005</ele>
   </trkpt>
   <trkpt lat="40.40513" lon="22.39533">
    <ele>442.85</ele>
   </trkpt>
   <trkpt lat="40.40464" lon="22.394810000000003">
    <ele>444.06</ele>
   </trkpt>
   <trkpt lat="40.40451" lon="22.3946">
    <ele>444.88000000000005</ele>
   </trkpt>
   <trkpt lat="40.40448000000001" lon="22.394090000000002">
    <ele>444.58000000000004</ele>
   </trkpt>
   <trkpt lat="40.40455" lon="22.39364">
    <ele>441.8</ele>
   </trkpt>
   <trkpt lat="40.40455" lon="22.39348">
    <ele>438.95000000000005</ele>
   </trkpt>
   <trkpt lat="40.404520000000005" lon="22.393330000000002">
    <ele>437.87</ele>
   </trkpt>
   <trkpt lat="40.40446" lon="22.393210000000003">
    <ele>436.84000000000003</ele>
   </trkpt>
   <trkpt lat="40.40396000046771" lon="22.392819996956888">
    <ele>431.59000000000003</ele>
   </trkpt>
   <trkpt lat="40.40346" lon="22.39243">
    <ele>428.46</ele>
   </trkpt>
   <trkpt lat="40.40334" lon="22.392310000000002">
    <ele>427.63</ele>
   </trkpt>
   <trkpt lat="40.403270000000006" lon="22.39216">
    <ele>425.73</ele>
   </trkpt>
   <trkpt lat="40.40321" lon="22.39196">
    <ele>424.65000000000003</ele>
   </trkpt>
   <trkpt lat="40.403150000000004" lon="22.391630000000003">
    <ele>419.52000000000004</ele>
   </trkpt>
   <trkpt lat="40.403090000000006" lon="22.391460000000002">
    <ele>418.28000000000003</ele>
   </trkpt>
   <trkpt lat="40.40299" lon="22.3913">
    <ele>416.67</ele>
   </trkpt>
   <trkpt lat="40.40241" lon="22.39082">
    <ele>411.22</ele>
   </trkpt>
   <trkpt lat="40.40234" lon="22.390710000000002">
    <ele>411.27000000000004</ele>
   </trkpt>
   <trkpt lat="40.40227" lon="22.39055">
    <ele>411.38</ele>
   </trkpt>
   <trkpt lat="40.401990000000005" lon="22.389570000000003">
    <ele>411.05</ele>
   </trkpt>
   <trkpt lat="40.40185" lon="22.389170000000004">
    <ele>410.59</ele>
   </trkpt>
   <trkpt lat="40.40158" lon="22.388650000000002">
    <ele>409.72</ele>
   </trkpt>
   <trkpt lat="40.40148000000001" lon="22.3884">
    <ele>408.7</ele>
   </trkpt>
   <trkpt lat="40.40126" lon="22.38774">
    <ele>407.40000000000003</ele>
   </trkpt>
   <trkpt lat="40.40088" lon="22.38672">
    <ele>406.4200000000001</ele>
   </trkpt>
   <trkpt lat="40.400710000000004" lon="22.386120000000002">
    <ele>405.93</ele>
   </trkpt>
   <trkpt lat="40.40061" lon="22.385620000000003">
    <ele>405.65</ele>
   </trkpt>
   <trkpt lat="40.40050001165835" lon="22.384456662865794">
    <ele>405.08000000000004</ele>
   </trkpt>
   <trkpt lat="40.400390011658395" lon="22.38329332953307">
    <ele>403.08000000000004</ele>
   </trkpt>
   <trkpt lat="40.40028" lon="22.38213">
    <ele>402.41</ele>
   </trkpt>
   <trkpt lat="40.40028" lon="22.381380000000004">
    <ele>402.19000000000005</ele>
   </trkpt>
   <trkpt lat="40.40041" lon="22.38049">
    <ele>402.44</ele>
   </trkpt>
   <trkpt lat="40.40055" lon="22.37985">
    <ele>403.22</ele>
   </trkpt>
   <trkpt lat="40.40076500121293" lon="22.379330001544027">
    <ele>404.72</ele>
   </trkpt>
   <trkpt lat="40.400980000000004" lon="22.37881">
    <ele>403.77</ele>
   </trkpt>
   <trkpt lat="40.40106" lon="22.37873">
    <ele>403.08000000000004</ele>
   </trkpt>
   <trkpt lat="40.401410000000006" lon="22.377860000000002">
    <ele>399.1</ele>
   </trkpt>
   <trkpt lat="40.40156" lon="22.377440000000004">
    <ele>397.96000000000004</ele>
   </trkpt>
   <trkpt lat="40.40171" lon="22.377090000000003">
    <ele>395.97</ele>
   </trkpt>
   <trkpt lat="40.401900000000005" lon="22.37656">
    <ele>392.52000000000004</ele>
   </trkpt>
   <trkpt lat="40.40218" lon="22.37565">
    <ele>385.59000000000003</ele>
   </trkpt>
   <trkpt lat="40.4025" lon="22.375100000000003">
    <ele>382.23</ele>
   </trkpt>
   <trkpt lat="40.40283" lon="22.374840000000003">
    <ele>378.45</ele>
   </trkpt>
   <trkpt lat="40.40316000000001" lon="22.374730000000003">
    <ele>373.74</ele>
   </trkpt>
   <trkpt lat="40.40401000000001" lon="22.3749">
    <ele>365.14</ele>
   </trkpt>
   <trkpt lat="40.404360000000004" lon="22.374820000000003">
    <ele>362.28000000000003</ele>
   </trkpt>
   <trkpt lat="40.404970000000006" lon="22.374840000000003">
    <ele>356.72</ele>
   </trkpt>
   <trkpt lat="40.405150000000006" lon="22.374830000000003">
    <ele>355.82</ele>
   </trkpt>
   <trkpt lat="40.405550000000005" lon="22.374480000000002">
    <ele>350.98</ele>
   </trkpt>
   <trkpt lat="40.40594" lon="22.373810000000002">
    <ele>345.51000000000005</ele>
   </trkpt>
   <trkpt lat="40.406130000000005" lon="22.37356">
    <ele>343.31</ele>
   </trkpt>
   <trkpt lat="40.40644" lon="22.37337">
    <ele>341.57000000000005</ele>
   </trkpt>
   <trkpt lat="40.40672" lon="22.373160000000002">
    <ele>339.03000000000003</ele>
   </trkpt>
   <trkpt lat="40.40719" lon="22.37292">
    <ele>336.18</ele>
   </trkpt>
   <trkpt lat="40.407520000000005" lon="22.372580000000003">
    <ele>333.90000000000003</ele>
   </trkpt>
   <trkpt lat="40.40785" lon="22.372130000000002">
    <ele>331.04</ele>
   </trkpt>
   <trkpt lat="40.408370000000005" lon="22.371810000000004">
    <ele>325.76000000000005</ele>
   </trkpt>
   <trkpt lat="40.40883" lon="22.37178">
    <ele>321.65999999999997</ele>
   </trkpt>
   <trkpt lat="40.40917" lon="22.37188">
    <ele>319.20000000000005</ele>
   </trkpt>
   <trkpt lat="40.409420000000004" lon="22.37179">
    <ele>315.97</ele>
   </trkpt>
   <trkpt lat="40.40979" lon="22.37159">
    <ele>312.3</ele>
   </trkpt>
   <trkpt lat="40.409960000000005" lon="22.371630000000003">
    <ele>309.62</ele>
   </trkpt>
   <trkpt lat="40.410360000000004" lon="22.37178">
    <ele>305.3</ele>
   </trkpt>
   <trkpt lat="40.41086000000001" lon="22.371840000000002">
    <ele>300.2</ele>
   </trkpt>
   <trkpt lat="40.41122" lon="22.371840000000002">
    <ele>297.2</ele>
   </trkpt>
   <trkpt lat="40.41189000000001" lon="22.372110000000003">
    <ele>294.27000000000004</ele>
   </trkpt>
   <trkpt lat="40.412240000000004" lon="22.372280000000003">
    <ele>291.95000000000005</ele>
   </trkpt>
   <trkpt lat="40.412580000000005" lon="22.372580000000003">
    <ele>288.90000000000003</ele>
   </trkpt>
   <trkpt lat="40.41297" lon="22.373320000000003">
    <ele>284.85</ele>
   </trkpt>
   <trkpt lat="40.41329" lon="22.373820000000002">
    <ele>280.11</ele>
   </trkpt>
   <trkpt lat="40.41382" lon="22.37406">
    <ele>274.93</ele>
   </trkpt>
   <trkpt lat="40.41414" lon="22.374070000000003">
    <ele>271.24</ele>
   </trkpt>
   <trkpt lat="40.414370000000005" lon="22.37405">
    <ele>271.24</ele>
   </trkpt>
   <trkpt lat="40.41463" lon="22.37393">
    <ele>268.17</ele>
   </trkpt>
   <trkpt lat="40.41487" lon="22.37356">
    <ele>263.86</ele>
   </trkpt>
   <trkpt lat="40.415090000000006" lon="22.37337">
    <ele>259.65000000000003</ele>
   </trkpt>
   <trkpt lat="40.41539" lon="22.373330000000003">
    <ele>257.71</ele>
   </trkpt>
   <trkpt lat="40.41568" lon="22.37337">
    <ele>254.98000000000005</ele>
   </trkpt>
   <trkpt lat="40.41619" lon="22.373230000000003">
    <ele>251.42000000000002</ele>
   </trkpt>
   <trkpt lat="40.416760000000004" lon="22.372940000000003">
    <ele>249.27</ele>
   </trkpt>
   <trkpt lat="40.417030000000004" lon="22.372850000000003">
    <ele>247.33</ele>
   </trkpt>
   <trkpt lat="40.41718" lon="22.37283">
    <ele>246.87000000000003</ele>
   </trkpt>
   <trkpt lat="40.417390000000005" lon="22.37301">
    <ele>243.45000000000002</ele>
   </trkpt>
   <trkpt lat="40.4175600015495" lon="22.373619998267174">
    <ele>238.6</ele>
   </trkpt>
   <trkpt lat="40.417730000000006" lon="22.37423">
    <ele>235.76000000000002</ele>
   </trkpt>
   <trkpt lat="40.417750000000005" lon="22.374640000000003">
    <ele>233.37</ele>
   </trkpt>
   <trkpt lat="40.41816" lon="22.375510000000002">
    <ele>228.98000000000002</ele>
   </trkpt>
   <trkpt lat="40.41828" lon="22.37591">
    <ele>227.17000000000002</ele>
   </trkpt>
   <trkpt lat="40.41828" lon="22.376330000000003">
    <ele>223.44000000000003</ele>
   </trkpt>
   <trkpt lat="40.41834" lon="22.37649">
    <ele>223.02</ele>
   </trkpt>
   <trkpt lat="40.418470000000006" lon="22.376510000000003">
    <ele>223.02</ele>
   </trkpt>
   <trkpt lat="40.418580000000006" lon="22.376430000000003">
    <ele>219.94000000000003</ele>
   </trkpt>
   <trkpt lat="40.418690000000005" lon="22.37631">
    <ele>219.94000000000003</ele>
   </trkpt>
   <trkpt lat="40.41874000000001" lon="22.376070000000002">
    <ele>218.47000000000003</ele>
   </trkpt>
   <trkpt lat="40.41886" lon="22.375100000000003">
    <ele>212.74</ele>
   </trkpt>
   <trkpt lat="40.4189" lon="22.37449">
    <ele>211.02</ele>
   </trkpt>
   <trkpt lat="40.41897" lon="22.37411">
    <ele>211.03000000000003</ele>
   </trkpt>
   <trkpt lat="40.419070000000005" lon="22.37386">
    <ele>211.19000000000003</ele>
   </trkpt>
   <trkpt lat="40.419250000000005" lon="22.37355">
    <ele>210.1</ele>
   </trkpt>
   <trkpt lat="40.419290000000004" lon="22.37349">
    <ele>210.1</ele>
   </trkpt>
   <trkpt lat="40.41942" lon="22.373450000000002">
    <ele>209.99</ele>
   </trkpt>
   <trkpt lat="40.41955" lon="22.37348">
    <ele>210.02</ele>
   </trkpt>
   <trkpt lat="40.419720000000005" lon="22.373600000000003">
    <ele>210.17000000000002</ele>
   </trkpt>
   <trkpt lat="40.41989" lon="22.373880000000003">
    <ele>210.38</ele>
   </trkpt>
   <trkpt lat="40.42009" lon="22.37414">
    <ele>210.79</ele>
   </trkpt>
   <trkpt lat="40.420550000000006" lon="22.374470000000002">
    <ele>211.84000000000003</ele>
   </trkpt>
   <trkpt lat="40.42067" lon="22.374540000000003">
    <ele>212.41000000000003</ele>
   </trkpt>
   <trkpt lat="40.42100000000001" lon="22.37443">
    <ele>213.24</ele>
   </trkpt>
   <trkpt lat="40.421260000000004" lon="22.37414">
    <ele>215.13000000000002</ele>
   </trkpt>
   <trkpt lat="40.421490000000006" lon="22.373970000000003">
    <ele>216.98</ele>
   </trkpt>
   <trkpt lat="40.42175" lon="22.373900000000003">
    <ele>220.32000000000002</ele>
   </trkpt>
   <trkpt lat="40.42213" lon="22.374070000000003">
    <ele>223.3</ele>
   </trkpt>
   <trkpt lat="40.42249" lon="22.374090000000002">
    <ele>227.06</ele>
   </trkpt>
   <trkpt lat="40.42295" lon="22.373700000000003">
    <ele>230.42000000000002</ele>
   </trkpt>
   <trkpt lat="40.42316" lon="22.373540000000002">
    <ele>231.52000000000004</ele>
   </trkpt>
   <trkpt lat="40.42342" lon="22.37327">
    <ele>232.37</ele>
   </trkpt>
   <trkpt lat="40.42389" lon="22.373240000000003">
    <ele>233.26000000000002</ele>
   </trkpt>
   <trkpt lat="40.424260000000004" lon="22.37337">
    <ele>233.87</ele>
   </trkpt>
   <trkpt lat="40.42446" lon="22.373610000000003">
    <ele>235.31</ele>
   </trkpt>
   <trkpt lat="40.424620000000004" lon="22.37384">
    <ele>236.25</ele>
   </trkpt>
   <trkpt lat="40.424730000000004" lon="22.374370000000003">
    <ele>238.17000000000002</ele>
   </trkpt>
   <trkpt lat="40.4249" lon="22.3747">
    <ele>239.72</ele>
   </trkpt>
   <trkpt lat="40.42504" lon="22.37487">
    <ele>239.81000000000003</ele>
   </trkpt>
   <trkpt lat="40.42517" lon="22.37496">
    <ele>239.76000000000002</ele>
   </trkpt>
   <trkpt lat="40.42531" lon="22.374910000000003">
    <ele>239.46</ele>
   </trkpt>
   <trkpt lat="40.42553" lon="22.37487">
    <ele>239.42000000000002</ele>
   </trkpt>
   <trkpt lat="40.42571" lon="22.375110000000003">
    <ele>239.47</ele>
   </trkpt>
   <trkpt lat="40.42598" lon="22.375320000000002">
    <ele>240.09000000000003</ele>
   </trkpt>
   <trkpt lat="40.42625" lon="22.375600000000002">
    <ele>241.24</ele>
   </trkpt>
   <trkpt lat="40.42647" lon="22.37564">
    <ele>242.13</ele>
   </trkpt>
   <trkpt lat="40.426590000000004" lon="22.37564">
    <ele>242.13</ele>
   </trkpt>
   <trkpt lat="40.426680000000005" lon="22.375590000000003">
    <ele>243.06000000000003</ele>
   </trkpt>
   <trkpt lat="40.42676" lon="22.375420000000002">
    <ele>243.06000000000003</ele>
   </trkpt>
   <trkpt lat="40.4269" lon="22.374750000000002">
    <ele>246.18</ele>
   </trkpt>
   <trkpt lat="40.42694" lon="22.37449">
    <ele>246.6</ele>
   </trkpt>
   <trkpt lat="40.42712" lon="22.37402">
    <ele>248.31000000000003</ele>
   </trkpt>
   <trkpt lat="40.42746" lon="22.3733">
    <ele>251.37000000000003</ele>
   </trkpt>
   <trkpt lat="40.42756000000001" lon="22.37272">
    <ele>253.66</ele>
   </trkpt>
   <trkpt lat="40.42784" lon="22.372470000000003">
    <ele>256.48</ele>
   </trkpt>
   <trkpt lat="40.4281" lon="22.372090000000004">
    <ele>258.78000000000003</ele>
   </trkpt>
   <trkpt lat="40.42835" lon="22.37178">
    <ele>261.02000000000004</ele>
   </trkpt>
   <trkpt lat="40.42848" lon="22.37152">
    <ele>261.98</ele>
   </trkpt>
   <trkpt lat="40.428900000000006" lon="22.37086">
    <ele>260.89</ele>
   </trkpt>
   <trkpt lat="40.42909" lon="22.37065">
    <ele>258.98</ele>
   </trkpt>
   <trkpt lat="40.4299" lon="22.370500000000003">
    <ele>255.23000000000002</ele>
   </trkpt>
   <trkpt lat="40.43018" lon="22.37039">
    <ele>254.32999999999998</ele>
   </trkpt>
   <trkpt lat="40.43047000000001" lon="22.37008">
    <ele>252.43000000000004</ele>
   </trkpt>
   <trkpt lat="40.430820000000004" lon="22.369300000000003">
    <ele>253.48000000000005</ele>
   </trkpt>
   <trkpt lat="40.431000000000004" lon="22.36918">
    <ele>254.59000000000003</ele>
   </trkpt>
   <trkpt lat="40.43141000000001" lon="22.36925">
    <ele>260.32</ele>
   </trkpt>
   <trkpt lat="40.43188000000001" lon="22.36944">
    <ele>265.47</ele>
   </trkpt>
   <trkpt lat="40.432230000000004" lon="22.36944">
    <ele>270.63000000000005</ele>
   </trkpt>
   <trkpt lat="40.43254" lon="22.36955">
    <ele>277.17</ele>
   </trkpt>
   <trkpt lat="40.43271" lon="22.36974">
    <ele>279.88</ele>
   </trkpt>
   <trkpt lat="40.43296" lon="22.3698">
    <ele>282.90000000000003</ele>
   </trkpt>
   <trkpt lat="40.43314" lon="22.369770000000003">
    <ele>284.23</ele>
   </trkpt>
   <trkpt lat="40.433620000000005" lon="22.36955">
    <ele>287.02</ele>
   </trkpt>
   <trkpt lat="40.43381" lon="22.369500000000002">
    <ele>289.13</ele>
   </trkpt>
   <trkpt lat="40.43406" lon="22.36953">
    <ele>291.07000000000005</ele>
   </trkpt>
   <trkpt lat="40.43426" lon="22.3697">
    <ele>292.05</ele>
   </trkpt>
   <trkpt lat="40.43457" lon="22.369850000000003">
    <ele>295.02</ele>
   </trkpt>
   <trkpt lat="40.43544" lon="22.369850000000003">
    <ele>297.84000000000003</ele>
   </trkpt>
   <trkpt lat="40.435770000000005" lon="22.369680000000002">
    <ele>298.18</ele>
   </trkpt>
   <trkpt lat="40.43591" lon="22.369560000000003">
    <ele>298.73</ele>
   </trkpt>
   <trkpt lat="40.436130000000006" lon="22.36944">
    <ele>300.11</ele>
   </trkpt>
   <trkpt lat="40.43641" lon="22.369380000000003">
    <ele>302.19</ele>
   </trkpt>
   <trkpt lat="40.436800000000005" lon="22.36936">
    <ele>306.13</ele>
   </trkpt>
   <trkpt lat="40.43735" lon="22.369410000000002">
    <ele>309.09000000000003</ele>
   </trkpt>
   <trkpt lat="40.43782" lon="22.369200000000003">
    <ele>311.0</ele>
   </trkpt>
   <trkpt lat="40.438340000000004" lon="22.36916">
    <ele>314.01</ele>
   </trkpt>
   <trkpt lat="40.43883" lon="22.36907">
    <ele>316.43000000000006</ele>
   </trkpt>
   <trkpt lat="40.439040000000006" lon="22.36908">
    <ele>317.8</ele>
   </trkpt>
   <trkpt lat="40.439220000000006" lon="22.369280000000003">
    <ele>319.29</ele>
   </trkpt>
   <trkpt lat="40.43920000000001" lon="22.36961">
    <ele>320.88</ele>
   </trkpt>
   <trkpt lat="40.43916" lon="22.36989">
    <ele>322.53000000000003</ele>
   </trkpt>
   <trkpt lat="40.43909" lon="22.3701">
    <ele>323.76000000000005</ele>
   </trkpt>
   <trkpt lat="40.439" lon="22.37068">
    <ele>325.58000000000004</ele>
   </trkpt>
   <trkpt lat="40.439150000000005" lon="22.371730000000003">
    <ele>334.22</ele>
   </trkpt>
   <trkpt lat="40.43923" lon="22.371930000000003">
    <ele>336.02000000000004</ele>
   </trkpt>
   <trkpt lat="40.43938" lon="22.372020000000003">
    <ele>337.32</ele>
   </trkpt>
   <trkpt lat="40.43967000000001" lon="22.37196">
    <ele>338.52000000000004</ele>
   </trkpt>
   <trkpt lat="40.44011500024835" lon="22.371765001253742">
    <ele>338.91</ele>
   </trkpt>
   <trkpt lat="40.440560000000005" lon="22.371570000000002">
    <ele>338.78000000000003</ele>
   </trkpt>
   <trkpt lat="40.44113" lon="22.37151">
    <ele>337.14000000000004</ele>
   </trkpt>
   <trkpt lat="40.44156" lon="22.371370000000002">
    <ele>337.03000000000003</ele>
   </trkpt>
   <trkpt lat="40.44216" lon="22.37123">
    <ele>337.71</ele>
   </trkpt>
   <trkpt lat="40.44272" lon="22.37124">
    <ele>337.99</ele>
   </trkpt>
   <trkpt lat="40.44295" lon="22.371280000000002">
    <ele>338.63000000000005</ele>
   </trkpt>
   <trkpt lat="40.443200000000004" lon="22.371470000000002">
    <ele>339.85</ele>
   </trkpt>
   <trkpt lat="40.443250000000006" lon="22.371640000000003">
    <ele>341.22</ele>
   </trkpt>
   <trkpt lat="40.44333" lon="22.372130000000002">
    <ele>342.0</ele>
   </trkpt>
   <trkpt lat="40.443560000000005" lon="22.37255">
    <ele>344.96000000000004</ele>
   </trkpt>
   <trkpt lat="40.44398" lon="22.373230000000003">
    <ele>343.98</ele>
   </trkpt>
   <trkpt lat="40.44411" lon="22.373520000000003">
    <ele>342.97</ele>
   </trkpt>
   <trkpt lat="40.44409000161656" lon="22.374135000580452">
    <ele>341.46000000000004</ele>
   </trkpt>
   <trkpt lat="40.44407" lon="22.374750000000002">
    <ele>338.08000000000004</ele>
   </trkpt>
   <trkpt lat="40.44411" lon="22.37505">
    <ele>334.63000000000005</ele>
   </trkpt>
   <trkpt lat="40.44424" lon="22.375200000000003">
    <ele>333.83</ele>
   </trkpt>
   <trkpt lat="40.44438" lon="22.375100000000003">
    <ele>332.79</ele>
   </trkpt>
   <trkpt lat="40.44451" lon="22.374940000000002">
    <ele>332.04</ele>
   </trkpt>
   <trkpt lat="40.44456" lon="22.374750000000002">
    <ele>331.24</ele>
   </trkpt>
   <trkpt lat="40.444570000000006" lon="22.37421">
    <ele>328.0</ele>
   </trkpt>
   <trkpt lat="40.4446" lon="22.37402">
    <ele>326.12</ele>
   </trkpt>
   <trkpt lat="40.44476" lon="22.37395">
    <ele>324.74</ele>
   </trkpt>
   <trkpt lat="40.44492" lon="22.37396">
    <ele>316.63</ele>
   </trkpt>
   <trkpt lat="40.44511000000001" lon="22.37406">
    <ele>316.63</ele>
   </trkpt>
   <trkpt lat="40.44536" lon="22.37406">
    <ele>315.31</ele>
   </trkpt>
   <trkpt lat="40.44588" lon="22.37374">
    <ele>306.02</ele>
   </trkpt>
   <trkpt lat="40.44603" lon="22.37355">
    <ele>304.61</ele>
   </trkpt>
   <trkpt lat="40.44641" lon="22.37299">
    <ele>301.82000000000005</ele>
   </trkpt>
   <trkpt lat="40.44648" lon="22.372750000000003">
    <ele>301.09000000000003</ele>
   </trkpt>
   <trkpt lat="40.44648" lon="22.372480000000003">
    <ele>301.09000000000003</ele>
   </trkpt>
   <trkpt lat="40.446310000000004" lon="22.37177">
    <ele>298.51</ele>
   </trkpt>
   <trkpt lat="40.4463" lon="22.37151">
    <ele>296.6</ele>
   </trkpt>
   <trkpt lat="40.446380000000005" lon="22.37132">
    <ele>295.35</ele>
   </trkpt>
   <trkpt lat="40.44659" lon="22.37105">
    <ele>294.34000000000003</ele>
   </trkpt>
   <trkpt lat="40.44704" lon="22.37058">
    <ele>294.75</ele>
   </trkpt>
   <trkpt lat="40.44729" lon="22.37047">
    <ele>294.76</ele>
   </trkpt>
   <trkpt lat="40.447720000000004" lon="22.37037">
    <ele>295.26</ele>
   </trkpt>
   <trkpt lat="40.44787" lon="22.370260000000002">
    <ele>295.7</ele>
   </trkpt>
   <trkpt lat="40.448150000000005" lon="22.369860000000003">
    <ele>297.61</ele>
   </trkpt>
   <trkpt lat="40.44850000250095" lon="22.369100003930924">
    <ele>299.77000000000004</ele>
   </trkpt>
   <trkpt lat="40.44885" lon="22.368340000000003">
    <ele>304.91</ele>
   </trkpt>
   <trkpt lat="40.44892" lon="22.36811">
    <ele>305.02</ele>
   </trkpt>
   <trkpt lat="40.448930000000004" lon="22.36786">
    <ele>304.11</ele>
   </trkpt>
   <trkpt lat="40.4489" lon="22.36745">
    <ele>302.87</ele>
   </trkpt>
   <trkpt lat="40.44881" lon="22.366780000000002">
    <ele>302.28000000000003</ele>
   </trkpt>
   <trkpt lat="40.448840000000004" lon="22.366600000000002">
    <ele>302.09000000000003</ele>
   </trkpt>
   <trkpt lat="40.44901" lon="22.36623">
    <ele>301.19</ele>
   </trkpt>
   <trkpt lat="40.44905000000001" lon="22.36597">
    <ele>300.95000000000005</ele>
   </trkpt>
   <trkpt lat="40.449160000000006" lon="22.36578">
    <ele>300.49</ele>
   </trkpt>
   <trkpt lat="40.44926" lon="22.365720000000003">
    <ele>300.25</ele>
   </trkpt>
   <trkpt lat="40.449360000000006" lon="22.36557">
    <ele>299.54</ele>
   </trkpt>
   <trkpt lat="40.44942" lon="22.3654">
    <ele>299.2</ele>
   </trkpt>
   <trkpt lat="40.44943000000001" lon="22.36521">
    <ele>298.44000000000005</ele>
   </trkpt>
   <trkpt lat="40.44928" lon="22.364770000000004">
    <ele>297.22</ele>
   </trkpt>
   <trkpt lat="40.449270000000006" lon="22.36458">
    <ele>297.09000000000003</ele>
   </trkpt>
   <trkpt lat="40.44933" lon="22.364440000000002">
    <ele>297.00000000000006</ele>
   </trkpt>
   <trkpt lat="40.44944" lon="22.36439">
    <ele>296.61</ele>
   </trkpt>
   <trkpt lat="40.449780000000004" lon="22.36456">
    <ele>295.94000000000005</ele>
   </trkpt>
   <trkpt lat="40.44997" lon="22.36458">
    <ele>295.85</ele>
   </trkpt>
   <trkpt lat="40.45028000000001" lon="22.364510000000003">
    <ele>295.91</ele>
   </trkpt>
   <trkpt lat="40.45073" lon="22.364220000000003">
    <ele>295.89000000000004</ele>
   </trkpt>
   <trkpt lat="40.450880000000005" lon="22.3641">
    <ele>296.09000000000003</ele>
   </trkpt>
   <trkpt lat="40.45098" lon="22.363960000000002">
    <ele>296.58</ele>
   </trkpt>
   <trkpt lat="40.45111" lon="22.36392">
    <ele>297.06000000000006</ele>
   </trkpt>
   <trkpt lat="40.45114" lon="22.36407">
    <ele>298.45000000000005</ele>
   </trkpt>
   <trkpt lat="40.451080000000005" lon="22.36428">
    <ele>298.45000000000005</ele>
   </trkpt>
   <trkpt lat="40.450790000000005" lon="22.36492">
    <ele>302.86</ele>
   </trkpt>
   <trkpt lat="40.450680000000006" lon="22.365280000000002">
    <ele>305.03000000000003</ele>
   </trkpt>
   <trkpt lat="40.450590000000005" lon="22.36578">
    <ele>306.47</ele>
   </trkpt>
   <trkpt lat="40.45051" lon="22.36608">
    <ele>306.78000000000003</ele>
   </trkpt>
   <trkpt lat="40.450430000000004" lon="22.366580000000003">
    <ele>307.71000000000004</ele>
   </trkpt>
   <trkpt lat="40.450480000000006" lon="22.3672">
    <ele>309.58000000000004</ele>
   </trkpt>
   <trkpt lat="40.450540000000004" lon="22.367500000000003">
    <ele>311.86</ele>
   </trkpt>
   <trkpt lat="40.450700000000005" lon="22.36795">
    <ele>313.65000000000003</ele>
   </trkpt>
   <trkpt lat="40.450880000000005" lon="22.3683">
    <ele>318.8</ele>
   </trkpt>
   <trkpt lat="40.45105" lon="22.3685">
    <ele>321.25000000000006</ele>
   </trkpt>
   <trkpt lat="40.45121" lon="22.368630000000003">
    <ele>323.06</ele>
   </trkpt>
   <trkpt lat="40.45138" lon="22.368720000000003">
    <ele>324.64000000000004</ele>
   </trkpt>
   <trkpt lat="40.45165" lon="22.368660000000002">
    <ele>326.89</ele>
   </trkpt>
   <trkpt lat="40.452310000000004" lon="22.368640000000003">
    <ele>332.58000000000004</ele>
   </trkpt>
   <trkpt lat="40.452740000000006" lon="22.36867">
    <ele>338.87</ele>
   </trkpt>
   <trkpt lat="40.45290000000001" lon="22.368720000000003">
    <ele>340.90000000000003</ele>
   </trkpt>
   <trkpt lat="40.453320000000005" lon="22.36899">
    <ele>343.05</ele>
   </trkpt>
   <trkpt lat="40.453900000000004" lon="22.369210000000002">
    <ele>344.25</ele>
   </trkpt>
   <trkpt lat="40.454170000000005" lon="22.36942">
    <ele>346.42</ele>
   </trkpt>
   <trkpt lat="40.45443" lon="22.36971">
    <ele>347.68000000000006</ele>
   </trkpt>
   <trkpt lat="40.45458500192172" lon="22.369040001599018">
    <ele>347.93</ele>
   </trkpt>
   <trkpt lat="40.45474" lon="22.368370000000002">
    <ele>346.09</ele>
   </trkpt>
   <trkpt lat="40.45477500167917" lon="22.367745000394486">
    <ele>345.33000000000004</ele>
   </trkpt>
   <trkpt lat="40.45481" lon="22.367120000000003">
    <ele>344.90000000000003</ele>
   </trkpt>
   <trkpt lat="40.454860000000004" lon="22.36662">
    <ele>344.05</ele>
   </trkpt>
   <trkpt lat="40.45499" lon="22.366100000000003">
    <ele>343.65</ele>
   </trkpt>
   <trkpt lat="40.45534000000001" lon="22.365090000000002">
    <ele>342.79</ele>
   </trkpt>
   <trkpt lat="40.45553" lon="22.364780000000003">
    <ele>342.57000000000005</ele>
   </trkpt>
   <trkpt lat="40.45577" lon="22.36457">
    <ele>341.80000000000007</ele>
   </trkpt>
   <trkpt lat="40.455980000000004" lon="22.36445">
    <ele>341.80000000000007</ele>
   </trkpt>
   <trkpt lat="40.45635" lon="22.36408">
    <ele>341.14000000000004</ele>
   </trkpt>
   <trkpt lat="40.456880002289374" lon="22.36335000576773">
    <ele>340.99</ele>
   </trkpt>
   <trkpt lat="40.45741" lon="22.362620000000003">
    <ele>341.13000000000005</ele>
   </trkpt>
   <trkpt lat="40.457510000000006" lon="22.362470000000002">
    <ele>341.08000000000004</ele>
   </trkpt>
   <trkpt lat="40.45776" lon="22.361800000000002">
    <ele>341.11</ele>
   </trkpt>
   <trkpt lat="40.4580600012732" lon="22.36129500196141">
    <ele>341.2</ele>
   </trkpt>
   <trkpt lat="40.458360000000006" lon="22.36079">
    <ele>342.32</ele>
   </trkpt>
   <trkpt lat="40.4585" lon="22.36064">
    <ele>342.61</ele>
   </trkpt>
   <trkpt lat="40.45897" lon="22.36035">
    <ele>343.78000000000003</ele>
   </trkpt>
   <trkpt lat="40.45947" lon="22.35987">
    <ele>347.75</ele>
   </trkpt>
   <trkpt lat="40.459590000000006" lon="22.35978">
    <ele>347.75</ele>
   </trkpt>
   <trkpt lat="40.459740000000004" lon="22.359740000000002">
    <ele>349.66</ele>
   </trkpt>
   <trkpt lat="40.45989" lon="22.35976">
    <ele>350.40000000000003</ele>
   </trkpt>
   <trkpt lat="40.46007" lon="22.359740000000002">
    <ele>350.87</ele>
   </trkpt>
   <trkpt lat="40.46022000000001" lon="22.35966">
    <ele>350.79</ele>
   </trkpt>
   <trkpt lat="40.46031" lon="22.35957">
    <ele>350.71000000000004</ele>
   </trkpt>
   <trkpt lat="40.46060000000001" lon="22.35876">
    <ele>348.42</ele>
   </trkpt>
   <trkpt lat="40.46072" lon="22.35854">
    <ele>348.08000000000004</ele>
   </trkpt>
   <trkpt lat="40.46096" lon="22.35836">
    <ele>347.48</ele>
   </trkpt>
   <trkpt lat="40.461330000000004" lon="22.35829">
    <ele>345.72</ele>
   </trkpt>
   <trkpt lat="40.46155" lon="22.358220000000003">
    <ele>344.1</ele>
   </trkpt>
   <trkpt lat="40.46208" lon="22.35778">
    <ele>338.98</ele>
   </trkpt>
   <trkpt lat="40.46253" lon="22.357290000000003">
    <ele>335.73</ele>
   </trkpt>
   <trkpt lat="40.46287" lon="22.35706">
    <ele>334.92</ele>
   </trkpt>
   <trkpt lat="40.46322000000001" lon="22.35688">
    <ele>334.19000000000005</ele>
   </trkpt>
   <trkpt lat="40.46359" lon="22.356720000000003">
    <ele>332.8</ele>
   </trkpt>
   <trkpt lat="40.46412" lon="22.356550000000002">
    <ele>332.0</ele>
   </trkpt>
   <trkpt lat="40.4645" lon="22.35658">
    <ele>331.54</ele>
   </trkpt>
   <trkpt lat="40.464800000000004" lon="22.356730000000002">
    <ele>330.68</ele>
   </trkpt>
   <trkpt lat="40.46501000000001" lon="22.35676">
    <ele>329.48</ele>
   </trkpt>
   <trkpt lat="40.46524" lon="22.35656">
    <ele>327.23</ele>
   </trkpt>
   <trkpt lat="40.465390000000006" lon="22.35629">
    <ele>326.07</ele>
   </trkpt>
   <trkpt lat="40.46547" lon="22.355770000000003">
    <ele>323.58000000000004</ele>
   </trkpt>
   <trkpt lat="40.46549" lon="22.355420000000002">
    <ele>322.15000000000003</ele>
   </trkpt>
   <trkpt lat="40.46542" lon="22.35506">
    <ele>321.75000000000006</ele>
   </trkpt>
   <trkpt lat="40.465390000000006" lon="22.35472">
    <ele>321.27</ele>
   </trkpt>
   <trkpt lat="40.465860000000006" lon="22.35431">
    <ele>319.73</ele>
   </trkpt>
   <trkpt lat="40.466100000000004" lon="22.353930000000002">
    <ele>318.46000000000004</ele>
   </trkpt>
   <trkpt lat="40.466390001331156" lon="22.35339500212945">
    <ele>315.17</ele>
   </trkpt>
   <trkpt lat="40.466680000000004" lon="22.352860000000003">
    <ele>312.21000000000004</ele>
   </trkpt>
   <trkpt lat="40.466910000000006" lon="22.352400000000003">
    <ele>310.75</ele>
   </trkpt>
   <trkpt lat="40.46735" lon="22.351940000000003">
    <ele>306.22</ele>
   </trkpt>
   <trkpt lat="40.467510000000004" lon="22.351670000000002">
    <ele>303.37</ele>
   </trkpt>
   <trkpt lat="40.46772" lon="22.35115">
    <ele>300.97</ele>
   </trkpt>
   <trkpt lat="40.467850000000006" lon="22.35076">
    <ele>300.15000000000003</ele>
   </trkpt>
   <trkpt lat="40.46813" lon="22.35028">
    <ele>301.1</ele>
   </trkpt>
   <trkpt lat="40.468500000000006" lon="22.34984">
    <ele>302.21000000000004</ele>
   </trkpt>
   <trkpt lat="40.46895000000001" lon="22.349220000000003">
    <ele>302.12</ele>
   </trkpt>
   <trkpt lat="40.46918" lon="22.34906">
    <ele>300.25</ele>
   </trkpt>
   <trkpt lat="40.46942000000001" lon="22.349020000000003">
    <ele>299.12</ele>
   </trkpt>
   <trkpt lat="40.46958" lon="22.34919">
    <ele>297.08</ele>
   </trkpt>
   <trkpt lat="40.46981500197647" lon="22.349869997574288">
    <ele>292.06000000000006</ele>
   </trkpt>
   <trkpt lat="40.47005" lon="22.350550000000002">
    <ele>289.13</ele>
   </trkpt>
   <trkpt lat="40.47021" lon="22.350910000000002">
    <ele>286.88</ele>
   </trkpt>
   <trkpt lat="40.47044" lon="22.35122">
    <ele>284.76</ele>
   </trkpt>
   <trkpt lat="40.47064" lon="22.35122">
    <ele>281.59</ele>
   </trkpt>
   <trkpt lat="40.470850000000006" lon="22.35094">
    <ele>280.45000000000005</ele>
   </trkpt>
   <trkpt lat="40.471000000000004" lon="22.350450000000002">
    <ele>276.87</ele>
   </trkpt>
   <trkpt lat="40.47111" lon="22.349510000000002">
    <ele>272.07000000000005</ele>
   </trkpt>
   <trkpt lat="40.471210000000006" lon="22.34917">
    <ele>268.91</ele>
   </trkpt>
   <trkpt lat="40.47157" lon="22.348540000000003">
    <ele>262.92</ele>
   </trkpt>
   <trkpt lat="40.471720000000005" lon="22.34804">
    <ele>260.49</ele>
   </trkpt>
   <trkpt lat="40.471790000000006" lon="22.347610000000003">
    <ele>258.64000000000004</ele>
   </trkpt>
   <trkpt lat="40.47176" lon="22.3472">
    <ele>257.23</ele>
   </trkpt>
   <trkpt lat="40.47167" lon="22.346890000000002">
    <ele>256.06</ele>
   </trkpt>
   <trkpt lat="40.47157" lon="22.346690000000002">
    <ele>255.57000000000002</ele>
   </trkpt>
   <trkpt lat="40.47139000000001" lon="22.34647">
    <ele>254.3</ele>
   </trkpt>
   <trkpt lat="40.47129" lon="22.34624">
    <ele>252.36</ele>
   </trkpt>
   <trkpt lat="40.47126" lon="22.3459">
    <ele>251.92000000000002</ele>
   </trkpt>
   <trkpt lat="40.47131" lon="22.34551">
    <ele>250.04999999999998</ele>
   </trkpt>
   <trkpt lat="40.471410000000006" lon="22.345360000000003">
    <ele>249.09000000000003</ele>
   </trkpt>
   <trkpt lat="40.471630000000005" lon="22.34513">
    <ele>247.22000000000003</ele>
   </trkpt>
   <trkpt lat="40.47182" lon="22.34496">
    <ele>244.9</ele>
   </trkpt>
   <trkpt lat="40.471990000000005" lon="22.344910000000002">
    <ele>241.01000000000002</ele>
   </trkpt>
   <trkpt lat="40.47213" lon="22.345000000000002">
    <ele>239.29000000000002</ele>
   </trkpt>
   <trkpt lat="40.47223" lon="22.345260000000003">
    <ele>237.19</ele>
   </trkpt>
   <trkpt lat="40.47233000000001" lon="22.345670000000002">
    <ele>233.31</ele>
   </trkpt>
   <trkpt lat="40.47238" lon="22.34597">
    <ele>231.83</ele>
   </trkpt>
   <trkpt lat="40.47251" lon="22.346330000000002">
    <ele>229.41000000000003</ele>
   </trkpt>
   <trkpt lat="40.47269" lon="22.34662">
    <ele>227.36</ele>
   </trkpt>
   <trkpt lat="40.4731000004653" lon="22.34692499818567">
    <ele>224.37</ele>
   </trkpt>
   <trkpt lat="40.473510000000005" lon="22.347230000000003">
    <ele>219.96</ele>
   </trkpt>
   <trkpt lat="40.47383000000001" lon="22.347360000000002">
    <ele>218.49</ele>
   </trkpt>
   <trkpt lat="40.474340000000005" lon="22.34747">
    <ele>218.54000000000002</ele>
   </trkpt>
   <trkpt lat="40.474610000000006" lon="22.34769">
    <ele>217.44000000000003</ele>
   </trkpt>
   <trkpt lat="40.47495" lon="22.348000000000003">
    <ele>216.89000000000001</ele>
   </trkpt>
   <trkpt lat="40.475300000000004" lon="22.34849">
    <ele>215.08</ele>
   </trkpt>
   <trkpt lat="40.47552" lon="22.34868">
    <ele>213.96</ele>
   </trkpt>
   <trkpt lat="40.475770000000004" lon="22.348760000000002">
    <ele>213.27</ele>
   </trkpt>
   <trkpt lat="40.47619" lon="22.349010000000003">
    <ele>212.73000000000002</ele>
   </trkpt>
   <trkpt lat="40.47650500086434" lon="22.34944999797773">
    <ele>210.18</ele>
   </trkpt>
   <trkpt lat="40.476820000000004" lon="22.349890000000002">
    <ele>209.15000000000003</ele>
   </trkpt>
   <trkpt lat="40.476870000000005" lon="22.35028">
    <ele>205.82000000000002</ele>
   </trkpt>
   <trkpt lat="40.477070000000005" lon="22.351020000000002">
    <ele>202.49</ele>
   </trkpt>
   <trkpt lat="40.477450000000005" lon="22.351640000000003">
    <ele>199.16</ele>
   </trkpt>
   <trkpt lat="40.477920000000005" lon="22.35216">
    <ele>196.43</ele>
   </trkpt>
   <trkpt lat="40.47818" lon="22.352210000000003">
    <ele>194.12</ele>
   </trkpt>
   <trkpt lat="40.478370000000005" lon="22.35207">
    <ele>194.12</ele>
   </trkpt>
   <trkpt lat="40.47856" lon="22.351730000000003">
    <ele>191.81</ele>
   </trkpt>
   <trkpt lat="40.4787" lon="22.35114">
    <ele>190.74</ele>
   </trkpt>
   <trkpt lat="40.47878" lon="22.350620000000003">
    <ele>189.00000000000003</ele>
   </trkpt>
   <trkpt lat="40.478640000000006" lon="22.35001">
    <ele>186.77</ele>
   </trkpt>
   <trkpt lat="40.478370000000005" lon="22.349580000000003">
    <ele>184.43</ele>
   </trkpt>
   <trkpt lat="40.47798" lon="22.34879">
    <ele>179.64000000000001</ele>
   </trkpt>
   <trkpt lat="40.47785500216199" lon="22.348089998979745">
    <ele>175.63</ele>
   </trkpt>
   <trkpt lat="40.47773" lon="22.34739">
    <ele>172.55</ele>
   </trkpt>
   <trkpt lat="40.47767" lon="22.346860000000003">
    <ele>168.35000000000002</ele>
   </trkpt>
   <trkpt lat="40.47777000000001" lon="22.34645">
    <ele>163.96</ele>
   </trkpt>
   <trkpt lat="40.477880000000006" lon="22.346200000000003">
    <ele>163.96</ele>
   </trkpt>
   <trkpt lat="40.47807" lon="22.34599">
    <ele>158.53</ele>
   </trkpt>
   <trkpt lat="40.47845" lon="22.345650000000003">
    <ele>151.96</ele>
   </trkpt>
   <trkpt lat="40.478790000000004" lon="22.34542">
    <ele>147.18</ele>
   </trkpt>
   <trkpt lat="40.479420000000005" lon="22.34476">
    <ele>135.28</ele>
   </trkpt>
   <trkpt lat="40.47974000000001" lon="22.34468">
    <ele>135.28</ele>
   </trkpt>
   <trkpt lat="40.48008" lon="22.34484">
    <ele>130.97</ele>
   </trkpt>
   <trkpt lat="40.48035" lon="22.345000000000002">
    <ele>129.02</ele>
   </trkpt>
   <trkpt lat="40.480940000000004" lon="22.3454">
    <ele>125.5</ele>
   </trkpt>
   <trkpt lat="40.48129" lon="22.345660000000002">
    <ele>121.57000000000001</ele>
   </trkpt>
   <trkpt lat="40.481460000000006" lon="22.34561">
    <ele>120.91</ele>
   </trkpt>
   <trkpt lat="40.48162000000001" lon="22.345450000000003">
    <ele>119.37</ele>
   </trkpt>
   <trkpt lat="40.48167" lon="22.34521">
    <ele>117.37000000000002</ele>
   </trkpt>
   <trkpt lat="40.48161" lon="22.34494">
    <ele>113.86</ele>
   </trkpt>
   <trkpt lat="40.481660000000005" lon="22.344710000000003">
    <ele>112.13000000000001</ele>
   </trkpt>
   <trkpt lat="40.48183" lon="22.344700000000003">
    <ele>111.09</ele>
   </trkpt>
   <trkpt lat="40.48218000000001" lon="22.344790000000003">
    <ele>108.59</ele>
   </trkpt>
   <trkpt lat="40.482310000000005" lon="22.34476">
    <ele>108.46000000000001</ele>
   </trkpt>
   <trkpt lat="40.48248" lon="22.34467">
    <ele>108.26</ele>
   </trkpt>
   <trkpt lat="40.48259" lon="22.34449">
    <ele>108.2</ele>
   </trkpt>
   <trkpt lat="40.48268" lon="22.34418">
    <ele>108.36000000000001</ele>
   </trkpt>
   <trkpt lat="40.48279" lon="22.343390000000003">
    <ele>107.99</ele>
   </trkpt>
   <trkpt lat="40.482890000000005" lon="22.3429">
    <ele>106.92000000000002</ele>
   </trkpt>
   <trkpt lat="40.48301" lon="22.34259">
    <ele>106.7</ele>
   </trkpt>
   <trkpt lat="40.483470000000004" lon="22.34185">
    <ele>105.2</ele>
   </trkpt>
   <trkpt lat="40.48368000000001" lon="22.342160000000003">
    <ele>104.3</ele>
   </trkpt>
   <trkpt lat="40.48433" lon="22.342910000000003">
    <ele>101.98000000000002</ele>
   </trkpt>
   <trkpt lat="40.484820000000006" lon="22.34343">
    <ele>99.2</ele>
   </trkpt>
   <trkpt lat="40.485400000000006" lon="22.34383">
    <ele>98.37</ele>
   </trkpt>
   <trkpt lat="40.48583" lon="22.344050000000003">
    <ele>94.86000000000001</ele>
   </trkpt>
   <trkpt lat="40.48597" lon="22.3442">
    <ele>94.86000000000001</ele>
   </trkpt>
   <trkpt lat="40.48606" lon="22.344230000000003">
    <ele>94.91000000000001</ele>
   </trkpt>
   <trkpt lat="40.48622251607046" lon="22.34311500811044">
    <ele>95.71000000000001</ele>
   </trkpt>
   <trkpt lat="40.486385021426244" lon="22.34200001082143">
    <ele>96.29</ele>
   </trkpt>
   <trkpt lat="40.48654751606722" lon="22.340885008133263">
    <ele>95.17</ele>
   </trkpt>
   <trkpt lat="40.48671" lon="22.33977">
    <ele>93.36000000000001</ele>
   </trkpt>
   <trkpt lat="40.48683000182554" lon="22.339115001298108">
    <ele>92.54</ele>
   </trkpt>
   <trkpt lat="40.48695" lon="22.33846">
    <ele>91.51</ele>
   </trkpt>
   <trkpt lat="40.48724559212888" lon="22.33743003628833">
    <ele>90.17000000000002</ele>
   </trkpt>
   <trkpt lat="40.48754117511483" lon="22.336400063504282">
    <ele>88.51</ele>
   </trkpt>
   <trkpt lat="40.487836748957726" lon="22.335370081647984">
    <ele>87.86</ele>
   </trkpt>
   <trkpt lat="40.488132313657324" lon="22.334340090719532">
    <ele>87.75</ele>
   </trkpt>
   <trkpt lat="40.48842786921352" lon="22.33331009071903">
    <ele>87.42000000000002</ele>
   </trkpt>
   <trkpt lat="40.4887234156261" lon="22.332280081646594">
    <ele>87.27</ele>
   </trkpt>
   <trkpt lat="40.48901895289488" lon="22.33125006350232">
    <ele>87.32000000000001</ele>
   </trkpt>
   <trkpt lat="40.4893144810197" lon="22.330220036286313">
    <ele>87.5</ele>
   </trkpt>
   <trkpt lat="40.489610000000006" lon="22.32919">
    <ele>87.86</ele>
   </trkpt>
   <trkpt lat="40.489780001711374" lon="22.32856500148019">
    <ele>87.85000000000001</ele>
   </trkpt>
   <trkpt lat="40.48995" lon="22.32794">
    <ele>88.0</ele>
   </trkpt>
   <trkpt lat="40.49024601829151" lon="22.32691001815761">
    <ele>88.29</ele>
   </trkpt>
   <trkpt lat="40.49054202743965" lon="22.325880027228646">
    <ele>88.53000000000002</ele>
   </trkpt>
   <trkpt lat="40.490838027444234" lon="22.32485002721322">
    <ele>88.89000000000001</ele>
   </trkpt>
   <trkpt lat="40.491134018305075" lon="22.32382001811144">
    <ele>88.94</ele>
   </trkpt>
   <trkpt lat="40.49143" lon="22.32279">
    <ele>88.44</ele>
   </trkpt>
   <trkpt lat="40.49177128349678" lon="22.321736287507875">
    <ele>86.93</ele>
   </trkpt>
   <trkpt lat="40.49211255742392" lon="22.320682564297755">
    <ele>85.82000000000001</ele>
   </trkpt>
   <trkpt lat="40.49245382178118" lon="22.3196288303697">
    <ele>84.38000000000001</ele>
   </trkpt>
   <trkpt lat="40.49279507656837" lon="22.31857508572378">
    <ele>83.01</ele>
   </trkpt>
   <trkpt lat="40.49313632178527" lon="22.31752133036005">
    <ele>81.10000000000001</ele>
   </trkpt>
   <trkpt lat="40.493477557431675" lon="22.316467564278575">
    <ele>78.95</ele>
   </trkpt>
   <trkpt lat="40.49381878350734" lon="22.31541378747942">
    <ele>76.62</ele>
   </trkpt>
   <trkpt lat="40.49416" lon="22.31436">
    <ele>74.14000000000001</ele>
   </trkpt>
   <trkpt lat="40.49432" lon="22.313660000000002">
    <ele>72.44</ele>
   </trkpt>
   <trkpt lat="40.494460000000004" lon="22.31285">
    <ele>71.22</ele>
   </trkpt>
   <trkpt lat="40.49454" lon="22.311770000000003">
    <ele>69.29</ele>
   </trkpt>
   <trkpt lat="40.49454601886013" lon="22.31072400039612">
    <ele>68.39</ele>
   </trkpt>
   <trkpt lat="40.49455202829013" lon="22.309678000604723">
    <ele>68.54</ele>
   </trkpt>
   <trkpt lat="40.494558028290015" lon="22.308632000626112">
    <ele>68.47</ele>
   </trkpt>
   <trkpt lat="40.49456401885976" lon="22.307586000460578">
    <ele>68.34</ele>
   </trkpt>
   <trkpt lat="40.49457" lon="22.306540000000002">
    <ele>68.17</ele>
   </trkpt>
   <trkpt lat="40.49456" lon="22.30561">
    <ele>67.97</ele>
   </trkpt>
   <trkpt lat="40.494568015820555" lon="22.30465200042838">
    <ele>67.8</ele>
   </trkpt>
   <trkpt lat="40.49457602373096" lon="22.303694000627974">
    <ele>67.63000000000001</ele>
   </trkpt>
   <trkpt lat="40.49458402373121" lon="22.302736000599015">
    <ele>67.45</ele>
   </trkpt>
   <trkpt lat="40.49459201582128" lon="22.301778000341727">
    <ele>67.27000000000001</ele>
   </trkpt>
   <trkpt lat="40.494600000000005" lon="22.30082">
    <ele>67.14</ele>
   </trkpt>
   <trkpt lat="40.49460667735037" lon="22.299706666818352">
    <ele>67.99000000000001</ele>
   </trkpt>
   <trkpt lat="40.49461334401746" lon="22.298593333415294">
    <ele>68.0</ele>
   </trkpt>
   <trkpt lat="40.494620000000005" lon="22.29748">
    <ele>66.0</ele>
   </trkpt>
   <trkpt lat="40.494640000000004" lon="22.29661">
    <ele>63.37000000000001</ele>
   </trkpt>
   <trkpt lat="40.49468" lon="22.296200000000002">
    <ele>61.470000000000006</ele>
   </trkpt>
   <trkpt lat="40.49480000178608" lon="22.295555001189896">
    <ele>59.0</ele>
   </trkpt>
   <trkpt lat="40.49492" lon="22.29491">
    <ele>54.720000000000006</ele>
   </trkpt>
   <trkpt lat="40.49501" lon="22.29454">
    <ele>52.36</ele>
   </trkpt>
   <trkpt lat="40.49533" lon="22.293470000000003">
    <ele>48.03</ele>
   </trkpt>
   <trkpt lat="40.49559000236617" lon="22.292725002960594">
    <ele>45.900000000000006</ele>
   </trkpt>
   <trkpt lat="40.495850000000004" lon="22.291980000000002">
    <ele>44.17</ele>
   </trkpt>
   <trkpt lat="40.496080000000006" lon="22.291210000000003">
    <ele>40.84</ele>
   </trkpt>
   <trkpt lat="40.496275001515485" lon="22.29063500140385">
    <ele>39.53</ele>
   </trkpt>
   <trkpt lat="40.49647" lon="22.29006">
    <ele>37.34</ele>
   </trkpt>
   <trkpt lat="40.49663" lon="22.289460000000002">
    <ele>36.1</ele>
   </trkpt>
   <trkpt lat="40.496790000000004" lon="22.288770000000003">
    <ele>34.33</ele>
   </trkpt>
   <trkpt lat="40.496880000000004" lon="22.28806">
    <ele>33.42</ele>
   </trkpt>
   <trkpt lat="40.49692" lon="22.28734">
    <ele>31.700000000000006</ele>
   </trkpt>
   <trkpt lat="40.49691000000001" lon="22.28665">
    <ele>31.37</ele>
   </trkpt>
   <trkpt lat="40.496855002645994" lon="22.285869999701887">
    <ele>31.96</ele>
   </trkpt>
   <trkpt lat="40.4968" lon="22.28509">
    <ele>32.6</ele>
   </trkpt>
   <trkpt lat="40.496735001498706" lon="22.28449999941536">
    <ele>33.760000000000005</ele>
   </trkpt>
   <trkpt lat="40.49667" lon="22.283910000000002">
    <ele>34.410000000000004</ele>
   </trkpt>
   <trkpt lat="40.49658" lon="22.283600000000003">
    <ele>34.93</ele>
   </trkpt>
   <trkpt lat="40.49645" lon="22.283240000000003">
    <ele>35.230000000000004</ele>
   </trkpt>
   <trkpt lat="40.4961000024492" lon="22.28247999594862">
    <ele>36.21000000000001</ele>
   </trkpt>
   <trkpt lat="40.49575" lon="22.281720000000004">
    <ele>37.25000000000001</ele>
   </trkpt>
   <trkpt lat="40.49544000176671" lon="22.281074996965522">
    <ele>38.330000000000005</ele>
   </trkpt>
   <trkpt lat="40.49513" lon="22.280430000000003">
    <ele>38.88</ele>
   </trkpt>
   <trkpt lat="40.49495" lon="22.28018">
    <ele>39.21</ele>
   </trkpt>
   <trkpt lat="40.49436" lon="22.279580000000003">
    <ele>41.39</ele>
   </trkpt>
   <trkpt lat="40.49368000147059" lon="22.279014994353044">
    <ele>45.63</ele>
   </trkpt>
   <trkpt lat="40.493" lon="22.278450000000003">
    <ele>48.46</ele>
   </trkpt>
   <trkpt lat="40.492760000000004" lon="22.278200000000002">
    <ele>48.82</ele>
   </trkpt>
   <trkpt lat="40.492540000000005" lon="22.27792">
    <ele>48.970000000000006</ele>
   </trkpt>
   <trkpt lat="40.492380000000004" lon="22.27767">
    <ele>48.970000000000006</ele>
   </trkpt>
   <trkpt lat="40.492160000000005" lon="22.277050000000003">
    <ele>49.13</ele>
   </trkpt>
   <trkpt lat="40.492090000000005" lon="22.27671">
    <ele>49.18</ele>
   </trkpt>
   <trkpt lat="40.49200000216154" lon="22.276004999208283">
    <ele>49.940000000000005</ele>
   </trkpt>
   <trkpt lat="40.491910000000004" lon="22.2753">
    <ele>51.95</ele>
   </trkpt>
   <trkpt lat="40.49181" lon="22.27466">
    <ele>52.77</ele>
   </trkpt>
   <trkpt lat="40.4917" lon="22.274230000000003">
    <ele>53.1</ele>
   </trkpt>
   <trkpt lat="40.49140500291221" lon="22.273394996067694">
    <ele>52.77</ele>
   </trkpt>
   <trkpt lat="40.491110000000006" lon="22.272560000000002">
    <ele>51.03000000000001</ele>
   </trkpt>
   <trkpt lat="40.491040000000005" lon="22.27231">
    <ele>50.72</ele>
   </trkpt>
   <trkpt lat="40.49091000366259" lon="22.271389998324796">
    <ele>48.93</ele>
   </trkpt>
   <trkpt lat="40.49078" lon="22.270470000000003">
    <ele>47.77</ele>
   </trkpt>
   <trkpt lat="40.490730000000006" lon="22.270020000000002">
    <ele>46.81</ele>
   </trkpt>
   <trkpt lat="40.49069" lon="22.26914">
    <ele>45.34</ele>
   </trkpt>
   <trkpt lat="40.490700000000004" lon="22.268490000000003">
    <ele>44.02</ele>
   </trkpt>
   <trkpt lat="40.490680000000005" lon="22.267940000000003">
    <ele>43.510000000000005</ele>
   </trkpt>
   <trkpt lat="40.4906" lon="22.267370000000003">
    <ele>44.050000000000004</ele>
   </trkpt>
   <trkpt lat="40.49042" lon="22.266370000000002">
    <ele>46.85</ele>
   </trkpt>
   <trkpt lat="40.49024" lon="22.265500000000003">
    <ele>50.050000000000004</ele>
   </trkpt>
   <trkpt lat="40.49016" lon="22.265220000000003">
    <ele>51.06</ele>
   </trkpt>
   <trkpt lat="40.48997000000001" lon="22.26489">
    <ele>52.34</ele>
   </trkpt>
   <trkpt lat="40.48986" lon="22.264760000000003">
    <ele>52.61</ele>
   </trkpt>
   <trkpt lat="40.48969" lon="22.264650000000003">
    <ele>52.79</ele>
   </trkpt>
   <trkpt lat="40.48901" lon="22.26435">
    <ele>52.77</ele>
   </trkpt>
   <trkpt lat="40.48881" lon="22.264210000000002">
    <ele>52.50000000000001</ele>
   </trkpt>
   <trkpt lat="40.488600000000005" lon="22.264000000000003">
    <ele>51.83</ele>
   </trkpt>
   <trkpt lat="40.48847000000001" lon="22.263820000000003">
    <ele>51.43</ele>
   </trkpt>
   <trkpt lat="40.48834" lon="22.26357">
    <ele>51.080000000000005</ele>
   </trkpt>
   <trkpt lat="40.48823" lon="22.2633">
    <ele>50.38</ele>
   </trkpt>
   <trkpt lat="40.488150000000005" lon="22.26303">
    <ele>50.38</ele>
   </trkpt>
   <trkpt lat="40.4881" lon="22.262700000000002">
    <ele>49.730000000000004</ele>
   </trkpt>
   <trkpt lat="40.48805500169588" lon="22.262069999374763">
    <ele>49.25</ele>
   </trkpt>
   <trkpt lat="40.48801" lon="22.26144">
    <ele>48.510000000000005</ele>
   </trkpt>
   <trkpt lat="40.48796" lon="22.261120000000002">
    <ele>48.02</ele>
   </trkpt>
   <trkpt lat="40.48787" lon="22.260820000000002">
    <ele>48.02</ele>
   </trkpt>
   <trkpt lat="40.48763500150579" lon="22.26022999794845">
    <ele>46.71</ele>
   </trkpt>
   <trkpt lat="40.4874" lon="22.25964">
    <ele>46.45</ele>
   </trkpt>
   <trkpt lat="40.487350000000006" lon="22.25927">
    <ele>46.31</ele>
   </trkpt>
   <trkpt lat="40.48738" lon="22.25906">
    <ele>46.31</ele>
   </trkpt>
   <trkpt lat="40.487570000000005" lon="22.25887">
    <ele>46.220000000000006</ele>
   </trkpt>
   <trkpt lat="40.488157506360174" lon="22.258170018353">
    <ele>46.25000000000001</ele>
   </trkpt>
   <trkpt lat="40.488745008497354" lon="22.257470024450644">
    <ele>46.11000000000001</ele>
   </trkpt>
   <trkpt lat="40.48933250641139" lon="22.25677001829255">
    <ele>45.93000000000001</ele>
   </trkpt>
   <trkpt lat="40.489920000000005" lon="22.25607">
    <ele>46.1</ele>
   </trkpt>
   <trkpt lat="40.490030000000004" lon="22.25591">
    <ele>46.32000000000001</ele>
   </trkpt>
   <trkpt lat="40.49015" lon="22.25561">
    <ele>46.53</ele>
   </trkpt>
   <trkpt lat="40.49022" lon="22.25541">
    <ele>46.650000000000006</ele>
   </trkpt>
   <trkpt lat="40.4904" lon="22.25446">
    <ele>47.690000000000005</ele>
   </trkpt>
   <trkpt lat="40.490535005080964" lon="22.25337500211958">
    <ele>49.64</ele>
   </trkpt>
   <trkpt lat="40.49067" lon="22.252290000000002">
    <ele>53.46000000000001</ele>
   </trkpt>
   <trkpt lat="40.49085" lon="22.25127">
    <ele>57.830000000000005</ele>
   </trkpt>
   <trkpt lat="40.49094" lon="22.250940000000003">
    <ele>59.89000000000001</ele>
   </trkpt>
   <trkpt lat="40.49103" lon="22.250680000000003">
    <ele>60.67</ele>
   </trkpt>
   <trkpt lat="40.491170000000004" lon="22.25044">
    <ele>60.870000000000005</ele>
   </trkpt>
   <trkpt lat="40.49182500271004" lon="22.24965000768637">
    <ele>61.4</ele>
   </trkpt>
   <trkpt lat="40.49248" lon="22.24886">
    <ele>61.800000000000004</ele>
   </trkpt>
   <trkpt lat="40.49306" lon="22.24809">
    <ele>62.300000000000004</ele>
   </trkpt>
   <trkpt lat="40.49329" lon="22.247860000000003">
    <ele>62.65000000000001</ele>
   </trkpt>
   <trkpt lat="40.4934" lon="22.247790000000002">
    <ele>62.730000000000004</ele>
   </trkpt>
   <trkpt lat="40.49371" lon="22.247700000000002">
    <ele>62.83000000000001</ele>
   </trkpt>
   <trkpt lat="40.49428" lon="22.247680000000003">
    <ele>63.22</ele>
   </trkpt>
   <trkpt lat="40.49456" lon="22.24771">
    <ele>63.35</ele>
   </trkpt>
   <trkpt lat="40.49506" lon="22.24781">
    <ele>64.03</ele>
   </trkpt>
   <trkpt lat="40.495180000000005" lon="22.24782">
    <ele>64.28</ele>
   </trkpt>
   <trkpt lat="40.49564" lon="22.24774">
    <ele>65.31</ele>
   </trkpt>
   <trkpt lat="40.495810000000006" lon="22.247670000000003">
    <ele>66.12</ele>
   </trkpt>
   <trkpt lat="40.49595" lon="22.247590000000002">
    <ele>66.34</ele>
   </trkpt>
   <trkpt lat="40.496030000000005" lon="22.24752">
    <ele>66.34</ele>
   </trkpt>
   <trkpt lat="40.49611" lon="22.24744">
    <ele>66.84</ele>
   </trkpt>
   <trkpt lat="40.496190000000006" lon="22.247310000000002">
    <ele>67.07000000000001</ele>
   </trkpt>
   <trkpt lat="40.496230000000004" lon="22.24716">
    <ele>67.53</ele>
   </trkpt>
   <trkpt lat="40.496300000000005" lon="22.24669">
    <ele>68.74000000000001</ele>
   </trkpt>
   <trkpt lat="40.49633" lon="22.24662">
    <ele>68.99000000000001</ele>
   </trkpt>
   <trkpt lat="40.49638" lon="22.246560000000002">
    <ele>68.99000000000001</ele>
   </trkpt>
   <trkpt lat="40.49692" lon="22.246350000000003">
    <ele>70.49000000000001</ele>
   </trkpt>
   <trkpt lat="40.497150000000005" lon="22.24613">
    <ele>70.67000000000002</ele>
   </trkpt>
   <trkpt lat="40.49727" lon="22.245970000000003">
    <ele>70.67000000000002</ele>
   </trkpt>
   <trkpt lat="40.497370000000004" lon="22.245700000000003">
    <ele>70.8</ele>
   </trkpt>
   <trkpt lat="40.49763000339775" lon="22.244815003353448">
    <ele>71.2</ele>
   </trkpt>
   <trkpt lat="40.497890000000005" lon="22.243930000000002">
    <ele>72.36</ele>
   </trkpt>
   <trkpt lat="40.49792" lon="22.24369">
    <ele>72.75000000000001</ele>
   </trkpt>
   <trkpt lat="40.49792" lon="22.24332">
    <ele>73.33</ele>
   </trkpt>
   <trkpt lat="40.49788" lon="22.243070000000003">
    <ele>73.67</ele>
   </trkpt>
   <trkpt lat="40.49781" lon="22.242870000000003">
    <ele>73.87</ele>
   </trkpt>
   <trkpt lat="40.49768" lon="22.24264">
    <ele>74.75000000000001</ele>
   </trkpt>
   <trkpt lat="40.497550000000004" lon="22.24247">
    <ele>75.03</ele>
   </trkpt>
   <trkpt lat="40.497460000000004" lon="22.24227">
    <ele>75.46</ele>
   </trkpt>
   <trkpt lat="40.49743" lon="22.242070000000002">
    <ele>75.52</ele>
   </trkpt>
   <trkpt lat="40.497460000000004" lon="22.24183">
    <ele>75.62</ele>
   </trkpt>
   <trkpt lat="40.49754" lon="22.24161">
    <ele>75.63</ele>
   </trkpt>
   <trkpt lat="40.497910000000005" lon="22.24086">
    <ele>75.72000000000001</ele>
   </trkpt>
   <trkpt lat="40.498270000000005" lon="22.240350000000003">
    <ele>76.04</ele>
   </trkpt>
   <trkpt lat="40.49857" lon="22.239800000000002">
    <ele>76.19000000000001</ele>
   </trkpt>
   <trkpt lat="40.49866" lon="22.239520000000002">
    <ele>76.19000000000001</ele>
   </trkpt>
   <trkpt lat="40.498750001915084" lon="22.2388500010438">
    <ele>76.82</ele>
   </trkpt>
   <trkpt lat="40.49884" lon="22.238180000000003">
    <ele>77.59</ele>
   </trkpt>
   <trkpt lat="40.49893" lon="22.237830000000002">
    <ele>77.9</ele>
   </trkpt>
   <trkpt lat="40.49916500190922" lon="22.237175002126353">
    <ele>78.17999999999999</ele>
   </trkpt>
   <trkpt lat="40.4994" lon="22.236520000000002">
    <ele>78.63000000000001</ele>
   </trkpt>
   <trkpt lat="40.49976" lon="22.235580000000002">
    <ele>78.74000000000001</ele>
   </trkpt>
   <trkpt lat="40.500045000779956" lon="22.235120002167235">
    <ele>78.95</ele>
   </trkpt>
   <trkpt lat="40.500330000000005" lon="22.23466">
    <ele>79.14</ele>
   </trkpt>
   <trkpt lat="40.500753336643164" lon="22.234040007830146">
    <ele>79.23</ele>
   </trkpt>
   <trkpt lat="40.50117666997314" lon="22.23342000783517">
    <ele>79.58000000000001</ele>
   </trkpt>
   <trkpt lat="40.5016" lon="22.2328">
    <ele>79.98</ele>
   </trkpt>
   <trkpt lat="40.50217333596164" lon="22.232246676135805">
    <ele>80.63000000000001</ele>
   </trkpt>
   <trkpt lat="40.502746669284285" lon="22.231693342812925">
    <ele>81.86</ele>
   </trkpt>
   <trkpt lat="40.50332" lon="22.231140000000003">
    <ele>82.14</ele>
   </trkpt>
   <trkpt lat="40.503620000000005" lon="22.23092">
    <ele>82.32000000000001</ele>
   </trkpt>
   <trkpt lat="40.504020000000004" lon="22.230510000000002">
    <ele>82.51</ele>
   </trkpt>
   <trkpt lat="40.504250000000006" lon="22.230300000000003">
    <ele>82.9</ele>
   </trkpt>
   <trkpt lat="40.50453" lon="22.23009">
    <ele>83.02000000000001</ele>
   </trkpt>
   <trkpt lat="40.50509" lon="22.229730000000004">
    <ele>83.41000000000001</ele>
   </trkpt>
   <trkpt lat="40.505660000000006" lon="22.229260000000004">
    <ele>83.95</ele>
   </trkpt>
   <trkpt lat="40.505860000000006" lon="22.22904">
    <ele>84.25</ele>
   </trkpt>
   <trkpt lat="40.50638" lon="22.22837">
    <ele>85.37</ele>
   </trkpt>
   <trkpt lat="40.506600000000006" lon="22.22792">
    <ele>86.11</ele>
   </trkpt>
   <trkpt lat="40.50679" lon="22.227310000000003">
    <ele>86.5</ele>
   </trkpt>
   <trkpt lat="40.5069" lon="22.22661">
    <ele>87.05</ele>
   </trkpt>
   <trkpt lat="40.50706" lon="22.22593">
    <ele>88.04</ele>
   </trkpt>
   <trkpt lat="40.507200000000005" lon="22.22558">
    <ele>89.06000000000002</ele>
   </trkpt>
   <trkpt lat="40.50733" lon="22.225350000000002">
    <ele>89.06000000000002</ele>
   </trkpt>
   <trkpt lat="40.50790000000001" lon="22.224600000000002">
    <ele>90.71000000000001</ele>
   </trkpt>
   <trkpt lat="40.50809" lon="22.224290000000003">
    <ele>90.79</ele>
   </trkpt>
   <trkpt lat="40.50836" lon="22.2237">
    <ele>91.05</ele>
   </trkpt>
   <trkpt lat="40.508430000000004" lon="22.2235">
    <ele>91.07000000000001</ele>
   </trkpt>
   <trkpt lat="40.50853" lon="22.22312">
    <ele>90.87</ele>
   </trkpt>
   <trkpt lat="40.50863500213878" lon="22.222420000916113">
    <ele>90.76</ele>
   </trkpt>
   <trkpt lat="40.50874" lon="22.22172">
    <ele>91.09</ele>
   </trkpt>
   <trkpt lat="40.50885" lon="22.221230000000002">
    <ele>91.33000000000001</ele>
   </trkpt>
   <trkpt lat="40.508950000000006" lon="22.220830000000003">
    <ele>91.77</ele>
   </trkpt>
   <trkpt lat="40.50915500137231" lon="22.220265001736745">
    <ele>92.74</ele>
   </trkpt>
   <trkpt lat="40.50936" lon="22.219700000000003">
    <ele>94.51</ele>
   </trkpt>
   <trkpt lat="40.509440000000005" lon="22.21938">
    <ele>95.25</ele>
   </trkpt>
   <trkpt lat="40.509560003522836" lon="22.21848000137145">
    <ele>99.10000000000001</ele>
   </trkpt>
   <trkpt lat="40.50968" lon="22.21758">
    <ele>100.72</ele>
   </trkpt>
   <trkpt lat="40.509910000000005" lon="22.21704">
    <ele>103.59000000000002</ele>
   </trkpt>
   <trkpt lat="40.510400000000004" lon="22.21612">
    <ele>105.26</ele>
   </trkpt>
   <trkpt lat="40.51064" lon="22.21565">
    <ele>106.45</ele>
   </trkpt>
   <trkpt lat="40.510830000000006" lon="22.21508">
    <ele>107.43</ele>
   </trkpt>
   <trkpt lat="40.51109" lon="22.214440000000003">
    <ele>108.95</ele>
   </trkpt>
   <trkpt lat="40.511540000000004" lon="22.21376">
    <ele>110.4</ele>
   </trkpt>
   <trkpt lat="40.51202000000001" lon="22.21289">
    <ele>113.09</ele>
   </trkpt>
   <trkpt lat="40.51236" lon="22.212220000000002">
    <ele>115.86</ele>
   </trkpt>
   <trkpt lat="40.51259" lon="22.211910000000003">
    <ele>116.56</ele>
   </trkpt>
   <trkpt lat="40.513010001108476" lon="22.211415003038688">
    <ele>116.68</ele>
   </trkpt>
   <trkpt lat="40.51343000000001" lon="22.21092">
    <ele>117.19000000000001</ele>
   </trkpt>
   <trkpt lat="40.51361" lon="22.21067">
    <ele>117.61</ele>
   </trkpt>
   <trkpt lat="40.51406" lon="22.209650000000003">
    <ele>119.16000000000001</ele>
   </trkpt>
   <trkpt lat="40.51455" lon="22.20895">
    <ele>121.48</ele>
   </trkpt>
   <trkpt lat="40.51478" lon="22.20841">
    <ele>122.12</ele>
   </trkpt>
   <trkpt lat="40.514985002309245" lon="22.207680002187555">
    <ele>123.41</ele>
   </trkpt>
   <trkpt lat="40.515190000000004" lon="22.206950000000003">
    <ele>124.66000000000001</ele>
   </trkpt>
   <trkpt lat="40.51538" lon="22.20663">
    <ele>125.15</ele>
   </trkpt>
   <trkpt lat="40.51554" lon="22.20643">
    <ele>125.99000000000001</ele>
   </trkpt>
   <trkpt lat="40.51568" lon="22.20632">
    <ele>125.99000000000001</ele>
   </trkpt>
   <trkpt lat="40.51587000000001" lon="22.20624">
    <ele>126.51</ele>
   </trkpt>
   <trkpt lat="40.516020000000005" lon="22.206200000000003">
    <ele>126.51</ele>
   </trkpt>
   <trkpt lat="40.51657" lon="22.206220000000002">
    <ele>127.84</ele>
   </trkpt>
   <trkpt lat="40.51730000002305" lon="22.206215000054286">
    <ele>129.27</ele>
   </trkpt>
   <trkpt lat="40.51803" lon="22.206210000000002">
    <ele>130.19</ele>
   </trkpt>
   <trkpt lat="40.51821" lon="22.206200000000003">
    <ele>130.43</ele>
   </trkpt>
   <trkpt lat="40.518510000000006" lon="22.20613">
    <ele>130.66</ele>
   </trkpt>
   <trkpt lat="40.518820000000005" lon="22.206030000000002">
    <ele>130.97</ele>
   </trkpt>
   <trkpt lat="40.5192650002914" lon="22.20580000149396">
    <ele>131.69</ele>
   </trkpt>
   <trkpt lat="40.51971" lon="22.20557">
    <ele>132.41</ele>
   </trkpt>
   <trkpt lat="40.51991" lon="22.20549">
    <ele>132.76000000000002</ele>
   </trkpt>
   <trkpt lat="40.52002" lon="22.205470000000002">
    <ele>133.29000000000002</ele>
   </trkpt>
   <trkpt lat="40.520160000000004" lon="22.205470000000002">
    <ele>133.59</ele>
   </trkpt>
   <trkpt lat="40.520720000000004" lon="22.205620000000003">
    <ele>135.92000000000002</ele>
   </trkpt>
   <trkpt lat="40.52087" lon="22.205710000000003">
    <ele>135.92000000000002</ele>
   </trkpt>
   <trkpt lat="40.52103" lon="22.20588">
    <ele>137.24</ele>
   </trkpt>
   <trkpt lat="40.521460000000005" lon="22.206560000000003">
    <ele>140.33</ele>
   </trkpt>
   <trkpt lat="40.52160000000001" lon="22.206750000000003">
    <ele>140.56</ele>
   </trkpt>
   <trkpt lat="40.521860000000004" lon="22.20691">
    <ele>141.17000000000002</ele>
   </trkpt>
   <trkpt lat="40.522000000000006" lon="22.207030000000003">
    <ele>141.17000000000002</ele>
   </trkpt>
   <trkpt lat="40.52214" lon="22.2072">
    <ele>141.36</ele>
   </trkpt>
   <trkpt lat="40.52252" lon="22.207710000000002">
    <ele>142.12000000000003</ele>
   </trkpt>
   <trkpt lat="40.52261" lon="22.207770000000004">
    <ele>142.66</ele>
   </trkpt>
   <trkpt lat="40.52268" lon="22.207770000000004">
    <ele>142.66</ele>
   </trkpt>
   <trkpt lat="40.52279" lon="22.20767">
    <ele>142.97</ele>
   </trkpt>
   <trkpt lat="40.522870000000005" lon="22.207400000000003">
    <ele>143.45000000000002</ele>
   </trkpt>
   <trkpt lat="40.52295" lon="22.20728">
    <ele>143.77</ele>
   </trkpt>
   <trkpt lat="40.52315" lon="22.20709">
    <ele>144.70000000000002</ele>
   </trkpt>
   <trkpt lat="40.52337" lon="22.207060000000002">
    <ele>146.17000000000002</ele>
   </trkpt>
   <trkpt lat="40.52352000401227" lon="22.206100001892207">
    <ele>148.82</ele>
   </trkpt>
   <trkpt lat="40.52367" lon="22.20514">
    <ele>150.82</ele>
   </trkpt>
   <trkpt lat="40.52303601203668" lon="22.204303968354562">
    <ele>154.71</ele>
   </trkpt>
   <trkpt lat="40.52240201804831" lon="22.203467952523834">
    <ele>158.68</ele>
   </trkpt>
   <trkpt lat="40.52176801803516" lon="22.202631952507332">
    <ele>162.4</ele>
   </trkpt>
   <trkpt lat="40.521134011997475" lon="22.201795968304538">
    <ele>164.98000000000002</ele>
   </trkpt>
   <trkpt lat="40.520500000000006" lon="22.200960000000002">
    <ele>167.9</ele>
   </trkpt>
   <trkpt lat="40.520230000000005" lon="22.200680000000002">
    <ele>167.86</ele>
   </trkpt>
   <trkpt lat="40.520120000000006" lon="22.20061">
    <ele>167.81</ele>
   </trkpt>
   <trkpt lat="40.52002" lon="22.200590000000002">
    <ele>167.72</ele>
   </trkpt>
   <trkpt lat="40.51986" lon="22.20053">
    <ele>167.71000000000004</ele>
   </trkpt>
   <trkpt lat="40.519670000000005" lon="22.20042">
    <ele>167.47</ele>
   </trkpt>
   <trkpt lat="40.519560000000006" lon="22.200300000000002">
    <ele>167.15</ele>
   </trkpt>
   <trkpt lat="40.519470000000005" lon="22.200110000000002">
    <ele>166.10000000000002</ele>
   </trkpt>
   <trkpt lat="40.51953" lon="22.200110000000002">
    <ele>165.82000000000002</ele>
   </trkpt>
   <trkpt lat="40.51977" lon="22.199910000000003">
    <ele>165.05</ele>
   </trkpt>
   <trkpt lat="40.520050000000005" lon="22.19957">
    <ele>163.20000000000002</ele>
   </trkpt>
   <trkpt lat="40.520250000000004" lon="22.199260000000002">
    <ele>160.32000000000002</ele>
   </trkpt>
   <trkpt lat="40.520300000000006" lon="22.19912">
    <ele>158.69000000000003</ele>
   </trkpt>
   <trkpt lat="40.52031" lon="22.19901">
    <ele>158.69000000000003</ele>
   </trkpt>
   <trkpt lat="40.52026" lon="22.198300000000003">
    <ele>154.64</ele>
   </trkpt>
   <trkpt lat="40.520360000000004" lon="22.19809">
    <ele>154.02</ele>
   </trkpt>
   <trkpt lat="40.52042" lon="22.198">
    <ele>153.57000000000002</ele>
   </trkpt>
   <trkpt lat="40.5208" lon="22.19763">
    <ele>150.01</ele>
   </trkpt>
   <trkpt lat="40.521010000000004" lon="22.19752">
    <ele>148.86</ele>
   </trkpt>
   <trkpt lat="40.521440000000005" lon="22.197360000000003">
    <ele>149.05</ele>
   </trkpt>
   <trkpt lat="40.521750000000004" lon="22.197190000000003">
    <ele>151.49</ele>
   </trkpt>
   <trkpt lat="40.522110000000005" lon="22.19706">
    <ele>156.43</ele>
   </trkpt>
   <trkpt lat="40.522595000216526" lon="22.197035000169866">
    <ele>157.46</ele>
   </trkpt>
   <trkpt lat="40.52308" lon="22.197010000000002">
    <ele>154.23</ele>
   </trkpt>
   <trkpt lat="40.52328000000001" lon="22.19704">
    <ele>152.81</ele>
   </trkpt>
   <trkpt lat="40.52375000029204" lon="22.197249998573046">
    <ele>148.14000000000001</ele>
   </trkpt>
   <trkpt lat="40.52422000000001" lon="22.197460000000003">
    <ele>145.95000000000002</ele>
   </trkpt>
   <trkpt lat="40.524370000000005" lon="22.1975">
    <ele>145.95000000000002</ele>
   </trkpt>
   <trkpt lat="40.52449" lon="22.197550000000003">
    <ele>145.95000000000002</ele>
   </trkpt>
   <trkpt lat="40.5247" lon="22.19769">
    <ele>145.95000000000002</ele>
   </trkpt>
   <trkpt lat="40.524750000000004" lon="22.19779">
    <ele>145.95000000000002</ele>
   </trkpt>
   <trkpt lat="40.52476" lon="22.19781">
    <ele>145.93</ele>
   </trkpt>
   <trkpt lat="40.52481" lon="22.197840000000003">
    <ele>145.69</ele>
   </trkpt>
   <trkpt lat="40.524860000000004" lon="22.19782">
    <ele>145.69</ele>
   </trkpt>
   <trkpt lat="40.52494" lon="22.19771">
    <ele>145.4</ele>
   </trkpt>
   <trkpt lat="40.525220000000004" lon="22.1977">
    <ele>143.64000000000001</ele>
   </trkpt>
   <trkpt lat="40.52588" lon="22.19787">
    <ele>143.43</ele>
   </trkpt>
   <trkpt lat="40.52617" lon="22.19789">
    <ele>143.8</ele>
   </trkpt>
   <trkpt lat="40.52664" lon="22.197830000000003">
    <ele>143.57</ele>
   </trkpt>
   <trkpt lat="40.52718" lon="22.19771">
    <ele>142.45000000000002</ele>
   </trkpt>
   <trkpt lat="40.52734" lon="22.19771">
    <ele>142.45000000000002</ele>
   </trkpt>
   <trkpt lat="40.527820000000006" lon="22.1978">
    <ele>140.95000000000002</ele>
   </trkpt>
   <trkpt lat="40.52823" lon="22.197930000000003">
    <ele>140.47</ele>
   </trkpt>
   <trkpt lat="40.52821" lon="22.19873">
    <ele>141.55</ele>
   </trkpt>
   <trkpt lat="40.52828" lon="22.199460000000002">
    <ele>142.39000000000001</ele>
   </trkpt>
   <trkpt lat="40.52835" lon="22.19988">
    <ele>142.72</ele>
   </trkpt>
   <trkpt lat="40.52848000150676" lon="22.20047999862868">
    <ele>143.0</ele>
   </trkpt>
   <trkpt lat="40.52861" lon="22.20108">
    <ele>142.37000000000003</ele>
   </trkpt>
   <trkpt lat="40.52873" lon="22.20156">
    <ele>143.41</ele>
   </trkpt>
   <trkpt lat="40.52879" lon="22.201670000000004">
    <ele>143.59000000000003</ele>
   </trkpt>
   <trkpt lat="40.528360000000006" lon="22.20213">
    <ele>146.77</ele>
   </trkpt>
   <trkpt lat="40.52825" lon="22.202280000000002">
    <ele>147.41</ele>
   </trkpt>
   <trkpt lat="40.52778" lon="22.202730000000003">
    <ele>148.39000000000001</ele>
   </trkpt>
   <trkpt lat="40.52722" lon="22.20322">
    <ele>149.91000000000003</ele>
   </trkpt>
   <trkpt lat="40.52671" lon="22.203550000000003">
    <ele>150.42000000000002</ele>
   </trkpt>
   <trkpt lat="40.52604" lon="22.203750000000003">
    <ele>151.42</ele>
   </trkpt>
   <trkpt lat="40.52561" lon="22.203950000000003">
    <ele>151.68</ele>
   </trkpt>
   <trkpt lat="40.524860000000004" lon="22.20444">
    <ele>151.33</ele>
   </trkpt>
   <trkpt lat="40.524280000000005" lon="22.20483">
    <ele>150.27</ele>
   </trkpt>
   <trkpt lat="40.52367" lon="22.20514">
    <ele>148.82</ele>
   </trkpt>
   <trkpt lat="40.52352000393222" lon="22.206100002404444">
    <ele>146.17000000000002</ele>
   </trkpt>
   <trkpt lat="40.52337" lon="22.207060000000002">
    <ele>143.13</ele>
   </trkpt>
   <trkpt lat="40.52315" lon="22.20709">
    <ele>142.66</ele>
   </trkpt>
   <trkpt lat="40.52295" lon="22.20728">
    <ele>141.94</ele>
   </trkpt>
   <trkpt lat="40.522870000000005" lon="22.207400000000003">
    <ele>141.8</ele>
   </trkpt>
   <trkpt lat="40.52279" lon="22.20767">
    <ele>141.64000000000001</ele>
   </trkpt>
   <trkpt lat="40.52268" lon="22.207770000000004">
    <ele>141.36</ele>
   </trkpt>
   <trkpt lat="40.52261" lon="22.207770000000004">
    <ele>141.36</ele>
   </trkpt>
   <trkpt lat="40.52252" lon="22.207710000000002">
    <ele>141.17000000000002</ele>
   </trkpt>
   <trkpt lat="40.52214" lon="22.2072">
    <ele>140.56</ele>
   </trkpt>
   <trkpt lat="40.522000000000006" lon="22.207030000000003">
    <ele>139.59</ele>
   </trkpt>
   <trkpt lat="40.521860000000004" lon="22.20691">
    <ele>139.33</ele>
   </trkpt>
   <trkpt lat="40.52160000000001" lon="22.206750000000003">
    <ele>138.23000000000002</ele>
   </trkpt>
   <trkpt lat="40.521460000000005" lon="22.206560000000003">
    <ele>137.24</ele>
   </trkpt>
   <trkpt lat="40.52103" lon="22.20588">
    <ele>134.02</ele>
   </trkpt>
   <trkpt lat="40.52087" lon="22.205710000000003">
    <ele>133.59</ele>
   </trkpt>
   <trkpt lat="40.520720000000004" lon="22.205620000000003">
    <ele>133.29000000000002</ele>
   </trkpt>
   <trkpt lat="40.520160000000004" lon="22.205470000000002">
    <ele>131.94</ele>
   </trkpt>
   <trkpt lat="40.52002" lon="22.205470000000002">
    <ele>131.69</ele>
   </trkpt>
   <trkpt lat="40.51991" lon="22.20549">
    <ele>131.69</ele>
   </trkpt>
   <trkpt lat="40.51971" lon="22.20557">
    <ele>131.39000000000001</ele>
   </trkpt>
   <trkpt lat="40.51926500016461" lon="22.205800001559485">
    <ele>130.97</ele>
   </trkpt>
   <trkpt lat="40.518820000000005" lon="22.206030000000002">
    <ele>130.43</ele>
   </trkpt>
   <trkpt lat="40.518510000000006" lon="22.20613">
    <ele>130.19</ele>
   </trkpt>
   <trkpt lat="40.51821" lon="22.206200000000003">
    <ele>129.45000000000002</ele>
   </trkpt>
   <trkpt lat="40.51803" lon="22.206210000000002">
    <ele>129.27</ele>
   </trkpt>
   <trkpt lat="40.51729999997717" lon="22.206215000054602">
    <ele>127.84</ele>
   </trkpt>
   <trkpt lat="40.51657" lon="22.206220000000002">
    <ele>126.43</ele>
   </trkpt>
   <trkpt lat="40.516020000000005" lon="22.206200000000003">
    <ele>125.15</ele>
   </trkpt>
   <trkpt lat="40.51587000000001" lon="22.20624">
    <ele>125.05000000000003</ele>
   </trkpt>
   <trkpt lat="40.51568" lon="22.20632">
    <ele>124.66000000000001</ele>
   </trkpt>
   <trkpt lat="40.51554" lon="22.20643">
    <ele>124.12</ele>
   </trkpt>
   <trkpt lat="40.51538" lon="22.20663">
    <ele>123.41</ele>
   </trkpt>
   <trkpt lat="40.515190000000004" lon="22.206950000000003">
    <ele>123.12</ele>
   </trkpt>
   <trkpt lat="40.51498500228431" lon="22.20768000227633">
    <ele>121.48</ele>
   </trkpt>
   <trkpt lat="40.51478" lon="22.20841">
    <ele>120.0</ele>
   </trkpt>
   <trkpt lat="40.51455" lon="22.20895">
    <ele>119.16000000000001</ele>
   </trkpt>
   <trkpt lat="40.51406" lon="22.209650000000003">
    <ele>117.86</ele>
   </trkpt>
   <trkpt lat="40.51361" lon="22.21067">
    <ele>116.76</ele>
   </trkpt>
   <trkpt lat="40.51343000000001" lon="22.21092">
    <ele>116.68</ele>
   </trkpt>
   <trkpt lat="40.5130100010036" lon="22.2114150031623">
    <ele>116.30000000000001</ele>
   </trkpt>
   <trkpt lat="40.51259" lon="22.211910000000003">
    <ele>113.49000000000001</ele>
   </trkpt>
   <trkpt lat="40.51236" lon="22.212220000000002">
    <ele>112.74000000000001</ele>
   </trkpt>
   <trkpt lat="40.51202000000001" lon="22.21289">
    <ele>111.37</ele>
   </trkpt>
   <trkpt lat="40.511540000000004" lon="22.21376">
    <ele>108.95</ele>
   </trkpt>
   <trkpt lat="40.51109" lon="22.214440000000003">
    <ele>106.74000000000001</ele>
   </trkpt>
   <trkpt lat="40.510830000000006" lon="22.21508">
    <ele>106.00000000000001</ele>
   </trkpt>
   <trkpt lat="40.51064" lon="22.21565">
    <ele>104.71000000000001</ele>
   </trkpt>
   <trkpt lat="40.511320000000005" lon="22.21621">
    <ele>92.76</ele>
   </trkpt>
   <trkpt lat="40.5116" lon="22.2159">
    <ele>91.66</ele>
   </trkpt>
   <trkpt lat="40.51144" lon="22.21637">
    <ele>89.59</ele>
   </trkpt>
   <trkpt lat="40.511430000000004" lon="22.21649">
    <ele>89.31</ele>
   </trkpt>
   <trkpt lat="40.511520002992356" lon="22.217319999100784">
    <ele>87.31000000000002</ele>
   </trkpt>
   <trkpt lat="40.511610000000005" lon="22.21815">
    <ele>84.57000000000001</ele>
   </trkpt>
   <trkpt lat="40.51174" lon="22.219140000000003">
    <ele>81.37</ele>
   </trkpt>
   <trkpt lat="40.51173" lon="22.219720000000002">
    <ele>80.2</ele>
   </trkpt>
   <trkpt lat="40.511630000000004" lon="22.220290000000002">
    <ele>79.21000000000001</ele>
   </trkpt>
   <trkpt lat="40.511415003088956" lon="22.221135002663672">
    <ele>78.45</ele>
   </trkpt>
   <trkpt lat="40.5112" lon="22.221980000000002">
    <ele>77.29</ele>
   </trkpt>
   <trkpt lat="40.511120000000005" lon="22.222340000000003">
    <ele>76.50000000000001</ele>
   </trkpt>
   <trkpt lat="40.51090000000001" lon="22.223480000000002">
    <ele>73.78000000000002</ele>
   </trkpt>
   <trkpt lat="40.510760000000005" lon="22.224500000000003">
    <ele>72.69</ele>
   </trkpt>
   <trkpt lat="40.510740000000006" lon="22.224960000000003">
    <ele>71.82000000000001</ele>
   </trkpt>
   <trkpt lat="40.510780000000004" lon="22.22557">
    <ele>69.92</ele>
   </trkpt>
   <trkpt lat="40.51082" lon="22.225790000000003">
    <ele>69.74000000000001</ele>
   </trkpt>
   <trkpt lat="40.510850000000005" lon="22.22624">
    <ele>69.32000000000001</ele>
   </trkpt>
   <trkpt lat="40.51066" lon="22.226950000000002">
    <ele>68.41000000000001</ele>
   </trkpt>
   <trkpt lat="40.51055" lon="22.22715">
    <ele>67.73</ele>
   </trkpt>
   <trkpt lat="40.5103" lon="22.22753">
    <ele>67.18</ele>
   </trkpt>
   <trkpt lat="40.510270000000006" lon="22.227600000000002">
    <ele>67.18</ele>
   </trkpt>
   <trkpt lat="40.51026" lon="22.22766">
    <ele>67.18</ele>
   </trkpt>
   <trkpt lat="40.510310000000004" lon="22.227790000000002">
    <ele>66.75</ele>
   </trkpt>
   <trkpt lat="40.50998000333313" lon="22.228665004217202">
    <ele>63.59</ele>
   </trkpt>
   <trkpt lat="40.50965" lon="22.22954">
    <ele>61.24</ele>
   </trkpt>
   <trkpt lat="40.509620000000005" lon="22.229680000000002">
    <ele>61.24</ele>
   </trkpt>
   <trkpt lat="40.509620000000005" lon="22.229940000000003">
    <ele>61.17</ele>
   </trkpt>
   <trkpt lat="40.50959" lon="22.230200000000004">
    <ele>61.08</ele>
   </trkpt>
   <trkpt lat="40.509460000000004" lon="22.23054">
    <ele>60.550000000000004</ele>
   </trkpt>
   <trkpt lat="40.509190000000004" lon="22.23113">
    <ele>58.17</ele>
   </trkpt>
   <trkpt lat="40.50911000000001" lon="22.231270000000002">
    <ele>56.830000000000005</ele>
   </trkpt>
   <trkpt lat="40.50842" lon="22.231830000000002">
    <ele>56.040000000000006</ele>
   </trkpt>
   <trkpt lat="40.50836" lon="22.231900000000003">
    <ele>56.42</ele>
   </trkpt>
   <trkpt lat="40.50824" lon="22.232090000000003">
    <ele>56.410000000000004</ele>
   </trkpt>
   <trkpt lat="40.508070000000004" lon="22.23272">
    <ele>56.800000000000004</ele>
   </trkpt>
   <trkpt lat="40.508" lon="22.2331">
    <ele>56.75</ele>
   </trkpt>
   <trkpt lat="40.507960000000004" lon="22.23356">
    <ele>56.13</ele>
   </trkpt>
   <trkpt lat="40.50792500318741" lon="22.234420000451802">
    <ele>54.71</ele>
   </trkpt>
   <trkpt lat="40.50789" lon="22.235280000000003">
    <ele>53.51</ele>
   </trkpt>
   <trkpt lat="40.50789" lon="22.23526">
    <ele>53.52</ele>
   </trkpt>
   <trkpt lat="40.50787000191319" lon="22.235924999955643">
    <ele>52.29</ele>
   </trkpt>
   <trkpt lat="40.507850000000005" lon="22.236590000000003">
    <ele>51.2</ele>
   </trkpt>
   <trkpt lat="40.50792000262309" lon="22.237369999197107">
    <ele>50.54</ele>
   </trkpt>
   <trkpt lat="40.50799000000001" lon="22.23815">
    <ele>50.370000000000005</ele>
   </trkpt>
   <trkpt lat="40.50795500214208" lon="22.238855000367828">
    <ele>50.60000000000001</ele>
   </trkpt>
   <trkpt lat="40.507920000000006" lon="22.23956">
    <ele>50.53</ele>
   </trkpt>
   <trkpt lat="40.50793000431072" lon="22.240559999942814">
    <ele>48.31</ele>
   </trkpt>
   <trkpt lat="40.507940000000005" lon="22.241560000000003">
    <ele>47.690000000000005</ele>
   </trkpt>
   <trkpt lat="40.507870000000004" lon="22.24198">
    <ele>48.07</ele>
   </trkpt>
   <trkpt lat="40.5078" lon="22.24228">
    <ele>48.220000000000006</ele>
   </trkpt>
   <trkpt lat="40.507630000000006" lon="22.24286">
    <ele>48.260000000000005</ele>
   </trkpt>
   <trkpt lat="40.50755" lon="22.242990000000002">
    <ele>48.34</ele>
   </trkpt>
   <trkpt lat="40.50735" lon="22.24311">
    <ele>48.730000000000004</ele>
   </trkpt>
   <trkpt lat="40.50724" lon="22.243350000000003">
    <ele>49.25</ele>
   </trkpt>
   <trkpt lat="40.506890000000006" lon="22.244300000000003">
    <ele>50.78</ele>
   </trkpt>
   <trkpt lat="40.50651667461515" lon="22.245260010675295">
    <ele>50.99000000000001</ele>
   </trkpt>
   <trkpt lat="40.50614334128645" lon="22.246220010663187">
    <ele>49.88</ele>
   </trkpt>
   <trkpt lat="40.505770000000005" lon="22.24718">
    <ele>48.6</ele>
   </trkpt>
   <trkpt lat="40.50551" lon="22.247950000000003">
    <ele>47.52</ele>
   </trkpt>
   <trkpt lat="40.505410000000005" lon="22.248320000000003">
    <ele>47.220000000000006</ele>
   </trkpt>
   <trkpt lat="40.50531" lon="22.248900000000003">
    <ele>46.63</ele>
   </trkpt>
   <trkpt lat="40.50517000000001" lon="22.249560000000002">
    <ele>45.46</ele>
   </trkpt>
   <trkpt lat="40.50509" lon="22.249820000000003">
    <ele>45.470000000000006</ele>
   </trkpt>
   <trkpt lat="40.50489" lon="22.250210000000003">
    <ele>45.33</ele>
   </trkpt>
   <trkpt lat="40.5045600012015" lon="22.250740002622177">
    <ele>45.2</ele>
   </trkpt>
   <trkpt lat="40.50423000000001" lon="22.25127">
    <ele>45.93000000000001</ele>
   </trkpt>
   <trkpt lat="40.504000000000005" lon="22.25168">
    <ele>45.62</ele>
   </trkpt>
   <trkpt lat="40.50368" lon="22.25251">
    <ele>46.06</ele>
   </trkpt>
   <trkpt lat="40.50341" lon="22.25296">
    <ele>46.410000000000004</ele>
   </trkpt>
   <trkpt lat="40.50291000129249" lon="22.253495003924836">
    <ele>47.42</ele>
   </trkpt>
   <trkpt lat="40.502410000000005" lon="22.25403">
    <ele>48.18</ele>
   </trkpt>
   <trkpt lat="40.50251" lon="22.254360000000002">
    <ele>47.49</ele>
   </trkpt>
   <trkpt lat="40.502520000000004" lon="22.255090000000003">
    <ele>46.160000000000004</ele>
   </trkpt>
   <trkpt lat="40.5026" lon="22.25551">
    <ele>45.470000000000006</ele>
   </trkpt>
   <trkpt lat="40.50266500376507" lon="22.25644499905736">
    <ele>42.800000000000004</ele>
   </trkpt>
   <trkpt lat="40.50273000000001" lon="22.25738">
    <ele>39.21</ele>
   </trkpt>
   <trkpt lat="40.50282" lon="22.25741">
    <ele>39.21</ele>
   </trkpt>
   <trkpt lat="40.502880000000005" lon="22.257450000000002">
    <ele>38.95</ele>
   </trkpt>
   <trkpt lat="40.50292" lon="22.257520000000003">
    <ele>38.95</ele>
   </trkpt>
   <trkpt lat="40.502900000000004" lon="22.25765">
    <ele>38.95</ele>
   </trkpt>
   <trkpt lat="40.502810000000004" lon="22.25784">
    <ele>38.44</ele>
   </trkpt>
   <trkpt lat="40.502810000000004" lon="22.257990000000003">
    <ele>38.44</ele>
   </trkpt>
   <trkpt lat="40.50320000000001" lon="22.258570000000002">
    <ele>36.68000000000001</ele>
   </trkpt>
   <trkpt lat="40.50357" lon="22.259220000000003">
    <ele>36.77</ele>
   </trkpt>
   <trkpt lat="40.50382500116211" lon="22.259734998080635">
    <ele>37.43000000000001</ele>
   </trkpt>
   <trkpt lat="40.50408" lon="22.260250000000003">
    <ele>37.77</ele>
   </trkpt>
   <trkpt lat="40.504310000000004" lon="22.26103">
    <ele>37.07000000000001</ele>
   </trkpt>
   <trkpt lat="40.50448" lon="22.26141">
    <ele>36.37</ele>
   </trkpt>
   <trkpt lat="40.50462" lon="22.261840000000003">
    <ele>35.120000000000005</ele>
   </trkpt>
   <trkpt lat="40.50479" lon="22.262520000000002">
    <ele>34.32</ele>
   </trkpt>
   <trkpt lat="40.50499000206579" lon="22.263214997872307">
    <ele>34.080000000000005</ele>
   </trkpt>
   <trkpt lat="40.505190000000006" lon="22.263910000000003">
    <ele>34.13</ele>
   </trkpt>
   <trkpt lat="40.505510003518985" lon="22.264814995651683">
    <ele>34.02</ele>
   </trkpt>
   <trkpt lat="40.50583" lon="22.26572">
    <ele>33.99</ele>
   </trkpt>
   <trkpt lat="40.50601" lon="22.266160000000003">
    <ele>33.85</ele>
   </trkpt>
   <trkpt lat="40.50641500341632" lon="22.267039994857434">
    <ele>33.45</ele>
   </trkpt>
   <trkpt lat="40.506820000000005" lon="22.26792">
    <ele>33.160000000000004</ele>
   </trkpt>
   <trkpt lat="40.507145001562996" lon="22.26851999711368">
    <ele>33.06</ele>
   </trkpt>
   <trkpt lat="40.507470000000005" lon="22.26912">
    <ele>32.89</ele>
   </trkpt>
   <trkpt lat="40.507830000000006" lon="22.269710000000003">
    <ele>32.660000000000004</ele>
   </trkpt>
   <trkpt lat="40.50819000129848" lon="22.27025999703965">
    <ele>32.43</ele>
   </trkpt>
   <trkpt lat="40.50855000000001" lon="22.27081">
    <ele>32.36</ele>
   </trkpt>
   <trkpt lat="40.50903" lon="22.27146">
    <ele>32.120000000000005</ele>
   </trkpt>
   <trkpt lat="40.50901" lon="22.271430000000002">
    <ele>32.13</ele>
   </trkpt>
   <trkpt lat="40.50918" lon="22.27167">
    <ele>32.080000000000005</ele>
   </trkpt>
   <trkpt lat="40.50961000117779" lon="22.272194996621373">
    <ele>31.650000000000002</ele>
   </trkpt>
   <trkpt lat="40.510040000000004" lon="22.272720000000003">
    <ele>31.69</ele>
   </trkpt>
   <trkpt lat="40.51053666891375" lon="22.273229992450755">
    <ele>31.48</ele>
   </trkpt>
   <trkpt lat="40.51103333558553" lon="22.273739992455926">
    <ele>31.21</ele>
   </trkpt>
   <trkpt lat="40.51153" lon="22.274250000000002">
    <ele>31.17</ele>
   </trkpt>
   <trkpt lat="40.51211500117389" lon="22.27474499578133">
    <ele>31.01</ele>
   </trkpt>
   <trkpt lat="40.5127" lon="22.27524">
    <ele>31.1</ele>
   </trkpt>
   <trkpt lat="40.51322500072254" lon="22.275604997245345">
    <ele>30.900000000000002</ele>
   </trkpt>
   <trkpt lat="40.51375" lon="22.27597">
    <ele>30.76</ele>
   </trkpt>
   <trkpt lat="40.51444" lon="22.276410000000002">
    <ele>30.520000000000003</ele>
   </trkpt>
   <trkpt lat="40.51482" lon="22.27663">
    <ele>30.46</ele>
   </trkpt>
   <trkpt lat="40.515460000000004" lon="22.276960000000003">
    <ele>30.340000000000003</ele>
   </trkpt>
   <trkpt lat="40.51626000061255" lon="22.277304995926368">
    <ele>30.220000000000002</ele>
   </trkpt>
   <trkpt lat="40.51706" lon="22.27765">
    <ele>29.650000000000002</ele>
   </trkpt>
   <trkpt lat="40.51767000020113" lon="22.277824998427572">
    <ele>29.550000000000004</ele>
   </trkpt>
   <trkpt lat="40.518280000000004" lon="22.278000000000002">
    <ele>29.43</ele>
   </trkpt>
   <trkpt lat="40.518750000000004" lon="22.27811">
    <ele>29.490000000000002</ele>
   </trkpt>
   <trkpt lat="40.51923" lon="22.278200000000002">
    <ele>29.44</ele>
   </trkpt>
   <trkpt lat="40.51989000038115" lon="22.27839332954377">
    <ele>29.310000000000002</ele>
   </trkpt>
   <trkpt lat="40.52055000044014" lon="22.278586662894323">
    <ele>29.18</ele>
   </trkpt>
   <trkpt lat="40.52121" lon="22.27878">
    <ele>28.770000000000003</ele>
   </trkpt>
   <trkpt lat="40.52171500005435" lon="22.27898999836151">
    <ele>28.490000000000002</ele>
   </trkpt>
   <trkpt lat="40.522220000000004" lon="22.279200000000003">
    <ele>28.450000000000003</ele>
   </trkpt>
   <trkpt lat="40.522920000000006" lon="22.27955">
    <ele>28.450000000000003</ele>
   </trkpt>
   <trkpt lat="40.523630000000004" lon="22.279940000000003">
    <ele>28.26</ele>
   </trkpt>
   <trkpt lat="40.5241150003841" lon="22.280244997782475">
    <ele>28.080000000000002</ele>
   </trkpt>
   <trkpt lat="40.52460000000001" lon="22.28055">
    <ele>27.85</ele>
   </trkpt>
   <trkpt lat="40.525175000825854" lon="22.28097999633269">
    <ele>27.900000000000002</ele>
   </trkpt>
   <trkpt lat="40.52575" lon="22.28141">
    <ele>27.810000000000002</ele>
   </trkpt>
   <trkpt lat="40.526120000000006" lon="22.281720000000004">
    <ele>27.85</ele>
   </trkpt>
   <trkpt lat="40.52672500133387" lon="22.282269995062464">
    <ele>27.720000000000002</ele>
   </trkpt>
   <trkpt lat="40.527330000000006" lon="22.28282">
    <ele>27.720000000000002</ele>
   </trkpt>
   <trkpt lat="40.527440000000006" lon="22.282890000000002">
    <ele>27.83</ele>
   </trkpt>
   <trkpt lat="40.52752" lon="22.282980000000002">
    <ele>27.83</ele>
   </trkpt>
   <trkpt lat="40.52774" lon="22.28319">
    <ele>27.720000000000002</ele>
   </trkpt>
   <trkpt lat="40.52835" lon="22.283880000000003">
    <ele>27.080000000000002</ele>
   </trkpt>
   <trkpt lat="40.528490000000005" lon="22.28396">
    <ele>26.740000000000002</ele>
   </trkpt>
   <trkpt lat="40.52908" lon="22.28359">
    <ele>26.390000000000004</ele>
   </trkpt>
   <trkpt lat="40.52930500204555" lon="22.28425499817937">
    <ele>26.2</ele>
   </trkpt>
   <trkpt lat="40.52953" lon="22.284920000000003">
    <ele>26.500000000000004</ele>
   </trkpt>
   <trkpt lat="40.52978" lon="22.285780000000003">
    <ele>27.55</ele>
   </trkpt>
   <trkpt lat="40.52985" lon="22.28593">
    <ele>27.62</ele>
   </trkpt>
   <trkpt lat="40.530275001881186" lon="22.286594995743503">
    <ele>27.540000000000003</ele>
   </trkpt>
   <trkpt lat="40.5307" lon="22.287260000000003">
    <ele>27.39</ele>
   </trkpt>
   <trkpt lat="40.53089000000001" lon="22.287580000000002">
    <ele>27.39</ele>
   </trkpt>
   <trkpt lat="40.53107000000001" lon="22.287940000000003">
    <ele>27.31</ele>
   </trkpt>
   <trkpt lat="40.53123" lon="22.288210000000003">
    <ele>27.32</ele>
   </trkpt>
   <trkpt lat="40.53154000178634" lon="22.28884999708224">
    <ele>27.240000000000002</ele>
   </trkpt>
   <trkpt lat="40.531850000000006" lon="22.28949">
    <ele>27.110000000000003</ele>
   </trkpt>
   <trkpt lat="40.53213" lon="22.29014">
    <ele>27.090000000000003</ele>
   </trkpt>
   <trkpt lat="40.532520000000005" lon="22.291120000000003">
    <ele>27.020000000000003</ele>
   </trkpt>
   <trkpt lat="40.5328280129297" lon="22.29198598407562">
    <ele>26.990000000000002</ele>
   </trkpt>
   <trkpt lat="40.533136019394355" lon="22.292851976112576">
    <ele>27.080000000000002</ele>
   </trkpt>
   <trkpt lat="40.53344401939387" lon="22.293717976110877">
    <ele>27.330000000000002</ele>
   </trkpt>
   <trkpt lat="40.53375201292812" lon="22.2945839840705">
    <ele>27.26</ele>
   </trkpt>
   <trkpt lat="40.534060000000004" lon="22.295450000000002">
    <ele>27.15</ele>
   </trkpt>
   <trkpt lat="40.534413628507785" lon="22.296459216472375">
    <ele>27.03</ele>
   </trkpt>
   <trkpt lat="40.534767248235" lon="22.29746844359753">
    <ele>26.840000000000003</ele>
   </trkpt>
   <trkpt lat="40.53512085918145" lon="22.29847768137545">
    <ele>26.740000000000002</ele>
   </trkpt>
   <trkpt lat="40.5354744613469" lon="22.299486929806104">
    <ele>26.67</ele>
   </trkpt>
   <trkpt lat="40.5358280547312" lon="22.300496188889483">
    <ele>26.51</ele>
   </trkpt>
   <trkpt lat="40.536181639334096" lon="22.301505458625563">
    <ele>26.230000000000004</ele>
   </trkpt>
   <trkpt lat="40.53653521515541" lon="22.302514739014327">
    <ele>26.37</ele>
   </trkpt>
   <trkpt lat="40.536888782194936" lon="22.30352403005576">
    <ele>26.490000000000002</ele>
   </trkpt>
   <trkpt lat="40.53724234045249" lon="22.30453333174983">
    <ele>26.45</ele>
   </trkpt>
   <trkpt lat="40.53759588992782" lon="22.305542644096533">
    <ele>25.880000000000003</ele>
   </trkpt>
   <trkpt lat="40.53794943062077" lon="22.306551967095846">
    <ele>25.25</ele>
   </trkpt>
   <trkpt lat="40.53830296253114" lon="22.307561300747743">
    <ele>25.09</ele>
   </trkpt>
   <trkpt lat="40.5386564856587" lon="22.308570645052214">
    <ele>25.25</ele>
   </trkpt>
   <trkpt lat="40.539010000000005" lon="22.30958">
    <ele>25.5</ele>
   </trkpt>
   <trkpt lat="40.539280000000005" lon="22.310280000000002">
    <ele>25.39</ele>
   </trkpt>
   <trkpt lat="40.53965000598146" lon="22.311109990926646">
    <ele>24.950000000000003</ele>
   </trkpt>
   <trkpt lat="40.540020006023894" lon="22.311939991021735">
    <ele>24.68</ele>
   </trkpt>
   <trkpt lat="40.54039" lon="22.31277">
    <ele>24.150000000000002</ele>
   </trkpt>
   <trkpt lat="40.54075000233253" lon="22.313499996148757">
    <ele>24.17</ele>
   </trkpt>
   <trkpt lat="40.54111" lon="22.314230000000002">
    <ele>24.080000000000002</ele>
   </trkpt>
   <trkpt lat="40.54141500162751" lon="22.314829997417036">
    <ele>23.900000000000002</ele>
   </trkpt>
   <trkpt lat="40.541720000000005" lon="22.315430000000003">
    <ele>23.790000000000003</ele>
   </trkpt>
   <trkpt lat="40.542010000000005" lon="22.31594">
    <ele>23.39</ele>
   </trkpt>
   <trkpt lat="40.542190000000005" lon="22.316200000000002">
    <ele>23.110000000000003</ele>
   </trkpt>
   <trkpt lat="40.542260000000006" lon="22.316660000000002">
    <ele>23.21</ele>
   </trkpt>
   <trkpt lat="40.54238" lon="22.31662">
    <ele>23.160000000000004</ele>
   </trkpt>
   <trkpt lat="40.542675000882674" lon="22.31710499764819">
    <ele>23.44</ele>
   </trkpt>
   <trkpt lat="40.542970000000004" lon="22.317590000000003">
    <ele>23.540000000000003</ele>
   </trkpt>
   <trkpt lat="40.543305001045695" lon="22.31810999721319">
    <ele>23.76</ele>
   </trkpt>
   <trkpt lat="40.54364" lon="22.318630000000002">
    <ele>23.57</ele>
   </trkpt>
   <trkpt lat="40.544200000000004" lon="22.319540000000003">
    <ele>23.700000000000003</ele>
   </trkpt>
   <trkpt lat="40.54475500329947" lon="22.32041499274817">
    <ele>23.75</ele>
   </trkpt>
   <trkpt lat="40.54531" lon="22.32129">
    <ele>23.85</ele>
   </trkpt>
   <trkpt lat="40.54570333750442" lon="22.321979992012196">
    <ele>23.700000000000003</ele>
   </trkpt>
   <trkpt lat="40.54609667090423" lon="22.322669992128723">
    <ele>23.540000000000003</ele>
   </trkpt>
   <trkpt lat="40.546490000000006" lon="22.32336">
    <ele>23.6</ele>
   </trkpt>
   <trkpt lat="40.54693500304152" lon="22.32418999461918">
    <ele>23.520000000000003</ele>
   </trkpt>
   <trkpt lat="40.547380000000004" lon="22.325020000000002">
    <ele>23.450000000000003</ele>
   </trkpt>
   <trkpt lat="40.547850000000004" lon="22.326020000000003">
    <ele>23.290000000000003</ele>
   </trkpt>
   <trkpt lat="40.54809" lon="22.326420000000002">
    <ele>23.4</ele>
   </trkpt>
   <trkpt lat="40.54815000000001" lon="22.326490000000003">
    <ele>23.4</ele>
   </trkpt>
   <trkpt lat="40.548395001540406" lon="22.327069998091858">
    <ele>24.690000000000005</ele>
   </trkpt>
   <trkpt lat="40.548640000000006" lon="22.327650000000002">
    <ele>26.09</ele>
   </trkpt>
   <trkpt lat="40.548660000000005" lon="22.32796">
    <ele>26.390000000000004</ele>
   </trkpt>
   <trkpt lat="40.54844000000001" lon="22.328750000000003">
    <ele>26.390000000000004</ele>
   </trkpt>
   <trkpt lat="40.54843" lon="22.3289">
    <ele>26.29</ele>
   </trkpt>
   <trkpt lat="40.548460000000006" lon="22.329040000000003">
    <ele>26.29</ele>
   </trkpt>
   <trkpt lat="40.54852" lon="22.329140000000002">
    <ele>26.160000000000004</ele>
   </trkpt>
   <trkpt lat="40.5486" lon="22.329230000000003">
    <ele>26.160000000000004</ele>
   </trkpt>
   <trkpt lat="40.549020000000006" lon="22.32944">
    <ele>26.1</ele>
   </trkpt>
   <trkpt lat="40.549380000000006" lon="22.329610000000002">
    <ele>25.92</ele>
   </trkpt>
   <trkpt lat="40.54948" lon="22.329690000000003">
    <ele>25.710000000000004</ele>
   </trkpt>
   <trkpt lat="40.54956000000001" lon="22.32982">
    <ele>25.490000000000002</ele>
   </trkpt>
   <trkpt lat="40.549890000000005" lon="22.330530000000003">
    <ele>23.64</ele>
   </trkpt>
   <trkpt lat="40.55013" lon="22.33114">
    <ele>21.96</ele>
   </trkpt>
   <trkpt lat="40.550200000000004" lon="22.33145">
    <ele>21.66</ele>
   </trkpt>
   <trkpt lat="40.55060000918701" lon="22.332483320939577">
    <ele>21.51</ele>
   </trkpt>
   <trkpt lat="40.551000009168156" lon="22.333516654224">
    <ele>21.330000000000002</ele>
   </trkpt>
   <trkpt lat="40.5514" lon="22.33455">
    <ele>21.35</ele>
   </trkpt>
   <trkpt lat="40.55171333823895" lon="22.335306659511318">
    <ele>21.380000000000003</ele>
   </trkpt>
   <trkpt lat="40.55202667154165" lon="22.336063326103933">
    <ele>21.18</ele>
   </trkpt>
   <trkpt lat="40.55234" lon="22.336820000000003">
    <ele>21.120000000000005</ele>
   </trkpt>
   <trkpt lat="40.552640002736524" lon="22.337619996355976">
    <ele>20.77</ele>
   </trkpt>
   <trkpt lat="40.55294000000001" lon="22.338420000000003">
    <ele>20.67</ele>
   </trkpt>
   <trkpt lat="40.553330016891685" lon="22.33940997691297">
    <ele>20.450000000000003</ele>
   </trkpt>
   <trkpt lat="40.55372002533349" lon="22.34039996535864">
    <ele>20.28</ele>
   </trkpt>
   <trkpt lat="40.554110025325215" lon="22.34138996533705">
    <ele>20.290000000000003</ele>
   </trkpt>
   <trkpt lat="40.55450001686665" lon="22.342379976848253">
    <ele>20.17</ele>
   </trkpt>
   <trkpt lat="40.55489" lon="22.34337">
    <ele>19.8</ele>
   </trkpt>
   <trkpt lat="40.555310000000006" lon="22.34437">
    <ele>19.700000000000003</ele>
   </trkpt>
   <trkpt lat="40.55565000648996" lon="22.345236657900116">
    <ele>19.630000000000003</ele>
   </trkpt>
   <trkpt lat="40.55599000650402" lon="22.346103324602478">
    <ele>19.450000000000003</ele>
   </trkpt>
   <trkpt lat="40.55633" lon="22.346970000000002">
    <ele>19.33</ele>
   </trkpt>
   <trkpt lat="40.556650000000005" lon="22.347830000000002">
    <ele>19.290000000000003</ele>
   </trkpt>
   <trkpt lat="40.556760000000004" lon="22.34831">
    <ele>19.090000000000003</ele>
   </trkpt>
   <trkpt lat="40.557100003599366" lon="22.349224995326626">
    <ele>18.930000000000003</ele>
   </trkpt>
   <trkpt lat="40.55744000000001" lon="22.350140000000003">
    <ele>18.88</ele>
   </trkpt>
   <trkpt lat="40.55749" lon="22.35038">
    <ele>18.92</ele>
   </trkpt>
   <trkpt lat="40.55745" lon="22.350700000000003">
    <ele>19.16</ele>
   </trkpt>
   <trkpt lat="40.557390000000005" lon="22.35095">
    <ele>19.42</ele>
   </trkpt>
   <trkpt lat="40.55744000000001" lon="22.351000000000003">
    <ele>19.44</ele>
   </trkpt>
   <trkpt lat="40.557840000000006" lon="22.35116">
    <ele>19.55</ele>
   </trkpt>
   <trkpt lat="40.557900000000004" lon="22.35122">
    <ele>19.55</ele>
   </trkpt>
   <trkpt lat="40.558305004328126" lon="22.35221999399273">
    <ele>19.080000000000002</ele>
   </trkpt>
   <trkpt lat="40.558710000000005" lon="22.35322">
    <ele>18.94</ele>
   </trkpt>
   <trkpt lat="40.55899000460342" lon="22.353949993916302">
    <ele>18.97</ele>
   </trkpt>
   <trkpt lat="40.5592700046122" lon="22.354679993939133">
    <ele>18.88</ele>
   </trkpt>
   <trkpt lat="40.55955" lon="22.355410000000003">
    <ele>18.8</ele>
   </trkpt>
   <trkpt lat="40.55994872888265" lon="22.356425248671204">
    <ele>18.860000000000003</ele>
   </trkpt>
   <trkpt lat="40.56034744887817" lon="22.357440509436525">
    <ele>18.79</ele>
   </trkpt>
   <trkpt lat="40.56074615998638" lon="22.35845578229601">
    <ele>18.740000000000002</ele>
   </trkpt>
   <trkpt lat="40.56114486220701" lon="22.359471067249693">
    <ele>18.490000000000002</ele>
   </trkpt>
   <trkpt lat="40.56154355553985" lon="22.360486364297632">
    <ele>18.320000000000004</ele>
   </trkpt>
   <trkpt lat="40.561942239984646" lon="22.36150167343986">
    <ele>18.3</ele>
   </trkpt>
   <trkpt lat="40.5623409155412" lon="22.362516994676433">
    <ele>17.810000000000002</ele>
   </trkpt>
   <trkpt lat="40.562739582209254" lon="22.363532328007388">
    <ele>17.62</ele>
   </trkpt>
   <trkpt lat="40.56313823998858" lon="22.36454767343277">
    <ele>17.27</ele>
   </trkpt>
   <trkpt lat="40.563536888878964" lon="22.365563030952632">
    <ele>17.01</ele>
   </trkpt>
   <trkpt lat="40.56393552888015" lon="22.366578400567008">
    <ele>16.880000000000003</ele>
   </trkpt>
   <trkpt lat="40.56433415999194" lon="22.367593782275954">
    <ele>16.71</ele>
   </trkpt>
   <trkpt lat="40.56473278221406" lon="22.3686091760795">
    <ele>16.540000000000003</ele>
   </trkpt>
   <trkpt lat="40.56513139554632" lon="22.369624581977703">
    <ele>16.380000000000003</ele>
   </trkpt>
   <trkpt lat="40.56553" lon="22.37064">
    <ele>16.970000000000002</ele>
   </trkpt>
   <trkpt lat="40.56589501178733" lon="22.371594984353727">
    <ele>16.73</ele>
   </trkpt>
   <trkpt lat="40.56626001571106" lon="22.372549979123868">
    <ele>16.700000000000003</ele>
   </trkpt>
   <trkpt lat="40.56662501177099" lon="22.373504984310454">
    <ele>16.69</ele>
   </trkpt>
   <trkpt lat="40.566990000000004" lon="22.374460000000003">
    <ele>16.630000000000003</ele>
   </trkpt>
   <trkpt lat="40.56737203680812" lon="22.375433949961604">
    <ele>16.69</ele>
   </trkpt>
   <trkpt lat="40.56775406543714" lon="22.37640791104256">
    <ele>16.67</ele>
   </trkpt>
   <trkpt lat="40.56813608588685" lon="22.377381883242922">
    <ele>16.76</ele>
   </trkpt>
   <trkpt lat="40.56851809815703" lon="22.378355866562718">
    <ele>16.92</ele>
   </trkpt>
   <trkpt lat="40.56890010224748" lon="22.379329861001995">
    <ele>16.78</ele>
   </trkpt>
   <trkpt lat="40.56928209815803" lon="22.380303866560787">
    <ele>16.700000000000003</ele>
   </trkpt>
   <trkpt lat="40.569664085888434" lon="22.381277883239136">
    <ele>16.61</ele>
   </trkpt>
   <trkpt lat="40.57004606543849" lon="22.382251911037077">
    <ele>16.450000000000003</ele>
   </trkpt>
   <trkpt lat="40.570428036808025" lon="22.383225949954657">
    <ele>16.200000000000003</ele>
   </trkpt>
   <trkpt lat="40.57081" lon="22.384200000000003">
    <ele>16.200000000000003</ele>
   </trkpt>
   <trkpt lat="40.57117801575127" lon="22.385155978945058">
    <ele>16.23</ele>
   </trkpt>
   <trkpt lat="40.57154602362231" lon="22.386111968405153">
    <ele>16.09</ele>
   </trkpt>
   <trkpt lat="40.571914023612955" lon="22.387067968380325">
    <ele>16.0</ele>
   </trkpt>
   <trkpt lat="40.572282015723005" lon="22.388023978870585">
    <ele>15.860000000000003</ele>
   </trkpt>
   <trkpt lat="40.57265" lon="22.38898">
    <ele>15.81</ele>
   </trkpt>
   <trkpt lat="40.573018594560516" lon="22.389925683020348">
    <ele>15.690000000000003</ele>
   </trkpt>
   <trkpt lat="40.573387181409565" lon="22.390871376459522">
    <ele>15.66</ele>
   </trkpt>
   <trkpt lat="40.57375576054695" lon="22.39181708031757">
    <ele>15.61</ele>
   </trkpt>
   <trkpt lat="40.5741243319725" lon="22.392762794594518">
    <ele>15.63</ele>
   </trkpt>
   <trkpt lat="40.574492895686035" lon="22.39370851929039">
    <ele>15.65</ele>
   </trkpt>
   <trkpt lat="40.57486145168734" lon="22.394654254405236">
    <ele>15.410000000000002</ele>
   </trkpt>
   <trkpt lat="40.575230000000005" lon="22.3956">
    <ele>15.44</ele>
   </trkpt>
   <trkpt lat="40.57547500140595" lon="22.39616999792479">
    <ele>15.290000000000001</ele>
   </trkpt>
   <trkpt lat="40.575720000000004" lon="22.39674">
    <ele>15.35</ele>
   </trkpt>
   <trkpt lat="40.57608000268722" lon="22.397529995741454">
    <ele>15.47</ele>
   </trkpt>
   <trkpt lat="40.576440000000005" lon="22.398320000000002">
    <ele>15.500000000000002</ele>
   </trkpt>
   <trkpt lat="40.57690000359908" lon="22.399229993800112">
    <ele>15.510000000000002</ele>
   </trkpt>
   <trkpt lat="40.577360000000006" lon="22.40014">
    <ele>15.410000000000002</ele>
   </trkpt>
   <trkpt lat="40.57788500398077" lon="22.401099992479825">
    <ele>15.330000000000002</ele>
   </trkpt>
   <trkpt lat="40.578410000000005" lon="22.402060000000002">
    <ele>15.070000000000002</ele>
   </trkpt>
   <trkpt lat="40.578905003080756" lon="22.402914993550887">
    <ele>15.01</ele>
   </trkpt>
   <trkpt lat="40.57940000000001" lon="22.40377">
    <ele>14.860000000000001</ele>
   </trkpt>
   <trkpt lat="40.57987000246229" lon="22.404529994615018">
    <ele>14.72</ele>
   </trkpt>
   <trkpt lat="40.58034000000001" lon="22.40529">
    <ele>14.520000000000001</ele>
   </trkpt>
   <trkpt lat="40.58074000301988" lon="22.405886659456357">
    <ele>14.71</ele>
   </trkpt>
   <trkpt lat="40.58114000296993" lon="22.406483326048395">
    <ele>14.41</ele>
   </trkpt>
   <trkpt lat="40.581540000000004" lon="22.40708">
    <ele>14.17</ele>
   </trkpt>
   <trkpt lat="40.58193000163108" lon="22.40769999634337">
    <ele>14.16</ele>
   </trkpt>
   <trkpt lat="40.58232" lon="22.408320000000003">
    <ele>14.14</ele>
   </trkpt>
   <trkpt lat="40.58269000201312" lon="22.408974996666014">
    <ele>14.06</ele>
   </trkpt>
   <trkpt lat="40.58306" lon="22.409630000000003">
    <ele>14.110000000000001</ele>
   </trkpt>
   <trkpt lat="40.583400000000005" lon="22.41027">
    <ele>14.010000000000002</ele>
   </trkpt>
   <trkpt lat="40.58371000169189" lon="22.410904996961403">
    <ele>13.950000000000001</ele>
   </trkpt>
   <trkpt lat="40.58402" lon="22.411540000000002">
    <ele>13.64</ele>
   </trkpt>
   <trkpt lat="40.584450000000004" lon="22.412480000000002">
    <ele>13.81</ele>
   </trkpt>
   <trkpt lat="40.58474667148521" lon="22.413226660070674">
    <ele>13.81</ele>
   </trkpt>
   <trkpt lat="40.58504333816295" lon="22.413973326765095">
    <ele>13.91</ele>
   </trkpt>
   <trkpt lat="40.58534" lon="22.414720000000003">
    <ele>13.96</ele>
   </trkpt>
   <trkpt lat="40.58558000199146" lon="22.415394997653703">
    <ele>13.9</ele>
   </trkpt>
   <trkpt lat="40.585820000000005" lon="22.41607">
    <ele>14.05</ele>
   </trkpt>
   <trkpt lat="40.5861000035842" lon="22.416984996085603">
    <ele>13.9</ele>
   </trkpt>
   <trkpt lat="40.586380000000005" lon="22.417900000000003">
    <ele>14.040000000000001</ele>
   </trkpt>
   <trkpt lat="40.586615003008575" lon="22.41873499707444">
    <ele>14.200000000000001</ele>
   </trkpt>
   <trkpt lat="40.586850000000005" lon="22.41957">
    <ele>14.33</ele>
   </trkpt>
   <trkpt lat="40.587050000000005" lon="22.4205">
    <ele>14.270000000000001</ele>
   </trkpt>
   <trkpt lat="40.587215003490414" lon="22.42139999776841">
    <ele>14.190000000000001</ele>
   </trkpt>
   <trkpt lat="40.58738" lon="22.422300000000003">
    <ele>13.97</ele>
   </trkpt>
   <trkpt lat="40.58748500175993" lon="22.4229349991322">
    <ele>13.71</ele>
   </trkpt>
   <trkpt lat="40.587590000000006" lon="22.42357">
    <ele>13.65</ele>
   </trkpt>
   <trkpt lat="40.587730005541495" lon="22.42470499751929">
    <ele>13.410000000000002</ele>
   </trkpt>
   <trkpt lat="40.58787" lon="22.42584">
    <ele>13.64</ele>
   </trkpt>
   <trkpt lat="40.58792500179055" lon="22.42648499943177">
    <ele>13.73</ele>
   </trkpt>
   <trkpt lat="40.58798" lon="22.427130000000002">
    <ele>13.82</ele>
   </trkpt>
   <trkpt lat="40.588034018941585" lon="22.428177996604596">
    <ele>14.17</ele>
   </trkpt>
   <trkpt lat="40.58808802841216" lon="22.429225994902072">
    <ele>14.090000000000002</ele>
   </trkpt>
   <trkpt lat="40.58814202841167" lon="22.430273994892126">
    <ele>13.82</ele>
   </trkpt>
   <trkpt lat="40.588196018940074" lon="22.431321996574482">
    <ele>13.940000000000001</ele>
   </trkpt>
   <trkpt lat="40.58825" lon="22.432370000000002">
    <ele>14.020000000000001</ele>
   </trkpt>
   <trkpt lat="40.588310010948426" lon="22.433289997526664">
    <ele>14.180000000000001</ele>
   </trkpt>
   <trkpt lat="40.58837001459804" lon="22.43420999670435">
    <ele>14.15</ele>
   </trkpt>
   <trkpt lat="40.58843001094885" lon="22.435129997532865">
    <ele>13.82</ele>
   </trkpt>
   <trkpt lat="40.58849" lon="22.43605">
    <ele>13.760000000000002</ele>
   </trkpt>
   <trkpt lat="40.588558606927755" lon="22.43722142134806">
    <ele>13.71</ele>
   </trkpt>
   <trkpt lat="40.58862720202224" lon="22.438392845099425">
    <ele>13.7</ele>
   </trkpt>
   <trkpt lat="40.5886957852834" lon="22.439564271253694">
    <ele>13.63</ele>
   </trkpt>
   <trkpt lat="40.58876435671116" lon="22.440735699810457">
    <ele>13.420000000000002</ele>
   </trkpt>
   <trkpt lat="40.58883291630551" lon="22.441907130769327">
    <ele>13.39</ele>
   </trkpt>
   <trkpt lat="40.58890146406635" lon="22.443078564129877">
    <ele>13.15</ele>
   </trkpt>
   <trkpt lat="40.58897" lon="22.44425">
    <ele>13.09</ele>
   </trkpt>
   <trkpt lat="40.58902801967309" lon="22.445317996312554">
    <ele>13.15</ele>
   </trkpt>
   <trkpt lat="40.589086029510156" lon="22.446385994478128">
    <ele>13.030000000000001</ele>
   </trkpt>
   <trkpt lat="40.589144029511154" lon="22.447453994496417">
    <ele>12.85</ele>
   </trkpt>
   <trkpt lat="40.58920201967608" lon="22.44852199636712">
    <ele>12.81</ele>
   </trkpt>
   <trkpt lat="40.58926" lon="22.44959">
    <ele>12.63</ele>
   </trkpt>
   <trkpt lat="40.58933169073812" lon="22.450646661010257">
    <ele>12.700000000000001</ele>
   </trkpt>
   <trkpt lat="40.58940337184789" lon="22.451703324285926">
    <ele>12.64</ele>
   </trkpt>
   <trkpt lat="40.589475043329244" lon="22.45275998982671">
    <ele>12.63</ele>
   </trkpt>
   <trkpt lat="40.589546705182165" lon="22.453816657632323">
    <ele>12.85</ele>
   </trkpt>
   <trkpt lat="40.58961835740661" lon="22.45487332770246">
    <ele>13.01</ele>
   </trkpt>
   <trkpt lat="40.589690000000004" lon="22.455930000000002">
    <ele>13.040000000000001</ele>
   </trkpt>
   <trkpt lat="40.58972500565776" lon="22.45707499956391">
    <ele>13.06</ele>
   </trkpt>
   <trkpt lat="40.589760000000005" lon="22.45822">
    <ele>12.790000000000001</ele>
   </trkpt>
   <trkpt lat="40.589760000000005" lon="22.459020000000002">
    <ele>12.730000000000002</ele>
   </trkpt>
   <trkpt lat="40.5897500059401" lon="22.459850000297628">
    <ele>12.47</ele>
   </trkpt>
   <trkpt lat="40.5897400059395" lon="22.46068000034709">
    <ele>12.39</ele>
   </trkpt>
   <trkpt lat="40.58973" lon="22.46151">
    <ele>12.21</ele>
   </trkpt>
   <trkpt lat="40.589670004172376" lon="22.462495001063587">
    <ele>12.370000000000001</ele>
   </trkpt>
   <trkpt lat="40.58961" lon="22.46348">
    <ele>12.33</ele>
   </trkpt>
   <trkpt lat="40.589510000000004" lon="22.46451">
    <ele>11.860000000000001</ele>
   </trkpt>
   <trkpt lat="40.58945000000001" lon="22.465510000000002">
    <ele>11.63</ele>
   </trkpt>
   <trkpt lat="40.58936500215263" lon="22.466215000816497">
    <ele>11.06</ele>
   </trkpt>
   <trkpt lat="40.58928" lon="22.466920000000002">
    <ele>9.89</ele>
   </trkpt>
   <trkpt lat="40.58928" lon="22.467070000000003">
    <ele>9.950000000000001</ele>
   </trkpt>
   <trkpt lat="40.589310000000005" lon="22.467180000000003">
    <ele>10.030000000000001</ele>
   </trkpt>
   <trkpt lat="40.58925" lon="22.467270000000003">
    <ele>10.010000000000002</ele>
   </trkpt>
   <trkpt lat="40.58921" lon="22.46739">
    <ele>10.030000000000001</ele>
   </trkpt>
   <trkpt lat="40.58905" lon="22.46845">
    <ele>9.49</ele>
   </trkpt>
   <trkpt lat="40.588855005309895" lon="22.4695600032512">
    <ele>10.4</ele>
   </trkpt>
   <trkpt lat="40.588660000000004" lon="22.470670000000002">
    <ele>10.64</ele>
   </trkpt>
   <trkpt lat="40.588480003295395" lon="22.47154000218765">
    <ele>11.06</ele>
   </trkpt>
   <trkpt lat="40.588300000000004" lon="22.472410000000004">
    <ele>11.160000000000002</ele>
   </trkpt>
   <trkpt lat="40.58808500369704" lon="22.47333500293999">
    <ele>10.8</ele>
   </trkpt>
   <trkpt lat="40.58787" lon="22.47426">
    <ele>10.360000000000001</ele>
   </trkpt>
   <trkpt lat="40.58759500425584" lon="22.475250003963">
    <ele>9.760000000000002</ele>
   </trkpt>
   <trkpt lat="40.587320000000005" lon="22.47624">
    <ele>9.19</ele>
   </trkpt>
   <trkpt lat="40.58714000147204" lon="22.476840001882064">
    <ele>9.13</ele>
   </trkpt>
   <trkpt lat="40.586960000000005" lon="22.47744">
    <ele>8.96</ele>
   </trkpt>
   <trkpt lat="40.58666000322115" lon="22.47830500389436">
    <ele>8.47</ele>
   </trkpt>
   <trkpt lat="40.586360000000006" lon="22.479170000000003">
    <ele>7.620000000000001</ele>
   </trkpt>
   <trkpt lat="40.586035003318585" lon="22.480045004204868">
    <ele>8.26</ele>
   </trkpt>
   <trkpt lat="40.585710000000006" lon="22.48092">
    <ele>9.63</ele>
   </trkpt>
   <trkpt lat="40.58543000195444" lon="22.481585002670602">
    <ele>9.959999999999999</ele>
   </trkpt>
   <trkpt lat="40.585150000000006" lon="22.48225">
    <ele>9.35</ele>
   </trkpt>
   <trkpt lat="40.58589000018787" lon="22.482429998020134">
    <ele>7.260000000000001</ele>
   </trkpt>
   <trkpt lat="40.58663000000001" lon="22.48261">
    <ele>7.9</ele>
   </trkpt>
   <trkpt lat="40.587070000000004" lon="22.482740000000003">
    <ele>8.24</ele>
   </trkpt>
   <trkpt lat="40.58717" lon="22.48282">
    <ele>8.24</ele>
   </trkpt>
   <trkpt lat="40.58726" lon="22.482950000000002">
    <ele>8.180000000000001</ele>
   </trkpt>
   <trkpt lat="40.58764" lon="22.483700000000002">
    <ele>8.910000000000002</ele>
   </trkpt>
   <trkpt lat="40.58773" lon="22.483800000000002">
    <ele>9.030000000000001</ele>
   </trkpt>
   <trkpt lat="40.587790000000005" lon="22.48382">
    <ele>9.030000000000001</ele>
   </trkpt>
   <trkpt lat="40.58793" lon="22.483790000000003">
    <ele>9.02</ele>
   </trkpt>
   <trkpt lat="40.58834" lon="22.483490000000003">
    <ele>9.38</ele>
   </trkpt>
   <trkpt lat="40.588460000000005" lon="22.483420000000002">
    <ele>9.38</ele>
   </trkpt>
   <trkpt lat="40.58859" lon="22.48337">
    <ele>9.38</ele>
   </trkpt>
   <trkpt lat="40.58906499986274" lon="22.483285000633888">
    <ele>9.38</ele>
   </trkpt>
   <trkpt lat="40.58954000000001" lon="22.4832">
    <ele>8.59</ele>
   </trkpt>
   <trkpt lat="40.58966" lon="22.48319">
    <ele>8.59</ele>
   </trkpt>
   <trkpt lat="40.589800000000004" lon="22.483220000000003">
    <ele>8.59</ele>
   </trkpt>
   <trkpt lat="40.58979" lon="22.483220000000003">
    <ele>8.6</ele>
   </trkpt>
   <trkpt lat="40.58997" lon="22.48326">
    <ele>8.6</ele>
   </trkpt>
   <trkpt lat="40.59046" lon="22.483600000000003">
    <ele>8.13</ele>
   </trkpt>
   <trkpt lat="40.59055" lon="22.483690000000003">
    <ele>8.16</ele>
   </trkpt>
   <trkpt lat="40.590590000000006" lon="22.48395">
    <ele>8.15</ele>
   </trkpt>
   <trkpt lat="40.59058" lon="22.48431">
    <ele>8.350000000000001</ele>
   </trkpt>
   <trkpt lat="40.590430000000005" lon="22.48459">
    <ele>8.520000000000001</ele>
   </trkpt>
   <trkpt lat="40.590360000000004" lon="22.484800000000003">
    <ele>8.450000000000001</ele>
   </trkpt>
   <trkpt lat="40.59035" lon="22.485180000000003">
    <ele>8.34</ele>
   </trkpt>
   <trkpt lat="40.59035" lon="22.48515">
    <ele>8.33</ele>
   </trkpt>
   <trkpt lat="40.59036000698512" lon="22.48604999974137">
    <ele>8.020000000000001</ele>
   </trkpt>
   <trkpt lat="40.59037000698525" lon="22.486949999752">
    <ele>7.23</ele>
   </trkpt>
   <trkpt lat="40.59038" lon="22.48785">
    <ele>6.19</ele>
   </trkpt>
   <trkpt lat="40.59044" lon="22.48863">
    <ele>5.55</ele>
   </trkpt>
   <trkpt lat="40.590496016026584" lon="22.489593996754667">
    <ele>5.82</ele>
   </trkpt>
   <trkpt lat="40.59055202403945" lon="22.490557995124263">
    <ele>6.140000000000001</ele>
   </trkpt>
   <trkpt lat="40.59060802403854" lon="22.491521995108553">
    <ele>6.0600000000000005</ele>
   </trkpt>
   <trkpt lat="40.59066401602386" lon="22.49248599670732">
    <ele>5.83</ele>
   </trkpt>
   <trkpt lat="40.590720000000005" lon="22.493450000000003">
    <ele>5.94</ele>
   </trkpt>
   <trkpt lat="40.59075" lon="22.494200000000003">
    <ele>7.430000000000001</ele>
   </trkpt>
   <trkpt lat="40.59072500457086" lon="22.495230000527958">
    <ele>8.32</ele>
   </trkpt>
   <trkpt lat="40.590700000000005" lon="22.496260000000003">
    <ele>7.790000000000001</ele>
   </trkpt>
   <trkpt lat="40.59062" lon="22.496750000000002">
    <ele>7.98</ele>
   </trkpt>
   <trkpt lat="40.59033" lon="22.497790000000002">
    <ele>8.650000000000002</ele>
   </trkpt>
   <trkpt lat="40.590140000000005" lon="22.49827">
    <ele>8.010000000000002</ele>
   </trkpt>
   <trkpt lat="40.58986000131559" lon="22.498805002084424">
    <ele>7.29</ele>
   </trkpt>
   <trkpt lat="40.589580000000005" lon="22.49934">
    <ele>7.3500000000000005</ele>
   </trkpt>
   <trkpt lat="40.589510000000004" lon="22.499540000000003">
    <ele>7.42</ele>
   </trkpt>
   <trkpt lat="40.589420000000004" lon="22.49978">
    <ele>7.710000000000001</ele>
   </trkpt>
   <trkpt lat="40.58993" lon="22.499820000000003">
    <ele>7.710000000000001</ele>
   </trkpt>
   <trkpt lat="40.59064333333539" lon="22.49983666631108">
    <ele>7.450000000000001</ele>
   </trkpt>
   <trkpt lat="40.59135666666838" lon="22.49985333297773">
    <ele>7.450000000000001</ele>
   </trkpt>
   <trkpt lat="40.59207000000001" lon="22.49987">
    <ele>7.280000000000001</ele>
   </trkpt>
   <trkpt lat="40.59221" lon="22.499920000000003">
    <ele>7.430000000000001</ele>
   </trkpt>
   <trkpt lat="40.59228" lon="22.49999">
    <ele>7.430000000000001</ele>
   </trkpt>
   <trkpt lat="40.592330000000004" lon="22.50007">
    <ele>7.430000000000001</ele>
   </trkpt>
   <trkpt lat="40.59261500413139" lon="22.501044995955468">
    <ele>7.430000000000001</ele>
   </trkpt>
   <trkpt lat="40.5929" lon="22.50202">
    <ele>6.760000000000001</ele>
   </trkpt>
   <trkpt lat="40.59306" lon="22.502350000000003">
    <ele>6.760000000000001</ele>
   </trkpt>
   <trkpt lat="40.59319" lon="22.50252">
    <ele>6.760000000000001</ele>
   </trkpt>
   <trkpt lat="40.59326" lon="22.502580000000002">
    <ele>6.760000000000001</ele>
   </trkpt>
   <trkpt lat="40.593410000000006" lon="22.502740000000003">
    <ele>6.760000000000001</ele>
   </trkpt>
   <trkpt lat="40.593952007878826" lon="22.5034159780772">
    <ele>6.760000000000001</ele>
   </trkpt>
   <trkpt lat="40.59449401181704" lon="22.50409196711383">
    <ele>6.760000000000001</ele>
   </trkpt>
   <trkpt lat="40.59503601181453" lon="22.504767967110197">
    <ele>6.69</ele>
   </trkpt>
   <trkpt lat="40.59557800787111" lon="22.505443978066616">
    <ele>6.69</ele>
   </trkpt>
   <trkpt lat="40.596120000000006" lon="22.506120000000003">
    <ele>6.69</ele>
   </trkpt>
   <trkpt lat="40.59626" lon="22.506100000000004">
    <ele>6.69</ele>
   </trkpt>
   <trkpt lat="40.59638" lon="22.506010000000003">
    <ele>6.69</ele>
   </trkpt>
   <trkpt lat="40.597050001888036" lon="22.505360006449802">
    <ele>7.430000000000001</ele>
   </trkpt>
   <trkpt lat="40.59772" lon="22.504710000000003">
    <ele>7.450000000000001</ele>
   </trkpt>
   <trkpt lat="40.59799" lon="22.50448">
    <ele>7.450000000000001</ele>
   </trkpt>
   <trkpt lat="40.59874000000001" lon="22.503970000000002">
    <ele>7.2700000000000005</ele>
   </trkpt>
   <trkpt lat="40.59935" lon="22.503670000000003">
    <ele>7.670000000000001</ele>
   </trkpt>
   <trkpt lat="40.59957" lon="22.503600000000002">
    <ele>7.670000000000001</ele>
   </trkpt>
   <trkpt lat="40.599630000000005" lon="22.503600000000002">
    <ele>7.670000000000001</ele>
   </trkpt>
   <trkpt lat="40.59973" lon="22.50365">
    <ele>7.670000000000001</ele>
   </trkpt>
   <trkpt lat="40.599970000000006" lon="22.504060000000003">
    <ele>7.57</ele>
   </trkpt>
   <trkpt lat="40.60005" lon="22.504260000000002">
    <ele>7.57</ele>
   </trkpt>
   <trkpt lat="40.60058500053018" lon="22.503925002652156">
    <ele>7.0600000000000005</ele>
   </trkpt>
   <trkpt lat="40.60112" lon="22.503590000000003">
    <ele>7.660000000000001</ele>
   </trkpt>
   <trkpt lat="40.601290000000006" lon="22.50352">
    <ele>7.72</ele>
   </trkpt>
   <trkpt lat="40.601400000000005" lon="22.50374">
    <ele>7.670000000000001</ele>
   </trkpt>
   <trkpt lat="40.601420000000005" lon="22.503860000000003">
    <ele>7.620000000000001</ele>
   </trkpt>
   <trkpt lat="40.60178500302326" lon="22.504704995257136">
    <ele>7.3500000000000005</ele>
   </trkpt>
   <trkpt lat="40.60215" lon="22.505550000000003">
    <ele>6.78</ele>
   </trkpt>
   <trkpt lat="40.602230000000006" lon="22.50559">
    <ele>6.68</ele>
   </trkpt>
   <trkpt lat="40.60254500233432" lon="22.506329996449363">
    <ele>6.36</ele>
   </trkpt>
   <trkpt lat="40.60286000000001" lon="22.507070000000002">
    <ele>6.21</ele>
   </trkpt>
   <trkpt lat="40.603010000000005" lon="22.5075">
    <ele>5.960000000000001</ele>
   </trkpt>
   <trkpt lat="40.60325667265878" lon="22.50833332719344">
    <ele>6.21</ele>
   </trkpt>
   <trkpt lat="40.60350333932868" lon="22.509166660537566">
    <ele>6.32</ele>
   </trkpt>
   <trkpt lat="40.603750000000005" lon="22.51">
    <ele>6.280000000000001</ele>
   </trkpt>
   <trkpt lat="40.60392" lon="22.51095">
    <ele>6.59</ele>
   </trkpt>
   <trkpt lat="40.60405000156653" lon="22.511554998768425">
    <ele>7.24</ele>
   </trkpt>
   <trkpt lat="40.60418000000001" lon="22.51216">
    <ele>7.73</ele>
   </trkpt>
   <trkpt lat="40.60437" lon="22.51274">
    <ele>7.620000000000001</ele>
   </trkpt>
   <trkpt lat="40.604857508702764" lon="22.513559982064404">
    <ele>7.280000000000001</ele>
   </trkpt>
   <trkpt lat="40.60534501160681" lon="22.514379976090765">
    <ele>6.8100000000000005</ele>
   </trkpt>
   <trkpt lat="40.60583250871196" lon="22.515199982079338">
    <ele>6.59</ele>
   </trkpt>
   <trkpt lat="40.606320000000004" lon="22.51602">
    <ele>6.44</ele>
   </trkpt>
   <trkpt lat="40.60631" lon="22.516000000000002">
    <ele>6.44</ele>
   </trkpt>
   <trkpt lat="40.606756671402486" lon="22.516746656565235">
    <ele>6.19</ele>
   </trkpt>
   <trkpt lat="40.60720333799691" lon="22.51749332311101">
    <ele>7.08</ele>
   </trkpt>
   <trkpt lat="40.60765000000001" lon="22.518240000000002">
    <ele>7.08</ele>
   </trkpt>
   <trkpt lat="40.60801" lon="22.518900000000002">
    <ele>7.010000000000001</ele>
   </trkpt>
   <trkpt lat="40.60822" lon="22.519440000000003">
    <ele>6.95</ele>
   </trkpt>
   <trkpt lat="40.60851" lon="22.52035">
    <ele>6.710000000000001</ele>
   </trkpt>
   <trkpt lat="40.60866" lon="22.520680000000002">
    <ele>6.710000000000001</ele>
   </trkpt>
   <trkpt lat="40.60923500796938" lon="22.52146497973322">
    <ele>6.5600000000000005</ele>
   </trkpt>
   <trkpt lat="40.6098100106244" lon="22.522249972975224">
    <ele>6.130000000000001</ele>
   </trkpt>
   <trkpt lat="40.610385007964865" lon="22.523034979726404">
    <ele>6.21</ele>
   </trkpt>
   <trkpt lat="40.610960000000006" lon="22.52382">
    <ele>6.4</ele>
   </trkpt>
   <trkpt lat="40.61147667082674" lon="22.524516655858513">
    <ele>6.5200000000000005</ele>
   </trkpt>
   <trkpt lat="40.6119933374677" lon="22.525213322490373">
    <ele>6.1000000000000005</ele>
   </trkpt>
   <trkpt lat="40.61251" lon="22.525910000000003">
    <ele>6.32</ele>
   </trkpt>
   <trkpt lat="40.61258" lon="22.52595">
    <ele>6.32</ele>
   </trkpt>
   <trkpt lat="40.61265" lon="22.52597">
    <ele>6.280000000000001</ele>
   </trkpt>
   <trkpt lat="40.61354000010473" lon="22.525880003596487">
    <ele>5.670000000000001</ele>
   </trkpt>
   <trkpt lat="40.614430000139585" lon="22.525790004795414">
    <ele>5.78</ele>
   </trkpt>
   <trkpt lat="40.61532000010458" lon="22.52570000359664">
    <ele>5.9</ele>
   </trkpt>
   <trkpt lat="40.61621" lon="22.52561">
    <ele>5.65</ele>
   </trkpt>
   <trkpt lat="40.61710142875858" lon="22.52552714948993">
    <ele>5.44</ele>
   </trkpt>
   <trkpt lat="40.617992857457956" lon="22.52544429676885">
    <ele>5.21</ele>
   </trkpt>
   <trkpt lat="40.61888428609813" lon="22.52536144183663">
    <ele>4.920000000000001</ele>
   </trkpt>
   <trkpt lat="40.619775714679086" lon="22.525278584693144">
    <ele>4.66</ele>
   </trkpt>
   <trkpt lat="40.62066714320083" lon="22.525195725338264">
    <ele>4.48</ele>
   </trkpt>
   <trkpt lat="40.62155857166335" lon="22.525112863771856">
    <ele>4.32</ele>
   </trkpt>
   <trkpt lat="40.62245" lon="22.52503">
    <ele>4.49</ele>
   </trkpt>
   <trkpt lat="40.623230000116294" lon="22.52495500437976">
    <ele>4.220000000000001</ele>
   </trkpt>
   <trkpt lat="40.62401000018407" lon="22.524880007007923">
    <ele>4.07</ele>
   </trkpt>
   <trkpt lat="40.62479000020332" lon="22.524805007884403">
    <ele>3.99</ele>
   </trkpt>
   <trkpt lat="40.625570000174065" lon="22.52473000700912">
    <ele>4.16</ele>
   </trkpt>
   <trkpt lat="40.6263500000963" lon="22.524655004381977">
    <ele>3.8200000000000003</ele>
   </trkpt>
   <trkpt lat="40.62713" lon="22.52458">
    <ele>1.75</ele>
   </trkpt>
   <trkpt lat="40.62729" lon="22.524520000000003">
    <ele>1.6900000000000002</ele>
   </trkpt>
   <trkpt lat="40.627410000000005" lon="22.524430000000002">
    <ele>1.42</ele>
   </trkpt>
   <trkpt lat="40.627700000000004" lon="22.524140000000003">
    <ele>1.8</ele>
   </trkpt>
   <trkpt lat="40.62785" lon="22.52402">
    <ele>1.8900000000000001</ele>
   </trkpt>
   <trkpt lat="40.62798" lon="22.52398">
    <ele>2.31</ele>
   </trkpt>
   <trkpt lat="40.62814" lon="22.523970000000002">
    <ele>2.5500000000000003</ele>
   </trkpt>
   <trkpt lat="40.62827" lon="22.52401">
    <ele>3.0</ele>
   </trkpt>
   <trkpt lat="40.628370000000004" lon="22.52408">
    <ele>3.74</ele>
   </trkpt>
   <trkpt lat="40.62847" lon="22.52419">
    <ele>3.91</ele>
   </trkpt>
   <trkpt lat="40.62858000000001" lon="22.52437">
    <ele>4.42</ele>
   </trkpt>
   <trkpt lat="40.62877" lon="22.52484">
    <ele>5.0</ele>
   </trkpt>
   <trkpt lat="40.62892" lon="22.52513">
    <ele>3.73</ele>
   </trkpt>
   <trkpt lat="40.629000000000005" lon="22.52523">
    <ele>3.73</ele>
   </trkpt>
   <trkpt lat="40.629090000000005" lon="22.525290000000002">
    <ele>3.17</ele>
   </trkpt>
   <trkpt lat="40.629270000000005" lon="22.525340000000003">
    <ele>2.5</ele>
   </trkpt>
   <trkpt lat="40.629380000000005" lon="22.52533">
    <ele>2.5</ele>
   </trkpt>
   <trkpt lat="40.629490000000004" lon="22.525270000000003">
    <ele>2.18</ele>
   </trkpt>
   <trkpt lat="40.629960000000004" lon="22.52486">
    <ele>1.5700000000000003</ele>
   </trkpt>
   <trkpt lat="40.630160000000004" lon="22.52474">
    <ele>1.87</ele>
   </trkpt>
   <trkpt lat="40.630370000000006" lon="22.524680000000004">
    <ele>2.08</ele>
   </trkpt>
   <trkpt lat="40.63096" lon="22.52465">
    <ele>2.82</ele>
   </trkpt>
   <trkpt lat="40.63157" lon="22.52477">
    <ele>2.9000000000000004</ele>
   </trkpt>
   <trkpt lat="40.632090000000005" lon="22.52492">
    <ele>3.2600000000000002</ele>
   </trkpt>
   <trkpt lat="40.63262" lon="22.52513">
    <ele>3.5500000000000003</ele>
   </trkpt>
   <trkpt lat="40.632940000000005" lon="22.52531">
    <ele>3.67</ele>
   </trkpt>
   <trkpt lat="40.63333" lon="22.52559">
    <ele>3.67</ele>
   </trkpt>
   <trkpt lat="40.63353" lon="22.525810000000003">
    <ele>3.5700000000000003</ele>
   </trkpt>
   <trkpt lat="40.63369" lon="22.52606">
    <ele>3.5700000000000003</ele>
   </trkpt>
   <trkpt lat="40.633935001246044" lon="22.52659499806225">
    <ele>3.4200000000000004</ele>
   </trkpt>
   <trkpt lat="40.63418" lon="22.527130000000003">
    <ele>4.0600000000000005</ele>
   </trkpt>
   <trkpt lat="40.63457750678284" lon="22.527854987018365">
    <ele>4.930000000000001</ele>
   </trkpt>
   <trkpt lat="40.63497500903198" lon="22.52857998266942">
    <ele>5.090000000000001</ele>
   </trkpt>
   <trkpt lat="40.635372506747345" lon="22.529304986953285">
    <ele>5.36</ele>
   </trkpt>
   <trkpt lat="40.63577" lon="22.530030000000004">
    <ele>6.19</ele>
   </trkpt>
   <trkpt lat="40.635920000000006" lon="22.53029">
    <ele>6.2</ele>
   </trkpt>
   <trkpt lat="40.63636" lon="22.53094">
    <ele>5.280000000000001</ele>
   </trkpt>
   <trkpt lat="40.636610000000005" lon="22.531380000000002">
    <ele>4.760000000000001</ele>
   </trkpt>
   <trkpt lat="40.637040001903884" lon="22.53204499571159">
    <ele>4.78</ele>
   </trkpt>
   <trkpt lat="40.63747" lon="22.53271">
    <ele>5.0</ele>
   </trkpt>
   <trkpt lat="40.638110000000005" lon="22.53337">
    <ele>6.65</ele>
   </trkpt>
   <trkpt lat="40.638250000000006" lon="22.533060000000003">
    <ele>5.5600000000000005</ele>
   </trkpt>
   <trkpt lat="40.638697506748656" lon="22.533782485461586">
    <ele>5.53</ele>
   </trkpt>
   <trkpt lat="40.63914500899474" lon="22.53450498060959">
    <ele>5.9799999999999995</ele>
   </trkpt>
   <trkpt lat="40.63959250673813" lon="22.535227485444214">
    <ele>6.180000000000001</ele>
   </trkpt>
   <trkpt lat="40.640040000000006" lon="22.535950000000003">
    <ele>6.04</ele>
   </trkpt>
   <trkpt lat="40.64051250726248" lon="22.536699984048905">
    <ele>5.7700000000000005</ele>
   </trkpt>
   <trkpt lat="40.64098500967308" lon="22.537449978715337">
    <ele>5.970000000000001</ele>
   </trkpt>
   <trkpt lat="40.64145750723165" lon="22.538199983999515">
    <ele>6.04</ele>
   </trkpt>
   <trkpt lat="40.64193" lon="22.538950000000003">
    <ele>5.72</ele>
   </trkpt>
   <trkpt lat="40.64246" lon="22.53939">
    <ele>5.68</ele>
   </trkpt>
   <trkpt lat="40.64299558240743" lon="22.540272165587105">
    <ele>5.17</ele>
   </trkpt>
   <trkpt lat="40.64353115810195" lon="22.541154345331407">
    <ele>5.0</ele>
   </trkpt>
   <trkpt lat="40.644066727083285" lon="22.542036539233226">
    <ele>5.08</ele>
   </trkpt>
   <trkpt lat="40.644602289351226" lon="22.542918747292887">
    <ele>5.16</ele>
   </trkpt>
   <trkpt lat="40.645137844905534" lon="22.5438009695107">
    <ele>5.140000000000001</ele>
   </trkpt>
   <trkpt lat="40.645673393745966" lon="22.54468320588698">
    <ele>5.0600000000000005</ele>
   </trkpt>
   <trkpt lat="40.64620893587228" lon="22.54556545642205">
    <ele>5.51</ele>
   </trkpt>
   <trkpt lat="40.646744471284265" lon="22.546447721116227">
    <ele>5.580000000000001</ele>
   </trkpt>
   <trkpt lat="40.64728" lon="22.547330000000002">
    <ele>5.68</ele>
   </trkpt>
   <trkpt lat="40.64780336720913" lon="22.548174927107347">
    <ele>5.840000000000001</ele>
   </trkpt>
   <trkpt lat="40.648326728259946" lon="22.54901986746727">
    <ele>5.66</ele>
   </trkpt>
   <trkpt lat="40.64885008315224" lon="22.54986482108007">
    <ele>5.72</ele>
   </trkpt>
   <trkpt lat="40.64937343188581" lon="22.55070978794605">
    <ele>5.68</ele>
   </trkpt>
   <trkpt lat="40.64989677446043" lon="22.551554768065508">
    <ele>5.69</ele>
   </trkpt>
   <trkpt lat="40.65042011087591" lon="22.55239976143873">
    <ele>5.790000000000001</ele>
   </trkpt>
   <trkpt lat="40.65094344113203" lon="22.553244768066023">
    <ele>5.19</ele>
   </trkpt>
   <trkpt lat="40.65146676522857" lon="22.55408978794768">
    <ele>4.68</ele>
   </trkpt>
   <trkpt lat="40.651990083165316" lon="22.554934821083997">
    <ele>4.95</ele>
   </trkpt>
   <trkpt lat="40.65251339494209" lon="22.55577986747527">
    <ele>5.38</ele>
   </trkpt>
   <trkpt lat="40.653036700558644" lon="22.556624927121803">
    <ele>5.07</ele>
   </trkpt>
   <trkpt lat="40.653560000000006" lon="22.557470000000002">
    <ele>4.9799999999999995</ele>
   </trkpt>
   <trkpt lat="40.65403667148055" lon="22.558219989223108">
    <ele>5.04</ele>
   </trkpt>
   <trkpt lat="40.6545133381088" lon="22.558969989162513">
    <ele>5.34</ele>
   </trkpt>
   <trkpt lat="40.654990000000005" lon="22.559720000000002">
    <ele>4.970000000000001</ele>
   </trkpt>
   <trkpt lat="40.6554440106572" lon="22.560505978602702">
    <ele>5.140000000000001</ele>
   </trkpt>
   <trkpt lat="40.6558980159852" lon="22.56129196790256">
    <ele>5.15</ele>
   </trkpt>
   <trkpt lat="40.65635201598385" lon="22.56207796789976">
    <ele>4.95</ele>
   </trkpt>
   <trkpt lat="40.65680601065299" lon="22.562863978594503">
    <ele>4.96</ele>
   </trkpt>
   <trkpt lat="40.65726" lon="22.563650000000003">
    <ele>4.66</ele>
   </trkpt>
   <trkpt lat="40.65742" lon="22.56381">
    <ele>4.580000000000001</ele>
   </trkpt>
   <trkpt lat="40.65793" lon="22.56443">
    <ele>5.390000000000001</ele>
   </trkpt>
   <trkpt lat="40.65832" lon="22.565070000000002">
    <ele>5.59</ele>
   </trkpt>
   <trkpt lat="40.658440000000006" lon="22.5653">
    <ele>5.180000000000001</ele>
   </trkpt>
   <trkpt lat="40.65854" lon="22.565830000000002">
    <ele>4.3</ele>
   </trkpt>
   <trkpt lat="40.65863" lon="22.56614">
    <ele>4.25</ele>
   </trkpt>
   <trkpt lat="40.65885" lon="22.566580000000002">
    <ele>4.390000000000001</ele>
   </trkpt>
   <trkpt lat="40.659230001706966" lon="22.567204996476022">
    <ele>4.36</ele>
   </trkpt>
   <trkpt lat="40.65961" lon="22.56783">
    <ele>4.260000000000001</ele>
   </trkpt>
   <trkpt lat="40.6599" lon="22.56822">
    <ele>4.3500000000000005</ele>
   </trkpt>
   <trkpt lat="40.66015" lon="22.5685">
    <ele>4.24</ele>
   </trkpt>
   <trkpt lat="40.66068000177792" lon="22.56915999463027">
    <ele>4.72</ele>
   </trkpt>
   <trkpt lat="40.661210000000004" lon="22.569820000000004">
    <ele>4.6000000000000005</ele>
   </trkpt>
   <trkpt lat="40.66133000000001" lon="22.56999">
    <ele>4.53</ele>
   </trkpt>
   <trkpt lat="40.66181001301874" lon="22.570766638736465">
    <ele>4.33</ele>
   </trkpt>
   <trkpt lat="40.66229002083401" lon="22.571543288650865">
    <ele>4.220000000000001</ele>
   </trkpt>
   <trkpt lat="40.66277002344564" lon="22.572319949743427">
    <ele>4.34</ele>
   </trkpt>
   <trkpt lat="40.66325002085347" lon="22.573096622014383">
    <ele>4.55</ele>
   </trkpt>
   <trkpt lat="40.663730013057354" lon="22.57387330546396">
    <ele>4.46</ele>
   </trkpt>
   <trkpt lat="40.664210000000004" lon="22.574650000000002">
    <ele>4.37</ele>
   </trkpt>
   <trkpt lat="40.664460000000005" lon="22.575120000000002">
    <ele>4.5200000000000005</ele>
   </trkpt>
   <trkpt lat="40.66478" lon="22.57581">
    <ele>4.38</ele>
   </trkpt>
   <trkpt lat="40.665110000000006" lon="22.576680000000003">
    <ele>4.47</ele>
   </trkpt>
   <trkpt lat="40.665446686675935" lon="22.57764330900335">
    <ele>4.800000000000001</ele>
   </trkpt>
   <trkpt lat="40.665783365346265" lon="22.578606627732672">
    <ele>4.81</ele>
   </trkpt>
   <trkpt lat="40.66612003601085" lon="22.579569956187953">
    <ele>4.970000000000001</ele>
   </trkpt>
   <trkpt lat="40.66645669866951" lon="22.58053329436917">
    <ele>5.04</ele>
   </trkpt>
   <trkpt lat="40.666793353322056" lon="22.58149664227631">
    <ele>4.760000000000001</ele>
   </trkpt>
   <trkpt lat="40.66713" lon="22.58246">
    <ele>4.68</ele>
   </trkpt>
   <trkpt lat="40.66749732019958" lon="22.583509033127655">
    <ele>4.79</ele>
   </trkpt>
   <trkpt lat="40.66786463090525" lon="22.584558077811284">
    <ele>4.920000000000001</ele>
   </trkpt>
   <trkpt lat="40.66823193211679" lon="22.585607134050882">
    <ele>5.07</ele>
   </trkpt>
   <trkpt lat="40.66859922383395" lon="22.586656201846406">
    <ele>5.0200000000000005</ele>
   </trkpt>
   <trkpt lat="40.66896650605654" lon="22.587705281197852">
    <ele>4.880000000000001</ele>
   </trkpt>
   <trkpt lat="40.6693337787843" lon="22.58875437210519">
    <ele>4.91</ele>
   </trkpt>
   <trkpt lat="40.66970104201701" lon="22.58980347456839">
    <ele>4.15</ele>
   </trkpt>
   <trkpt lat="40.67006829575445" lon="22.59085258858745">
    <ele>3.6600000000000006</ele>
   </trkpt>
   <trkpt lat="40.67043553999638" lon="22.591901714162336">
    <ele>3.39</ele>
   </trkpt>
   <trkpt lat="40.67080277474259" lon="22.59295085129303">
    <ele>3.1400000000000006</ele>
   </trkpt>
   <trkpt lat="40.671170000000004" lon="22.594">
    <ele>3.21</ele>
   </trkpt>
   <trkpt lat="40.67152000393126" lon="22.594959994839808">
    <ele>3.2800000000000002</ele>
   </trkpt>
   <trkpt lat="40.671870000000006" lon="22.595920000000003">
    <ele>3.94</ele>
   </trkpt>
   <trkpt lat="40.67201" lon="22.59637">
    <ele>4.3100000000000005</ele>
   </trkpt>
   <trkpt lat="40.67179" lon="22.597">
    <ele>4.9</ele>
   </trkpt>
   <trkpt lat="40.6717" lon="22.598010000000002">
    <ele>5.450000000000001</ele>
   </trkpt>
   <trkpt lat="40.671670000000006" lon="22.598360000000003">
    <ele>5.450000000000001</ele>
   </trkpt>
   <trkpt lat="40.671640000000004" lon="22.59925">
    <ele>6.34</ele>
   </trkpt>
   <trkpt lat="40.671580000000006" lon="22.600130000000004">
    <ele>6.3100000000000005</ele>
   </trkpt>
   <trkpt lat="40.67148" lon="22.600920000000002">
    <ele>6.48</ele>
   </trkpt>
   <trkpt lat="40.67181" lon="22.600990000000003">
    <ele>6.24</ele>
   </trkpt>
   <trkpt lat="40.67188" lon="22.601850000000002">
    <ele>6.04</ele>
   </trkpt>
   <trkpt lat="40.67192" lon="22.6021">
    <ele>5.81</ele>
   </trkpt>
   <trkpt lat="40.672050000000006" lon="22.602430000000002">
    <ele>5.3500000000000005</ele>
   </trkpt>
   <trkpt lat="40.67222" lon="22.60275">
    <ele>5.2700000000000005</ele>
   </trkpt>
   <trkpt lat="40.67222" lon="22.60332">
    <ele>5.430000000000001</ele>
   </trkpt>
   <trkpt lat="40.67183" lon="22.604210000000002">
    <ele>5.74</ele>
   </trkpt>
   <trkpt lat="40.67161" lon="22.605110000000003">
    <ele>6.15</ele>
   </trkpt>
   <trkpt lat="40.67146" lon="22.605480000000004">
    <ele>6.3100000000000005</ele>
   </trkpt>
   <trkpt lat="40.671330000000005" lon="22.60604">
    <ele>6.260000000000001</ele>
   </trkpt>
   <trkpt lat="40.67152" lon="22.606720000000003">
    <ele>6.470000000000001</ele>
   </trkpt>
   <trkpt lat="40.671780000000005" lon="22.60779">
    <ele>7.21</ele>
   </trkpt>
   <trkpt lat="40.67201000496108" lon="22.60854999468417">
    <ele>7.08</ele>
   </trkpt>
   <trkpt lat="40.6722400049391" lon="22.609309994611458">
    <ele>7.660000000000001</ele>
   </trkpt>
   <trkpt lat="40.672470000000004" lon="22.61007">
    <ele>7.800000000000001</ele>
   </trkpt>
   <trkpt lat="40.672470000000004" lon="22.61006">
    <ele>7.8100000000000005</ele>
   </trkpt>
   <trkpt lat="40.672650000000004" lon="22.610670000000002">
    <ele>7.61</ele>
   </trkpt>
   <trkpt lat="40.672670000000004" lon="22.610770000000002">
    <ele>7.46</ele>
   </trkpt>
   <trkpt lat="40.67264" lon="22.61082">
    <ele>7.44</ele>
   </trkpt>
   <trkpt lat="40.67214000041803" lon="22.611145002461537">
    <ele>7.3500000000000005</ele>
   </trkpt>
   <trkpt lat="40.671640000000004" lon="22.61147">
    <ele>7.11</ele>
   </trkpt>
   <trkpt lat="40.671185000346135" lon="22.611750001905722">
    <ele>6.4</ele>
   </trkpt>
   <trkpt lat="40.670730000000006" lon="22.61203">
    <ele>5.99</ele>
   </trkpt>
   <trkpt lat="40.67053000000001" lon="22.61223">
    <ele>5.94</ele>
   </trkpt>
   <trkpt lat="40.67007000173978" lon="22.61288000460078">
    <ele>5.95</ele>
   </trkpt>
   <trkpt lat="40.669610000000006" lon="22.61353">
    <ele>4.79</ele>
   </trkpt>
   <trkpt lat="40.66949" lon="22.613760000000003">
    <ele>4.57</ele>
   </trkpt>
   <trkpt lat="40.66920500373574" lon="22.61469000395852">
    <ele>4.42</ele>
   </trkpt>
   <trkpt lat="40.66892" lon="22.615620000000003">
    <ele>4.95</ele>
   </trkpt>
   <trkpt lat="40.66860003579221" lon="22.616708786571536">
    <ele>5.19</ele>
   </trkpt>
   <trkpt lat="40.66828006135748" lon="22.617797562694854">
    <ele>5.44</ele>
   </trkpt>
   <trkpt lat="40.66796007669603" lon="22.618886328369847">
    <ele>5.87</ele>
   </trkpt>
   <trkpt lat="40.66764008180807" lon="22.6199750835964">
    <ele>5.64</ele>
   </trkpt>
   <trkpt lat="40.6673200766938" lon="22.6210638283744">
    <ele>5.430000000000001</ele>
   </trkpt>
   <trkpt lat="40.66700006135344" lon="22.62215256270372">
    <ele>5.37</ele>
   </trkpt>
   <trkpt lat="40.66668003578721" lon="22.623241286584264">
    <ele>5.220000000000001</ele>
   </trkpt>
   <trkpt lat="40.666360000000005" lon="22.62433">
    <ele>4.46</ele>
   </trkpt>
   <trkpt lat="40.66605251136627" lon="22.625267512989602">
    <ele>4.64</ele>
   </trkpt>
   <trkpt lat="40.66574501515007" lon="22.62620501733424">
    <ele>4.73</ele>
   </trkpt>
   <trkpt lat="40.665437511351605" lon="22.627142513033867">
    <ele>4.82</ele>
   </trkpt>
   <trkpt lat="40.665130000000005" lon="22.62808">
    <ele>4.760000000000001</ele>
   </trkpt>
   <trkpt lat="40.66486334039577" lon="22.628983340479795">
    <ele>4.880000000000001</ele>
   </trkpt>
   <trkpt lat="40.6645966737518" lon="22.62988667373608">
    <ele>5.0</ele>
   </trkpt>
   <trkpt lat="40.66433000000001" lon="22.63079">
    <ele>5.090000000000001</ele>
   </trkpt>
   <trkpt lat="40.66415000000001" lon="22.631220000000003">
    <ele>5.1000000000000005</ele>
   </trkpt>
   <trkpt lat="40.66368501043659" lon="22.63211751874606">
    <ele>4.9799999999999995</ele>
   </trkpt>
   <trkpt lat="40.663220013923976" lon="22.633015024977873">
    <ele>4.890000000000001</ele>
   </trkpt>
   <trkpt lat="40.66275501046239" lon="22.633912518695645">
    <ele>4.94</ele>
   </trkpt>
   <trkpt lat="40.662290000000006" lon="22.63481">
    <ele>5.07</ele>
   </trkpt>
   <trkpt lat="40.66221" lon="22.63503">
    <ele>5.07</ele>
   </trkpt>
   <trkpt lat="40.66214" lon="22.6355">
    <ele>5.15</ele>
   </trkpt>
   <trkpt lat="40.66208" lon="22.636360000000003">
    <ele>4.840000000000001</ele>
   </trkpt>
   <trkpt lat="40.66220500374479" lon="22.63728999836225">
    <ele>5.03</ele>
   </trkpt>
   <trkpt lat="40.662330000000004" lon="22.63822">
    <ele>5.430000000000001</ele>
   </trkpt>
   <trkpt lat="40.661620000000006" lon="22.63858">
    <ele>5.65</ele>
   </trkpt>
   <trkpt lat="40.66143" lon="22.63867">
    <ele>5.750000000000001</ele>
   </trkpt>
   <trkpt lat="40.66132" lon="22.63875">
    <ele>5.790000000000001</ele>
   </trkpt>
   <trkpt lat="40.661210000000004" lon="22.63897">
    <ele>5.9799999999999995</ele>
   </trkpt>
   <trkpt lat="40.66109" lon="22.63934">
    <ele>6.130000000000001</ele>
   </trkpt>
   <trkpt lat="40.66107" lon="22.64029">
    <ele>5.970000000000001</ele>
   </trkpt>
   <trkpt lat="40.66093" lon="22.64048">
    <ele>5.83</ele>
   </trkpt>
   <trkpt lat="40.66042" lon="22.64064">
    <ele>5.82</ele>
   </trkpt>
   <trkpt lat="40.660360000000004" lon="22.640680000000003">
    <ele>5.68</ele>
   </trkpt>
   <trkpt lat="40.660250000000005" lon="22.640810000000002">
    <ele>5.61</ele>
   </trkpt>
   <trkpt lat="40.660210000000006" lon="22.640900000000002">
    <ele>5.61</ele>
   </trkpt>
   <trkpt lat="40.660180000000004" lon="22.641140000000004">
    <ele>5.44</ele>
   </trkpt>
   <trkpt lat="40.660210000000006" lon="22.64232">
    <ele>4.47</ele>
   </trkpt>
   <trkpt lat="40.65962000021814" lon="22.64258500238189">
    <ele>4.42</ele>
   </trkpt>
   <trkpt lat="40.65903" lon="22.642850000000003">
    <ele>4.53</ele>
   </trkpt>
   <trkpt lat="40.658860000000004" lon="22.642970000000002">
    <ele>4.53</ele>
   </trkpt>
   <trkpt lat="40.65861" lon="22.64327">
    <ele>4.47</ele>
   </trkpt>
   <trkpt lat="40.65829" lon="22.643780000000003">
    <ele>4.42</ele>
   </trkpt>
   <trkpt lat="40.65881750636629" lon="22.644482483308813">
    <ele>4.3</ele>
   </trkpt>
   <trkpt lat="40.659345008475405" lon="22.645184977727475">
    <ele>4.23</ele>
   </trkpt>
   <trkpt lat="40.659872506327204" lon="22.645887483256278">
    <ele>4.3</ele>
   </trkpt>
   <trkpt lat="40.6604" lon="22.646590000000003">
    <ele>4.48</ele>
   </trkpt>
   <trkpt lat="40.660700000000006" lon="22.64712">
    <ele>4.81</ele>
   </trkpt>
   <trkpt lat="40.66096" lon="22.64748">
    <ele>4.99</ele>
   </trkpt>
   <trkpt lat="40.661650004925725" lon="22.64823665099729">
    <ele>5.19</ele>
   </trkpt>
   <trkpt lat="40.66234000491235" lon="22.648993317648998">
    <ele>5.11</ele>
   </trkpt>
   <trkpt lat="40.663030000000006" lon="22.64975">
    <ele>5.33</ele>
   </trkpt>
   <trkpt lat="40.663680002571056" lon="22.650509992686548">
    <ele>5.630000000000001</ele>
   </trkpt>
   <trkpt lat="40.66433000000001" lon="22.65127">
    <ele>5.450000000000001</ele>
   </trkpt>
   <trkpt lat="40.664880001296254" lon="22.651834995257822">
    <ele>5.410000000000001</ele>
   </trkpt>
   <trkpt lat="40.66543" lon="22.6524">
    <ele>5.23</ele>
   </trkpt>
   <trkpt lat="40.666050004309355" lon="22.652977483887902">
    <ele>5.23</ele>
   </trkpt>
   <trkpt lat="40.66667000574165" lon="22.653554978513007">
    <ele>5.37</ele>
   </trkpt>
   <trkpt lat="40.667290004296795" lon="22.65413248387571">
    <ele>5.49</ele>
   </trkpt>
   <trkpt lat="40.667910000000006" lon="22.65471">
    <ele>5.5200000000000005</ele>
   </trkpt>
   <trkpt lat="40.66836" lon="22.65527">
    <ele>5.450000000000001</ele>
   </trkpt>
   <trkpt lat="40.668530000000004" lon="22.655520000000003">
    <ele>5.48</ele>
   </trkpt>
   <trkpt lat="40.66865000000001" lon="22.65575">
    <ele>5.48</ele>
   </trkpt>
   <trkpt lat="40.668870000000005" lon="22.656280000000002">
    <ele>5.34</ele>
   </trkpt>
   <trkpt lat="40.668960000000006" lon="22.65642">
    <ele>5.32</ele>
   </trkpt>
   <trkpt lat="40.66903000000001" lon="22.65649">
    <ele>5.32</ele>
   </trkpt>
   <trkpt lat="40.66911" lon="22.656530000000004">
    <ele>5.33</ele>
   </trkpt>
   <trkpt lat="40.669500000000006" lon="22.65662">
    <ele>5.410000000000001</ele>
   </trkpt>
   <trkpt lat="40.66959000000001" lon="22.656660000000002">
    <ele>5.410000000000001</ele>
   </trkpt>
   <trkpt lat="40.66969" lon="22.656740000000003">
    <ele>5.410000000000001</ele>
   </trkpt>
   <trkpt lat="40.66975" lon="22.656830000000003">
    <ele>5.390000000000001</ele>
   </trkpt>
   <trkpt lat="40.669810000000005" lon="22.65698">
    <ele>5.390000000000001</ele>
   </trkpt>
   <trkpt lat="40.67006000000001" lon="22.65809">
    <ele>5.5600000000000005</ele>
   </trkpt>
   <trkpt lat="40.67025" lon="22.65905">
    <ele>5.710000000000001</ele>
   </trkpt>
   <trkpt lat="40.670370000000005" lon="22.660050000000002">
    <ele>6.0200000000000005</ele>
   </trkpt>
   <trkpt lat="40.67047" lon="22.660420000000002">
    <ele>5.94</ele>
   </trkpt>
   <trkpt lat="40.67056" lon="22.660600000000002">
    <ele>5.94</ele>
   </trkpt>
   <trkpt lat="40.67081" lon="22.661">
    <ele>5.970000000000001</ele>
   </trkpt>
   <trkpt lat="40.67119" lon="22.661440000000002">
    <ele>5.99</ele>
   </trkpt>
   <trkpt lat="40.67176000232589" lon="22.662174993711197">
    <ele>6.17</ele>
   </trkpt>
   <trkpt lat="40.67233" lon="22.66291">
    <ele>6.32</ele>
   </trkpt>
   <trkpt lat="40.67266" lon="22.663420000000002">
    <ele>6.37</ele>
   </trkpt>
   <trkpt lat="40.67298" lon="22.66394">
    <ele>6.29</ele>
   </trkpt>
   <trkpt lat="40.67307" lon="22.664050000000003">
    <ele>6.24</ele>
   </trkpt>
   <trkpt lat="40.673190000000005" lon="22.664140000000003">
    <ele>6.15</ele>
   </trkpt>
   <trkpt lat="40.67333" lon="22.66421">
    <ele>6.11</ele>
   </trkpt>
   <trkpt lat="40.67398" lon="22.664420000000003">
    <ele>6.07</ele>
   </trkpt>
   <trkpt lat="40.6741" lon="22.66448">
    <ele>6.0600000000000005</ele>
   </trkpt>
   <trkpt lat="40.674290000000006" lon="22.664630000000002">
    <ele>6.08</ele>
   </trkpt>
   <trkpt lat="40.67483" lon="22.665290000000002">
    <ele>6.25</ele>
   </trkpt>
   <trkpt lat="40.675303336697944" lon="22.665913324498934">
    <ele>6.23</ele>
   </trkpt>
   <trkpt lat="40.6757766700438" lon="22.666536657848656">
    <ele>6.32</ele>
   </trkpt>
   <trkpt lat="40.67625" lon="22.667160000000003">
    <ele>6.32</ele>
   </trkpt>
   <trkpt lat="40.67634" lon="22.66732">
    <ele>6.32</ele>
   </trkpt>
   <trkpt lat="40.67649" lon="22.66766">
    <ele>6.710000000000001</ele>
   </trkpt>
   <trkpt lat="40.67683" lon="22.668670000000002">
    <ele>6.760000000000001</ele>
   </trkpt>
   <trkpt lat="40.67721" lon="22.66944">
    <ele>7.19</ele>
   </trkpt>
   <trkpt lat="40.677330000000005" lon="22.669500000000003">
    <ele>7.16</ele>
   </trkpt>
   <trkpt lat="40.678050000000006" lon="22.669590000000003">
    <ele>7.090000000000001</ele>
   </trkpt>
   <trkpt lat="40.6783" lon="22.66966">
    <ele>7.090000000000001</ele>
   </trkpt>
   <trkpt lat="40.67898" lon="22.669950000000004">
    <ele>7.2</ele>
   </trkpt>
   <trkpt lat="40.678940000000004" lon="22.670160000000003">
    <ele>7.16</ele>
   </trkpt>
   <trkpt lat="40.67888000000001" lon="22.67125">
    <ele>7.12</ele>
   </trkpt>
   <trkpt lat="40.67888432105859" lon="22.672418570965693">
    <ele>7.300000000000001</ele>
   </trkpt>
   <trkpt lat="40.678888630335734" lon="22.67358714208267">
    <ele>7.17</ele>
   </trkpt>
   <trkpt lat="40.67889292783143" lon="22.674755713350525">
    <ele>7.180000000000001</ele>
   </trkpt>
   <trkpt lat="40.67889721354568" lon="22.67592428476884">
    <ele>6.970000000000001</ele>
   </trkpt>
   <trkpt lat="40.67890148747849" lon="22.677092856337204">
    <ele>6.82</ele>
   </trkpt>
   <trkpt lat="40.678905749629834" lon="22.6782614280552">
    <ele>6.85</ele>
   </trkpt>
   <trkpt lat="40.67891" lon="22.679430000000004">
    <ele>6.91</ele>
   </trkpt>
   <trkpt lat="40.67891251659805" lon="22.680562499889426">
    <ele>7.150000000000001</ele>
   </trkpt>
   <trkpt lat="40.67891502213075" lon="22.681694999864163">
    <ele>7.37</ele>
   </trkpt>
   <trkpt lat="40.67891751659813" lon="22.682827499923842">
    <ele>7.450000000000001</ele>
   </trkpt>
   <trkpt lat="40.678920000000005" lon="22.683960000000003">
    <ele>7.51</ele>
   </trkpt>
   <trkpt lat="40.67887" lon="22.684260000000002">
    <ele>7.51</ele>
   </trkpt>
   <trkpt lat="40.67889" lon="22.684730000000002">
    <ele>7.260000000000001</ele>
   </trkpt>
   <trkpt lat="40.67884" lon="22.68487">
    <ele>7.130000000000001</ele>
   </trkpt>
   <trkpt lat="40.678740000000005" lon="22.684970000000003">
    <ele>7.130000000000001</ele>
   </trkpt>
   <trkpt lat="40.678650000000005" lon="22.685010000000002">
    <ele>7.130000000000001</ele>
   </trkpt>
   <trkpt lat="40.677965000226884" lon="22.68515750455858">
    <ele>6.95</ele>
   </trkpt>
   <trkpt lat="40.677280000266045" lon="22.685305006085866">
    <ele>6.8100000000000005</ele>
   </trkpt>
   <trkpt lat="40.67659500011752" lon="22.685452504581992">
    <ele>6.890000000000001</ele>
   </trkpt>
   <trkpt lat="40.67591" lon="22.6856">
    <ele>7.410000000000001</ele>
   </trkpt>
   <trkpt lat="40.67548" lon="22.685750000000002">
    <ele>7.95</ele>
   </trkpt>
   <trkpt lat="40.67515" lon="22.685920000000003">
    <ele>8.68</ele>
   </trkpt>
   <trkpt lat="40.67461" lon="22.68608">
    <ele>8.180000000000001</ele>
   </trkpt>
   <trkpt lat="40.674530000000004" lon="22.686130000000002">
    <ele>7.680000000000001</ele>
   </trkpt>
   <trkpt lat="40.67447000000001" lon="22.686200000000003">
    <ele>7.57</ele>
   </trkpt>
   <trkpt lat="40.674380000000006" lon="22.686400000000003">
    <ele>7.21</ele>
   </trkpt>
   <trkpt lat="40.67437" lon="22.686510000000002">
    <ele>7.17</ele>
   </trkpt>
   <trkpt lat="40.674400000000006" lon="22.68692">
    <ele>7.050000000000001</ele>
   </trkpt>
   <trkpt lat="40.674526675759516" lon="22.6879466627594">
    <ele>6.85</ele>
   </trkpt>
   <trkpt lat="40.674653342425444" lon="22.688973329419923">
    <ele>6.5600000000000005</ele>
   </trkpt>
   <trkpt lat="40.674780000000005" lon="22.69">
    <ele>6.7700000000000005</ele>
   </trkpt>
   <trkpt lat="40.674890000000005" lon="22.690710000000003">
    <ele>7.430000000000001</ele>
   </trkpt>
   <trkpt lat="40.67493" lon="22.691100000000002">
    <ele>7.74</ele>
   </trkpt>
   <trkpt lat="40.67497" lon="22.69208">
    <ele>8.860000000000001</ele>
   </trkpt>
   <trkpt lat="40.675085012620535" lon="22.69306749489836">
    <ele>9.39</ele>
   </trkpt>
   <trkpt lat="40.67520001682808" lon="22.694054993203615">
    <ele>9.65</ele>
   </trkpt>
   <trkpt lat="40.675315012622576" lon="22.69504249491553">
    <ele>9.15</ele>
   </trkpt>
   <trkpt lat="40.675430000000006" lon="22.69603">
    <ele>8.219999999999999</ele>
   </trkpt>
   <trkpt lat="40.67542" lon="22.696550000000002">
    <ele>7.78</ele>
   </trkpt>
   <trkpt lat="40.67537" lon="22.696830000000002">
    <ele>7.17</ele>
   </trkpt>
   <trkpt lat="40.67503251268409" lon="22.697820015033045">
    <ele>6.2700000000000005</ele>
   </trkpt>
   <trkpt lat="40.6746950169123" lon="22.698810020043172">
    <ele>5.85</ele>
   </trkpt>
   <trkpt lat="40.67435751268483" lon="22.699800015030355">
    <ele>5.87</ele>
   </trkpt>
   <trkpt lat="40.674020000000006" lon="22.70079">
    <ele>6.010000000000001</ele>
   </trkpt>
   <trkpt lat="40.67368001372507" lon="22.70182001576938">
    <ele>5.960000000000001</ele>
   </trkpt>
   <trkpt lat="40.67334001829721" lon="22.702850021034152">
    <ele>5.72</ele>
   </trkpt>
   <trkpt lat="40.67300001371667" lon="22.70388001579427">
    <ele>5.430000000000001</ele>
   </trkpt>
   <trkpt lat="40.67266" lon="22.70491">
    <ele>6.3100000000000005</ele>
   </trkpt>
   <trkpt lat="40.672560000000004" lon="22.705150000000003">
    <ele>7.08</ele>
   </trkpt>
   <trkpt lat="40.67249" lon="22.70522">
    <ele>7.38</ele>
   </trkpt>
   <trkpt lat="40.67239" lon="22.705260000000003">
    <ele>7.640000000000001</ele>
   </trkpt>
   <trkpt lat="40.67204" lon="22.70523">
    <ele>8.38</ele>
   </trkpt>
   <trkpt lat="40.671980000000005" lon="22.705270000000002">
    <ele>8.47</ele>
   </trkpt>
   <trkpt lat="40.6719" lon="22.7054">
    <ele>8.47</ele>
   </trkpt>
   <trkpt lat="40.67179" lon="22.70605">
    <ele>8.17</ele>
   </trkpt>
   <trkpt lat="40.67174" lon="22.70626">
    <ele>7.3500000000000005</ele>
   </trkpt>
   <trkpt lat="40.671580000000006" lon="22.706550000000004">
    <ele>6.8100000000000005</ele>
   </trkpt>
   <trkpt lat="40.671020006561" lon="22.7072625179619">
    <ele>6.390000000000001</ele>
   </trkpt>
   <trkpt lat="40.67046000874222" lon="22.707975023956212">
    <ele>6.42</ele>
   </trkpt>
   <trkpt lat="40.669900006543784" lon="22.70868751798327">
    <ele>6.5</ele>
   </trkpt>
   <trkpt lat="40.669340000000005" lon="22.709400000000002">
    <ele>6.48</ele>
   </trkpt>
   <trkpt lat="40.66880333723483" lon="22.710073344183186">
    <ele>6.33</ele>
   </trkpt>
   <trkpt lat="40.66826667055827" lon="22.710746677528782">
    <ele>6.180000000000001</ele>
   </trkpt>
   <trkpt lat="40.667730000000006" lon="22.71142">
    <ele>6.04</ele>
   </trkpt>
   <trkpt lat="40.66736" lon="22.71188">
    <ele>5.91</ele>
   </trkpt>
   <trkpt lat="40.667170000000006" lon="22.71205">
    <ele>6.1000000000000005</ele>
   </trkpt>
   <trkpt lat="40.66707" lon="22.712100000000003">
    <ele>6.0200000000000005</ele>
   </trkpt>
   <trkpt lat="40.66649000018659" lon="22.712320001921707">
    <ele>5.970000000000001</ele>
   </trkpt>
   <trkpt lat="40.665910000000004" lon="22.71254">
    <ele>6.0600000000000005</ele>
   </trkpt>
   <trkpt lat="40.66574000000001" lon="22.71253">
    <ele>6.0600000000000005</ele>
   </trkpt>
   <trkpt lat="40.664915000608076" lon="22.712174995636484">
    <ele>6.21</ele>
   </trkpt>
   <trkpt lat="40.66409" lon="22.711820000000003">
    <ele>6.25</ele>
   </trkpt>
   <trkpt lat="40.66389" lon="22.711710000000004">
    <ele>6.19</ele>
   </trkpt>
   <trkpt lat="40.663140000000006" lon="22.7112">
    <ele>6.3100000000000005</ele>
   </trkpt>
   <trkpt lat="40.66294500130584" lon="22.711745001524463">
    <ele>6.090000000000001</ele>
   </trkpt>
   <trkpt lat="40.66275" lon="22.712290000000003">
    <ele>6.010000000000001</ele>
   </trkpt>
   <trkpt lat="40.66223000017423" lon="22.712520001816934">
    <ele>6.090000000000001</ele>
   </trkpt>
   <trkpt lat="40.66171000000001" lon="22.712750000000003">
    <ele>6.2</ele>
   </trkpt>
   <trkpt lat="40.661350000000006" lon="22.713040000000003">
    <ele>6.34</ele>
   </trkpt>
   <trkpt lat="40.66085000040553" lon="22.713280001723582">
    <ele>6.16</ele>
   </trkpt>
   <trkpt lat="40.66035" lon="22.713520000000003">
    <ele>6.130000000000001</ele>
   </trkpt>
   <trkpt lat="40.65999" lon="22.71367">
    <ele>6.090000000000001</ele>
   </trkpt>
   <trkpt lat="40.65912" lon="22.713880000000003">
    <ele>6.29</ele>
   </trkpt>
   <trkpt lat="40.65922000278744" lon="22.71468499873125">
    <ele>6.23</ele>
   </trkpt>
   <trkpt lat="40.65932" lon="22.715490000000003">
    <ele>5.87</ele>
   </trkpt>
   <trkpt lat="40.65929500265451" lon="22.716275000403012">
    <ele>5.91</ele>
   </trkpt>
   <trkpt lat="40.65927000000001" lon="22.717060000000004">
    <ele>6.37</ele>
   </trkpt>
   <trkpt lat="40.659270003851915" lon="22.718004999951354">
    <ele>10.3</ele>
   </trkpt>
   <trkpt lat="40.65927000000001" lon="22.718950000000003">
    <ele>12.07</ele>
   </trkpt>
   <trkpt lat="40.659290019385786" lon="22.72000999872576">
    <ele>11.780000000000001</ele>
   </trkpt>
   <trkpt lat="40.65931002907867" lon="22.72106999808758">
    <ele>10.49</ele>
   </trkpt>
   <trkpt lat="40.65933002907862" lon="22.722129998085155">
    <ele>8.97</ele>
   </trkpt>
   <trkpt lat="40.659350019385656" lon="22.723189998718183">
    <ele>7.83</ele>
   </trkpt>
   <trkpt lat="40.65937" lon="22.72425">
    <ele>6.920000000000001</ele>
   </trkpt>
   <trkpt lat="40.65938000556727" lon="22.72505333309994">
    <ele>6.580000000000001</ele>
   </trkpt>
   <trkpt lat="40.65939000556737" lon="22.7258566664408">
    <ele>6.66</ele>
   </trkpt>
   <trkpt lat="40.659400000000005" lon="22.726660000000003">
    <ele>6.65</ele>
   </trkpt>
   <trkpt lat="40.65943" lon="22.72699">
    <ele>6.6000000000000005</ele>
   </trkpt>
   <trkpt lat="40.65946" lon="22.72709">
    <ele>6.6000000000000005</ele>
   </trkpt>
   <trkpt lat="40.659963338174265" lon="22.727843321882762">
    <ele>6.620000000000001</ele>
   </trkpt>
   <trkpt lat="40.660466671452866" lon="22.728596655133995">
    <ele>6.15</ele>
   </trkpt>
   <trkpt lat="40.660970000000006" lon="22.72935">
    <ele>6.0600000000000005</ele>
   </trkpt>
   <trkpt lat="40.66113" lon="22.729650000000003">
    <ele>6.11</ele>
   </trkpt>
   <trkpt lat="40.66153334128146" lon="22.73060998838485">
    <ele>6.0</ele>
   </trkpt>
   <trkpt lat="40.66193667461259" lon="22.731569988379412">
    <ele>5.83</ele>
   </trkpt>
   <trkpt lat="40.66234" lon="22.73253">
    <ele>5.72</ele>
   </trkpt>
   <trkpt lat="40.66246" lon="22.732870000000002">
    <ele>5.72</ele>
   </trkpt>
   <trkpt lat="40.662580000000005" lon="22.73338">
    <ele>5.840000000000001</ele>
   </trkpt>
   <trkpt lat="40.66261" lon="22.73383">
    <ele>5.83</ele>
   </trkpt>
   <trkpt lat="40.662580000000005" lon="22.73438">
    <ele>5.880000000000001</ele>
   </trkpt>
   <trkpt lat="40.66236459947487" lon="22.73549912705452">
    <ele>5.800000000000001</ele>
   </trkpt>
   <trkpt lat="40.66214918814523" lon="22.736618246880795">
    <ele>5.630000000000001</ele>
   </trkpt>
   <trkpt lat="40.661933766011174" lon="22.737737359478565">
    <ele>5.620000000000001</ele>
   </trkpt>
   <trkpt lat="40.66171833307291" lon="22.738856464847565">
    <ele>5.5</ele>
   </trkpt>
   <trkpt lat="40.66150288933056" lon="22.73997556298754">
    <ele>5.11</ele>
   </trkpt>
   <trkpt lat="40.661287434784285" lon="22.741094653898223">
    <ele>5.0</ele>
   </trkpt>
   <trkpt lat="40.66107196943425" lon="22.742213737579355">
    <ele>4.6000000000000005</ele>
   </trkpt>
   <trkpt lat="40.66085649328058" lon="22.743332814030683">
    <ele>4.050000000000001</ele>
   </trkpt>
   <trkpt lat="40.66064100632346" lon="22.744451883251937">
    <ele>4.17</ele>
   </trkpt>
   <trkpt lat="40.660425508563" lon="22.745570945242854">
    <ele>3.89</ele>
   </trkpt>
   <trkpt lat="40.660210000000006" lon="22.74669">
    <ele>4.260000000000001</ele>
   </trkpt>
   <trkpt lat="40.660050000000005" lon="22.74765">
    <ele>4.73</ele>
   </trkpt>
   <trkpt lat="40.66000751379347" lon="22.748682502006346">
    <ele>4.19</ele>
   </trkpt>
   <trkpt lat="40.659965018390366" lon="22.74971500269733">
    <ele>4.03</ele>
   </trkpt>
   <trkpt lat="40.65992251379071" lon="22.750747502072663">
    <ele>4.12</ele>
   </trkpt>
   <trkpt lat="40.65988" lon="22.75178">
    <ele>4.21</ele>
   </trkpt>
   <trkpt lat="40.659850000000006" lon="22.752100000000002">
    <ele>4.29</ele>
   </trkpt>
   <trkpt lat="40.65977" lon="22.752460000000003">
    <ele>4.29</ele>
   </trkpt>
   <trkpt lat="40.659468785136944" lon="22.753538784098236">
    <ele>4.16</ele>
   </trkpt>
   <trkpt lat="40.659167560234486" lon="22.754617558454008">
    <ele>3.8800000000000003</ele>
   </trkpt>
   <trkpt lat="40.658866325292784" lon="22.75569632306717">
    <ele>3.87</ele>
   </trkpt>
   <trkpt lat="40.65856508031208" lon="22.7567750779376">
    <ele>3.8400000000000003</ele>
   </trkpt>
   <trkpt lat="40.658263825292565" lon="22.757853823065155">
    <ele>3.86</ele>
   </trkpt>
   <trkpt lat="40.6579625602344" lon="22.758932558449715">
    <ele>3.7900000000000005</ele>
   </trkpt>
   <trkpt lat="40.65766128513781" lon="22.76001128409114">
    <ele>3.5100000000000002</ele>
   </trkpt>
   <trkpt lat="40.657360000000004" lon="22.761090000000003">
    <ele>3.4400000000000004</ele>
   </trkpt>
   <trkpt lat="40.657100007735224" lon="22.76203667402991">
    <ele>3.34</ele>
   </trkpt>
   <trkpt lat="40.65684000773944" lon="22.76298334068108">
    <ele>3.39</ele>
   </trkpt>
   <trkpt lat="40.656580000000005" lon="22.763930000000002">
    <ele>3.37</ele>
   </trkpt>
   <trkpt lat="40.65634" lon="22.7649">
    <ele>3.73</ele>
   </trkpt>
   <trkpt lat="40.6566475118618" lon="22.76585748675542">
    <ele>3.75</ele>
   </trkpt>
   <trkpt lat="40.656955015814866" lon="22.76681498233758">
    <ele>3.95</ele>
   </trkpt>
   <trkpt lat="40.65726251185906" lon="22.767772486746434">
    <ele>4.03</ele>
   </trkpt>
   <trkpt lat="40.65757000000001" lon="22.76873">
    <ele>3.8800000000000003</ele>
   </trkpt>
   <trkpt lat="40.65783000244582" lon="22.769484997020115">
    <ele>3.95</ele>
   </trkpt>
   <trkpt lat="40.65809" lon="22.77024">
    <ele>3.7900000000000005</ele>
   </trkpt>
   <trkpt lat="40.658462013052585" lon="22.77110998057928">
    <ele>3.7900000000000005</ele>
   </trkpt>
   <trkpt lat="40.6588340195759" lon="22.77197997086151">
    <ele>3.62</ele>
   </trkpt>
   <trkpt lat="40.65920601956977" lon="22.772849970846746">
    <ele>3.5100000000000002</ele>
   </trkpt>
   <trkpt lat="40.65957801303405" lon="22.773719980535066">
    <ele>3.7700000000000005</ele>
   </trkpt>
   <trkpt lat="40.65995" lon="22.774590000000003">
    <ele>3.8300000000000005</ele>
   </trkpt>
   <trkpt lat="40.660322509403294" lon="22.775442485716095">
    <ele>3.8000000000000003</ele>
   </trkpt>
   <trkpt lat="40.66069501253721" lon="22.776294980953327">
    <ele>3.89</ele>
   </trkpt>
   <trkpt lat="40.66106750940159" lon="22.777147485711776">
    <ele>3.68</ele>
   </trkpt>
   <trkpt lat="40.661440000000006" lon="22.778000000000002">
    <ele>3.56</ele>
   </trkpt>
   <trkpt lat="40.661590000000004" lon="22.778450000000003">
    <ele>3.58</ele>
   </trkpt>
   <trkpt lat="40.661936671789604" lon="22.779219992014287">
    <ele>3.5700000000000003</ele>
   </trkpt>
   <trkpt lat="40.66228333846444" lon="22.779989992032334">
    <ele>3.4800000000000004</ele>
   </trkpt>
   <trkpt lat="40.66263" lon="22.78076">
    <ele>3.6100000000000003</ele>
   </trkpt>
   <trkpt lat="40.66303000389204" lon="22.78169999455241">
    <ele>3.6100000000000003</ele>
   </trkpt>
   <trkpt lat="40.663430000000005" lon="22.78264">
    <ele>3.89</ele>
   </trkpt>
   <trkpt lat="40.663870026400126" lon="22.78364996002072">
    <ele>4.140000000000001</ele>
   </trkpt>
   <trkpt lat="40.66431004400055" lon="22.7846599333675">
    <ele>4.220000000000001</ele>
   </trkpt>
   <trkpt lat="40.664750052801026" lon="22.785669920040455">
    <ele>4.090000000000001</ele>
   </trkpt>
   <trkpt lat="40.665190052801314" lon="22.786679920039706">
    <ele>3.99</ele>
   </trkpt>
   <trkpt lat="40.665630044001134" lon="22.78768993336536">
    <ele>3.920000000000001</ele>
   </trkpt>
   <trkpt lat="40.666070026400256" lon="22.788699960017546">
    <ele>4.16</ele>
   </trkpt>
   <trkpt lat="40.66651" lon="22.789710000000003">
    <ele>4.930000000000001</ele>
   </trkpt>
   <trkpt lat="40.666630000000005" lon="22.789980000000003">
    <ele>5.08</ele>
   </trkpt>
   <trkpt lat="40.666700000000006" lon="22.79023">
    <ele>5.36</ele>
   </trkpt>
   <trkpt lat="40.667025002680035" lon="22.791009996332498">
    <ele>5.280000000000001</ele>
   </trkpt>
   <trkpt lat="40.667350000000006" lon="22.791790000000002">
    <ele>4.94</ele>
   </trkpt>
   <trkpt lat="40.66772" lon="22.79249">
    <ele>4.94</ele>
   </trkpt>
   <trkpt lat="40.6679550014325" lon="22.793054998142473">
    <ele>5.24</ele>
   </trkpt>
   <trkpt lat="40.66819" lon="22.79362">
    <ele>5.5200000000000005</ele>
   </trkpt>
   <trkpt lat="40.668577510243765" lon="22.794509984470245">
    <ele>5.970000000000001</ele>
   </trkpt>
   <trkpt lat="40.66896501365417" lon="22.79539997928374">
    <ele>5.920000000000001</ele>
   </trkpt>
   <trkpt lat="40.66935251023105" lon="22.79628998444055">
    <ele>6.3100000000000005</ele>
   </trkpt>
   <trkpt lat="40.669740000000004" lon="22.79718">
    <ele>6.48</ele>
   </trkpt>
   <trkpt lat="40.66991" lon="22.79748">
    <ele>6.790000000000001</ele>
   </trkpt>
   <trkpt lat="40.67011" lon="22.79774">
    <ele>6.95</ele>
   </trkpt>
   <trkpt lat="40.670700000000004" lon="22.79821">
    <ele>7.050000000000001</ele>
   </trkpt>
   <trkpt lat="40.67069" lon="22.798900000000003">
    <ele>6.86</ele>
   </trkpt>
   <trkpt lat="40.670735005459775" lon="22.800024999250557">
    <ele>7.260000000000001</ele>
   </trkpt>
   <trkpt lat="40.67078" lon="22.801150000000003">
    <ele>7.59</ele>
   </trkpt>
   <trkpt lat="40.67082500286899" lon="22.801964999518596">
    <ele>7.9700000000000015</ele>
   </trkpt>
   <trkpt lat="40.67087" lon="22.802780000000002">
    <ele>8.48</ele>
   </trkpt>
   <trkpt lat="40.67085" lon="22.80299">
    <ele>8.48</ele>
   </trkpt>
   <trkpt lat="40.670645003681194" lon="22.803915002887127">
    <ele>8.6</ele>
   </trkpt>
   <trkpt lat="40.670440000000006" lon="22.804840000000002">
    <ele>8.8</ele>
   </trkpt>
   <trkpt lat="40.670410000000004" lon="22.805010000000003">
    <ele>8.790000000000001</ele>
   </trkpt>
   <trkpt lat="40.67031000372116" lon="22.805940001484487">
    <ele>8.72</ele>
   </trkpt>
   <trkpt lat="40.670210000000004" lon="22.806870000000004">
    <ele>8.910000000000002</ele>
   </trkpt>
   <trkpt lat="40.67011333875269" lon="22.80766333571869">
    <ele>8.96</ele>
   </trkpt>
   <trkpt lat="40.670016672075626" lon="22.808456669137332">
    <ele>9.170000000000002</ele>
   </trkpt>
   <trkpt lat="40.669920000000005" lon="22.809250000000002">
    <ele>9.080000000000002</ele>
   </trkpt>
   <trkpt lat="40.66984" lon="22.810100000000002">
    <ele>9.160000000000002</ele>
   </trkpt>
   <trkpt lat="40.669800001594595" lon="22.810710000525763">
    <ele>9.28</ele>
   </trkpt>
   <trkpt lat="40.669760000000004" lon="22.811320000000002">
    <ele>9.250000000000002</ele>
   </trkpt>
   <trkpt lat="40.66960000805809" lon="22.8122866713266">
    <ele>9.420000000000002</ele>
   </trkpt>
   <trkpt lat="40.66944000805454" lon="22.81325333801451">
    <ele>9.690000000000001</ele>
   </trkpt>
   <trkpt lat="40.66928" lon="22.814220000000002">
    <ele>9.9</ele>
   </trkpt>
   <trkpt lat="40.66913500494174" lon="22.815290002303364">
    <ele>10.3</ele>
   </trkpt>
   <trkpt lat="40.66899" lon="22.816360000000003">
    <ele>10.58</ele>
   </trkpt>
   <trkpt lat="40.66893" lon="22.81716">
    <ele>10.72</ele>
   </trkpt>
   <trkpt lat="40.668940000000006" lon="22.817580000000003">
    <ele>10.75</ele>
   </trkpt>
   <trkpt lat="40.66899" lon="22.81799">
    <ele>10.75</ele>
   </trkpt>
   <trkpt lat="40.66908" lon="22.818510000000003">
    <ele>10.97</ele>
   </trkpt>
   <trkpt lat="40.66937001044324" lon="22.819609990449358">
    <ele>11.18</ele>
   </trkpt>
   <trkpt lat="40.669660010447764" lon="22.820709990466277">
    <ele>12.58</ele>
   </trkpt>
   <trkpt lat="40.66995" lon="22.821810000000003">
    <ele>12.51</ele>
   </trkpt>
   <trkpt lat="40.670190000000005" lon="22.82279">
    <ele>12.120000000000001</ele>
   </trkpt>
   <trkpt lat="40.670230000000004" lon="22.82309">
    <ele>11.64</ele>
   </trkpt>
   <trkpt lat="40.670070002186904" lon="22.82380500179742">
    <ele>9.83</ele>
   </trkpt>
   <trkpt lat="40.66991" lon="22.824520000000003">
    <ele>9.690000000000001</ele>
   </trkpt>
   <trkpt lat="40.66975334073863" lon="22.825446671038268">
    <ele>11.99</ele>
   </trkpt>
   <trkpt lat="40.669596674069005" lon="22.826373337722394">
    <ele>12.42</ele>
   </trkpt>
   <trkpt lat="40.66944" lon="22.8273">
    <ele>11.920000000000002</ele>
   </trkpt>
   <trkpt lat="40.669380000000004" lon="22.827530000000003">
    <ele>12.13</ele>
   </trkpt>
   <trkpt lat="40.669200000000004" lon="22.827990000000003">
    <ele>12.31</ele>
   </trkpt>
   <trkpt lat="40.66917" lon="22.828830000000004">
    <ele>11.850000000000001</ele>
   </trkpt>
   <trkpt lat="40.669070000000005" lon="22.829510000000003">
    <ele>11.260000000000002</ele>
   </trkpt>
   <trkpt lat="40.668883339377814" lon="22.830346671326485">
    <ele>11.070000000000002</ele>
   </trkpt>
   <trkpt lat="40.6686966727165" lon="22.831183337969033">
    <ele>11.030000000000001</ele>
   </trkpt>
   <trkpt lat="40.668510000000005" lon="22.832020000000004">
    <ele>10.88</ele>
   </trkpt>
   <trkpt lat="40.66829000269199" lon="22.832820002888887">
    <ele>10.98</ele>
   </trkpt>
   <trkpt lat="40.66807" lon="22.833620000000003">
    <ele>11.27</ele>
   </trkpt>
   <trkpt lat="40.668020000000006" lon="22.83385">
    <ele>11.27</ele>
   </trkpt>
   <trkpt lat="40.66801" lon="22.83405">
    <ele>11.31</ele>
   </trkpt>
   <trkpt lat="40.66805" lon="22.834580000000003">
    <ele>11.27</ele>
   </trkpt>
   <trkpt lat="40.66803" lon="22.834770000000002">
    <ele>11.36</ele>
   </trkpt>
   <trkpt lat="40.66785" lon="22.835620000000002">
    <ele>11.14</ele>
   </trkpt>
   <trkpt lat="40.6677" lon="22.836000000000002">
    <ele>10.820000000000002</ele>
   </trkpt>
   <trkpt lat="40.66762000000001" lon="22.836100000000002">
    <ele>10.8</ele>
   </trkpt>
   <trkpt lat="40.667370000000005" lon="22.83676">
    <ele>10.85</ele>
   </trkpt>
   <trkpt lat="40.667320000000004" lon="22.83696">
    <ele>10.81</ele>
   </trkpt>
   <trkpt lat="40.667195001909164" lon="22.837625001237807">
    <ele>10.6</ele>
   </trkpt>
   <trkpt lat="40.66707" lon="22.83829">
    <ele>10.450000000000001</ele>
   </trkpt>
   <trkpt lat="40.666830005322254" lon="22.83940000395948">
    <ele>10.34</ele>
   </trkpt>
   <trkpt lat="40.66659000000001" lon="22.840510000000002">
    <ele>10.120000000000001</ele>
   </trkpt>
   <trkpt lat="40.666350009512655" lon="22.84156000755106">
    <ele>9.930000000000001</ele>
   </trkpt>
   <trkpt lat="40.66611000951399" lon="22.84261000754508">
    <ele>9.83</ele>
   </trkpt>
   <trkpt lat="40.665870000000005" lon="22.843660000000003">
    <ele>9.61</ele>
   </trkpt>
   <trkpt lat="40.665633343150574" lon="22.844726674229495">
    <ele>9.13</ele>
   </trkpt>
   <trkpt lat="40.665396676485486" lon="22.845793340888818">
    <ele>9.0</ele>
   </trkpt>
   <trkpt lat="40.66516" lon="22.846860000000003">
    <ele>9.27</ele>
   </trkpt>
   <trkpt lat="40.664970000000004" lon="22.847920000000002">
    <ele>9.14</ele>
   </trkpt>
   <trkpt lat="40.66496" lon="22.848820000000003">
    <ele>9.11</ele>
   </trkpt>
   <trkpt lat="40.664930000000005" lon="22.84899">
    <ele>9.19</ele>
   </trkpt>
   <trkpt lat="40.664770000000004" lon="22.84963">
    <ele>9.57</ele>
   </trkpt>
   <trkpt lat="40.664513918851064" lon="22.850755800752584">
    <ele>10.040000000000001</ele>
   </trkpt>
   <trkpt lat="40.66425782676826" lon="22.851881592859925">
    <ele>10.120000000000001</ele>
   </trkpt>
   <trkpt lat="40.66400172375171" lon="22.853007376321802">
    <ele>10.3</ele>
   </trkpt>
   <trkpt lat="40.66374560980167" lon="22.854133151137994">
    <ele>10.21</ele>
   </trkpt>
   <trkpt lat="40.663489484918266" lon="22.855258917308277">
    <ele>10.370000000000001</ele>
   </trkpt>
   <trkpt lat="40.663233349101716" lon="22.85638467483242">
    <ele>10.34</ele>
   </trkpt>
   <trkpt lat="40.66297720235219" lon="22.857510423710202">
    <ele>10.030000000000001</ele>
   </trkpt>
   <trkpt lat="40.66272104466986" lon="22.85863616394141">
    <ele>9.92</ele>
   </trkpt>
   <trkpt lat="40.66246487605493" lon="22.859761895525796">
    <ele>9.82</ele>
   </trkpt>
   <trkpt lat="40.66220869650757" lon="22.86088761846315">
    <ele>9.81</ele>
   </trkpt>
   <trkpt lat="40.661952506027966" lon="22.86201333275325">
    <ele>9.540000000000001</ele>
   </trkpt>
   <trkpt lat="40.66169630461631" lon="22.863139038395865">
    <ele>9.36</ele>
   </trkpt>
   <trkpt lat="40.66144009227275" lon="22.864264735390773">
    <ele>9.260000000000002</ele>
   </trkpt>
   <trkpt lat="40.66118386899752" lon="22.86539042373775">
    <ele>9.18</ele>
   </trkpt>
   <trkpt lat="40.66092763479075" lon="22.866516103436574">
    <ele>8.97</ele>
   </trkpt>
   <trkpt lat="40.66067138965268" lon="22.86764177448702">
    <ele>8.540000000000001</ele>
   </trkpt>
   <trkpt lat="40.66041513358344" lon="22.86876743688886">
    <ele>8.290000000000001</ele>
   </trkpt>
   <trkpt lat="40.66015886658325" lon="22.86989309064187">
    <ele>8.190000000000001</ele>
   </trkpt>
   <trkpt lat="40.659902588652265" lon="22.871018735745825">
    <ele>7.98</ele>
   </trkpt>
   <trkpt lat="40.659646299790694" lon="22.87214437220051">
    <ele>8.010000000000002</ele>
   </trkpt>
   <trkpt lat="40.65939" lon="22.87327">
    <ele>7.5</ele>
   </trkpt>
   <trkpt lat="40.65926" lon="22.873590000000004">
    <ele>7.410000000000001</ele>
   </trkpt>
   <trkpt lat="40.65901" lon="22.874570000000002">
    <ele>7.23</ele>
   </trkpt>
   <trkpt lat="40.658970000000004" lon="22.874670000000002">
    <ele>7.23</ele>
   </trkpt>
   <trkpt lat="40.65898000000001" lon="22.87478">
    <ele>7.130000000000001</ele>
   </trkpt>
   <trkpt lat="40.658950000000004" lon="22.874950000000002">
    <ele>7.08</ele>
   </trkpt>
   <trkpt lat="40.658703343258765" lon="22.876023341326796">
    <ele>7.090000000000001</ele>
   </trkpt>
   <trkpt lat="40.65845667657918" lon="22.877096674716167">
    <ele>8.14</ele>
   </trkpt>
   <trkpt lat="40.658210000000004" lon="22.87817">
    <ele>9.780000000000001</ele>
   </trkpt>
   <trkpt lat="40.65803333874454" lon="22.878963337616863">
    <ele>9.23</ele>
   </trkpt>
   <trkpt lat="40.65785667205966" lon="22.879756671031917">
    <ele>9.66</ele>
   </trkpt>
   <trkpt lat="40.657680000000006" lon="22.880550000000003">
    <ele>12.13</ele>
   </trkpt>
   <trkpt lat="40.65757000000001" lon="22.881240000000002">
    <ele>13.63</ele>
   </trkpt>
   <trkpt lat="40.65755" lon="22.88172">
    <ele>13.81</ele>
   </trkpt>
   <trkpt lat="40.657560000000004" lon="22.88222">
    <ele>13.21</ele>
   </trkpt>
   <trkpt lat="40.6576" lon="22.882610000000003">
    <ele>12.370000000000001</ele>
   </trkpt>
   <trkpt lat="40.65767" lon="22.88295">
    <ele>11.940000000000001</ele>
   </trkpt>
   <trkpt lat="40.65776" lon="22.88323">
    <ele>10.820000000000002</ele>
   </trkpt>
   <trkpt lat="40.658100000000005" lon="22.884030000000003">
    <ele>6.750000000000001</ele>
   </trkpt>
   <trkpt lat="40.6583900043687" lon="22.884739993876064">
    <ele>5.72</ele>
   </trkpt>
   <trkpt lat="40.65868000438876" lon="22.885449993925093">
    <ele>5.91</ele>
   </trkpt>
   <trkpt lat="40.658970000000004" lon="22.88616">
    <ele>6.16</ele>
   </trkpt>
   <trkpt lat="40.659040000000005" lon="22.886380000000003">
    <ele>6.17</ele>
   </trkpt>
   <trkpt lat="40.659060000000004" lon="22.88652">
    <ele>6.140000000000001</ele>
   </trkpt>
   <trkpt lat="40.65921" lon="22.886770000000002">
    <ele>6.4</ele>
   </trkpt>
   <trkpt lat="40.65936000000001" lon="22.887210000000003">
    <ele>7.450000000000001</ele>
   </trkpt>
   <trkpt lat="40.659530000000004" lon="22.88757">
    <ele>8.120000000000001</ele>
   </trkpt>
   <trkpt lat="40.65963" lon="22.88772">
    <ele>8.120000000000001</ele>
   </trkpt>
   <trkpt lat="40.660050007092394" lon="22.88862665525135">
    <ele>8.56</ele>
   </trkpt>
   <trkpt lat="40.66047000709336" lon="22.8895333219199">
    <ele>8.81</ele>
   </trkpt>
   <trkpt lat="40.66089" lon="22.89044">
    <ele>9.01</ele>
   </trkpt>
   <trkpt lat="40.66111" lon="22.890970000000003">
    <ele>8.5</ele>
   </trkpt>
   <trkpt lat="40.66107" lon="22.891180000000002">
    <ele>8.5</ele>
   </trkpt>
   <trkpt lat="40.661" lon="22.891360000000002">
    <ele>8.370000000000001</ele>
   </trkpt>
   <trkpt lat="40.660540000000005" lon="22.892300000000002">
    <ele>7.9</ele>
   </trkpt>
   <trkpt lat="40.66048000000001" lon="22.89253">
    <ele>7.78</ele>
   </trkpt>
   <trkpt lat="40.660500000000006" lon="22.89269">
    <ele>7.660000000000001</ele>
   </trkpt>
   <trkpt lat="40.66078000840238" lon="22.893676658398046">
    <ele>7.6000000000000005</ele>
   </trkpt>
   <trkpt lat="40.661060008406594" lon="22.894663325079446">
    <ele>7.710000000000001</ele>
   </trkpt>
   <trkpt lat="40.66134" lon="22.895650000000003">
    <ele>8.23</ele>
   </trkpt>
   <trkpt lat="40.661530000000006" lon="22.89638">
    <ele>8.5</ele>
   </trkpt>
   <trkpt lat="40.66158" lon="22.89647">
    <ele>8.620000000000001</ele>
   </trkpt>
   <trkpt lat="40.661640000000006" lon="22.896520000000002">
    <ele>8.74</ele>
   </trkpt>
   <trkpt lat="40.662150000000004" lon="22.896610000000003">
    <ele>9.73</ele>
   </trkpt>
   <trkpt lat="40.66239" lon="22.896590000000003">
    <ele>10.120000000000001</ele>
   </trkpt>
   <trkpt lat="40.662420000000004" lon="22.896610000000003">
    <ele>10.530000000000001</ele>
   </trkpt>
   <trkpt lat="40.662650000000006" lon="22.89694">
    <ele>10.25</ele>
   </trkpt>
   <trkpt lat="40.662370001290945" lon="22.897460001951472">
    <ele>10.26</ele>
   </trkpt>
   <trkpt lat="40.662090000000006" lon="22.89798">
    <ele>10.23</ele>
   </trkpt>
   <trkpt lat="40.66145" lon="22.89854">
    <ele>9.31</ele>
   </trkpt>
   <trkpt lat="40.660900001292035" lon="22.899090004547684">
    <ele>8.98</ele>
   </trkpt>
   <trkpt lat="40.66035" lon="22.89964">
    <ele>8.73</ele>
   </trkpt>
   <trkpt lat="40.660210000000006" lon="22.89984">
    <ele>8.75</ele>
   </trkpt>
   <trkpt lat="40.66001000000001" lon="22.900060000000003">
    <ele>8.71</ele>
   </trkpt>
   <trkpt lat="40.659380000000006" lon="22.900730000000003">
    <ele>8.93</ele>
   </trkpt>
   <trkpt lat="40.65874000188095" lon="22.901395006407444">
    <ele>9.28</ele>
   </trkpt>
   <trkpt lat="40.658100000000005" lon="22.902060000000002">
    <ele>9.780000000000001</ele>
   </trkpt>
   <trkpt lat="40.65766" lon="22.902410000000003">
    <ele>10.17</ele>
   </trkpt>
   <trkpt lat="40.65704" lon="22.902800000000003">
    <ele>11.23</ele>
   </trkpt>
   <trkpt lat="40.656760000000006" lon="22.90302">
    <ele>11.45</ele>
   </trkpt>
   <trkpt lat="40.65607000000001" lon="22.90371">
    <ele>10.820000000000002</ele>
   </trkpt>
   <trkpt lat="40.65574" lon="22.90408">
    <ele>10.650000000000002</ele>
   </trkpt>
   <trkpt lat="40.65547" lon="22.904410000000002">
    <ele>10.450000000000001</ele>
   </trkpt>
   <trkpt lat="40.655260000000006" lon="22.904770000000003">
    <ele>10.47</ele>
   </trkpt>
   <trkpt lat="40.654990000000005" lon="22.905340000000002">
    <ele>10.59</ele>
   </trkpt>
   <trkpt lat="40.6546050044904" lon="22.906355005733584">
    <ele>11.18</ele>
   </trkpt>
   <trkpt lat="40.65422" lon="22.90737">
    <ele>11.83</ele>
   </trkpt>
   <trkpt lat="40.653858013728666" lon="22.908262019355437">
    <ele>12.370000000000001</ele>
   </trkpt>
   <trkpt lat="40.65349602059337" lon="22.909154029031768">
    <ele>13.32</ele>
   </trkpt>
   <trkpt lat="40.6531340205943" lon="22.91004602902905">
    <ele>13.7</ele>
   </trkpt>
   <trkpt lat="40.65277201373161" lon="22.91093801934732">
    <ele>14.0</ele>
   </trkpt>
   <trkpt lat="40.65241" lon="22.911830000000002">
    <ele>14.67</ele>
   </trkpt>
   <trkpt lat="40.65213000468218" lon="22.912566672846978">
    <ele>14.63</ele>
   </trkpt>
   <trkpt lat="40.651850004683006" lon="22.9133033395114">
    <ele>15.040000000000001</ele>
   </trkpt>
   <trkpt lat="40.65157000000001" lon="22.914040000000004">
    <ele>15.340000000000002</ele>
   </trkpt>
   <trkpt lat="40.65111500319236" lon="22.914900005859685">
    <ele>15.63</ele>
   </trkpt>
   <trkpt lat="40.65066" lon="22.915760000000002">
    <ele>16.07</ele>
   </trkpt>
   <trkpt lat="40.650211681463794" lon="22.91658836115922">
    <ele>16.03</ele>
   </trkpt>
   <trkpt lat="40.6497633570085" lon="22.917416711187876">
    <ele>15.8</ele>
   </trkpt>
   <trkpt lat="40.64931502663428" lon="22.918245050086142">
    <ele>15.71</ele>
   </trkpt>
   <trkpt lat="40.64886669034131" lon="22.919073377854197">
    <ele>15.530000000000001</ele>
   </trkpt>
   <trkpt lat="40.64841834812975" lon="22.919901694492225">
    <ele>15.22</ele>
   </trkpt>
   <trkpt lat="40.64797" lon="22.920730000000002">
    <ele>14.910000000000002</ele>
   </trkpt>
   <trkpt lat="40.64747601479407" lon="22.92165602741664">
    <ele>14.46</ele>
   </trkpt>
   <trkpt lat="40.64698202219113" lon="22.922582041124244">
    <ele>14.300000000000002</ele>
   </trkpt>
   <trkpt lat="40.6464880221914" lon="22.92350804112306">
    <ele>13.98</ele>
   </trkpt>
   <trkpt lat="40.645994014795114" lon="22.924434027413312">
    <ele>13.61</ele>
   </trkpt>
   <trkpt lat="40.645500000000006" lon="22.92536">
    <ele>13.35</ele>
   </trkpt>
   <trkpt lat="40.64510000681882" lon="22.926087513133403">
    <ele>13.1</ele>
   </trkpt>
   <trkpt lat="40.64470000907217" lon="22.926815017546623">
    <ele>12.83</ele>
   </trkpt>
   <trkpt lat="40.64430000676014" lon="22.92754251323978">
    <ele>12.66</ele>
   </trkpt>
   <trkpt lat="40.6439" lon="22.92827">
    <ele>11.98</ele>
   </trkpt>
   <trkpt lat="40.64358" lon="22.927940000000003">
    <ele>10.860000000000001</ele>
   </trkpt>
   <trkpt lat="40.643530000000005" lon="22.928030000000003">
    <ele>10.860000000000001</ele>
   </trkpt>
   <trkpt lat="40.643330000000006" lon="22.927950000000003">
    <ele>10.860000000000001</ele>
   </trkpt>
   <trkpt lat="40.6426" lon="22.92799">
    <ele>10.110000000000001</ele>
   </trkpt>
   <trkpt lat="40.64217" lon="22.92807">
    <ele>9.88</ele>
   </trkpt>
   <trkpt lat="40.64184" lon="22.92818">
    <ele>9.46</ele>
   </trkpt>
   <trkpt lat="40.641380000000005" lon="22.92846">
    <ele>9.040000000000001</ele>
   </trkpt>
   <trkpt lat="40.640950000000004" lon="22.92893">
    <ele>8.990000000000002</ele>
   </trkpt>
   <trkpt lat="40.6407" lon="22.92931">
    <ele>8.94</ele>
   </trkpt>
   <trkpt lat="40.64027" lon="22.930130000000002">
    <ele>8.9</ele>
   </trkpt>
   <trkpt lat="40.63976" lon="22.93092">
    <ele>9.260000000000002</ele>
   </trkpt>
   <trkpt lat="40.63928500156511" lon="22.931505004052802">
    <ele>9.47</ele>
   </trkpt>
   <trkpt lat="40.63881000000001" lon="22.932090000000002">
    <ele>9.32</ele>
   </trkpt>
   <trkpt lat="40.638690000000004" lon="22.932270000000003">
    <ele>9.160000000000002</ele>
   </trkpt>
   <trkpt lat="40.63823" lon="22.93298">
    <ele>9.07</ele>
   </trkpt>
   <trkpt lat="40.637820000000005" lon="22.9338">
    <ele>9.07</ele>
   </trkpt>
   <trkpt lat="40.63753000132104" lon="22.93437000263369">
    <ele>8.97</ele>
   </trkpt>
   <trkpt lat="40.637240000000006" lon="22.93494">
    <ele>9.120000000000001</ele>
   </trkpt>
   <trkpt lat="40.636855002236054" lon="22.935670004327818">
    <ele>9.200000000000001</ele>
   </trkpt>
   <trkpt lat="40.63647" lon="22.936400000000003">
    <ele>10.33</ele>
   </trkpt>
   <trkpt lat="40.636390000000006" lon="22.936400000000003">
    <ele>10.55</ele>
   </trkpt>
   <trkpt lat="40.63582500192172" lon="22.93574499453973">
    <ele>8.93</ele>
   </trkpt>
   <trkpt lat="40.63526" lon="22.935090000000002">
    <ele>6.9</ele>
   </trkpt>
   <trkpt lat="40.634795001864916" lon="22.93574500454124">
    <ele>7.12</ele>
   </trkpt>
   <trkpt lat="40.634330000000006" lon="22.936400000000003">
    <ele>7.08</ele>
   </trkpt>
   <trkpt lat="40.63407" lon="22.9368">
    <ele>7.130000000000001</ele>
   </trkpt>
   <trkpt lat="40.633650004613536" lon="22.937530009154354">
    <ele>7.0600000000000005</ele>
   </trkpt>
   <trkpt lat="40.633230004630505" lon="22.938260009124757">
    <ele>7.3100000000000005</ele>
   </trkpt>
   <trkpt lat="40.632810000000006" lon="22.93899">
    <ele>7.3100000000000005</ele>
   </trkpt>
   <trkpt lat="40.632780000000004" lon="22.93898">
    <ele>7.3100000000000005</ele>
   </trkpt>
   <trkpt lat="40.632267509958666" lon="22.939857520211802">
    <ele>7.7700000000000005</ele>
   </trkpt>
   <trkpt lat="40.631755013275495" lon="22.94073502695329">
    <ele>7.91</ele>
   </trkpt>
   <trkpt lat="40.63124250995073" lon="22.94161252022474">
    <ele>7.44</ele>
   </trkpt>
   <trkpt lat="40.63073" lon="22.942490000000003">
    <ele>7.390000000000001</ele>
   </trkpt>
   <trkpt lat="40.6301960103915" lon="22.943266024816634">
    <ele>7.21</ele>
   </trkpt>
   <trkpt lat="40.629662015588785" lon="22.94404203722214">
    <ele>7.16</ele>
   </trkpt>
   <trkpt lat="40.62912801559203" lon="22.944818037216844">
    <ele>7.0</ele>
   </trkpt>
   <trkpt lat="40.62859401040142" lon="22.945594024801046">
    <ele>6.98</ele>
   </trkpt>
   <trkpt lat="40.628060000000005" lon="22.94637">
    <ele>6.890000000000001</ele>
   </trkpt>
   <trkpt lat="40.62774500086452" lon="22.946810002034052">
    <ele>6.57</ele>
   </trkpt>
   <trkpt lat="40.627430000000004" lon="22.94725">
    <ele>6.24</ele>
   </trkpt>
   <trkpt lat="40.627340000000004" lon="22.94732">
    <ele>6.15</ele>
   </trkpt>
   <trkpt lat="40.6272" lon="22.947400000000002">
    <ele>6.0200000000000005</ele>
   </trkpt>
   <trkpt lat="40.62634500039874" lon="22.947715004043413">
    <ele>5.7</ele>
   </trkpt>
   <trkpt lat="40.625490000000006" lon="22.948030000000003">
    <ele>5.6000000000000005</ele>
   </trkpt>
   <trkpt lat="40.625220000000006" lon="22.94816">
    <ele>5.51</ele>
   </trkpt>
   <trkpt lat="40.62489" lon="22.94865">
    <ele>5.710000000000001</ele>
   </trkpt>
   <trkpt lat="40.624500000000005" lon="22.9491">
    <ele>5.74</ele>
   </trkpt>
   <trkpt lat="40.62406000369742" lon="22.949750008485157">
    <ele>5.55</ele>
   </trkpt>
   <trkpt lat="40.62362000375072" lon="22.950400008406316">
    <ele>5.59</ele>
   </trkpt>
   <trkpt lat="40.623180000000005" lon="22.951050000000002">
    <ele>5.430000000000001</ele>
   </trkpt>
  </trkseg>
 </trk>
</gpx>
